abnormal	"<div class=""anki-card-content""><div class=""general-explanation"">形容詞「異常的、反常的」。指偏離正常、標準或預期的狀態。常用於醫療、科學或天氣描述。注意與 normal (正常的) 相對。</div><div class=""entries-container""><div class=""entry""><div class=""sentence-row""><div class=""sentence"">The scientists were concerned when they noticed <span class=""target-word"">abnormal</span> <span class=""collocation"">readings</span> from the sensors, suggesting that the volcano might erupt soon.</div><button class=""tts-button"" data-tts=""The scientists were concerned when they noticed abnormal readings from the sensors, suggesting that the volcano might erupt soon."" onclick=""window.playTTS(this.getAttribute('data-tts'))""><svg viewBox=""0 0 24 24"" fill=""none"" stroke=""currentColor"" stroke-width=""2""><polygon points=""5 3 19 12 5 21 5 3""></polygon></svg></button></div><div class=""meta-section""><div class=""translation"">科學家在注意到感測器出現異常讀數時感到擔心，這顯示火山可能很快會爆發。</div><div class=""entry-explanation"">形容詞「異常的」。常用搭配：abnormal readings (異常讀數), abnormal behavior (異常行為)。</div></div></div><div class=""entry""><div class=""sentence-row""><div class=""sentence"">Due to the <span class=""target-word"">abnormal</span> <span class=""collocation"">amount of</span> rainfall this year, the city experienced severe flooding in several residential areas.</div><button class=""tts-button"" data-tts=""Due to the abnormal amount of rainfall this year, the city experienced severe flooding in several residential areas."" onclick=""window.playTTS(this.getAttribute('data-tts'))""><svg viewBox=""0 0 24 24"" fill=""none"" stroke=""currentColor"" stroke-width=""2""><polygon points=""5 3 19 12 5 21 5 3""></polygon></svg></button></div><div class=""meta-section""><div class=""translation"">由於今年降雨量異常，該市幾個住宅區發生了嚴重水災。</div><div class=""entry-explanation"">形容詞「異常的」。常用搭配：abnormal amount of sth (異常 amount 的...)。</div></div></div><div class=""entry""><div class=""sentence-row""><div class=""sentence"">The doctor explained that the patient's <span class=""target-word"">abnormal</span> <span class=""collocation"">heartbeat</span> was caused by extreme stress and lack of sleep during the exam period.</div><button class=""tts-button"" data-tts=""The doctor explained that the patient&#x27;s abnormal heartbeat was caused by extreme stress and lack of sleep during the exam period."" onclick=""window.playTTS(this.getAttribute('data-tts'))""><svg viewBox=""0 0 24 24"" fill=""none"" stroke=""currentColor"" stroke-width=""2""><polygon points=""5 3 19 12 5 21 5 3""></polygon></svg></button></div><div class=""meta-section""><div class=""translation"">醫生解釋說，病人的異常心跳是由於考試期間極大的壓力以及缺乏睡眠引起的。</div><div class=""entry-explanation"">形容詞「異常的」。常用搭配：abnormal heartbeat (異常心跳)。</div></div></div></div><div class=""related-forms""><span class=""label"">Related:</span> abnormally, abnormality</div></div>"
abolish	"<div class=""anki-card-content""><div class=""general-explanation"">動詞「廢除、取消」。通常指正式地取消法律、制度、習俗或傳統。常見搭配：abolish the death penalty (廢除死刑), abolish slavery (廢除奴隸制)。</div><div class=""entries-container""><div class=""entry""><div class=""sentence-row""><div class=""sentence"">Many people believe that the government should <span class=""target-word"">abolish</span> <span class=""collocation"">the death penalty</span> to protect human rights and prevent judicial errors.</div><button class=""tts-button"" data-tts=""Many people believe that the government should abolish the death penalty to protect human rights and prevent judicial errors."" onclick=""window.playTTS(this.getAttribute('data-tts'))""><svg viewBox=""0 0 24 24"" fill=""none"" stroke=""currentColor"" stroke-width=""2""><polygon points=""5 3 19 12 5 21 5 3""></polygon></svg></button></div><div class=""meta-section""><div class=""translation"">許多人認為政府應該廢除死刑以保護人權並防止司法錯誤。</div><div class=""entry-explanation"">動詞「廢除」。常用搭配：abolish the death penalty (廢除死刑)。</div></div></div><div class=""entry""><div class=""sentence-row""><div class=""sentence"">In the past, some countries decided to <span class=""target-word"">abolish</span> <span class=""collocation"">slavery</span> after realizing that every human being deserves freedom and dignity.</div><button class=""tts-button"" data-tts=""In the past, some countries decided to abolish slavery after realizing that every human being deserves freedom and dignity."" onclick=""window.playTTS(this.getAttribute('data-tts'))""><svg viewBox=""0 0 24 24"" fill=""none"" stroke=""currentColor"" stroke-width=""2""><polygon points=""5 3 19 12 5 21 5 3""></polygon></svg></button></div><div class=""meta-section""><div class=""translation"">過去，一些國家在意識到每個人都應該享有自由與尊嚴後，決定廢除奴隸制。</div><div class=""entry-explanation"">動詞「廢除」。常用搭配：abolish slavery (廢除奴隸制)。</div></div></div><div class=""entry""><div class=""sentence-row""><div class=""sentence"">The school board decided to <span class=""target-word"">abolish</span> the old dress code <span class=""collocation"">of</span> the students to encourage more individual expression and creativity.</div><button class=""tts-button"" data-tts=""The school board decided to abolish the old dress code of the students to encourage more individual expression and creativity."" onclick=""window.playTTS(this.getAttribute('data-tts'))""><svg viewBox=""0 0 24 24"" fill=""none"" stroke=""currentColor"" stroke-width=""2""><polygon points=""5 3 19 12 5 21 5 3""></polygon></svg></button></div><div class=""meta-section""><div class=""translation"">學校董事會決定廢除學生舊有的著裝規定，以鼓勵更多的個人表達和創造力。</div><div class=""entry-explanation"">動詞「廢除」。指正式地取消某種規定或制度。</div></div></div></div><div class=""related-forms""><span class=""label"">Related:</span> abolition, abolitionist</div></div>"
abortion	"<div class=""anki-card-content""><div class=""general-explanation"">名詞「墮胎、流產」。指妊娠期內胚胎或胎兒被移除的過程。在 GSAT 英文中，此詞常出現在社會議題、生物學或醫學相關閱讀中。</div><div class=""entries-container""><div class=""entry""><div class=""sentence-row""><div class=""sentence"">The debate over whether <span class=""target-word"">abortion</span> should be legal remains a highly controversial issue in many societies around the world.</div><button class=""tts-button"" data-tts=""The debate over whether abortion should be legal remains a highly controversial issue in many societies around the world."" onclick=""window.playTTS(this.getAttribute('data-tts'))""><svg viewBox=""0 0 24 24"" fill=""none"" stroke=""currentColor"" stroke-width=""2""><polygon points=""5 3 19 12 5 21 5 3""></polygon></svg></button></div><div class=""meta-section""><div class=""translation"">關於墮胎是否應該合法化的爭論在世界許多社會中仍然是一個高度爭議的議題。</div><div class=""entry-explanation"">名詞「墮胎」。常用於討論法律和道德議題。</div></div></div><div class=""entry""><div class=""sentence-row""><div class=""sentence"">Medical professionals emphasize that safe <span class=""target-word"">abortion</span> services are essential for women's health and reproductive rights in many countries.</div><button class=""tts-button"" data-tts=""Medical professionals emphasize that safe abortion services are essential for women&#x27;s health and reproductive rights in many countries."" onclick=""window.playTTS(this.getAttribute('data-tts'))""><svg viewBox=""0 0 24 24"" fill=""none"" stroke=""currentColor"" stroke-width=""2""><polygon points=""5 3 19 12 5 21 5 3""></polygon></svg></button></div><div class=""meta-section""><div class=""translation"">醫療專業人士強調，在許多國家，安全的墮胎服務對於女性健康和生殖權利至關重要。</div><div class=""entry-explanation"">名詞「墮胎」。</div></div></div><div class=""entry""><div class=""sentence-row""><div class=""sentence"">The woman unfortunately suffered a spontaneous <span class=""target-word"">abortion</span> due to severe health complications during her second trimester of pregnancy.</div><button class=""tts-button"" data-tts=""The woman unfortunately suffered a spontaneous abortion due to severe health complications during her second trimester of pregnancy."" onclick=""window.playTTS(this.getAttribute('data-tts'))""><svg viewBox=""0 0 24 24"" fill=""none"" stroke=""currentColor"" stroke-width=""2""><polygon points=""5 3 19 12 5 21 5 3""></polygon></svg></button></div><div class=""meta-section""><div class=""translation"">這名女性不幸地在懷孕第二個三個月期間因嚴重的健康併發症而自然流產。</div><div class=""entry-explanation"">名詞「流產」。指非自願的妊娠終止。</div></div></div></div></div>"
abrupt	"<div class=""anki-card-content""><div class=""general-explanation"">形容詞「突然的、唐突的」。指事情發生得非常快且出乎意料，或者指人的態度突然變冷淡或不禮貌。常用搭配：abrupt change (突然的改變), an abrupt end (突然的結束)。</div><div class=""entries-container""><div class=""entry""><div class=""sentence-row""><div class=""sentence"">The sudden and <span class=""target-word"">abrupt</span> <span class=""collocation"">change in</span> the weather forced the hikers to turn back before they could reach the mountain peak.</div><button class=""tts-button"" data-tts=""The sudden and abrupt change in the weather forced the hikers to turn back before they could reach the mountain peak."" onclick=""window.playTTS(this.getAttribute('data-tts'))""><svg viewBox=""0 0 24 24"" fill=""none"" stroke=""currentColor"" stroke-width=""2""><polygon points=""5 3 19 12 5 21 5 3""></polygon></svg></button></div><div class=""meta-section""><div class=""translation"">天氣突然且劇烈的改變迫使登山者在到達山頂前就得折返。</div><div class=""entry-explanation"">形容詞「突然的」。常用搭配：abrupt change in sth (在...方面突然的改變)。</div></div></div><div class=""entry""><div class=""sentence-row""><div class=""sentence"">The meeting came to an <span class=""target-word"">abrupt</span> <span class=""collocation"">end</span> when the fire alarm rang, forcing everyone to evacuate the building immediately.</div><button class=""tts-button"" data-tts=""The meeting came to an abrupt end when the fire alarm rang, forcing everyone to evacuate the building immediately."" onclick=""window.playTTS(this.getAttribute('data-tts'))""><svg viewBox=""0 0 24 24"" fill=""none"" stroke=""currentColor"" stroke-width=""2""><polygon points=""5 3 19 12 5 21 5 3""></polygon></svg></button></div><div class=""meta-section""><div class=""translation"">當火警警報響起時，會議突然結束，迫使每個人立即撤離建築物。</div><div class=""entry-explanation"">形容詞「突然的」。常用搭配：abrupt end (突然的結束)。</div></div></div><div class=""entry""><div class=""sentence-row""><div class=""sentence"">The student was surprised by the teacher's <span class=""target-word"">abrupt</span> <span class=""collocation"">tone</span>, as the teacher usually spoke kindly and patiently to everyone.</div><button class=""tts-button"" data-tts=""The student was surprised by the teacher&#x27;s abrupt tone, as the teacher usually spoke kindly and patiently to everyone."" onclick=""window.playTTS(this.getAttribute('data-tts'))""><svg viewBox=""0 0 24 24"" fill=""none"" stroke=""currentColor"" stroke-width=""2""><polygon points=""5 3 19 12 5 21 5 3""></polygon></svg></button></div><div class=""meta-section""><div class=""translation"">學生對老師突然冷淡的口吻感到驚訝，因為老師通常對每個人都說話親切且有耐心。</div><div class=""entry-explanation"">形容詞「唐突的」。指人的態度突然變得不禮貌或生硬。</div></div></div></div><div class=""related-forms""><span class=""label"">Related:</span> abruptly, abruptness</div></div>"
absurd	"<div class=""anki-card-content""><div class=""general-explanation"">形容詞「荒謬的、可笑的」。指完全不合理、不符合邏輯或極其古怪的事物。常用搭配：absurd idea (荒謬的想法), an absurd amount of (荒謬的/極大量的)。</div><div class=""entries-container""><div class=""entry""><div class=""sentence-row""><div class=""sentence"">The idea that the earth is flat is completely <span class=""target-word"">absurd</span> in the modern age of science and satellite imaging.</div><button class=""tts-button"" data-tts=""The idea that the earth is flat is completely absurd in the modern age of science and satellite imaging."" onclick=""window.playTTS(this.getAttribute('data-tts'))""><svg viewBox=""0 0 24 24"" fill=""none"" stroke=""currentColor"" stroke-width=""2""><polygon points=""5 3 19 12 5 21 5 3""></polygon></svg></button></div><div class=""meta-section""><div class=""translation"">在現代科學和衛星成像時代，地球是平的這個想法完全是荒謬的。</div><div class=""entry-explanation"">形容詞「荒謬的」。指不符合邏輯或科學事實。</div></div></div><div class=""entry""><div class=""sentence-row""><div class=""sentence"">He spent an <span class=""target-word"">absurd</span> <span class=""collocation"">amount of</span> money on a single pair of designer shoes, which his parents found completely unnecessary.</div><button class=""tts-button"" data-tts=""He spent an absurd amount of money on a single pair of designer shoes, which his parents found completely unnecessary."" onclick=""window.playTTS(this.getAttribute('data-tts'))""><svg viewBox=""0 0 24 24"" fill=""none"" stroke=""currentColor"" stroke-width=""2""><polygon points=""5 3 19 12 5 21 5 3""></polygon></svg></button></div><div class=""meta-section""><div class=""translation"">他花了一筆荒謬的金額買一雙設計師鞋子，他的父母認為這完全沒有必要。</div><div class=""entry-explanation"">形容詞「荒謬的」。在這裡指數量極大且不合理。</div></div></div><div class=""entry""><div class=""sentence-row""><div class=""sentence"">The movie's plot was so <span class=""target-word"">absurd</span> that the audience couldn't stop laughing at the ridiculous situations the characters found themselves in.</div><button class=""tts-button"" data-tts=""The movie&#x27;s plot was so absurd that the audience couldn&#x27;t stop laughing at the ridiculous situations the characters found themselves in."" onclick=""window.playTTS(this.getAttribute('data-tts'))""><svg viewBox=""0 0 24 24"" fill=""none"" stroke=""currentColor"" stroke-width=""2""><polygon points=""5 3 19 12 5 21 5 3""></polygon></svg></button></div><div class=""meta-section""><div class=""translation"">這部電影的劇情如此荒謬，以至於觀眾無法停止嘲笑角色們所處的滑稽情況。</div><div class=""entry-explanation"">形容詞「荒謬的」。指極其古怪或可笑。</div></div></div></div><div class=""related-forms""><span class=""label"">Related:</span> absurdity, absurdly</div></div>"
abundant	"<div class=""anki-card-content""><div class=""general-explanation"">形容詞「豐富的、充裕的」。指數量非常多，足以滿足需求。常用搭配：abundant evidence (充分的證據), abundant resources (豐富的資源)。注意與 scarce (稀少的) 相對。</div><div class=""entries-container""><div class=""entry""><div class=""sentence-row""><div class=""sentence"">The tropical rainforest is known for its <span class=""target-word"">abundant</span> <span class=""collocation"">wildlife</span>, with thousands of species of birds and insects living together.</div><button class=""tts-button"" data-tts=""The tropical rainforest is known for its abundant wildlife, with thousands of species of birds and insects living together."" onclick=""window.playTTS(this.getAttribute('data-tts'))""><svg viewBox=""0 0 24 24"" fill=""none"" stroke=""currentColor"" stroke-width=""2""><polygon points=""5 3 19 12 5 21 5 3""></polygon></svg></button></div><div class=""meta-section""><div class=""translation"">熱帶雨林以其豐富的野生動物而聞名，成千上萬種鳥類和昆蟲共同生活在此。</div><div class=""entry-explanation"">形容詞「豐富的」。常用搭配：abundant wildlife (豐富的野生動物)。</div></div></div><div class=""entry""><div class=""sentence-row""><div class=""sentence"">There is <span class=""target-word"">abundant</span> <span class=""collocation"">evidence</span> to suggest that regular exercise and a balanced diet can significantly improve overall health.</div><button class=""tts-button"" data-tts=""There is abundant evidence to suggest that regular exercise and a balanced diet can significantly improve overall health."" onclick=""window.playTTS(this.getAttribute('data-tts'))""><svg viewBox=""0 0 24 24"" fill=""none"" stroke=""currentColor"" stroke-width=""2""><polygon points=""5 3 19 12 5 21 5 3""></polygon></svg></button></div><div class=""meta-section""><div class=""translation"">有充分的證據表明，規律的運動和均衡的飲食能顯著改善整體健康。</div><div class=""entry-explanation"">形容詞「充分的」。常用搭配：abundant evidence (充分的證據)。</div></div></div><div class=""entry""><div class=""sentence-row""><div class=""sentence"">The region is blessed with <span class=""target-word"">abundant</span> <span class=""collocation"">natural resources</span>, such as oil and minerals, which has helped the local economy grow rapidly.</div><button class=""tts-button"" data-tts=""The region is blessed with abundant natural resources, such as oil and minerals, which has helped the local economy grow rapidly."" onclick=""window.playTTS(this.getAttribute('data-tts'))""><svg viewBox=""0 0 24 24"" fill=""none"" stroke=""currentColor"" stroke-width=""2""><polygon points=""5 3 19 12 5 21 5 3""></polygon></svg></button></div><div class=""meta-section""><div class=""translation"">該地區擁有豐富的自然資源，如石油和礦產，這幫助當地經濟快速增長。</div><div class=""entry-explanation"">形容詞「豐富的」。常用搭配：abundant natural resources (豐富的自然資源)。</div></div></div></div><div class=""related-forms""><span class=""label"">Related:</span> abundance, abundantly</div></div>"
abuse	"<div class=""anki-card-content""><div class=""general-explanation"">名詞「濫用；虐待」；動詞「濫用；虐待」。指不正確、不公平或有害地使用某物，或對他人進行殘酷對待。常用搭配：drug abuse (藥物濫用), child abuse (虐待兒童), abuse power (濫用權力)。</div><div class=""entries-container""><div class=""entry""><div class=""sentence-row""><div class=""sentence"">The government implemented new laws to prevent the <span class=""target-word"">abuse</span> <span class=""collocation"">of</span> power by high-ranking officials in the political system.</div><button class=""tts-button"" data-tts=""The government implemented new laws to prevent the abuse of power by high-ranking officials in the political system."" onclick=""window.playTTS(this.getAttribute('data-tts'))""><svg viewBox=""0 0 24 24"" fill=""none"" stroke=""currentColor"" stroke-width=""2""><polygon points=""5 3 19 12 5 21 5 3""></polygon></svg></button></div><div class=""meta-section""><div class=""translation"">政府實施了新法律，以防止政治體系中高階官員濫用權力。</div><div class=""entry-explanation"">名詞「濫用」。常用搭配：abuse of power (濫用權力)。</div></div></div><div class=""entry""><div class=""sentence-row""><div class=""sentence"">Many social workers are dedicated to identifying and protecting victims of child <span class=""target-word"">abuse</span> to ensure they receive proper care and support.</div><button class=""tts-button"" data-tts=""Many social workers are dedicated to identifying and protecting victims of child abuse to ensure they receive proper care and support."" onclick=""window.playTTS(this.getAttribute('data-tts'))""><svg viewBox=""0 0 24 24"" fill=""none"" stroke=""currentColor"" stroke-width=""2""><polygon points=""5 3 19 12 5 21 5 3""></polygon></svg></button></div><div class=""meta-section""><div class=""translation"">許多社工致力於辨識並保護受虐兒童，以確保他們得到適當的照顧和支持。</div><div class=""entry-explanation"">名詞「虐待」。常用搭配：child abuse (虐待兒童)。</div></div></div><div class=""entry""><div class=""sentence-row""><div class=""sentence"">The athlete was banned from the competition after tests showed he had <span class=""target-word"">abused</span> <span class=""collocation"">performance-enhancing drugs</span> to gain an unfair advantage.</div><button class=""tts-button"" data-tts=""The athlete was banned from the competition after tests showed he had abused performance-enhancing drugs to gain an unfair advantage."" onclick=""window.playTTS(this.getAttribute('data-tts'))""><svg viewBox=""0 0 24 24"" fill=""none"" stroke=""currentColor"" stroke-width=""2""><polygon points=""5 3 19 12 5 21 5 3""></polygon></svg></button></div><div class=""meta-section""><div class=""translation"">測試顯示該運動員使用了性能增強藥物以獲取不公平的優勢後，他被禁止參加比賽。</div><div class=""entry-explanation"">動詞「濫用」。指不正確或有害地使用藥物。</div></div></div><div class=""entry""><div class=""sentence-row""><div class=""sentence"">The manager was criticized for <span class=""target-word"">abusing</span> his employees by shouting at them and treating them with total disrespect.</div><button class=""tts-button"" data-tts=""The manager was criticized for abusing his employees by shouting at them and treating them with total disrespect."" onclick=""window.playTTS(this.getAttribute('data-tts'))""><svg viewBox=""0 0 24 24"" fill=""none"" stroke=""currentColor"" stroke-width=""2""><polygon points=""5 3 19 12 5 21 5 3""></polygon></svg></button></div><div class=""meta-section""><div class=""translation"">經理因對員工大吼大叫且完全不尊重而遭到批評，因為他虐待了員工。</div><div class=""entry-explanation"">動詞「虐待」。指對人進行殘酷或不公平的對待。</div></div></div></div><div class=""related-forms""><span class=""label"">Related:</span> abusive</div></div>"
accelerate	"<div class=""anki-card-content""><div class=""general-explanation"">動詞「加速」。指增加速度或使某個過程發生得更快。常用搭配：accelerate the process (加速過程), accelerate growth (加速增長)。</div><div class=""entries-container""><div class=""entry""><div class=""sentence-row""><div class=""sentence"">The driver stepped on the gas pedal to <span class=""target-word"">accelerate</span> the car and quickly merge into the fast lane of the highway.</div><button class=""tts-button"" data-tts=""The driver stepped on the gas pedal to accelerate the car and quickly merge into the fast lane of the highway."" onclick=""window.playTTS(this.getAttribute('data-tts'))""><svg viewBox=""0 0 24 24"" fill=""none"" stroke=""currentColor"" stroke-width=""2""><polygon points=""5 3 19 12 5 21 5 3""></polygon></svg></button></div><div class=""meta-section""><div class=""translation"">駕駛踩下油門加速車速，以便快速併入高速公路的快車道。</div><div class=""entry-explanation"">動詞「加速」。指增加物體的物理速度。</div></div></div><div class=""entry""><div class=""sentence-row""><div class=""sentence"">The new government policy is expected to <span class=""target-word"">accelerate</span> <span class=""collocation"">the process of</span> economic recovery after the devastating earthquake.</div><button class=""tts-button"" data-tts=""The new government policy is expected to accelerate the process of economic recovery after the devastating earthquake."" onclick=""window.playTTS(this.getAttribute('data-tts'))""><svg viewBox=""0 0 24 24"" fill=""none"" stroke=""currentColor"" stroke-width=""2""><polygon points=""5 3 19 12 5 21 5 3""></polygon></svg></button></div><div class=""meta-section""><div class=""translation"">政府的新政策預計將加速地震後的經濟復甦過程。</div><div class=""entry-explanation"">動詞「加速」。指使一個過程或進展快ขึ้น。常用搭配：accelerate the process of sth (加速...的過程)。</div></div></div><div class=""entry""><div class=""sentence-row""><div class=""sentence"">Climate change is causing global temperatures to rise, which may <span class=""target-word"">accelerate</span> <span class=""collocation"">the melting of</span> polar ice caps.</div><button class=""tts-button"" data-tts=""Climate change is causing global temperatures to rise, which may accelerate the melting of polar ice caps."" onclick=""window.playTTS(this.getAttribute('data-tts'))""><svg viewBox=""0 0 24 24"" fill=""none"" stroke=""currentColor"" stroke-width=""2""><polygon points=""5 3 19 12 5 21 5 3""></polygon></svg></button></div><div class=""meta-section""><div class=""translation"">氣候變遷導致全球氣溫上升，這可能會加速極地冰蓋的融化。</div><div class=""entry-explanation"">動詞「加速」。常用搭配：accelerate the melting of sth (加速...的融化)。</div></div></div></div><div class=""related-forms""><span class=""label"">Related:</span> acceleration, accelerator</div></div>"
accessible	"<div class=""anki-card-content""><div class=""general-explanation"">形容詞「可接近的、可進入的；易於理解的；可利用的」。指某地可被到達，或某物易於被理解或使用。常用搭配：accessible to (對...而言是可及的/可利用的), make something accessible (使...變得可及)。</div><div class=""entries-container""><div class=""entry""><div class=""sentence-row""><div class=""sentence"">The new museum was designed to be fully <span class=""target-word"">accessible</span> <span class=""collocation"">to</span> people with disabilities, including ramps and wide elevators.</div><button class=""tts-button"" data-tts=""The new museum was designed to be fully accessible to people with disabilities, including ramps and wide elevators."" onclick=""window.playTTS(this.getAttribute('data-tts'))""><svg viewBox=""0 0 24 24"" fill=""none"" stroke=""currentColor"" stroke-width=""2""><polygon points=""5 3 19 12 5 21 5 3""></polygon></svg></button></div><div class=""meta-section""><div class=""translation"">這座新博物館被設計成對殘疾人士完全可及，包括設置坡道和寬敞的電梯。</div><div class=""entry-explanation"">形容詞「可接近的」。常用搭配：accessible to sb/sth (對...可及)。</div></div></div><div class=""entry""><div class=""sentence-row""><div class=""sentence"">The professor's lectures are highly <span class=""target-word"">accessible</span>, as he uses simple language and clear examples to explain complex theories.</div><button class=""tts-button"" data-tts=""The professor&#x27;s lectures are highly accessible, as he uses simple language and clear examples to explain complex theories."" onclick=""window.playTTS(this.getAttribute('data-tts'))""><svg viewBox=""0 0 24 24"" fill=""none"" stroke=""currentColor"" stroke-width=""2""><polygon points=""5 3 19 12 5 21 5 3""></polygon></svg></button></div><div class=""meta-section""><div class=""translation"">教授的講座非常易於理解，因為他使用簡單的語言和清晰的例子來解釋複雜的理論。</div><div class=""entry-explanation"">形容詞「易於理解的」。指內容不需要深奧的知識即可被理解。</div></div></div><div class=""entry""><div class=""sentence-row""><div class=""sentence"">Public libraries make a vast amount of information <span class=""target-word"">accessible</span> <span class=""collocation"">to</span> everyone in the community, regardless of their income level.</div><button class=""tts-button"" data-tts=""Public libraries make a vast amount of information accessible to everyone in the community, regardless of their income level."" onclick=""window.playTTS(this.getAttribute('data-tts'))""><svg viewBox=""0 0 24 24"" fill=""none"" stroke=""currentColor"" stroke-width=""2""><polygon points=""5 3 19 12 5 21 5 3""></polygon></svg></button></div><div class=""meta-section""><div class=""translation"">公共圖書館使社區中的每個人都能利用到大量資訊，無論其收入水平如何。</div><div class=""entry-explanation"">形容詞「可利用的」。指資源可被取得或使用。</div></div></div></div><div class=""related-forms""><span class=""label"">Related:</span> access, accessibility</div></div>"
accommodate	"<div class=""anki-card-content""><div class=""general-explanation"">動詞「容納；適應；提供住宿」。指提供足夠的空間、滿足需求或調整自己以適應環境。常用搭配：accommodate needs (滿足需求), accommodate guests (提供住宿)。</div><div class=""entries-container""><div class=""entry""><div class=""sentence-row""><div class=""sentence"">The new school auditorium was built to <span class=""target-word"">accommodate</span> <span class=""collocation"">up to</span> five hundred students for the graduation ceremony.</div><button class=""tts-button"" data-tts=""The new school auditorium was built to accommodate up to five hundred students for the graduation ceremony."" onclick=""window.playTTS(this.getAttribute('data-tts'))""><svg viewBox=""0 0 24 24"" fill=""none"" stroke=""currentColor"" stroke-width=""2""><polygon points=""5 3 19 12 5 21 5 3""></polygon></svg></button></div><div class=""meta-section""><div class=""translation"">新學校禮堂被建造來容納多達五百名學生參加畢業典禮。</div><div class=""entry-explanation"">動詞「容納」。指提供足夠的物理空間。常用搭配：accommodate up to... (容納多達...)。</div></div></div><div class=""entry""><div class=""sentence-row""><div class=""sentence"">The hotel was unable to <span class=""target-word"">accommodate</span> <span class=""collocation"">the special requests of</span> the guests due to the sudden increase in tourists.</div><button class=""tts-button"" data-tts=""The hotel was unable to accommodate the special requests of the guests due to the sudden increase in tourists."" onclick=""window.playTTS(this.getAttribute('data-tts'))""><svg viewBox=""0 0 24 24"" fill=""none"" stroke=""currentColor"" stroke-width=""2""><polygon points=""5 3 19 12 5 21 5 3""></polygon></svg></button></div><div class=""meta-section""><div class=""translation"">由於遊客突然增加，酒店無法滿足客人的特殊要求。</div><div class=""entry-explanation"">動詞「滿足」。指調整以符合某人的需求或要求。常用搭配：accommodate the requests of sb (滿足...的要求)。</div></div></div><div class=""entry""><div class=""sentence-row""><div class=""sentence"">The university provides several dormitories to <span class=""target-word"">accommodate</span> students who come from other cities or countries to study.</div><button class=""tts-button"" data-tts=""The university provides several dormitories to accommodate students who come from other cities or countries to study."" onclick=""window.playTTS(this.getAttribute('data-tts'))""><svg viewBox=""0 0 24 24"" fill=""none"" stroke=""currentColor"" stroke-width=""2""><polygon points=""5 3 19 12 5 21 5 3""></polygon></svg></button></div><div class=""meta-section""><div class=""translation"">大學提供數間宿舍以提供住宿給那些從其他城市或國家來學習的學生。</div><div class=""entry-explanation"">動詞「提供住宿」。指提供居住空間。</div></div></div><div class=""entry""><div class=""sentence-row""><div class=""sentence"">To succeed in a multicultural environment, one must learn to <span class=""target-word"">accommodate</span> <span class=""collocation"">the different cultural norms of</span> others.</div><button class=""tts-button"" data-tts=""To succeed in a multicultural environment, one must learn to accommodate the different cultural norms of others."" onclick=""window.playTTS(this.getAttribute('data-tts'))""><svg viewBox=""0 0 24 24"" fill=""none"" stroke=""currentColor"" stroke-width=""2""><polygon points=""5 3 19 12 5 21 5 3""></polygon></svg></button></div><div class=""meta-section""><div class=""translation"">要在多元文化環境中取得成功，一個人必須學會適應他人的不同文化規範。</div><div class=""entry-explanation"">動詞「適應」。指調整自己的行為以適應他人或環境。</div></div></div></div><div class=""related-forms""><span class=""label"">Related:</span> accommodation</div></div>"
accommodation	"<div class=""anki-card-content""><div class=""general-explanation"">名詞「住宿；妥協」。在 GSAT 中，最常見的意義是「住宿」，常用於旅遊或租房情境。另一種意義是「妥協/調整」，指雙方達成一致。注意其不可數用法（指住宿）與可數用法（指妥協）。</div><div class=""entries-container""><div class=""entry""><div class=""sentence-row""><div class=""sentence"">The university provides high-quality <span class=""target-word"">accommodation</span> for international students, ensuring they have a comfortable environment to study and live.</div><button class=""tts-button"" data-tts=""The university provides high-quality accommodation for international students, ensuring they have a comfortable environment to study and live."" onclick=""window.playTTS(this.getAttribute('data-tts'))""><svg viewBox=""0 0 24 24"" fill=""none"" stroke=""currentColor"" stroke-width=""2""><polygon points=""5 3 19 12 5 21 5 3""></polygon></svg></button></div><div class=""meta-section""><div class=""translation"">大學為國際學生提供高品質的住宿，確保他們有舒適的學習和生活環境。</div><div class=""entry-explanation"">名詞「住宿」。此處為不可數名詞。</div></div></div><div class=""entry""><div class=""sentence-row""><div class=""sentence"">Since the hotel was fully booked, the tourists had to find alternative <span class=""target-word"">accommodation</span> in a nearby small guest house.</div><button class=""tts-button"" data-tts=""Since the hotel was fully booked, the tourists had to find alternative accommodation in a nearby small guest house."" onclick=""window.playTTS(this.getAttribute('data-tts'))""><svg viewBox=""0 0 24 24"" fill=""none"" stroke=""currentColor"" stroke-width=""2""><polygon points=""5 3 19 12 5 21 5 3""></polygon></svg></button></div><div class=""meta-section""><div class=""translation"">由於飯店被訂滿了，遊客們必須在附近的一家小旅店尋找替代的住宿。</div><div class=""entry-explanation"">名詞「住宿」。常用於描述尋找或提供住處。</div></div></div><div class=""entry""><div class=""sentence-row""><div class=""sentence"">After hours of negotiation, the two companies finally reached an <span class=""target-word"">accommodation</span> that satisfied both parties' interests.</div><button class=""tts-button"" data-tts=""After hours of negotiation, the two companies finally reached an accommodation that satisfied both parties&#x27; interests."" onclick=""window.playTTS(this.getAttribute('data-tts'))""><svg viewBox=""0 0 24 24"" fill=""none"" stroke=""currentColor"" stroke-width=""2""><polygon points=""5 3 19 12 5 21 5 3""></polygon></svg></button></div><div class=""meta-section""><div class=""translation"">經過數小時的協商，兩家公司終於達成了一項妥協，滿足了雙方的利益。</div><div class=""entry-explanation"">名詞「妥協/調整」。指雙方透過調整而達成一致。</div></div></div></div><div class=""related-forms""><span class=""label"">Related:</span> accommodations</div></div>"
accord	"<div class=""anki-card-content""><div class=""general-explanation"">名詞「協議；一致」；動詞「授予；使一致」。名詞用法中最常見的是 the in accord with (與...一致) 或 of one&#x27;s own accord (出於自願)。動詞用法較少見，但常考點在於授予某人某種尊重或地位。</div><div class=""entries-container""><div class=""entry""><div class=""sentence-row""><div class=""sentence"">The two neighboring countries signed a peace <span class=""target-word"">accord</span> to end the long-term conflict and promote regional stability.</div><button class=""tts-button"" data-tts=""The two neighboring countries signed a peace accord to end the long-term conflict and promote regional stability."" onclick=""window.playTTS(this.getAttribute('data-tts'))""><svg viewBox=""0 0 24 24"" fill=""none"" stroke=""currentColor"" stroke-width=""2""><polygon points=""5 3 19 12 5 21 5 3""></polygon></svg></button></div><div class=""meta-section""><div class=""translation"">兩個鄰國簽署了一項和平協議，以結束長期的衝突並促進區域穩定。</div><div class=""entry-explanation"">名詞「協議」。指正式的書面協議。</div></div></div><div class=""entry""><div class=""sentence-row""><div class=""sentence"">Her actions are not in <span class=""target-word"">accord</span> <span class=""collocation"">with</span> the school's strict rules, which has led to a serious discussion with the principal.</div><button class=""tts-button"" data-tts=""Her actions are not in accord with the school&#x27;s strict rules, which has led to a serious discussion with the principal."" onclick=""window.playTTS(this.getAttribute('data-tts'))""><svg viewBox=""0 0 24 24"" fill=""none"" stroke=""currentColor"" stroke-width=""2""><polygon points=""5 3 19 12 5 21 5 3""></polygon></svg></button></div><div class=""meta-section""><div class=""translation"">她的行為與學校的嚴格規定不一致，這導致與校長進行了一次嚴肅的討論。</div><div class=""entry-explanation"">名詞「一致」。片語 in accord with... 意為「與...一致」。</div></div></div><div class=""entry""><div class=""sentence-row""><div class=""sentence"">He decided to clean the entire classroom <span class=""collocation"">of</span> his own <span class=""target-word"">accord</span>, surprising his teacher with his sudden initiative.</div><button class=""tts-button"" data-tts=""He decided to clean the entire classroom of his own accord, surprising his teacher with his sudden initiative."" onclick=""window.playTTS(this.getAttribute('data-tts'))""><svg viewBox=""0 0 24 24"" fill=""none"" stroke=""currentColor"" stroke-width=""2""><polygon points=""5 3 19 12 5 21 5 3""></polygon></svg></button></div><div class=""meta-section""><div class=""translation"">他決定自願清理整個教室，他的主動行為讓老師感到驚訝。</div><div class=""entry-explanation"">名詞「一致」。片語 of one&#x27;s own accord 意為「出於自願」。</div></div></div><div class=""entry""><div class=""sentence-row""><div class=""sentence"">The government <span class=""target-word"">accorded</span> the visiting diplomat full diplomatic honors, reflecting the high level of respect between the two nations.</div><button class=""tts-button"" data-tts=""The government accorded the visiting diplomat full diplomatic honors, reflecting the high level of respect between the two nations."" onclick=""window.playTTS(this.getAttribute('data-tts'))""><svg viewBox=""0 0 24 24"" fill=""none"" stroke=""currentColor"" stroke-width=""2""><polygon points=""5 3 19 12 5 21 5 3""></polygon></svg></button></div><div class=""meta-section""><div class=""translation"">政府授予這位到訪的外交官完整的外交禮遇，反映出兩國之間的高層級的尊重。</div><div class=""entry-explanation"">動詞「授予」。指給予某人某種地位或待遇。</div></div></div></div><div class=""related-forms""><span class=""label"">Related:</span> accordance</div></div>"
accounting	"<div class=""anki-card-content""><div class=""general-explanation"">名詞「會計學；會計紀錄」。指記錄、分析及報告財務資訊的過程。在 GSAT 中通常出現在商業或職業討論的文章中。</div><div class=""entries-container""><div class=""entry""><div class=""sentence-row""><div class=""sentence"">Many business students choose to major in <span class=""target-word"">accounting</span> because they believe it provides a stable career path in the corporate world.</div><button class=""tts-button"" data-tts=""Many business students choose to major in accounting because they believe it provides a stable career path in the corporate world."" onclick=""window.playTTS(this.getAttribute('data-tts'))""><svg viewBox=""0 0 24 24"" fill=""none"" stroke=""currentColor"" stroke-width=""2""><polygon points=""5 3 19 12 5 21 5 3""></polygon></svg></button></div><div class=""meta-section""><div class=""translation"">許多商業系學生選擇主修會計學，因為他們認為這在企業界能提供穩定的職業路徑。</div><div class=""entry-explanation"">名詞「會計學」。指一種學科或專業。</div></div></div><div class=""entry""><div class=""sentence-row""><div class=""sentence"">The company's <span class=""target-word"">accounting</span> records were carefully reviewed by an external auditor to ensure there were no financial errors.</div><button class=""tts-button"" data-tts=""The company&#x27;s accounting records were carefully reviewed by an external auditor to ensure there were no financial errors."" onclick=""window.playTTS(this.getAttribute('data-tts'))""><svg viewBox=""0 0 24 24"" fill=""none"" stroke=""currentColor"" stroke-width=""2""><polygon points=""5 3 19 12 5 21 5 3""></polygon></svg></button></div><div class=""meta-section""><div class=""translation"">公司的會計紀錄被外部審計師仔細審查，以確保沒有財務錯誤。</div><div class=""entry-explanation"">名詞「會計紀錄」。指財務紀錄的過程或結果。</div></div></div></div><div class=""related-forms""><span class=""label"">Related:</span> accountant</div></div>"
acknowledge	"<div class=""anki-card-content""><div class=""general-explanation"">動詞「承認；告知收到」。名詞形式為 acknowledgement。常用於承認事實、承認某人的成就或告知收到信件。注意搭配 acknowledge that... 或 acknowledge sth as sth。</div><div class=""entries-container""><div class=""entry""><div class=""sentence-row""><div class=""sentence"">Despite the initial denial, the politician finally <span class=""target-word"">acknowledged</span> <span class=""collocation"">that</span> his previous statements were incorrect and apologized to the public.</div><button class=""tts-button"" data-tts=""Despite the initial denial, the politician finally acknowledged that his previous statements were incorrect and apologized to the public."" onclick=""window.playTTS(this.getAttribute('data-tts'))""><svg viewBox=""0 0 24 24"" fill=""none"" stroke=""currentColor"" stroke-width=""2""><polygon points=""5 3 19 12 5 21 5 3""></polygon></svg></button></div><div class=""meta-section""><div class=""translation"">儘管最初否認，這位政治家最終承認他的先前陳述是不正確的，並向大眾道歉。</div><div class=""entry-explanation"">動詞「承認」。常用搭配 acknowledge that...。</div></div></div><div class=""entry""><div class=""sentence-row""><div class=""sentence"">The school <span class=""target-word"">acknowledged</span> the student's outstanding achievements <span class=""collocation"">in</span> the science fair with a special award and a formal certificate.</div><button class=""tts-button"" data-tts=""The school acknowledged the student&#x27;s outstanding achievements in the science fair with a special award and a formal certificate."" onclick=""window.playTTS(this.getAttribute('data-tts'))""><svg viewBox=""0 0 24 24"" fill=""none"" stroke=""currentColor"" stroke-width=""2""><polygon points=""5 3 19 12 5 21 5 3""></polygon></svg></button></div><div class=""meta-section""><div class=""translation"">學校以特別獎項和正式證書，承認該學生在科學展中的傑出成就。</div><div class=""entry-explanation"">動詞「承認/認可」。指認可某人的努力或成就。</div></div></div><div class=""entry""><div class=""sentence-row""><div class=""sentence"">Please <span class=""target-word"">acknowledge</span> <span class=""collocation"">receipt of</span> this email by replying with a simple yes or no, so we know the documents arrived safely.</div><button class=""tts-button"" data-tts=""Please acknowledge receipt of this email by replying with a simple yes or no, so we know the documents arrived safely."" onclick=""window.playTTS(this.getAttribute('data-tts'))""><svg viewBox=""0 0 24 24"" fill=""none"" stroke=""currentColor"" stroke-width=""2""><polygon points=""5 3 19 12 5 21 5 3""></polygon></svg></button></div><div class=""meta-section""><div class=""translation"">請回覆簡單的 yes 或 no 以告知收到此電子郵件，以便我們知道文件已安全送達。</div><div class=""entry-explanation"">動詞「告知收到」。常用片語 acknowledge receipt of sth。</div></div></div><div class=""entry""><div class=""sentence-row""><div class=""sentence"">The author included a detailed <span class=""target-word"">acknowledgement</span> <span class=""collocation"">at</span> the beginning of her book to thank the professors who supported her research.</div><button class=""tts-button"" data-tts=""The author included a detailed acknowledgement at the beginning of her book to thank the professors who supported her research."" onclick=""window.playTTS(this.getAttribute('data-tts'))""><svg viewBox=""0 0 24 24"" fill=""none"" stroke=""currentColor"" stroke-width=""2""><polygon points=""5 3 19 12 5 21 5 3""></polygon></svg></button></div><div class=""meta-section""><div class=""translation"">作者在書的開頭加入了一段詳細的致謝，以感謝支持她研究的教授們。</div><div class=""entry-explanation"">名詞「致謝/確認收到」。由 acknowledge 衍生的名詞。</div></div></div></div><div class=""related-forms""><span class=""label"">Related:</span> acknowledgement</div></div>"
acquaint	"<div class=""anki-card-content""><div class=""general-explanation"">動詞「使熟悉」。最常見的用法是 be acquainted with (與...熟悉/認識)。注意它與 know 的區別：acquaint 側重於使某人獲知資訊或認識某人，而 know 則是指一種狀態。</div><div class=""entries-container""><div class=""entry""><div class=""sentence-row""><div class=""sentence"">Before starting the internship, the manager spent an hour to <span class=""target-word"">acquaint</span> the new employees <span class=""collocation"">with</span> the company's operating procedures.</div><button class=""tts-button"" data-tts=""Before starting the internship, the manager spent an hour to acquaint the new employees with the company&#x27;s operating procedures."" onclick=""window.playTTS(this.getAttribute('data-tts'))""><svg viewBox=""0 0 24 24"" fill=""none"" stroke=""currentColor"" stroke-width=""2""><polygon points=""5 3 19 12 5 21 5 3""></polygon></svg></button></div><div class=""meta-section""><div class=""translation"">在開始實習前，經理花了一小時讓新員工熟悉公司的操作程序。</div><div class=""entry-explanation"">動詞「使熟悉」。常用搭配 acquaint someone with something。</div></div></div><div class=""entry""><div class=""sentence-row""><div class=""sentence"">I am not well <span class=""target-word"">acquainted</span> <span class=""collocation"">with</span> the local history of this city, so I rely on the tour guide for detailed information.</div><button class=""tts-button"" data-tts=""I am not well acquainted with the local history of this city, so I rely on the tour guide for detailed information."" onclick=""window.playTTS(this.getAttribute('data-tts'))""><svg viewBox=""0 0 24 24"" fill=""none"" stroke=""currentColor"" stroke-width=""2""><polygon points=""5 3 19 12 5 21 5 3""></polygon></svg></button></div><div class=""meta-section""><div class=""translation"">我對這個城市的當地歷史並不熟悉，所以我依賴導遊來獲取詳細資訊。</div><div class=""entry-explanation"">形容詞化用法「熟悉」。片語 be acquainted with...。</div></div></div></div><div class=""related-forms""><span class=""label"">Related:</span> acquaintance</div></div>"
acquisition	"<div class=""anki-card-content""><div class=""general-explanation"">名詞「獲得；收購」。指通過學習、購買或努力而獲得某物。在商業語境中，指一家公司買下另一家公司。</div><div class=""entries-container""><div class=""entry""><div class=""sentence-row""><div class=""sentence"">The <span class=""target-word"">acquisition</span> <span class=""collocation"">of</span> a second language is often easier for children than for adults due to their natural curiosity and flexibility.</div><button class=""tts-button"" data-tts=""The acquisition of a second language is often easier for children than for adults due to their natural curiosity and flexibility."" onclick=""window.playTTS(this.getAttribute('data-tts'))""><svg viewBox=""0 0 24 24"" fill=""none"" stroke=""currentColor"" stroke-width=""2""><polygon points=""5 3 19 12 5 21 5 3""></polygon></svg></button></div><div class=""meta-section""><div class=""translation"">對於兒童來說，習得第二語言通常比成年人更容易，因為他們天生的好奇心和靈活性。</div><div class=""entry-explanation"">名詞「獲得/習得」。指通過學習或過程而獲得能力。</div></div></div><div class=""entry""><div class=""sentence-row""><div class=""sentence"">The museum's recent <span class=""target-word"">acquisition</span> of a rare 18th-century painting has attracted thousands of art lovers from all over the world.</div><button class=""tts-button"" data-tts=""The museum&#x27;s recent acquisition of a rare 18th-century painting has attracted thousands of art lovers from all over the world."" onclick=""window.playTTS(this.getAttribute('data-tts'))""><svg viewBox=""0 0 24 24"" fill=""none"" stroke=""currentColor"" stroke-width=""2""><polygon points=""5 3 19 12 5 21 5 3""></polygon></svg></button></div><div class=""meta-section""><div class=""translation"">博物館最近收購的一幅罕見的 18 世紀繪畫吸引了來自世界各地的數千名藝術愛好者。</div><div class=""entry-explanation"">名詞「獲得」。指獲得一件珍貴的物品。</div></div></div><div class=""entry""><div class=""sentence-row""><div class=""sentence"">The tech giant's <span class=""target-word"">acquisition</span> <span class=""collocation"">of</span> the small startup company allowed them to enter the emerging market more quickly.</div><button class=""tts-button"" data-tts=""The tech giant&#x27;s acquisition of the small startup company allowed them to enter the emerging market more quickly."" onclick=""window.playTTS(this.getAttribute('data-tts'))""><svg viewBox=""0 0 24 24"" fill=""none"" stroke=""currentColor"" stroke-width=""2""><polygon points=""5 3 19 12 5 21 5 3""></polygon></svg></button></div><div class=""meta-section""><div class=""translation"">這家科技巨頭對這家小型創業公司的收購，讓他們能更迅速地進入新興市場。</div><div class=""entry-explanation"">名詞「收購」。指商業上的買賣行為。</div></div></div></div><div class=""related-forms""><span class=""label"">Related:</span> acquire</div></div>"
activist	"<div class=""anki-card-content""><div class=""general-explanation"">名詞「行動主義者；社會活動家」。指為了社會、政治或環境變革而採取行動的人。常用搭配 environmental activist, human rights activist。</div><div class=""entries-container""><div class=""entry""><div class=""sentence-row""><div class=""sentence"">The environmental <span class=""target-word"">activist</span> organized a large protest in the city center to demand stricter laws against air pollution.</div><button class=""tts-button"" data-tts=""The environmental activist organized a large protest in the city center to demand stricter laws against air pollution."" onclick=""window.playTTS(this.getAttribute('data-tts'))""><svg viewBox=""0 0 24 24"" fill=""none"" stroke=""currentColor"" stroke-width=""2""><polygon points=""5 3 19 12 5 21 5 3""></polygon></svg></button></div><div class=""meta-section""><div class=""translation"">這位環境行動主義者在市中心組織了一場大型抗議，要求對空氣污染制定更嚴格的法律。</div><div class=""entry-explanation"">名詞「行動主義者」。指致力於環境保護的人。</div></div></div><div class=""entry""><div class=""sentence-row""><div class=""sentence"">As a young <span class=""target-word"">activist</span>, she spent her weekends volunteering at the local shelter and writing letters to government officials for social change.</div><button class=""tts-button"" data-tts=""As a young activist, she spent her weekends volunteering at the local shelter and writing letters to government officials for social change."" onclick=""window.playTTS(this.getAttribute('data-tts'))""><svg viewBox=""0 0 24 24"" fill=""none"" stroke=""currentColor"" stroke-width=""2""><polygon points=""5 3 19 12 5 21 5 3""></polygon></svg></button></div><div class=""meta-section""><div class=""translation"">作為一名年輕的活動家，她週末都在當地收容所擔任志工並寫信給政府官員以尋求社會變革。</div><div class=""entry-explanation"">名詞「活動家」。指致力於社會變革的人。</div></div></div></div><div class=""related-forms""><span class=""label"">Related:</span> activism, activate</div></div>"
acute	"<div class=""anki-card-content""><div class=""general-explanation"">形容詞「尖銳的；劇烈的；敏銳的」。常用於描述疼痛 (acute pain)、危機 (acute shortage/crisis) 或感官 (acute hearing/sight)。注意與 chronic (慢性的) 相對。</div><div class=""entries-container""><div class=""entry""><div class=""sentence-row""><div class=""sentence"">The patient complained of an <span class=""target-word"">acute</span> pain in his lower back, which forced him to go to the emergency room immediately.</div><button class=""tts-button"" data-tts=""The patient complained of an acute pain in his lower back, which forced him to go to the emergency room immediately."" onclick=""window.playTTS(this.getAttribute('data-tts'))""><svg viewBox=""0 0 24 24"" fill=""none"" stroke=""currentColor"" stroke-width=""2""><polygon points=""5 3 19 12 5 21 5 3""></polygon></svg></button></div><div class=""meta-section""><div class=""translation"">病人抱怨下背部有劇烈的疼痛，這迫使他立即前往急診室。</div><div class=""entry-explanation"">形容詞「劇烈的」。常用於描述疼痛。</div></div></div><div class=""entry""><div class=""sentence-row""><div class=""sentence"">Many developing countries are facing an <span class=""target-word"">acute</span> shortage <span class=""collocation"">of</span> clean drinking water, leading to serious health problems for the population.</div><button class=""tts-button"" data-tts=""Many developing countries are facing an acute shortage of clean drinking water, leading to serious health problems for the population."" onclick=""window.playTTS(this.getAttribute('data-tts'))""><svg viewBox=""0 0 24 24"" fill=""none"" stroke=""currentColor"" stroke-width=""2""><polygon points=""5 3 19 12 5 21 5 3""></polygon></svg></button></div><div class=""meta-section""><div class=""translation"">許多開發中國家面臨著乾淨飲用水的嚴重短缺，導致人口出現嚴細的健康問題。</div><div class=""entry-explanation"">形容詞「嚴重的/尖銳的」。常用搭配 acute shortage (嚴重短缺)。</div></div></div><div class=""entry""><div class=""sentence-row""><div class=""sentence"">Dogs have an <span class=""target-word"">acute</span> sense <span class=""collocation"">of</span> smell, which allows them to find missing people even in the thickest forests.</div><button class=""tts-button"" data-tts=""Dogs have an acute sense of smell, which allows them to find missing people even in the thickest forests."" onclick=""window.playTTS(this.getAttribute('data-tts'))""><svg viewBox=""0 0 24 24"" fill=""none"" stroke=""currentColor"" stroke-width=""2""><polygon points=""5 3 19 12 5 21 5 3""></polygon></svg></button></div><div class=""meta-section""><div class=""translation"">狗有敏銳的嗅覺，這使他們即使在最茂密的森林中也能找到失蹤的人。</div><div class=""entry-explanation"">形容詞「敏銳的」。常用於描述感官。</div></div></div></div><div class=""related-forms""><span class=""label"">Related:</span> acutely</div></div>"
administration	"<div class=""anki-card-content""><div class=""general-explanation"">名詞「管理；行政；政府」。指管理組織的過程，或指特定時期的政府（尤其是美國政府）。常用搭配 school administration, public administration。</div><div class=""entries-container""><div class=""entry""><div class=""sentence-row""><div class=""sentence"">The school <span class=""target-word"">administration</span> decided to implement a new policy regarding student dress codes to maintain a professional learning environment.</div><button class=""tts-button"" data-tts=""The school administration decided to implement a new policy regarding student dress codes to maintain a professional learning environment."" onclick=""window.playTTS(this.getAttribute('data-tts'))""><svg viewBox=""0 0 24 24"" fill=""none"" stroke=""currentColor"" stroke-width=""2""><polygon points=""5 3 19 12 5 21 5 3""></polygon></svg></button></div><div class=""meta-section""><div class=""translation"">學校行政部門決定實施一項關於學生著裝規範的新政策，以維持專業的學習環境。</div><div class=""entry-explanation"">名詞「行政/管理」。指學校的管理層。</div></div></div><div class=""entry""><div class=""sentence-row""><div class=""sentence"">Effective <span class=""target-word"">administration</span> <span class=""collocation"">of</span> resources is essential for any organization to achieve its goals and avoid wasting money.</div><button class=""tts-button"" data-tts=""Effective administration of resources is essential for any organization to achieve its goals and avoid wasting money."" onclick=""window.playTTS(this.getAttribute('data-tts'))""><svg viewBox=""0 0 24 24"" fill=""none"" stroke=""currentColor"" stroke-width=""2""><polygon points=""5 3 19 12 5 21 5 3""></polygon></svg></button></div><div class=""meta-section""><div class=""translation"">有效的資源管理對於任何組織達成目標並避免浪費金錢都至關重要。</div><div class=""entry-explanation"">名詞「管理」。指管理過程。</div></div></div><div class=""entry""><div class=""sentence-row""><div class=""sentence"">During the previous <span class=""target-word"">administration</span>, the government focused on reducing taxes and encouraging small businesses to grow.</div><button class=""tts-button"" data-tts=""During the previous administration, the government focused on reducing taxes and encouraging small businesses to grow."" onclick=""window.playTTS(this.getAttribute('data-tts'))""><svg viewBox=""0 0 24 24"" fill=""none"" stroke=""currentColor"" stroke-width=""2""><polygon points=""5 3 19 12 5 21 5 3""></polygon></svg></button></div><div class=""meta-section""><div class=""translation"">在之前的政府任期內，政府專注於減稅並鼓勵小型企業成長。</div><div class=""entry-explanation"">名詞「政府」。指特定期間的執政團隊。</div></div></div></div><div class=""related-forms""><span class=""label"">Related:</span> administrator, administrative</div></div>"
administrative	"<div class=""anki-card-content""><div class=""general-explanation"">形容詞「行政的；管理的」。指與管理或組織運作相關的事務。常用搭配 administrative assistant, administrative work。</div><div class=""entries-container""><div class=""entry""><div class=""sentence-row""><div class=""sentence"">She was hired as an <span class=""target-word"">administrative</span> assistant to help the manager organize meetings and handle the company's daily paperwork.</div><button class=""tts-button"" data-tts=""She was hired as an administrative assistant to help the manager organize meetings and handle the company&#x27;s daily paperwork."" onclick=""window.playTTS(this.getAttribute('data-tts'))""><svg viewBox=""0 0 24 24"" fill=""none"" stroke=""currentColor"" stroke-width=""2""><polygon points=""5 3 19 12 5 21 5 3""></polygon></svg></button></div><div class=""meta-section""><div class=""translation"">她被聘為行政助理，以幫助經理組織會議並處理公司的日常文書工作。</div><div class=""entry-explanation"">形容詞「行政的」。常用搭配 administrative assistant (行政助理)。</div></div></div><div class=""entry""><div class=""sentence-row""><div class=""sentence"">The company decided to reduce <span class=""target-word"">administrative</span> costs by introducing new software that automates the process of filing documents.</div><button class=""tts-button"" data-tts=""The company decided to reduce administrative costs by introducing new software that automates the process of filing documents."" onclick=""window.playTTS(this.getAttribute('data-tts'))""><svg viewBox=""0 0 24 24"" fill=""none"" stroke=""currentColor"" stroke-width=""2""><polygon points=""5 3 19 12 5 21 5 3""></polygon></svg></button></div><div class=""meta-section""><div class=""translation"">公司決定透過引入自動化文件歸檔的新軟體，來降低行政成本。</div><div class=""entry-explanation"">形容詞「行政的」。指與管理運作相關的費用。</div></div></div><div class=""entry""><div class=""sentence-row""><div class=""sentence"">The university's <span class=""target-word"">administrative</span> staff worked tirelessly to ensure that the registration process for new students was smooth and efficient.</div><button class=""tts-button"" data-tts=""The university&#x27;s administrative staff worked tirelessly to ensure that the registration process for new students was smooth and efficient."" onclick=""window.playTTS(this.getAttribute('data-tts'))""><svg viewBox=""0 0 24 24"" fill=""none"" stroke=""currentColor"" stroke-width=""2""><polygon points=""5 3 19 12 5 21 5 3""></polygon></svg></button></div><div class=""meta-section""><div class=""translation"">大學的行政人員不懈地工作，以確保新生的註冊流程順暢且高效。</div><div class=""entry-explanation"">形容詞「行政的」。指執行管理任務的人員。</div></div></div></div><div class=""related-forms""><span class=""label"">Related:</span> administration, administrator</div></div>"
administrator	"<div class=""anki-card-content""><div class=""general-explanation"">名詞「管理員、行政人員」。指負責組織、管理或執行計畫、設施或機構之的人員。常用於學校、政府機關或公司環境。</div><div class=""entries-container""><div class=""entry""><div class=""sentence-row""><div class=""sentence"">The school <span class=""target-word"">administrator</span> decided to implement a new policy to reduce plastic waste in the cafeteria and classrooms.</div><button class=""tts-button"" data-tts=""The school administrator decided to implement a new policy to reduce plastic waste in the cafeteria and classrooms."" onclick=""window.playTTS(this.getAttribute('data-tts'))""><svg viewBox=""0 0 24 24"" fill=""none"" stroke=""currentColor"" stroke-width=""2""><polygon points=""5 3 19 12 5 21 5 3""></polygon></svg></button></div><div class=""meta-section""><div class=""translation"">學校行政人員決定實施一項新政策，以減少食堂和教室中的塑膠廢棄物。</div><div class=""entry-explanation"">名詞「行政人員」。指負責學校管理的人員。</div></div></div><div class=""entry""><div class=""sentence-row""><div class=""sentence"">If you have any questions regarding the enrollment process, please contact the system <span class=""target-word"">administrator</span> for further assistance.</div><button class=""tts-button"" data-tts=""If you have any questions regarding the enrollment process, please contact the system administrator for further assistance."" onclick=""window.playTTS(this.getAttribute('data-tts'))""><svg viewBox=""0 0 24 24"" fill=""none"" stroke=""currentColor"" stroke-width=""2""><polygon points=""5 3 19 12 5 21 5 3""></polygon></svg></button></div><div class=""meta-section""><div class=""translation"">如果您對入學流程有任何疑問，請聯繫系統管理員以獲得進一步的幫助。</div><div class=""entry-explanation"">名詞「管理員」。指負責維護電腦系統或資料庫的人員。</div></div></div></div><div class=""related-forms""><span class=""label"">Related:</span> administration, administrators</div></div>"
adolescent	"<div class=""anki-card-content""><div class=""general-explanation"">可作形容詞（青春期的、青少年的）或名詞（青少年）。指處於兒童期與成年期之間的人。注意其與 teenager (青少年) 的近義關係。</div><div class=""entries-container""><div class=""entry""><div class=""sentence-row""><div class=""sentence"">During the <span class=""target-word"">adolescent</span> stage of life, many individuals experience rapid physical changes and emotional instability.</div><button class=""tts-button"" data-tts=""During the adolescent stage of life, many individuals experience rapid physical changes and emotional instability."" onclick=""window.playTTS(this.getAttribute('data-tts'))""><svg viewBox=""0 0 24 24"" fill=""none"" stroke=""currentColor"" stroke-width=""2""><polygon points=""5 3 19 12 5 21 5 3""></polygon></svg></button></div><div class=""meta-section""><div class=""translation"">在青春期的生命階段，許多人經歷了快速的身體變化和情緒不穩定。</div><div class=""entry-explanation"">形容詞「青春期的」。描述處於成長過程中的狀態。</div></div></div><div class=""entry""><div class=""sentence-row""><div class=""sentence"">The youth center provides various programs designed to support <span class=""target-word"">adolescents</span> in dealing with the pressure of academic competition.</div><button class=""tts-button"" data-tts=""The youth center provides various programs designed to support adolescents in dealing with the pressure of academic competition."" onclick=""window.playTTS(this.getAttribute('data-tts'))""><svg viewBox=""0 0 24 24"" fill=""none"" stroke=""currentColor"" stroke-width=""2""><polygon points=""5 3 19 12 5 21 5 3""></polygon></svg></button></div><div class=""meta-section""><div class=""translation"">青少年中心提供各種計畫，旨在支持青少年應對學業競爭的壓力。</div><div class=""entry-explanation"">名詞「青少年」。指處於青春期的人。</div></div></div><div class=""entry""><div class=""sentence-row""><div class=""sentence"">Parents are encouraged to maintain open communication with their <span class=""target-word"">adolescent</span> children to better understand their needs and feelings.</div><button class=""tts-button"" data-tts=""Parents are encouraged to maintain open communication with their adolescent children to better understand their needs and feelings."" onclick=""window.playTTS(this.getAttribute('data-tts'))""><svg viewBox=""0 0 24 24"" fill=""none"" stroke=""currentColor"" stroke-width=""2""><polygon points=""5 3 19 12 5 21 5 3""></polygon></svg></button></div><div class=""meta-section""><div class=""translation"">父母被鼓勵與他們的青春期孩子保持開放的溝通，以便更好地理解他們的需求和感受。</div><div class=""entry-explanation"">形容詞「青少年的」。用於修飾 children。</div></div></div></div><div class=""related-forms""><span class=""label"">Related:</span> adolescence</div></div>"
adore	"<div class=""anki-card-content""><div class=""general-explanation"">動詞「崇拜、極其喜愛」。比 love 更強烈，常用於表達對某人、某物或某個活動的深切喜愛。</div><div class=""entries-container""><div class=""entry""><div class=""sentence-row""><div class=""sentence"">Many young fans <span class=""target-word"">adore</span> the famous K-pop stars, following their every move and collecting all their latest albums.</div><button class=""tts-button"" data-tts=""Many young fans adore the famous K-pop stars, following their every move and collecting all their latest albums."" onclick=""window.playTTS(this.getAttribute('data-tts'))""><svg viewBox=""0 0 24 24"" fill=""none"" stroke=""currentColor"" stroke-width=""2""><polygon points=""5 3 19 12 5 21 5 3""></polygon></svg></button></div><div class=""meta-section""><div class=""translation"">許多年輕粉絲極其喜愛那些著名的 K-pop 明星，關注他們的每一步動作並收集他們所有最新的專輯。</div><div class=""entry-explanation"">動詞「極其喜愛」。表示強烈的喜好。</div></div></div><div class=""entry""><div class=""sentence-row""><div class=""sentence"">The little girl <span class=""target-word"">adored</span> her new puppy, spending every free moment playing with it in the garden.</div><button class=""tts-button"" data-tts=""The little girl adored her new puppy, spending every free moment playing with it in the garden."" onclick=""window.playTTS(this.getAttribute('data-tts'))""><svg viewBox=""0 0 24 24"" fill=""none"" stroke=""currentColor"" stroke-width=""2""><polygon points=""5 3 19 12 5 21 5 3""></polygon></svg></button></div><div class=""meta-section""><div class=""translation"">小女孩非常喜愛她的新小狗，利用每一個空閒時間在花園裡陪它玩耍。</div><div class=""entry-explanation"">動詞「極其喜愛」。常用於描述對寵物或親人的喜愛。</div></div></div></div><div class=""related-forms""><span class=""label"">Related:</span> adoration, adorable</div></div>"
adverse	"<div class=""anki-card-content""><div class=""general-explanation"">形容詞「不利的、有害的」。常用於描述天氣、反應或環境等對某事產生負面影響。常用搭配 adverse effects (副作用/不利影響) 或 adverse weather (不利天氣)。</div><div class=""entries-container""><div class=""entry""><div class=""sentence-row""><div class=""sentence"">The outdoor graduation ceremony was postponed due to <span class=""target-word"">adverse</span> <span class=""collocation"">weather</span> conditions, such as heavy rain and strong winds.</div><button class=""tts-button"" data-tts=""The outdoor graduation ceremony was postponed due to adverse weather conditions, such as heavy rain and strong winds."" onclick=""window.playTTS(this.getAttribute('data-tts'))""><svg viewBox=""0 0 24 24"" fill=""none"" stroke=""currentColor"" stroke-width=""2""><polygon points=""5 3 19 12 5 21 5 3""></polygon></svg></button></div><div class=""meta-section""><div class=""translation"">由於大雨和強風等不利的天氣條件，戶外畢業典禮被推遲了。</div><div class=""entry-explanation"">形容詞「不利的」。常用搭配：adverse weather (不利天氣)。</div></div></div><div class=""entry""><div class=""sentence-row""><div class=""sentence"">Some patients may experience <span class=""target-word"">adverse</span> <span class=""collocation"">reactions</span> to the medication, so it is important to consult a doctor before taking it.</div><button class=""tts-button"" data-tts=""Some patients may experience adverse reactions to the medication, so it is important to consult a doctor before taking it."" onclick=""window.playTTS(this.getAttribute('data-tts'))""><svg viewBox=""0 0 24 24"" fill=""none"" stroke=""currentColor"" stroke-width=""2""><polygon points=""5 3 19 12 5 21 5 3""></polygon></svg></button></div><div class=""meta-section""><div class=""translation"">某些患者對該藥物可能會產生不良反應，因此在服用前諮詢醫生非常重要。</div><div class=""entry-explanation"">形容詞「有害的/不良的」。常用搭配：adverse reactions (不良反應)。</div></div></div><div class=""entry""><div class=""sentence-row""><div class=""sentence"">Despite facing <span class=""target-word"">adverse</span> <span class=""collocation"">circumstances</span> in her early life, she worked hard and eventually became a successful lawyer.</div><button class=""tts-button"" data-tts=""Despite facing adverse circumstances in her early life, she worked hard and eventually became a successful lawyer."" onclick=""window.playTTS(this.getAttribute('data-tts'))""><svg viewBox=""0 0 24 24"" fill=""none"" stroke=""currentColor"" stroke-width=""2""><polygon points=""5 3 19 12 5 21 5 3""></polygon></svg></button></div><div class=""meta-section""><div class=""translation"">儘管在早年生活中面臨不利的情況，她依然努力工作，最終成為一名成功的律師。</div><div class=""entry-explanation"">形容詞「不利的」。常用搭配：adverse circumstances (不利的情況)。</div></div></div></div></div>"
advocate	"<div class=""anki-card-content""><div class=""general-explanation"">可作名詞（擁護者、辯護律師）或動詞（主張、提倡）。動詞用法常接 to V 或 for sth。注意名詞形式 advocate 為擁護者，而動詞 advocate 的發音有所不同。</div><div class=""entries-container""><div class=""entry""><div class=""sentence-row""><div class=""sentence"">She has become a strong <span class=""target-word"">advocate</span> <span class=""collocation"">for</span> animal rights, spending her weekends volunteering at the local animal shelter.</div><button class=""tts-button"" data-tts=""She has become a strong advocate for animal rights, spending her weekends volunteering at the local animal shelter."" onclick=""window.playTTS(this.getAttribute('data-tts'))""><svg viewBox=""0 0 24 24"" fill=""none"" stroke=""currentColor"" stroke-width=""2""><polygon points=""5 3 19 12 5 21 5 3""></polygon></svg></button></div><div class=""meta-section""><div class=""translation"">她已成為動物權利的強烈擁護者，週末都在當地的動物收容所擔任志工。</div><div class=""entry-explanation"">名詞「擁護者」。常用搭配：advocate for sth (擁護某事)。</div></div></div><div class=""entry""><div class=""sentence-row""><div class=""sentence"">Many health experts <span class=""target-word"">advocate</span> <span class=""collocation"">a balanced diet</span> and regular exercise to prevent chronic diseases and improve overall well-being.</div><button class=""tts-button"" data-tts=""Many health experts advocate a balanced diet and regular exercise to prevent chronic diseases and improve overall well-being."" onclick=""window.playTTS(this.getAttribute('data-tts'))""><svg viewBox=""0 0 24 24"" fill=""none"" stroke=""currentColor"" stroke-width=""2""><polygon points=""5 3 19 12 5 21 5 3""></polygon></svg></button></div><div class=""meta-section""><div class=""translation"">許多健康專家提倡均衡飲食和定期運動，以預防慢性疾病並提高整體健康。</div><div class=""entry-explanation"">動詞「提倡」。直接接名詞作為受詞。</div></div></div><div class=""entry""><div class=""sentence-row""><div class=""sentence"">The student council <span class=""target-word"">advocates</span> <span class=""collocation"">for</span> the installation of more water dispensers in the school hallways to improve student convenience.</div><button class=""tts-button"" data-tts=""The student council advocates for the installation of more water dispensers in the school hallways to improve student convenience."" onclick=""window.playTTS(this.getAttribute('data-tts'))""><svg viewBox=""0 0 24 24"" fill=""none"" stroke=""currentColor"" stroke-width=""2""><polygon points=""5 3 19 12 5 21 5 3""></polygon></svg></button></div><div class=""meta-section""><div class=""translation"">學生會主張安裝更多飲水機在學校走廊上，以提高學生的便利性。</div><div class=""entry-explanation"">動詞「主張」。常用搭配：advocate for sth。</div></div></div></div><div class=""related-forms""><span class=""label"">Related:</span> advocacy</div></div>"
affection	"<div class=""anki-card-content""><div class=""general-explanation"">名詞「喜愛、愛慕」。指一種溫暖且持久的感情。常用搭配 have affection for sth/sb (對...有感情), show affection (表達愛意)。</div><div class=""entries-container""><div class=""entry""><div class=""sentence-row""><div class=""sentence"">The child showed deep <span class=""target-word"">affection</span> <span class=""collocation"">for</span> his grandfather by hugging him every time they met.</div><button class=""tts-button"" data-tts=""The child showed deep affection for his grandfather by hugging him every time they met."" onclick=""window.playTTS(this.getAttribute('data-tts'))""><svg viewBox=""0 0 24 24"" fill=""none"" stroke=""currentColor"" stroke-width=""2""><polygon points=""5 3 19 12 5 21 5 3""></polygon></svg></button></div><div class=""meta-section""><div class=""translation"">孩子每次見到祖父時都會擁抱他，表達出深厚的喜愛之情。</div><div class=""entry-explanation"">名詞「喜愛」。常用搭配：affection for sb (對某人的喜愛)。</div></div></div><div class=""entry""><div class=""sentence-row""><div class=""sentence"">Although they were once rivals in sports, they have developed a strong mutual <span class=""target-word"">affection</span> over the years of friendship.</div><button class=""tts-button"" data-tts=""Although they were once rivals in sports, they have developed a strong mutual affection over the years of friendship."" onclick=""window.playTTS(this.getAttribute('data-tts'))""><svg viewBox=""0 0 24 24"" fill=""none"" stroke=""currentColor"" stroke-width=""2""><polygon points=""5 3 19 12 5 21 5 3""></polygon></svg></button></div><div class=""meta-section""><div class=""translation"">雖然他們曾經在體育方面是競爭對手，但經過多年的友誼，他們之間產生了深厚的相互愛慕之情。</div><div class=""entry-explanation"">名詞「愛慕」。指一種溫暖的感情。</div></div></div><div class=""entry""><div class=""sentence-row""><div class=""sentence"">The puppy wagged its tail and leaped up, showing its <span class=""target-word"">affection</span> <span class=""collocation"">for</span> its owner in a very energetic way.</div><button class=""tts-button"" data-tts=""The puppy wagged its tail and leaped up, showing its affection for its owner in a very energetic way."" onclick=""window.playTTS(this.getAttribute('data-tts'))""><svg viewBox=""0 0 24 24"" fill=""none"" stroke=""currentColor"" stroke-width=""2""><polygon points=""5 3 19 12 5 21 5 3""></polygon></svg></button></div><div class=""meta-section""><div class=""translation"">小狗搖著尾巴跳了起來，以一種非常有活力的方式表達對主人的喜愛。</div><div class=""entry-explanation"">名詞「喜愛」。常用搭配：affection for sb。</div></div></div></div><div class=""related-forms""><span class=""label"">Related:</span> affectionate</div></div>"
agenda	"<div class=""anki-card-content""><div class=""general-explanation"">名詞「議程、待辦事項」。原指會議中要討論的事項清單。在現代用法中，也可用於指某人或組織的隱藏目的（hidden agenda）。</div><div class=""entries-container""><div class=""entry""><div class=""sentence-row""><div class=""sentence"">Before the meeting started, the teacher handed out the <span class=""target-word"">agenda</span> so that everyone knew which topics would be discussed first.</div><button class=""tts-button"" data-tts=""Before the meeting started, the teacher handed out the agenda so that everyone knew which topics would be discussed first."" onclick=""window.playTTS(this.getAttribute('data-tts'))""><svg viewBox=""0 0 24 24"" fill=""none"" stroke=""currentColor"" stroke-width=""2""><polygon points=""5 3 19 12 5 21 5 3""></polygon></svg></button></div><div class=""meta-section""><div class=""translation"">在會議開始前，老師發放了議程，以便每個人都知道哪些主題將首先被討論。</div><div class=""entry-explanation"">名詞「議程」。指會議討論事項的清單。</div></div></div><div class=""entry""><div class=""sentence-row""><div class=""sentence"">Reducing carbon emissions has become a top priority on the global <span class=""target-word"">agenda</span> to combat climate change and protect the environment.</div><button class=""tts-button"" data-tts=""Reducing carbon emissions has become a top priority on the global agenda to combat climate change and protect the environment."" onclick=""window.playTTS(this.getAttribute('data-tts'))""><svg viewBox=""0 0 24 24"" fill=""none"" stroke=""currentColor"" stroke-width=""2""><polygon points=""5 3 19 12 5 21 5 3""></polygon></svg></button></div><div class=""meta-section""><div class=""translation"">減少碳排放已成為全球議程中的首要任務，以對抗氣候變遷並保護環境。</div><div class=""entry-explanation"">名詞「議程」。指一個群體或組織打算達成的事項。</div></div></div><div class=""entry""><div class=""sentence-row""><div class=""sentence"">Some people suspected that the politician had a <span class=""collocation"">hidden</span> <span class=""target-word"">agenda</span> and was not truly interested in helping the poor.</div><button class=""tts-button"" data-tts=""Some people suspected that the politician had a hidden agenda and was not truly interested in helping the poor."" onclick=""window.playTTS(this.getAttribute('data-tts'))""><svg viewBox=""0 0 24 24"" fill=""none"" stroke=""currentColor"" stroke-width=""2""><polygon points=""5 3 19 12 5 21 5 3""></polygon></svg></button></div><div class=""meta-section""><div class=""translation"">有些人懷疑這名政治家有隱藏的意圖，而且並非真正感興趣於幫助窮人。</div><div class=""entry-explanation"">名詞「隱藏目的」。常用搭配：hidden agenda (隱藏目的)。</div></div></div></div></div>"
aggression	"<div class=""anki-card-content""><div class=""general-explanation"">名詞「侵略、挑釁、攻擊性」。可用於描述國家間的軍事侵略，或個人在社交行為中的攻擊性。</div><div class=""entries-container""><div class=""entry""><div class=""sentence-row""><div class=""sentence"">The school counselor is teaching students how to manage their <span class=""target-word"">aggression</span> and resolve conflicts through peaceful communication.</div><button class=""tts-button"" data-tts=""The school counselor is teaching students how to manage their aggression and resolve conflicts through peaceful communication."" onclick=""window.playTTS(this.getAttribute('data-tts'))""><svg viewBox=""0 0 24 24"" fill=""none"" stroke=""currentColor"" stroke-width=""2""><polygon points=""5 3 19 12 5 21 5 3""></polygon></svg></button></div><div class=""meta-section""><div class=""translation"">學校輔導員正在教學生如何管理他們的攻擊性，並通過和平溝通來解決衝突。</div><div class=""entry-explanation"">名詞「攻擊性」。指傾向於攻擊他人的行為或傾向。</div></div></div><div class=""entry""><div class=""sentence-row""><div class=""sentence"">The international community condemned the country's <span class=""target-word"">aggression</span> against its neighbors, calling for an immediate ceasefire and peace talks.</div><button class=""tts-button"" data-tts=""The international community condemned the country&#x27;s aggression against its neighbors, calling for an immediate ceasefire and peace talks."" onclick=""window.playTTS(this.getAttribute('data-tts'))""><svg viewBox=""0 0 24 24"" fill=""none"" stroke=""currentColor"" stroke-width=""2""><polygon points=""5 3 19 12 5 21 5 3""></polygon></svg></button></div><div class=""meta-section""><div class=""translation"">國際社會譴責該國對其鄰國的侵略，要求立即停火並進行和平談判。</div><div class=""entry-explanation"">名詞「侵略」。指國家間的武力攻擊。</div></div></div><div class=""entry""><div class=""sentence-row""><div class=""sentence"">Some researchers believe that high levels of stress can lead to increased <span class=""target-word"">aggression</span> in both teenagers and adults.</div><button class=""tts-button"" data-tts=""Some researchers believe that high levels of stress can lead to increased aggression in both teenagers and adults."" onclick=""window.playTTS(this.getAttribute('data-tts'))""><svg viewBox=""0 0 24 24"" fill=""none"" stroke=""currentColor"" stroke-width=""2""><polygon points=""5 3 19 12 5 21 5 3""></polygon></svg></button></div><div class=""meta-section""><div class=""translation"">一些研究人員認為，高水平的壓力會導致青少年和成年人的攻擊性增加。</div><div class=""entry-explanation"">名詞「攻擊性」。指心理上的攻擊傾向。</div></div></div></div><div class=""related-forms""><span class=""label"">Related:</span> aggressive</div></div>"
agony	"<div class=""anki-card-content""><div class=""general-explanation"">名詞「極大的痛苦」。指身體上的劇烈疼痛或心理上的極度痛苦。常用搭配 be in agony (處於極大痛苦之中)。</div><div class=""entries-container""><div class=""entry""><div class=""sentence-row""><div class=""sentence"">The athlete was <span class=""collocation"">in</span> <span class=""target-word"">agony</span> after twisting his ankle during the final race, and he had to be carried off the field.</div><button class=""tts-button"" data-tts=""The athlete was in agony after twisting his ankle during the final race, and he had to be carried off the field."" onclick=""window.playTTS(this.getAttribute('data-tts'))""><svg viewBox=""0 0 24 24"" fill=""none"" stroke=""currentColor"" stroke-width=""2""><polygon points=""5 3 19 12 5 21 5 3""></polygon></svg></button></div><div class=""meta-section""><div class=""translation"">這名運動員在最後一場比賽中扭到腳踝後處於極大的痛苦之中，必須被抬離球場。</div><div class=""entry-explanation"">名詞「極大的痛苦」。常用片語：be in agony (處於極大痛苦之中)。</div></div></div><div class=""entry""><div class=""sentence-row""><div class=""sentence"">Waiting for the exam results to be announced was pure <span class=""target-word"">agony</span> for the students who had studied tirelessly for months.</div><button class=""tts-button"" data-tts=""Waiting for the exam results to be announced was pure agony for the students who had studied tirelessly for months."" onclick=""window.playTTS(this.getAttribute('data-tts'))""><svg viewBox=""0 0 24 24"" fill=""none"" stroke=""currentColor"" stroke-width=""2""><polygon points=""5 3 19 12 5 21 5 3""></polygon></svg></button></div><div class=""meta-section""><div class=""translation"">對於那些努力學習了數月的學生來說，等待考試結果公布簡直是極大的折磨。</div><div class=""entry-explanation"">名詞「極大的痛苦」。此處指心理上的極度焦慮和折磨。</div></div></div><div class=""entry""><div class=""sentence-row""><div class=""sentence"">She cried in <span class=""target-word"">agony</span> when she realized that her favorite childhood toy had been permanently lost during the move.</div><button class=""tts-button"" data-tts=""She cried in agony when she realized that her favorite childhood toy had been permanently lost during the move."" onclick=""window.playTTS(this.getAttribute('data-tts'))""><svg viewBox=""0 0 24 24"" fill=""none"" stroke=""currentColor"" stroke-width=""2""><polygon points=""5 3 19 12 5 21 5 3""></polygon></svg></button></div><div class=""meta-section""><div class=""translation"">當她意識到她最喜歡的童年玩具在搬家過程中永久丟失時，她痛苦地哭泣。</div><div class=""entry-explanation"">名詞「極大的痛苦」。指情緒上的劇烈痛苦。</div></div></div></div></div>"
agricultural	"<div class=""anki-card-content""><div class=""general-explanation"">形容詞「農業的」。常用於描述與耕種、農產或農村相關的事物。常用搭配 agricultural products (農產品), agricultural land (農地)。</div><div class=""entries-container""><div class=""entry""><div class=""sentence-row""><div class=""sentence"">The government is providing subsidies to help farmers upgrade their <span class=""target-word"">agricultural</span> <span class=""collocation"">technology</span> to increase crop yields and reduce labor.</div><button class=""tts-button"" data-tts=""The government is providing subsidies to help farmers upgrade their agricultural technology to increase crop yields and reduce labor."" onclick=""window.playTTS(this.getAttribute('data-tts'))""><svg viewBox=""0 0 24 24"" fill=""none"" stroke=""currentColor"" stroke-width=""2""><polygon points=""5 3 19 12 5 21 5 3""></polygon></svg></button></div><div class=""meta-section""><div class=""translation"">政府正提供補貼以幫助農民升級他們的農業技術，以增加作物產量並減少人力。</div><div class=""entry-explanation"">形容詞「農業的」。常用搭配：agricultural technology (農業技術)。</div></div></div><div class=""entry""><div class=""sentence-row""><div class=""sentence"">Many students in rural areas are studying <span class=""target-word"">agricultural</span> <span class=""collocation"">science</span> to learn how to grow healthier and more sustainable crops.</div><button class=""tts-button"" data-tts=""Many students in rural areas are studying agricultural science to learn how to grow healthier and more sustainable crops."" onclick=""window.playTTS(this.getAttribute('data-tts'))""><svg viewBox=""0 0 24 24"" fill=""none"" stroke=""currentColor"" stroke-width=""2""><polygon points=""5 3 19 12 5 21 5 3""></polygon></svg></button></div><div class=""meta-section""><div class=""translation"">許多農村地區的學生正在學習農業科學，以學習如何種植更健康且更永續的作物。</div><div class=""entry-explanation"">形容詞「農業的」。常用搭配：agricultural science (農業科學)。</div></div></div><div class=""entry""><div class=""sentence-row""><div class=""sentence"">The city's economy used to rely heavily on <span class=""target-word"">agricultural</span> <span class=""collocation"">products</span>, but it has now shifted toward industrial development.</div><button class=""tts-button"" data-tts=""The city&#x27;s economy used to rely heavily on agricultural products, but it has now shifted toward industrial development."" onclick=""window.playTTS(this.getAttribute('data-tts'))""><svg viewBox=""0 0 24 24"" fill=""none"" stroke=""currentColor"" stroke-width=""2""><polygon points=""5 3 19 12 5 21 5 3""></polygon></svg></button></div><div class=""meta-section""><div class=""translation"">這個城市的經濟過去嚴重依賴農產品，但現在已轉向工業發展。</div><div class=""entry-explanation"">形容詞「農業的」。常用搭配：agricultural products (農產品)。</div></div></div></div><div class=""related-forms""><span class=""label"">Related:</span> agriculture</div></div>"
aisle	"<div class=""anki-card-content""><div class=""general-explanation"">名詞「走道」。常用於飛機、電影院、超市或教堂中兩排座位或貨架之間的通道。注意與 island (島嶼) 的發音區別，aisle 的 s 不發音。</div><div class=""entries-container""><div class=""entry""><div class=""sentence-row""><div class=""sentence"">The flight attendant asked the passengers to keep the <span class=""target-word"">aisle</span> clear of luggage to ensure a safe and quick evacuation if needed.</div><button class=""tts-button"" data-tts=""The flight attendant asked the passengers to keep the aisle clear of luggage to ensure a safe and quick evacuation if needed."" onclick=""window.playTTS(this.getAttribute('data-tts'))""><svg viewBox=""0 0 24 24"" fill=""none"" stroke=""currentColor"" stroke-width=""2""><polygon points=""5 3 19 12 5 21 5 3""></polygon></svg></button></div><div class=""meta-section""><div class=""translation"">空服員要求乘客不要在走道上放置行李，以確保在需要時能安全且快速地撤離。</div><div class=""entry-explanation"">名詞「走道」。指飛機艙內的走道。</div></div></div><div class=""entry""><div class=""sentence-row""><div class=""sentence"">I spent twenty minutes searching for the organic honey in the supermarket <span class=""target-word"">aisle</span>, but I finally found it near the baking supplies.</div><button class=""tts-button"" data-tts=""I spent twenty minutes searching for the organic honey in the supermarket aisle, but I finally found it near the baking supplies."" onclick=""window.playTTS(this.getAttribute('data-tts'))""><svg viewBox=""0 0 24 24"" fill=""none"" stroke=""currentColor"" stroke-width=""2""><polygon points=""5 3 19 12 5 21 5 3""></polygon></svg></button></div><div class=""meta-section""><div class=""translation"">我在超市的走道中花了二十分鐘尋找有機蜂蜜，但最後在烘焙用品區附近找到了。</div><div class=""entry-explanation"">名詞「走道」。指超市貨架間的通道。</div></div></div><div class=""entry""><div class=""sentence-row""><div class=""sentence"">The bride walked slowly down the <span class=""target-word"">aisle</span> on her father's arm, while the guests watched her with admiration and joy.</div><button class=""tts-button"" data-tts=""The bride walked slowly down the aisle on her father&#x27;s arm, while the guests watched her with admiration and joy."" onclick=""window.playTTS(this.getAttribute('data-tts'))""><svg viewBox=""0 0 24 24"" fill=""none"" stroke=""currentColor"" stroke-width=""2""><polygon points=""5 3 19 12 5 21 5 3""></polygon></svg></button></div><div class=""meta-section""><div class=""translation"">新娘在父親的陪伴下緩緩走過走道，賓客們則帶著讚賞與喜悅地看著她。</div><div class=""entry-explanation"">名詞「走道」。指教堂或婚禮現場的中央通道。</div></div></div></div><div class=""related-forms""><span class=""label"">Related:</span> aisles</div></div>"
alcoholic	"<div class=""anki-card-content""><div class=""general-explanation"">可作為形容詞「酒精的；酗酒的」或名詞「酗酒者」。形容詞用法常指飲料中含有酒精，而名詞用法則指對酒精有依賴的人。注意與 alcohol (酒精) 的區別。</div><div class=""entries-container""><div class=""entry""><div class=""sentence-row""><div class=""sentence"">Many countries have strict laws to prevent the sale of <span class=""target-word"">alcoholic</span> beverages to minors to protect their health and development.</div><button class=""tts-button"" data-tts=""Many countries have strict laws to prevent the sale of alcoholic beverages to minors to protect their health and development."" onclick=""window.playTTS(this.getAttribute('data-tts'))""><svg viewBox=""0 0 24 24"" fill=""none"" stroke=""currentColor"" stroke-width=""2""><polygon points=""5 3 19 12 5 21 5 3""></polygon></svg></button></div><div class=""meta-section""><div class=""translation"">許多國家有嚴格的法律防止將酒精飲料出售給未成年人，以保護他們的健康和發育。</div><div class=""entry-explanation"">形容詞「酒精的」。常用搭配：alcoholic beverages (酒精飲料)。</div></div></div><div class=""entry""><div class=""sentence-row""><div class=""sentence"">The doctor advised the patient to avoid <span class=""target-word"">alcoholic</span> drinks while taking this medication to prevent dangerous side effects.</div><button class=""tts-button"" data-tts=""The doctor advised the patient to avoid alcoholic drinks while taking this medication to prevent dangerous side effects."" onclick=""window.playTTS(this.getAttribute('data-tts'))""><svg viewBox=""0 0 24 24"" fill=""none"" stroke=""currentColor"" stroke-width=""2""><polygon points=""5 3 19 12 5 21 5 3""></polygon></svg></button></div><div class=""meta-section""><div class=""translation"">醫生建議患者在服用此藥物時避免飲用酒精飲料，以防止危險的副作用。</div><div class=""entry-explanation"">形容詞「酒精的」。</div></div></div><div class=""entry""><div class=""sentence-row""><div class=""sentence"">After struggling with addiction for years, he finally decided to seek professional help to recover from being an <span class=""target-word"">alcoholic</span>.</div><button class=""tts-button"" data-tts=""After struggling with addiction for years, he finally decided to seek professional help to recover from being an alcoholic."" onclick=""window.playTTS(this.getAttribute('data-tts'))""><svg viewBox=""0 0 24 24"" fill=""none"" stroke=""currentColor"" stroke-width=""2""><polygon points=""5 3 19 12 5 21 5 3""></polygon></svg></button></div><div class=""meta-section""><div class=""translation"">經過多年的成癮掙扎，他終於決定尋求專業幫助，從酗酒者的狀態中恢復。</div><div class=""entry-explanation"">名詞「酗酒者」。指對酒精有依賴的人。</div></div></div></div><div class=""related-forms""><span class=""label"">Related:</span> alcohol, alcoholism</div></div>"
alien	"<div class=""anki-card-content""><div class=""general-explanation"">形容詞「外來的；陌生的」或名詞「外星人；外國人」。在法律語境中常用於指非本國公民。注意其形容詞用法在 GSAT 中較少見，名詞用法更為常見。</div><div class=""entries-container""><div class=""entry""><div class=""sentence-row""><div class=""sentence"">The movie tells a story about an <span class=""target-word"">alien</span> from a distant galaxy who lands on Earth and tries to communicate with humans.</div><button class=""tts-button"" data-tts=""The movie tells a story about an alien from a distant galaxy who lands on Earth and tries to communicate with humans."" onclick=""window.playTTS(this.getAttribute('data-tts'))""><svg viewBox=""0 0 24 24"" fill=""none"" stroke=""currentColor"" stroke-width=""2""><polygon points=""5 3 19 12 5 21 5 3""></polygon></svg></button></div><div class=""meta-section""><div class=""translation"">這部電影講述了一個來自遙遠星系的外星人降落在地球並試圖與人類交流的故事。</div><div class=""entry-explanation"">名詞「外星人」。</div></div></div><div class=""entry""><div class=""sentence-row""><div class=""sentence"">The government provides specific legal services to help <span class=""target-word"">alien</span> residents apply for permanent residency or work permits in the country.</div><button class=""tts-button"" data-tts=""The government provides specific legal services to help alien residents apply for permanent residency or work permits in the country."" onclick=""window.playTTS(this.getAttribute('data-tts'))""><svg viewBox=""0 0 24 24"" fill=""none"" stroke=""currentColor"" stroke-width=""2""><polygon points=""5 3 19 12 5 21 5 3""></polygon></svg></button></div><div class=""meta-section""><div class=""translation"">政府提供特定的法律服務，以幫助外國居民申請該國的永久居留權或工作許可證。</div><div class=""entry-explanation"">名詞「外國人」。在法律或行政文件中常用於指非本國公民。</div></div></div><div class=""entry""><div class=""sentence-row""><div class=""sentence"">Entering the new city felt like visiting an <span class=""target-word"">alien</span> world because the architecture and customs were completely different from his hometown.</div><button class=""tts-button"" data-tts=""Entering the new city felt like visiting an alien world because the architecture and customs were completely different from his hometown."" onclick=""window.playTTS(this.getAttribute('data-tts'))""><svg viewBox=""0 0 24 24"" fill=""none"" stroke=""currentColor"" stroke-width=""2""><polygon points=""5 3 19 12 5 21 5 3""></polygon></svg></button></div><div class=""meta-section""><div class=""translation"">進入這座新城市感覺就像訪問一個陌生的世界，因為這裡的建築和習俗與他的家鄉完全不同。</div><div class=""entry-explanation"">形容詞「外來的；陌生的」。指不熟悉或完全不同的事物。</div></div></div></div></div>"
allergic	"<div class=""anki-card-content""><div class=""general-explanation"">形容詞「過敏的」。常用搭配 be allergic to (對...過敏)。注意與名詞 allergy 的區別，allergic 是描述狀態的形容詞。</div><div class=""entries-container""><div class=""entry""><div class=""sentence-row""><div class=""sentence"">Since she is severely <span class=""target-word"">allergic</span> <span class=""collocation"">to</span> peanuts, she always checks the ingredients list carefully before buying any packaged snacks.</div><button class=""tts-button"" data-tts=""Since she is severely allergic to peanuts, she always checks the ingredients list carefully before buying any packaged snacks."" onclick=""window.playTTS(this.getAttribute('data-tts'))""><svg viewBox=""0 0 24 24"" fill=""none"" stroke=""currentColor"" stroke-width=""2""><polygon points=""5 3 19 12 5 21 5 3""></polygon></svg></button></div><div class=""meta-section""><div class=""translation"">由於她對花生嚴重過敏，因此在購買任何包裝零食前都會仔細檢查成分表。</div><div class=""entry-explanation"">形容詞「過敏的」。常用搭配 be allergic to sth。</div></div></div><div class=""entry""><div class=""sentence-row""><div class=""sentence"">Some people become <span class=""target-word"">allergic</span> <span class=""collocation"">to</span> certain types of pollen during the spring, leading to constant sneezing and itchy eyes.</div><button class=""tts-button"" data-tts=""Some people become allergic to certain types of pollen during the spring, leading to constant sneezing and itchy eyes."" onclick=""window.playTTS(this.getAttribute('data-tts'))""><svg viewBox=""0 0 24 24"" fill=""none"" stroke=""currentColor"" stroke-width=""2""><polygon points=""5 3 19 12 5 21 5 3""></polygon></svg></button></div><div class=""meta-section""><div class=""translation"">有些人會在春天對某些類型的花粉產生過敏反應，導致不斷打噴嚏和眼睛發癢。</div><div class=""entry-explanation"">形容詞「過敏的」。</div></div></div></div><div class=""related-forms""><span class=""label"">Related:</span> allergy</div></div>"
allergy	"<div class=""anki-card-content""><div class=""general-explanation"">名詞「過敏」。指身體對某些物質產生的異常反應。常用搭配 have an allergy to (對...過敏)。</div><div class=""entries-container""><div class=""entry""><div class=""sentence-row""><div class=""sentence"">The patient told the nurse that he had a severe <span class=""target-word"">allergy</span> <span class=""collocation"">to</span> penicillin, so the doctor had to change the medication.</div><button class=""tts-button"" data-tts=""The patient told the nurse that he had a severe allergy to penicillin, so the doctor had to change the medication."" onclick=""window.playTTS(this.getAttribute('data-tts'))""><svg viewBox=""0 0 24 24"" fill=""none"" stroke=""currentColor"" stroke-width=""2""><polygon points=""5 3 19 12 5 21 5 3""></polygon></svg></button></div><div class=""meta-section""><div class=""translation"">患者告訴護士他對盤尼西林嚴重過敏，所以醫生不得不更改藥物。</div><div class=""entry-explanation"">名詞「過敏」。常用搭配 have an allergy to sth。</div></div></div><div class=""entry""><div class=""sentence-row""><div class=""sentence"">Food <span class=""target-word"">allergies</span> have become more common in recent years, making it necessary for restaurants to clearly label all potential allergens.</div><button class=""tts-button"" data-tts=""Food allergies have become more common in recent years, making it necessary for restaurants to clearly label all potential allergens."" onclick=""window.playTTS(this.getAttribute('data-tts'))""><svg viewBox=""0 0 24 24"" fill=""none"" stroke=""currentColor"" stroke-width=""2""><polygon points=""5 3 19 12 5 21 5 3""></polygon></svg></button></div><div class=""meta-section""><div class=""translation"">食物過敏在近年來變得更加普遍，使得餐廳有必要清晰地標記所有潛在的過敏原。</div><div class=""entry-explanation"">名詞「過敏」。複數形式 allergies。</div></div></div></div><div class=""related-forms""><span class=""label"">Related:</span> allergic</div></div>"
alliance	"<div class=""anki-card-content""><div class=""general-explanation"">名詞「聯盟；同盟」。指兩個或多個國家、組織或個人為了共同目標而建立的合作關係。常用搭配 form an alliance (結盟)。</div><div class=""entries-container""><div class=""entry""><div class=""sentence-row""><div class=""sentence"">The two neighboring countries decided to <span class=""collocation"">form</span> an <span class=""target-word"">alliance</span> to protect their shared borders from external threats and invasions.</div><button class=""tts-button"" data-tts=""The two neighboring countries decided to form an alliance to protect their shared borders from external threats and invasions."" onclick=""window.playTTS(this.getAttribute('data-tts'))""><svg viewBox=""0 0 24 24"" fill=""none"" stroke=""currentColor"" stroke-width=""2""><polygon points=""5 3 19 12 5 21 5 3""></polygon></svg></button></div><div class=""meta-section""><div class=""translation"">兩個鄰國決定結盟，以保護他們的共同邊界免受外部威脅和入侵。</div><div class=""entry-explanation"">名詞「聯盟」。片語 form an alliance 表示「結盟」。</div></div></div><div class=""entry""><div class=""sentence-row""><div class=""sentence"">The small business owners created a strategic <span class=""target-word"">alliance</span> to compete with larger corporations by sharing resources and marketing strategies.</div><button class=""tts-button"" data-tts=""The small business owners created a strategic alliance to compete with larger corporations by sharing resources and marketing strategies."" onclick=""window.playTTS(this.getAttribute('data-tts'))""><svg viewBox=""0 0 24 24"" fill=""none"" stroke=""currentColor"" stroke-width=""2""><polygon points=""5 3 19 12 5 21 5 3""></polygon></svg></button></div><div class=""meta-section""><div class=""translation"">小企業主們建立了一個戰略聯盟，通過分享資源和營銷策略來與大型公司競爭。</div><div class=""entry-explanation"">名詞「聯盟」。指組織間的合作關係。</div></div></div></div><div class=""related-forms""><span class=""label"">Related:</span> ally</div></div>"
allocate	"<div class=""anki-card-content""><div class=""general-explanation"">動詞「分配；撥款」。常用於指將時間、金錢或資源分配給特定的用途或對象。常用搭配 allocate sth to sth/sb.</div><div class=""entries-container""><div class=""entry""><div class=""sentence-row""><div class=""sentence"">The city council decided to <span class=""target-word"">allocate</span> more funds <span class=""collocation"">to</span> the renovation of public parks to improve the living environment for residents.</div><button class=""tts-button"" data-tts=""The city council decided to allocate more funds to the renovation of public parks to improve the living environment for residents."" onclick=""window.playTTS(this.getAttribute('data-tts'))""><svg viewBox=""0 0 24 24"" fill=""none"" stroke=""currentColor"" stroke-width=""2""><polygon points=""5 3 19 12 5 21 5 3""></polygon></svg></button></div><div class=""meta-section""><div class=""translation"">市議會決定撥款更多資金用於公共公園的翻新，以改善居民的居住環境。</div><div class=""entry-explanation"">動詞「撥款；分配」。常用搭配 allocate funds to sth。</div></div></div><div class=""entry""><div class=""sentence-row""><div class=""sentence"">Students are advised to <span class=""target-word"">allocate</span> their study time <span class=""collocation"">wisely</span> among different subjects to ensure they are well-prepared for the final exams.</div><button class=""tts-button"" data-tts=""Students are advised to allocate their study time wisely among different subjects to ensure they are well-prepared for the final exams."" onclick=""window.playTTS(this.getAttribute('data-tts'))""><svg viewBox=""0 0 24 24"" fill=""none"" stroke=""currentColor"" stroke-width=""2""><polygon points=""5 3 19 12 5 21 5 3""></polygon></svg></button></div><div class=""meta-section""><div class=""translation"">建議學生明智地分配學習時間到不同科目中，以確保他們為期末考做好充分準備。</div><div class=""entry-explanation"">動詞「分配」。指時間或資源的合理分佈。</div></div></div></div><div class=""related-forms""><span class=""label"">Related:</span> allocation</div></div>"
ally	"<div class=""anki-card-content""><div class=""general-explanation"">名詞「盟友」或動詞「結盟」。名詞用法指在戰爭或政治中支持彼此的人或國家；動詞用法則指與他人合作。常用搭配 ally with sb/sth.</div><div class=""entries-container""><div class=""entry""><div class=""sentence-row""><div class=""sentence"">During the war, the country relied heavily on its strong <span class=""target-word"">allies</span> for military support and strategic intelligence to defeat the enemy.</div><button class=""tts-button"" data-tts=""During the war, the country relied heavily on its strong allies for military support and strategic intelligence to defeat the enemy."" onclick=""window.playTTS(this.getAttribute('data-tts'))""><svg viewBox=""0 0 24 24"" fill=""none"" stroke=""currentColor"" stroke-width=""2""><polygon points=""5 3 19 12 5 21 5 3""></polygon></svg></button></div><div class=""meta-section""><div class=""translation"">戰爭期間，該國嚴重依賴其強大的盟友提供軍事支持和戰略情報以擊敗敵人。</div><div class=""entry-explanation"">名詞「盟友」。複數形式 allies。</div></div></div><div class=""entry""><div class=""sentence-row""><div class=""sentence"">To increase their market share, the small tech startup decided to <span class=""target-word"">ally</span> <span class=""collocation"">itself with</span> a global electronics giant.</div><button class=""tts-button"" data-tts=""To increase their market share, the small tech startup decided to ally itself with a global electronics giant."" onclick=""window.playTTS(this.getAttribute('data-tts'))""><svg viewBox=""0 0 24 24"" fill=""none"" stroke=""currentColor"" stroke-width=""2""><polygon points=""5 3 19 12 5 21 5 3""></polygon></svg></button></div><div class=""meta-section""><div class=""translation"">為了增加市場份額，這家小型科技初創公司決定與一家全球電子巨頭結盟。</div><div class=""entry-explanation"">動詞「結盟」。常用搭配 ally oneself with sb/sth。</div></div></div></div><div class=""related-forms""><span class=""label"">Related:</span> alliance</div></div>"
alongside	"<div class=""anki-card-content""><div class=""general-explanation"">可作為介系詞「在...旁邊」或副詞「在旁邊；同時」。常用於描述物理位置或兩件事物同時發生、並行。</div><div class=""entries-container""><div class=""entry""><div class=""sentence-row""><div class=""sentence"">The new bicycle path was built <span class=""target-word"">alongside</span> the river, providing a beautiful scenic route for people to exercise and relax.</div><button class=""tts-button"" data-tts=""The new bicycle path was built alongside the river, providing a beautiful scenic route for people to exercise and relax."" onclick=""window.playTTS(this.getAttribute('data-tts'))""><svg viewBox=""0 0 24 24"" fill=""none"" stroke=""currentColor"" stroke-width=""2""><polygon points=""5 3 19 12 5 21 5 3""></polygon></svg></button></div><div class=""meta-section""><div class=""translation"">新的自行車道被建在河邊，為人們運動和放鬆提供了一條美麗的風景路線。</div><div class=""entry-explanation"">介系詞「在...旁邊」。指物理位置的相鄰。</div></div></div><div class=""entry""><div class=""sentence-row""><div class=""sentence"">The experienced professor worked <span class=""target-word"">alongside</span> the young researchers to complete the project, combining theoretical knowledge with new ideas.</div><button class=""tts-button"" data-tts=""The experienced professor worked alongside the young researchers to complete the project, combining theoretical knowledge with new ideas."" onclick=""window.playTTS(this.getAttribute('data-tts'))""><svg viewBox=""0 0 24 24"" fill=""none"" stroke=""currentColor"" stroke-width=""2""><polygon points=""5 3 19 12 5 21 5 3""></polygon></svg></button></div><div class=""meta-section""><div class=""translation"">經驗豐富的教授與年輕研究員一起工作，以完成該計畫，將理論知識與新想法結合。</div><div class=""entry-explanation"">介系詞「與...一起」。指共同工作或合作。</div></div></div><div class=""entry""><div class=""sentence-row""><div class=""sentence"">The government introduced new laws <span class=""target-word"">alongside</span> a series of educational campaigns to reduce the rate of plastic pollution.</div><button class=""tts-button"" data-tts=""The government introduced new laws alongside a series of educational campaigns to reduce the rate of plastic pollution."" onclick=""window.playTTS(this.getAttribute('data-tts'))""><svg viewBox=""0 0 24 24"" fill=""none"" stroke=""currentColor"" stroke-width=""2""><polygon points=""5 3 19 12 5 21 5 3""></polygon></svg></button></div><div class=""meta-section""><div class=""translation"">政府在推出新法律的同時，也採取了一系列的教育宣傳活動，以降低塑料污染率。</div><div class=""entry-explanation"">副詞「同時」。指兩件事物並行發生。</div></div></div></div></div>"
alter	"<div class=""anki-card-content""><div class=""general-explanation"">動詞「改變；修改」。指對某物進行小幅度的調整以使其更適合或更好。注意與 change 的區別：alter 通常指局部修改而保留原貌，而 change 可能是徹底地改變。常用搭配 alter the course of (改變...的進程)。</div><div class=""entries-container""><div class=""entry""><div class=""sentence-row""><div class=""sentence"">The tailor had to <span class=""target-word"">alter</span> the wedding dress to fit the bride perfectly, as the original size was slightly too large.</div><button class=""tts-button"" data-tts=""The tailor had to alter the wedding dress to fit the bride perfectly, as the original size was slightly too large."" onclick=""window.playTTS(this.getAttribute('data-tts'))""><svg viewBox=""0 0 24 24"" fill=""none"" stroke=""currentColor"" stroke-width=""2""><polygon points=""5 3 19 12 5 21 5 3""></polygon></svg></button></div><div class=""meta-section""><div class=""translation"">裁縫必須修改婚紗以使其完美契合新娘，因為原本的尺寸稍微太大了。</div><div class=""entry-explanation"">動詞「修改」。指對衣服尺寸的調整。</div></div></div><div class=""entry""><div class=""sentence-row""><div class=""sentence"">The unexpected discovery of a new fossil may <span class=""target-word"">alter</span> the way scientists understand the evolution of early mammals.</div><button class=""tts-button"" data-tts=""The unexpected discovery of a new fossil may alter the way scientists understand the evolution of early mammals."" onclick=""window.playTTS(this.getAttribute('data-tts'))""><svg viewBox=""0 0 24 24"" fill=""none"" stroke=""currentColor"" stroke-width=""2""><polygon points=""5 3 19 12 5 21 5 3""></polygon></svg></button></div><div class=""meta-section""><div class=""translation"">發現一件新的化石可能會改變科學家對早期哺乳動物演化的理解方式。</div><div class=""entry-explanation"">動詞「改變」。指對觀念或計畫的修改。</div></div></div><div class=""entry""><div class=""sentence-row""><div class=""sentence"">Severe climate change has <span class=""target-word"">altered</span> the natural habitats of many animals, forcing them to migrate to colder regions to survive.</div><button class=""tts-button"" data-tts=""Severe climate change has altered the natural habitats of many animals, forcing them to migrate to colder regions to survive."" onclick=""window.playTTS(this.getAttribute('data-tts'))""><svg viewBox=""0 0 24 24"" fill=""none"" stroke=""currentColor"" stroke-width=""2""><polygon points=""5 3 19 12 5 21 5 3""></polygon></svg></button></div><div class=""meta-section""><div class=""translation"">嚴重的氣候變遷已改變了許多動物的自然棲息地，迫使它們遷移到較冷地區以生存。</div><div class=""entry-explanation"">動詞「改變」。此處為過去分詞 altered。</div></div></div></div><div class=""related-forms""><span class=""label"">Related:</span> alteration, unaltered</div></div>"
alternate	"<div class=""anki-card-content""><div class=""general-explanation"">形容詞「交替的、輪流的」；動詞「輪流、交替」；名詞「替代者」。注意形容詞用法時常指兩種事物交替出現，而替代方案通常使用 alternative。</div><div class=""entries-container""><div class=""entry""><div class=""sentence-row""><div class=""sentence"">The athlete decided to <span class=""target-word"">alternate</span> <span class=""collocation"">between</span> high-intensity training and light stretching to prevent injury and recover faster.</div><button class=""tts-button"" data-tts=""The athlete decided to alternate between high-intensity training and light stretching to prevent injury and recover faster."" onclick=""window.playTTS(this.getAttribute('data-tts'))""><svg viewBox=""0 0 24 24"" fill=""none"" stroke=""currentColor"" stroke-width=""2""><polygon points=""5 3 19 12 5 21 5 3""></polygon></svg></button></div><div class=""meta-section""><div class=""translation"">這位運動員決定在高強度訓練和輕度拉伸之間交替進行，以防止受傷並更快恢復。</div><div class=""entry-explanation"">動詞「交替」。常用搭配 alternate between A and B。</div></div></div><div class=""entry""><div class=""sentence-row""><div class=""sentence"">The dress had an <span class=""target-word"">alternate</span> <span class=""collocation"">pattern of</span> red and white stripes, creating a bold and eye-catching appearance.</div><button class=""tts-button"" data-tts=""The dress had an alternate pattern of red and white stripes, creating a bold and eye-catching appearance."" onclick=""window.playTTS(this.getAttribute('data-tts'))""><svg viewBox=""0 0 24 24"" fill=""none"" stroke=""currentColor"" stroke-width=""2""><polygon points=""5 3 19 12 5 21 5 3""></polygon></svg></button></div><div class=""meta-section""><div class=""translation"">這件衣服有紅白相間的交替條紋圖案，營造出一種大膽且引人注目的外觀。</div><div class=""entry-explanation"">形容詞「交替的」。指兩種顏色或圖案輪流出現。</div></div></div><div class=""entry""><div class=""sentence-row""><div class=""sentence"">Since the main speaker was unable to attend the conference, the committee appointed an <span class=""target-word"">alternate</span> to deliver the presentation instead.</div><button class=""tts-button"" data-tts=""Since the main speaker was unable to attend the conference, the committee appointed an alternate to deliver the presentation instead."" onclick=""window.playTTS(this.getAttribute('data-tts'))""><svg viewBox=""0 0 24 24"" fill=""none"" stroke=""currentColor"" stroke-width=""2""><polygon points=""5 3 19 12 5 21 5 3""></polygon></svg></button></div><div class=""meta-section""><div class=""translation"">由於主講人無法出席會議，委員會指派了一名替代者來代替他進行簡報。</div><div class=""entry-explanation"">名詞「替代者」。指在原定人員不能出席時接替的人。</div></div></div></div><div class=""related-forms""><span class=""label"">Related:</span> alternately, alternation</div></div>"
amend	"<div class=""anki-card-content""><div class=""general-explanation"">動詞「修改、修正」。通常用於正式文件、法律、條款或議案的修改。注意與 modify (修改) 的區別：amend 側重於為了使之更正確、更公平或更完善而進行的正式修改。</div><div class=""entries-container""><div class=""entry""><div class=""sentence-row""><div class=""sentence"">The school board decided to <span class=""target-word"">amend</span> the student handbook to include new rules regarding the use of smartphones in class.</div><button class=""tts-button"" data-tts=""The school board decided to amend the student handbook to include new rules regarding the use of smartphones in class."" onclick=""window.playTTS(this.getAttribute('data-tts'))""><svg viewBox=""0 0 24 24"" fill=""none"" stroke=""currentColor"" stroke-width=""2""><polygon points=""5 3 19 12 5 21 5 3""></polygon></svg></button></div><div class=""meta-section""><div class=""translation"">學校董事會決定修改學生手冊，以將關於在課堂上使用智慧型手機的新規定納入其中。</div><div class=""entry-explanation"">動詞「修改」。指對正式文件的修正。</div></div></div><div class=""entry""><div class=""sentence-row""><div class=""sentence"">The government is planning to <span class=""target-word"">amend</span> the current tax laws to provide more support for low-income families across the country.</div><button class=""tts-button"" data-tts=""The government is planning to amend the current tax laws to provide more support for low-income families across the country."" onclick=""window.playTTS(this.getAttribute('data-tts'))""><svg viewBox=""0 0 24 24"" fill=""none"" stroke=""currentColor"" stroke-width=""2""><polygon points=""5 3 19 12 5 21 5 3""></polygon></svg></button></div><div class=""meta-section""><div class=""translation"">政府計畫修改現行的稅法，以為全國低收入家庭提供更多支持。</div><div class=""entry-explanation"">動詞「修正」。指對法律條文的更改。</div></div></div><div class=""entry""><div class=""sentence-row""><div class=""sentence"">After receiving feedback from the professor, the student had to <span class=""target-word"">amend</span> his research paper to correct several factual errors.</div><button class=""tts-button"" data-tts=""After receiving feedback from the professor, the student had to amend his research paper to correct several factual errors."" onclick=""window.playTTS(this.getAttribute('data-tts'))""><svg viewBox=""0 0 24 24"" fill=""none"" stroke=""currentColor"" stroke-width=""2""><polygon points=""5 3 19 12 5 21 5 3""></polygon></svg></button></div><div class=""meta-section""><div class=""translation"">在收到教授的反饋後，學生必須修改他的研究論文以糾正幾處事實錯誤。</div><div class=""entry-explanation"">動詞「修正」。指為了使其更準確而進行的修改。</div></div></div></div><div class=""related-forms""><span class=""label"">Related:</span> amendment</div></div>"
ample	"<div class=""anki-card-content""><div class=""general-explanation"">形容詞「充足的、寬敞的」。常用於描述空間、時間或數量足夠，甚至超出需求。</div><div class=""entries-container""><div class=""entry""><div class=""sentence-row""><div class=""sentence"">There was <span class=""target-word"">ample</span> <span class=""collocation"">opportunity for</span> the students to ask questions after the guest speaker finished the presentation.</div><button class=""tts-button"" data-tts=""There was ample opportunity for the students to ask questions after the guest speaker finished the presentation."" onclick=""window.playTTS(this.getAttribute('data-tts'))""><svg viewBox=""0 0 24 24"" fill=""none"" stroke=""currentColor"" stroke-width=""2""><polygon points=""5 3 19 12 5 21 5 3""></polygon></svg></button></div><div class=""meta-section""><div class=""translation"">在客座講師完成簡報後，學生有充足的機會提問。</div><div class=""entry-explanation"">形容詞「充足的」。常用搭配 ample opportunity for sth。</div></div></div><div class=""entry""><div class=""sentence-row""><div class=""sentence"">The new library provides <span class=""target-word"">ample</span> <span class=""collocation"">space for</span> students to study quietly and access a wide variety of digital resources.</div><button class=""tts-button"" data-tts=""The new library provides ample space for students to study quietly and access a wide variety of digital resources."" onclick=""window.playTTS(this.getAttribute('data-tts'))""><svg viewBox=""0 0 24 24"" fill=""none"" stroke=""currentColor"" stroke-width=""2""><polygon points=""5 3 19 12 5 21 5 3""></polygon></svg></button></div><div class=""meta-section""><div class=""translation"">新圖書館為學生提供了寬敞的空間，以便安靜地學習並獲取各種數位資源。</div><div class=""entry-explanation"">形容詞「寬敞的」。指空間足夠。</div></div></div><div class=""entry""><div class=""sentence-row""><div class=""sentence"">Since the exam is not until next month, you should have <span class=""target-word"">ample</span> <span class=""collocation"">time to</span> review all the key concepts and practice problems.</div><button class=""tts-button"" data-tts=""Since the exam is not until next month, you should have ample time to review all the key concepts and practice problems."" onclick=""window.playTTS(this.getAttribute('data-tts'))""><svg viewBox=""0 0 24 24"" fill=""none"" stroke=""currentColor"" stroke-width=""2""><polygon points=""5 3 19 12 5 21 5 3""></polygon></svg></button></div><div class=""meta-section""><div class=""translation"">由於考試要到下個月才舉行，你應該有充足的時間來複習所有關鍵概念和練習題。</div><div class=""entry-explanation"">形容詞「充足的」。常用搭配 ample time to V。</div></div></div></div><div class=""related-forms""><span class=""label"">Related:</span> amply</div></div>"
analyst	"<div class=""anki-card-content""><div class=""general-explanation"">名詞「分析師」。指專門從事數據、財務或系統分析的專業人士。常用搭配：financial analyst (財務分析師), data analyst (數據分析師)。</div><div class=""entries-container""><div class=""entry""><div class=""sentence-row""><div class=""sentence"">The company hired a professional <span class=""target-word"">analyst</span> to examine the market trends and help them develop a more effective marketing strategy.</div><button class=""tts-button"" data-tts=""The company hired a professional analyst to examine the market trends and help them develop a more effective marketing strategy."" onclick=""window.playTTS(this.getAttribute('data-tts'))""><svg viewBox=""0 0 24 24"" fill=""none"" stroke=""currentColor"" stroke-width=""2""><polygon points=""5 3 19 12 5 21 5 3""></polygon></svg></button></div><div class=""meta-section""><div class=""translation"">公司聘請了一名專業分析師來研究市場趨勢，並幫助他們制定更有效的行銷策略。</div><div class=""entry-explanation"">名詞「分析師」。指透過分析數據來提供建議的專家。</div></div></div><div class=""entry""><div class=""sentence-row""><div class=""sentence"">As a financial <span class=""target-word"">analyst</span>, she spends most of her day studying stock market fluctuations and predicting future investment risks.</div><button class=""tts-button"" data-tts=""As a financial analyst, she spends most of her day studying stock market fluctuations and predicting future investment risks."" onclick=""window.playTTS(this.getAttribute('data-tts'))""><svg viewBox=""0 0 24 24"" fill=""none"" stroke=""currentColor"" stroke-width=""2""><polygon points=""5 3 19 12 5 21 5 3""></polygon></svg></button></div><div class=""meta-section""><div class=""translation"">作為一名財務分析師，她大部分的時間都在研究股市波動並預測未來的投資風險。</div><div class=""entry-explanation"">名詞「分析師」。常用搭配 financial analyst。</div></div></div><div class=""entry""><div class=""sentence-row""><div class=""sentence"">The data <span class=""target-word"">analyst</span> used a complex software program to organize the survey results and identify common patterns in consumer behavior.</div><button class=""tts-button"" data-tts=""The data analyst used a complex software program to organize the survey results and identify common patterns in consumer behavior."" onclick=""window.playTTS(this.getAttribute('data-tts'))""><svg viewBox=""0 0 24 24"" fill=""none"" stroke=""currentColor"" stroke-width=""2""><polygon points=""5 3 19 12 5 21 5 3""></polygon></svg></button></div><div class=""meta-section""><div class=""translation"">數據分析師使用複雜的軟體程式來整理調查結果，並找出消費者行為中的共同模式。</div><div class=""entry-explanation"">名詞「分析師」。常用搭配 data analyst。</div></div></div></div><div class=""related-forms""><span class=""label"">Related:</span> analyze, analysis</div></div>"
anonymous	"<div class=""anki-card-content""><div class=""general-explanation"">形容詞「匿名的」。指不透露姓名或身份的。常考搭配：anonymous donor (匿名捐贈者), anonymous letter (匿名信)。</div><div class=""entries-container""><div class=""entry""><div class=""sentence-row""><div class=""sentence"">The local hospital received a generous donation from an <span class=""target-word"">anonymous</span> <span class=""collocation"">donor</span> who wished to remain unknown to the public.</div><button class=""tts-button"" data-tts=""The local hospital received a generous donation from an anonymous donor who wished to remain unknown to the public."" onclick=""window.playTTS(this.getAttribute('data-tts'))""><svg viewBox=""0 0 24 24"" fill=""none"" stroke=""currentColor"" stroke-width=""2""><polygon points=""5 3 19 12 5 21 5 3""></polygon></svg></button></div><div class=""meta-section""><div class=""translation"">當地醫院收到了一位希望對大眾保持匿名的匿名捐贈者的慷慨捐款。</div><div class=""entry-explanation"">形容詞「匿名的」。常用搭配 anonymous donor。</div></div></div><div class=""entry""><div class=""sentence-row""><div class=""sentence"">The school principal received an <span class=""target-word"">anonymous</span> <span class=""collocation"">tip</span> about the planned prank, allowing the teachers to stop it before it happened.</div><button class=""tts-button"" data-tts=""The school principal received an anonymous tip about the planned prank, allowing the teachers to stop it before it happened."" onclick=""window.playTTS(this.getAttribute('data-tts'))""><svg viewBox=""0 0 24 24"" fill=""none"" stroke=""currentColor"" stroke-width=""2""><polygon points=""5 3 19 12 5 21 5 3""></polygon></svg></button></div><div class=""meta-section""><div class=""translation"">校長收到了一則關於計畫中惡作劇的匿名舉報，使老師們能在事件發生前將其阻止。</div><div class=""entry-explanation"">形容詞「匿名的」。常用搭配 anonymous tip。</div></div></div><div class=""entry""><div class=""sentence-row""><div class=""sentence"">Many people prefer to leave <span class=""target-word"">anonymous</span> <span class=""collocation"">comments</span> on social media to avoid being judged by their peers or family members.</div><button class=""tts-button"" data-tts=""Many people prefer to leave anonymous comments on social media to avoid being judged by their peers or family members."" onclick=""window.playTTS(this.getAttribute('data-tts'))""><svg viewBox=""0 0 24 24"" fill=""none"" stroke=""currentColor"" stroke-width=""2""><polygon points=""5 3 19 12 5 21 5 3""></polygon></svg></button></div><div class=""meta-section""><div class=""translation"">許多人更喜歡在社群媒體上留下匿名評論，以避免受到同儕或家人的評判。</div><div class=""entry-explanation"">形容詞「匿名的」。指不透露身份的評論。</div></div></div></div><div class=""related-forms""><span class=""label"">Related:</span> anonymity, anonymously</div></div>"
anticipate	"<div class=""anki-card-content""><div class=""general-explanation"">動詞「預期、預料」。指預先想到某事會發生並提前做好準備。注意與 expect (期望/期待) 的區別：anticipate 更多強調「預見並採取行動」或「預料到將要發生」。</div><div class=""entries-container""><div class=""entry""><div class=""sentence-row""><div class=""sentence"">The event organizers <span class=""target-word"">anticipate</span> <span class=""collocation"">that</span> more than five hundred people will attend the art exhibition this weekend.</div><button class=""tts-button"" data-tts=""The event organizers anticipate that more than five hundred people will attend the art exhibition this weekend."" onclick=""window.playTTS(this.getAttribute('data-tts'))""><svg viewBox=""0 0 24 24"" fill=""none"" stroke=""currentColor"" stroke-width=""2""><polygon points=""5 3 19 12 5 21 5 3""></polygon></svg></button></div><div class=""meta-section""><div class=""translation"">活動主辦方預計本週末將有五百多人參加這次藝術展。</div><div class=""entry-explanation"">動詞「預期」。指根據現有資訊預測未來的情況。</div></div></div><div class=""entry""><div class=""sentence-row""><div class=""sentence"">A good chess player can <span class=""target-word"">anticipate</span> <span class=""collocation"">the opponent's next move</span> and plan their own strategy accordingly to win the game.</div><button class=""tts-button"" data-tts=""A good chess player can anticipate the opponent&#x27;s next move and plan their own strategy accordingly to win the game."" onclick=""window.playTTS(this.getAttribute('data-tts'))""><svg viewBox=""0 0 24 24"" fill=""none"" stroke=""currentColor"" stroke-width=""2""><polygon points=""5 3 19 12 5 21 5 3""></polygon></svg></button></div><div class=""meta-section""><div class=""translation"">一名出色的西洋棋手能預料對手的下一步棋，並據此規劃自己的策略以贏得比賽。</div><div class=""entry-explanation"">動詞「預料」。指預先想到對方的行動。</div></div></div><div class=""entry""><div class=""sentence-row""><div class=""sentence"">The city council is trying to <span class=""target-word"">anticipate</span> <span class=""collocation"">potential problems</span> with the new traffic system before it is officially launched next month.</div><button class=""tts-button"" data-tts=""The city council is trying to anticipate potential problems with the new traffic system before it is officially launched next month."" onclick=""window.playTTS(this.getAttribute('data-tts'))""><svg viewBox=""0 0 24 24"" fill=""none"" stroke=""currentColor"" stroke-width=""2""><polygon points=""5 3 19 12 5 21 5 3""></polygon></svg></button></div><div class=""meta-section""><div class=""translation"">市議會正試圖在下個月正式推出新交通系統之前，預料到可能出現的問題。</div><div class=""entry-explanation"">動詞「預期」。指預先發現並解決潛在問題。</div></div></div></div><div class=""related-forms""><span class=""label"">Related:</span> anticipation, anticipated</div></div>"
antique	"<div class=""anki-card-content""><div class=""general-explanation"">形容詞「古董的、古老的」；名詞「古董」。通常指具有歷史價值且年代久遠的物品。</div><div class=""entries-container""><div class=""entry""><div class=""sentence-row""><div class=""sentence"">My grandmother owns a beautiful <span class=""target-word"">antique</span> <span class=""collocation"">clock</span> that has been passed down through three generations of our family.</div><button class=""tts-button"" data-tts=""My grandmother owns a beautiful antique clock that has been passed down through three generations of our family."" onclick=""window.playTTS(this.getAttribute('data-tts'))""><svg viewBox=""0 0 24 24"" fill=""none"" stroke=""currentColor"" stroke-width=""2""><polygon points=""5 3 19 12 5 21 5 3""></polygon></svg></button></div><div class=""meta-section""><div class=""translation"">我的祖母擁有一座美麗的古董鐘，這座鐘在我們家族中傳承了三代。</div><div class=""entry-explanation"">形容詞「古董的」。指具有歷史價值的古老物品。</div></div></div><div class=""entry""><div class=""sentence-row""><div class=""sentence"">The small town is famous for its <span class=""target-word"">antique</span> <span class=""collocation"">shops</span>, where collectors can find rare furniture and jewelry from the nineteenth century.</div><button class=""tts-button"" data-tts=""The small town is famous for its antique shops, where collectors can find rare furniture and jewelry from the nineteenth century."" onclick=""window.playTTS(this.getAttribute('data-tts'))""><svg viewBox=""0 0 24 24"" fill=""none"" stroke=""currentColor"" stroke-width=""2""><polygon points=""5 3 19 12 5 21 5 3""></polygon></svg></button></div><div class=""meta-section""><div class=""translation"">這個小鎮以其古董店而聞名，收藏家可以在這裡找到十九世紀的稀有家具和珠寶。</div><div class=""entry-explanation"">名詞「古董」。在此作為修飾語，指販賣古董的商店。</div></div></div><div class=""entry""><div class=""sentence-row""><div class=""sentence"">The expert carefully examined the vase to determine if it was a genuine <span class=""target-word"">antique</span> or a modern reproduction made to look old.</div><button class=""tts-button"" data-tts=""The expert carefully examined the vase to determine if it was a genuine antique or a modern reproduction made to look old."" onclick=""window.playTTS(this.getAttribute('data-tts'))""><svg viewBox=""0 0 24 24"" fill=""none"" stroke=""currentColor"" stroke-width=""2""><polygon points=""5 3 19 12 5 21 5 3""></polygon></svg></button></div><div class=""meta-section""><div class=""translation"">專家仔細檢查了這個花瓶，以確定它是真正的古董還是為了看起來像古物而製作的現代複製品。</div><div class=""entry-explanation"">名詞「古董」。指具有年代感的藝術品或物件。</div></div></div></div><div class=""related-forms""><span class=""label"">Related:</span> antiques</div></div>"
applause	"<div class=""anki-card-content""><div class=""general-explanation"">名詞「掌聲」。不可數名詞。常用搭配：burst into applause (爆發掌聲), loud applause (熱烈掌聲)。</div><div class=""entries-container""><div class=""entry""><div class=""sentence-row""><div class=""sentence"">The pianist received a <span class=""collocation"">round of</span> <span class=""target-word"">applause</span> from the audience after finishing the difficult concerto with perfect precision.</div><button class=""tts-button"" data-tts=""The pianist received a round of applause from the audience after finishing the difficult concerto with perfect precision."" onclick=""window.playTTS(this.getAttribute('data-tts'))""><svg viewBox=""0 0 24 24"" fill=""none"" stroke=""currentColor"" stroke-width=""2""><polygon points=""5 3 19 12 5 21 5 3""></polygon></svg></button></div><div class=""meta-section""><div class=""translation"">鋼琴家在完美地完成這首困難的協奏曲後，贏得了觀眾的一輪掌聲。</div><div class=""entry-explanation"">名詞「掌聲」。常用搭配 a round of applause。</div></div></div><div class=""entry""><div class=""sentence-row""><div class=""sentence"">The crowd <span class=""collocation"">burst into</span> <span class=""target-word"">applause</span> as the national team scored the winning goal in the final seconds of the match.</div><button class=""tts-button"" data-tts=""The crowd burst into applause as the national team scored the winning goal in the final seconds of the match."" onclick=""window.playTTS(this.getAttribute('data-tts'))""><svg viewBox=""0 0 24 24"" fill=""none"" stroke=""currentColor"" stroke-width=""2""><polygon points=""5 3 19 12 5 21 5 3""></polygon></svg></button></div><div class=""meta-section""><div class=""translation"">當國家隊在比賽最後幾秒攻入致勝球時，人群爆發出掌聲。</div><div class=""entry-explanation"">名詞「掌聲」。片語 burst into applause 表示「突然爆發掌聲」。</div></div></div><div class=""entry""><div class=""sentence-row""><div class=""sentence"">Despite her nervousness, the student's speech was so inspiring that it was met with <span class=""collocation"">loud</span> <span class=""target-word"">applause</span> from her classmates.</div><button class=""tts-button"" data-tts=""Despite her nervousness, the student&#x27;s speech was so inspiring that it was met with loud applause from her classmates."" onclick=""window.playTTS(this.getAttribute('data-tts'))""><svg viewBox=""0 0 24 24"" fill=""none"" stroke=""currentColor"" stroke-width=""2""><polygon points=""5 3 19 12 5 21 5 3""></polygon></svg></button></div><div class=""meta-section""><div class=""translation"">儘管她很緊張，但這位學生的演講如此激勵人心，以至於贏得了同學們熱烈的掌聲。</div><div class=""entry-explanation"">名詞「掌聲」。常用搭配 loud applause。</div></div></div></div><div class=""related-forms""><span class=""label"">Related:</span> applaud</div></div>"
appliance	"<div class=""anki-card-content""><div class=""general-explanation"">名詞「家用電器」。通常指廚房或家庭中使用的機器設備。常用搭配：household appliances (家用電器), kitchen appliances (廚房電器)。</div><div class=""entries-container""><div class=""entry""><div class=""sentence-row""><div class=""sentence"">Modern <span class=""target-word"">appliances</span>, such as dishwashers and microwave ovens, have made housework much easier and more efficient for many families.</div><button class=""tts-button"" data-tts=""Modern appliances, such as dishwashers and microwave ovens, have made housework much easier and more efficient for many families."" onclick=""window.playTTS(this.getAttribute('data-tts'))""><svg viewBox=""0 0 24 24"" fill=""none"" stroke=""currentColor"" stroke-width=""2""><polygon points=""5 3 19 12 5 21 5 3""></polygon></svg></button></div><div class=""meta-section""><div class=""translation"">現代電器，如洗碗機和微波爐，使許多家庭的家務變得簡單且高效許多。</div><div class=""entry-explanation"">名詞「電器」。指家用設備。</div></div></div><div class=""entry""><div class=""sentence-row""><div class=""sentence"">When moving to the new apartment, the couple decided to buy energy-efficient <span class=""target-word"">appliances</span> to reduce their monthly electricity bills.</div><button class=""tts-button"" data-tts=""When moving to the new apartment, the couple decided to buy energy-efficient appliances to reduce their monthly electricity bills."" onclick=""window.playTTS(this.getAttribute('data-tts'))""><svg viewBox=""0 0 24 24"" fill=""none"" stroke=""currentColor"" stroke-width=""2""><polygon points=""5 3 19 12 5 21 5 3""></polygon></svg></button></div><div class=""meta-section""><div class=""translation"">搬到新公寓時，這對夫婦決定購買節能電器，以降低每月的電費。</div><div class=""entry-explanation"">名詞「電器」。常用搭配 energy-efficient appliances。</div></div></div><div class=""entry""><div class=""sentence-row""><div class=""sentence"">The store offers a two-year warranty on all major <span class=""collocation"">household</span> <span class=""target-word"">appliances</span>, ensuring that customers can get repairs if something breaks.</div><button class=""tts-button"" data-tts=""The store offers a two-year warranty on all major household appliances, ensuring that customers can get repairs if something breaks."" onclick=""window.playTTS(this.getAttribute('data-tts'))""><svg viewBox=""0 0 24 24"" fill=""none"" stroke=""currentColor"" stroke-width=""2""><polygon points=""5 3 19 12 5 21 5 3""></polygon></svg></button></div><div class=""meta-section""><div class=""translation"">該商店對所有主要家用電器提供兩年保固，確保客戶在設備損壞時能獲得維修。</div><div class=""entry-explanation"">名詞「電器」。常用搭配 household appliances。</div></div></div></div><div class=""related-forms""><span class=""label"">Related:</span> appliances</div></div>"
apt	"<div class=""anki-card-content""><div class=""general-explanation"">形容詞「傾向於...的」或「恰當的」。當表示傾向時，常用 apt to V；當表示恰當時，常用 an apt description/word。</div><div class=""entries-container""><div class=""entry""><div class=""sentence-row""><div class=""sentence"">People who do not get enough sleep are <span class=""target-word"">apt</span> <span class=""collocation"">to</span> make more mistakes and struggle with concentration during their morning classes.</div><button class=""tts-button"" data-tts=""People who do not get enough sleep are apt to make more mistakes and struggle with concentration during their morning classes."" onclick=""window.playTTS(this.getAttribute('data-tts'))""><svg viewBox=""0 0 24 24"" fill=""none"" stroke=""currentColor"" stroke-width=""2""><polygon points=""5 3 19 12 5 21 5 3""></polygon></svg></button></div><div class=""meta-section""><div class=""translation"">睡眠不足的人傾向於在早晨的課程中犯更多錯誤，且難以集中注意力。</div><div class=""entry-explanation"">形容詞「傾向於」。常用搭配 be apt to V。</div></div></div><div class=""entry""><div class=""sentence-row""><div class=""sentence"">The teacher described the student's curiosity as an <span class=""target-word"">apt</span> <span class=""collocation"">description</span> of his desire to learn everything about space and stars.</div><button class=""tts-button"" data-tts=""The teacher described the student&#x27;s curiosity as an apt description of his desire to learn everything about space and stars."" onclick=""window.playTTS(this.getAttribute('data-tts'))""><svg viewBox=""0 0 24 24"" fill=""none"" stroke=""currentColor"" stroke-width=""2""><polygon points=""5 3 19 12 5 21 5 3""></polygon></svg></button></div><div class=""meta-section""><div class=""translation"">老師將這名學生的好奇心描述為對他渴望了解所有關於太空和恆星之事的恰當描述。</div><div class=""entry-explanation"">形容詞「恰當的」。常用搭配 an apt description。</div></div></div><div class=""entry""><div class=""sentence-row""><div class=""sentence"">In the humid climate of Taiwan, electronics are <span class=""target-word"">apt</span> <span class=""collocation"">to</span> malfunction if they are not stored in a cool, dry place.</div><button class=""tts-button"" data-tts=""In the humid climate of Taiwan, electronics are apt to malfunction if they are not stored in a cool, dry place."" onclick=""window.playTTS(this.getAttribute('data-tts'))""><svg viewBox=""0 0 24 24"" fill=""none"" stroke=""currentColor"" stroke-width=""2""><polygon points=""5 3 19 12 5 21 5 3""></polygon></svg></button></div><div class=""meta-section""><div class=""translation"">在台灣潮濕的氣候中，如果電子產品不儲存在陰涼乾燥的地方，很容易發生故障。</div><div class=""entry-explanation"">形容詞「傾向於」。指某事在特定條件下容易發生。</div></div></div></div><div class=""related-forms""><span class=""label"">Related:</span> aptly, aptness</div></div>"
architect	"<div class=""anki-card-content""><div class=""general-explanation"">名詞「建築師」。指設計建築物的人。在延伸義中，也可以指某個計畫、方案或系統的「策劃者」或「設計者」。</div><div class=""entries-container""><div class=""entry""><div class=""sentence-row""><div class=""sentence"">The <span class=""target-word"">architect</span> spent several months drawing detailed plans for the new city library to ensure it was both modern and sustainable.</div><button class=""tts-button"" data-tts=""The architect spent several months drawing detailed plans for the new city library to ensure it was both modern and sustainable."" onclick=""window.playTTS(this.getAttribute('data-tts'))""><svg viewBox=""0 0 24 24"" fill=""none"" stroke=""currentColor"" stroke-width=""2""><polygon points=""5 3 19 12 5 21 5 3""></polygon></svg></button></div><div class=""meta-section""><div class=""translation"">建築師花了好幾個月時間為新的城市圖書館繪製詳細計畫，以確保其既現代又具永續性。</div><div class=""entry-explanation"">名詞「建築師」。指專業設計建築的人。</div></div></div><div class=""entry""><div class=""sentence-row""><div class=""sentence"">As the primary <span class=""target-word"">architect</span> <span class=""collocation"">of</span> the peace treaty, the diplomat worked tirelessly to bring the two conflicting nations together.</div><button class=""tts-button"" data-tts=""As the primary architect of the peace treaty, the diplomat worked tirelessly to bring the two conflicting nations together."" onclick=""window.playTTS(this.getAttribute('data-tts'))""><svg viewBox=""0 0 24 24"" fill=""none"" stroke=""currentColor"" stroke-width=""2""><polygon points=""5 3 19 12 5 21 5 3""></polygon></svg></button></div><div class=""meta-section""><div class=""translation"">作為和平協議的主要策劃者，這位外交官不懈地工作，以使兩個衝突的國家達成一致。</div><div class=""entry-explanation"">名詞「策劃者」。這裡指計畫或方案的設計者。</div></div></div></div><div class=""related-forms""><span class=""label"">Related:</span> architects, architectural</div></div>"
architecture	"<div class=""anki-card-content""><div class=""general-explanation"">名詞「建築學；建築風格；結構」。指設計和建造建築物的藝術和科學，或者指特定建築物或系統（如電腦架構）的整體結構。</div><div class=""entries-container""><div class=""entry""><div class=""sentence-row""><div class=""sentence"">Students of <span class=""target-word"">architecture</span> often visit historic cities to study how the building styles have evolved over hundreds of years.</div><button class=""tts-button"" data-tts=""Students of architecture often visit historic cities to study how the building styles have evolved over hundreds of years."" onclick=""window.playTTS(this.getAttribute('data-tts'))""><svg viewBox=""0 0 24 24"" fill=""none"" stroke=""currentColor"" stroke-width=""2""><polygon points=""5 3 19 12 5 21 5 3""></polygon></svg></button></div><div class=""meta-section""><div class=""translation"">建築學的學生經常造訪歷史名城，以研究建築風格在數百年間是如何演變的。</div><div class=""entry-explanation"">名詞「建築學」。指專業的學問。</div></div></div><div class=""entry""><div class=""sentence-row""><div class=""sentence"">The cathedral is famous for its stunning Gothic <span class=""target-word"">architecture</span>, featuring pointed arches and intricate stone carvings.</div><button class=""tts-button"" data-tts=""The cathedral is famous for its stunning Gothic architecture, featuring pointed arches and intricate stone carvings."" onclick=""window.playTTS(this.getAttribute('data-tts'))""><svg viewBox=""0 0 24 24"" fill=""none"" stroke=""currentColor"" stroke-width=""2""><polygon points=""5 3 19 12 5 21 5 3""></polygon></svg></button></div><div class=""meta-section""><div class=""translation"">這座大教堂以其令人驚嘆的哥德式建築風格而聞名，其特點是尖拱和複雜的石雕。</div><div class=""entry-explanation"">名詞「建築風格」。指建築的藝術形式。</div></div></div><div class=""entry""><div class=""sentence-row""><div class=""sentence"">Engineers are developing a new computer <span class=""target-word"">architecture</span> that can process data much faster than current systems.</div><button class=""tts-button"" data-tts=""Engineers are developing a new computer architecture that can process data much faster than current systems."" onclick=""window.playTTS(this.getAttribute('data-tts'))""><svg viewBox=""0 0 24 24"" fill=""none"" stroke=""currentColor"" stroke-width=""2""><polygon points=""5 3 19 12 5 21 5 3""></polygon></svg></button></div><div class=""meta-section""><div class=""translation"">工程師們正在開發一種新的電腦架構，其處理數據的速度比目前的系統快得多。</div><div class=""entry-explanation"">名詞「結構/架構」。指系統或設備的組成方式。</div></div></div></div></div>"
arena	"<div class=""anki-card-content""><div class=""general-explanation"">名詞「競技場；舞台；領域」。原指圓形的露天競技場，現在常用於比喻指競爭激烈的環境或某個特定的活動領域（如政治 arena）。</div><div class=""entries-container""><div class=""entry""><div class=""sentence-row""><div class=""sentence"">The athletes gathered in the massive sports <span class=""target-word"">arena</span> for the opening ceremony of the international competition.</div><button class=""tts-button"" data-tts=""The athletes gathered in the massive sports arena for the opening ceremony of the international competition."" onclick=""window.playTTS(this.getAttribute('data-tts'))""><svg viewBox=""0 0 24 24"" fill=""none"" stroke=""currentColor"" stroke-width=""2""><polygon points=""5 3 19 12 5 21 5 3""></polygon></svg></button></div><div class=""meta-section""><div class=""translation"">運動員們聚集在巨大的體育競技場中，參加國際比賽的開幕式。</div><div class=""entry-explanation"">名詞「競技場」。指實際的物理空間。</div></div></div><div class=""entry""><div class=""sentence-row""><div class=""sentence"">After years of working in local government, she decided to enter the political <span class=""target-word"">arena</span> by running for mayor.</div><button class=""tts-button"" data-tts=""After years of working in local government, she decided to enter the political arena by running for mayor."" onclick=""window.playTTS(this.getAttribute('data-tts'))""><svg viewBox=""0 0 24 24"" fill=""none"" stroke=""currentColor"" stroke-width=""2""><polygon points=""5 3 19 12 5 21 5 3""></polygon></svg></button></div><div class=""meta-section""><div class=""translation"">在地方政府工作多年後，她決定透過競選市長進入政治領域。</div><div class=""entry-explanation"">名詞「領域/舞台」。比喻指競爭激烈的環境。</div></div></div></div><div class=""related-forms""><span class=""label"">Related:</span> arenas</div></div>"
arouse	"<div class=""anki-card-content""><div class=""general-explanation"">動詞「引起；喚起」。常用於引起某種情感、興趣或懷疑。注意搭配 arouse interest, arouse suspicion 等。注意其不規則變化：arouse-aroused-aroused。</div><div class=""entries-container""><div class=""entry""><div class=""sentence-row""><div class=""sentence"">The mysterious behavior of the new student <span class=""target-word"">aroused</span> <span class=""collocation"">the suspicion of</span> his classmates, who began to wonder about his background.</div><button class=""tts-button"" data-tts=""The mysterious behavior of the new student aroused the suspicion of his classmates, who began to wonder about his background."" onclick=""window.playTTS(this.getAttribute('data-tts'))""><svg viewBox=""0 0 24 24"" fill=""none"" stroke=""currentColor"" stroke-width=""2""><polygon points=""5 3 19 12 5 21 5 3""></polygon></svg></button></div><div class=""meta-section""><div class=""translation"">新同學神秘的行為引起了同學的懷疑，他們開始好奇他的背景。</div><div class=""entry-explanation"">動詞「引起」。常用搭配 arouse the suspicion of...。</div></div></div><div class=""entry""><div class=""sentence-row""><div class=""sentence"">The teacher's passionate lecture on space exploration <span class=""target-word"">aroused</span> <span class=""collocation"">the interest of</span> many students in the science club.</div><button class=""tts-button"" data-tts=""The teacher&#x27;s passionate lecture on space exploration aroused the interest of many students in the science club."" onclick=""window.playTTS(this.getAttribute('data-tts'))""><svg viewBox=""0 0 24 24"" fill=""none"" stroke=""currentColor"" stroke-width=""2""><polygon points=""5 3 19 12 5 21 5 3""></polygon></svg></button></div><div class=""meta-section""><div class=""translation"">老師對太空探索的熱情講座引起了科學社團許多學生的興趣。</div><div class=""entry-explanation"">動詞「引起」。常用搭配 arouse the interest of...。</div></div></div><div class=""entry""><div class=""sentence-row""><div class=""sentence"">The sudden change in the company's policy <span class=""target-word"">aroused</span> <span class=""collocation"">strong feelings of</span> anger among the employees.</div><button class=""tts-button"" data-tts=""The sudden change in the company&#x27;s policy aroused strong feelings of anger among the employees."" onclick=""window.playTTS(this.getAttribute('data-tts'))""><svg viewBox=""0 0 24 24"" fill=""none"" stroke=""currentColor"" stroke-width=""2""><polygon points=""5 3 19 12 5 21 5 3""></polygon></svg></button></div><div class=""meta-section""><div class=""translation"">公司政策的突然改變引起了員工之間強烈的憤怒感。</div><div class=""entry-explanation"">動詞「引起」。指引起某種情緒。</div></div></div></div></div>"
array	"<div class=""anki-card-content""><div class=""general-explanation"">名詞「一大群；大量；陣列」。常用於描述大量且排列整齊或令人印象深刻的事物。常考片語：an array of (一大群/大量)。</div><div class=""entries-container""><div class=""entry""><div class=""sentence-row""><div class=""sentence"">The bookstore offers a wide <span class=""target-word"">array</span> <span class=""collocation"">of</span> classic novels, making it a favorite spot for literature students.</div><button class=""tts-button"" data-tts=""The bookstore offers a wide array of classic novels, making it a favorite spot for literature students."" onclick=""window.playTTS(this.getAttribute('data-tts'))""><svg viewBox=""0 0 24 24"" fill=""none"" stroke=""currentColor"" stroke-width=""2""><polygon points=""5 3 19 12 5 21 5 3""></polygon></svg></button></div><div class=""meta-section""><div class=""translation"">這家書店提供各式各樣的經典小說，使其成為文學系學生的最愛。</div><div class=""entry-explanation"">名詞「大量/各式各樣」。片語 an array of...。</div></div></div><div class=""entry""><div class=""sentence-row""><div class=""sentence"">The gallery displayed an impressive <span class=""target-word"">array</span> <span class=""collocation"">of</span> modern sculptures, each representing a different artistic vision.</div><button class=""tts-button"" data-tts=""The gallery displayed an impressive array of modern sculptures, each representing a different artistic vision."" onclick=""window.playTTS(this.getAttribute('data-tts'))""><svg viewBox=""0 0 24 24"" fill=""none"" stroke=""currentColor"" stroke-width=""2""><polygon points=""5 3 19 12 5 21 5 3""></polygon></svg></button></div><div class=""meta-section""><div class=""translation"">畫廊展示了一系列令人印象深刻的現代雕塑，每一件都代表了不同的藝術視覺。</div><div class=""entry-explanation"">名詞「大量」。片語 an array of...。</div></div></div><div class=""entry""><div class=""sentence-row""><div class=""sentence"">In the computer lab, the students set up a solar <span class=""target-word"">array</span> to test how sunlight is converted into electricity.</div><button class=""tts-button"" data-tts=""In the computer lab, the students set up a solar array to test how sunlight is converted into electricity."" onclick=""window.playTTS(this.getAttribute('data-tts'))""><svg viewBox=""0 0 24 24"" fill=""none"" stroke=""currentColor"" stroke-width=""2""><polygon points=""5 3 19 12 5 21 5 3""></polygon></svg></button></div><div class=""meta-section""><div class=""translation"">在電腦實驗室裡，學生們設置了一個太陽能陣列，以測試陽光如何轉換為電能。</div><div class=""entry-explanation"">名詞「陣列」。指排列整齊的設備。</div></div></div></div><div class=""related-forms""><span class=""label"">Related:</span> arrays</div></div>"
arrogant	"<div class=""anki-card-content""><div class=""general-explanation"">形容詞「傲慢的」。指一個人自認為比他人更重要或更有能力，因此對他人不禮貌。反義詞為 humble (謙卑的)。</div><div class=""entries-container""><div class=""entry""><div class=""sentence-row""><div class=""sentence"">Although he was the top student in the class, he remained humble and never acted <span class=""target-word"">arrogant</span> toward his peers.</div><button class=""tts-button"" data-tts=""Although he was the top student in the class, he remained humble and never acted arrogant toward his peers."" onclick=""window.playTTS(this.getAttribute('data-tts'))""><svg viewBox=""0 0 24 24"" fill=""none"" stroke=""currentColor"" stroke-width=""2""><polygon points=""5 3 19 12 5 21 5 3""></polygon></svg></button></div><div class=""meta-section""><div class=""translation"">雖然他是班上成績最好的學生，但他依然保持謙虛，對同儕從不表現得傲慢。</div><div class=""entry-explanation"">形容詞「傲慢的」。</div></div></div><div class=""entry""><div class=""sentence-row""><div class=""sentence"">The manager's <span class=""target-word"">arrogant</span> attitude during the interview made the candidate feel unwelcome and unimportant.</div><button class=""tts-button"" data-tts=""The manager&#x27;s arrogant attitude during the interview made the candidate feel unwelcome and unimportant."" onclick=""window.playTTS(this.getAttribute('data-tts'))""><svg viewBox=""0 0 24 24"" fill=""none"" stroke=""currentColor"" stroke-width=""2""><polygon points=""5 3 19 12 5 21 5 3""></polygon></svg></button></div><div class=""meta-section""><div class=""translation"">經理在面試期間的傲慢態度讓應徵者感到不受歡迎且不重要。</div><div class=""entry-explanation"">形容詞「傲慢的」。</div></div></div></div><div class=""related-forms""><span class=""label"">Related:</span> arrogance, arrogantly</div></div>"
articulate	"<div class=""anki-card-content""><div class=""general-explanation"">動詞「清晰地表達」；形容詞「口才好的；表達清晰的」。作動詞時，指將想法明確地說出。作形容詞時，指一個人能夠流暢且清晰地表達自己的想法。</div><div class=""entries-container""><div class=""entry""><div class=""sentence-row""><div class=""sentence"">The student struggled to <span class=""target-word"">articulate</span> his thoughts during the debate, as he was too nervous to speak clearly.</div><button class=""tts-button"" data-tts=""The student struggled to articulate his thoughts during the debate, as he was too nervous to speak clearly."" onclick=""window.playTTS(this.getAttribute('data-tts'))""><svg viewBox=""0 0 24 24"" fill=""none"" stroke=""currentColor"" stroke-width=""2""><polygon points=""5 3 19 12 5 21 5 3""></polygon></svg></button></div><div class=""meta-section""><div class=""translation"">這名學生在辯論賽中難以清晰地表達他的想法，因為他太緊張而無法清楚地說話。</div><div class=""entry-explanation"">動詞「清晰地表達」。</div></div></div><div class=""entry""><div class=""sentence-row""><div class=""sentence"">She is an <span class=""target-word"">articulate</span> speaker who can explain complex scientific concepts in a way that everyone can understand.</div><button class=""tts-button"" data-tts=""She is an articulate speaker who can explain complex scientific concepts in a way that everyone can understand."" onclick=""window.playTTS(this.getAttribute('data-tts'))""><svg viewBox=""0 0 24 24"" fill=""none"" stroke=""currentColor"" stroke-width=""2""><polygon points=""5 3 19 12 5 21 5 3""></polygon></svg></button></div><div class=""meta-section""><div class=""translation"">她是一位口才好的演講者，能以每個人都能理解的方式解釋複雜的科學概念。</div><div class=""entry-explanation"">形容詞「口才好的」。</div></div></div><div class=""entry""><div class=""sentence-row""><div class=""sentence"">It is important for leaders to be <span class=""target-word"">articulate</span> when presenting their goals to the public to avoid any misunderstandings.</div><button class=""tts-button"" data-tts=""It is important for leaders to be articulate when presenting their goals to the public to avoid any misunderstandings."" onclick=""window.playTTS(this.getAttribute('data-tts'))""><svg viewBox=""0 0 24 24"" fill=""none"" stroke=""currentColor"" stroke-width=""2""><polygon points=""5 3 19 12 5 21 5 3""></polygon></svg></button></div><div class=""meta-section""><div class=""translation"">領導者在向公眾發表目標時，必須能夠清晰地表達，以避免任何誤會。</div><div class=""entry-explanation"">形容詞「表達清晰的」。</div></div></div></div><div class=""related-forms""><span class=""label"">Related:</span> articulated, articulation</div></div>"
ass	"<div class=""anki-card-content""><div class=""general-explanation"">名詞「驢子；笨蛋」。在正式場合中，指動物驢子。在非正式口語中，可以用來指稱一個人很笨或很討厭。</div><div class=""entries-container""><div class=""entry""><div class=""sentence-row""><div class=""sentence"">The farmer used his <span class=""target-word"">ass</span> to carry heavy bags of grain across the rocky path to the village market.</div><button class=""tts-button"" data-tts=""The farmer used his ass to carry heavy bags of grain across the rocky path to the village market."" onclick=""window.playTTS(this.getAttribute('data-tts'))""><svg viewBox=""0 0 24 24"" fill=""none"" stroke=""currentColor"" stroke-width=""2""><polygon points=""5 3 19 12 5 21 5 3""></polygon></svg></button></div><div class=""meta-section""><div class=""translation"">農夫利用他的驢子將沉重的穀物袋橫跨岩石小徑運送到村莊市場。</div><div class=""entry-explanation"">名詞「驢子」。</div></div></div><div class=""entry""><div class=""sentence-row""><div class=""sentence"">Stop acting like an <span class=""target-word"">ass</span> and apologize to your sister for the mistake you made yesterday.</div><button class=""tts-button"" data-tts=""Stop acting like an ass and apologize to your sister for the mistake you made yesterday."" onclick=""window.playTTS(this.getAttribute('data-tts'))""><svg viewBox=""0 0 24 24"" fill=""none"" stroke=""currentColor"" stroke-width=""2""><polygon points=""5 3 19 12 5 21 5 3""></polygon></svg></button></div><div class=""meta-section""><div class=""translation"">別再像個笨蛋一樣表現，快為你昨天犯的錯誤向你妹妹道歉。</div><div class=""entry-explanation"">名詞「笨蛋」。非正式用法。</div></div></div></div><div class=""related-forms""><span class=""label"">Related:</span> asses</div></div>"
assault	"<div class=""anki-card-content""><div class=""general-explanation"">名詞「攻擊；襲擊」；動詞「攻擊；襲擊」。指突然且暴力的行為。在法律術語中，指對他人身體的攻擊。</div><div class=""entries-container""><div class=""entry""><div class=""sentence-row""><div class=""sentence"">The police are investigating a violent <span class=""target-word"">assault</span> that took place in the park late last night.</div><button class=""tts-button"" data-tts=""The police are investigating a violent assault that took place in the park late last night."" onclick=""window.playTTS(this.getAttribute('data-tts'))""><svg viewBox=""0 0 24 24"" fill=""none"" stroke=""currentColor"" stroke-width=""2""><polygon points=""5 3 19 12 5 21 5 3""></polygon></svg></button></div><div class=""meta-section""><div class=""translation"">警方正在調查昨晚深夜在公園發生的一起暴力襲擊事件。</div><div class=""entry-explanation"">名詞「襲擊」。</div></div></div><div class=""entry""><div class=""sentence-row""><div class=""sentence"">The soldiers were ordered to <span class=""target-word"">assault</span> the enemy's base at dawn to capture the important documents.</div><button class=""tts-button"" data-tts=""The soldiers were ordered to assault the enemy&#x27;s base at dawn to capture the important documents."" onclick=""window.playTTS(this.getAttribute('data-tts'))""><svg viewBox=""0 0 24 24"" fill=""none"" stroke=""currentColor"" stroke-width=""2""><polygon points=""5 3 19 12 5 21 5 3""></polygon></svg></button></div><div class=""meta-section""><div class=""translation"">士兵們接到命令在黎明時分攻擊敵軍基地以奪取重要文件。</div><div class=""entry-explanation"">動詞「攻擊」。</div></div></div><div class=""entry""><div class=""sentence-row""><div class=""sentence"">The loud noise from the construction site was an <span class=""target-word"">assault</span> <span class=""collocation"">on</span> the students' ears, making it impossible to concentrate on their exam.</div><button class=""tts-button"" data-tts=""The loud noise from the construction site was an assault on the students&#x27; ears, making it impossible to concentrate on their exam."" onclick=""window.playTTS(this.getAttribute('data-tts'))""><svg viewBox=""0 0 24 24"" fill=""none"" stroke=""currentColor"" stroke-width=""2""><polygon points=""5 3 19 12 5 21 5 3""></polygon></svg></button></div><div class=""meta-section""><div class=""translation"">建築工地傳來的巨大噪音對學生的耳朵來說是一種折磨（攻擊），讓他們無法專注於考試。</div><div class=""entry-explanation"">名詞「攻擊」。比喻用法，指感官上的強烈刺激或不適。</div></div></div></div><div class=""related-forms""><span class=""label"">Related:</span> assaults</div></div>"
assert	"<div class=""anki-card-content""><div class=""general-explanation"">動詞「斷言；主張；堅持」。指自信地陳述某事為真，或者堅持自己的權利或權威。常考片語：assert oneself (表現得自信/強勢)。</div><div class=""entries-container""><div class=""entry""><div class=""sentence-row""><div class=""sentence"">Despite the evidence, the witness continued to <span class=""target-word"">assert</span> <span class=""collocation"">that</span> he had seen the suspect leave the building at midnight.</div><button class=""tts-button"" data-tts=""Despite the evidence, the witness continued to assert that he had seen the suspect leave the building at midnight."" onclick=""window.playTTS(this.getAttribute('data-tts'))""><svg viewBox=""0 0 24 24"" fill=""none"" stroke=""currentColor"" stroke-width=""2""><polygon points=""5 3 19 12 5 21 5 3""></polygon></svg></button></div><div class=""meta-section""><div class=""translation"">儘管有證據，證人仍繼續斷言他曾在午夜看到嫌疑犯離開建築物。</div><div class=""entry-explanation"">動詞「斷言」。常接 that 子句。</div></div></div><div class=""entry""><div class=""sentence-row""><div class=""sentence"">New employees are often encouraged to <span class=""target-word"">assert</span> <span class=""collocation"">themselves</span> in meetings to share their creative ideas with the team.</div><button class=""tts-button"" data-tts=""New employees are often encouraged to assert themselves in meetings to share their creative ideas with the team."" onclick=""window.playTTS(this.getAttribute('data-tts'))""><svg viewBox=""0 0 24 24"" fill=""none"" stroke=""currentColor"" stroke-width=""2""><polygon points=""5 3 19 12 5 21 5 3""></polygon></svg></button></div><div class=""meta-section""><div class=""translation"">新員工通常被鼓勵在會議中中表現得自信，以與團隊分享他們的創意想法。</div><div class=""entry-explanation"">動詞片語 assert oneself 表示「表現得自信/強勢」。</div></div></div><div class=""entry""><div class=""sentence-row""><div class=""sentence"">The small nation worked hard to <span class=""target-word"">assert</span> <span class=""collocation"">its independence</span> after years of being controlled by a larger power.</div><button class=""tts-button"" data-tts=""The small nation worked hard to assert its independence after years of being controlled by a larger power."" onclick=""window.playTTS(this.getAttribute('data-tts'))""><svg viewBox=""0 0 24 24"" fill=""none"" stroke=""currentColor"" stroke-width=""2""><polygon points=""5 3 19 12 5 21 5 3""></polygon></svg></button></div><div class=""meta-section""><div class=""translation"">這個小國在被大國控制多年後，努力地主張其獨立地位。</div><div class=""entry-explanation"">動詞「主張」。指堅持自己的權利或地位。</div></div></div></div><div class=""related-forms""><span class=""label"">Related:</span> assertion, assertive</div></div>"
assess	"<div class=""anki-card-content""><div class=""general-explanation"">動詞「評估；評價」。名詞 assessment 意為「評估」。常用於學業成績評估或價值評估。注意搭配 assess sth as sth (將...評估為...) 或 assess the impact of sth (評估...的影響)。</div><div class=""entries-container""><div class=""entry""><div class=""sentence-row""><div class=""sentence"">The teacher will <span class=""target-word"">assess</span> the students' performance <span class=""collocation"">based on</span> their final project and classroom participation throughout the semester.</div><button class=""tts-button"" data-tts=""The teacher will assess the students&#x27; performance based on their final project and classroom participation throughout the semester."" onclick=""window.playTTS(this.getAttribute('data-tts'))""><svg viewBox=""0 0 24 24"" fill=""none"" stroke=""currentColor"" stroke-width=""2""><polygon points=""5 3 19 12 5 21 5 3""></polygon></svg></button></div><div class=""meta-section""><div class=""translation"">老師將根據學生在本學期的期末專題和課堂參與度來評估他們的表現。</div><div class=""entry-explanation"">動詞「評估」。常用搭配 assess... based on...。</div></div></div><div class=""entry""><div class=""sentence-row""><div class=""sentence"">Environmental experts are trying to <span class=""target-word"">assess</span> <span class=""collocation"">the impact of</span> the oil spill on the local marine ecosystem and wildlife.</div><button class=""tts-button"" data-tts=""Environmental experts are trying to assess the impact of the oil spill on the local marine ecosystem and wildlife."" onclick=""window.playTTS(this.getAttribute('data-tts'))""><svg viewBox=""0 0 24 24"" fill=""none"" stroke=""currentColor"" stroke-width=""2""><polygon points=""5 3 19 12 5 21 5 3""></polygon></svg></button></div><div class=""meta-section""><div class=""translation"">環境專家正試圖評估油污洩漏對當地海洋生態系統和野生動物的影響。</div><div class=""entry-explanation"">動詞「評估」。常用搭配 assess the impact of sth。</div></div></div><div class=""entry""><div class=""sentence-row""><div class=""sentence"">The company hired a professional appraiser to <span class=""target-word"">assess</span> the <span class=""collocation"">market value of</span> the old painting before it was put up for auction.</div><button class=""tts-button"" data-tts=""The company hired a professional appraiser to assess the market value of the old painting before it was put up for auction."" onclick=""window.playTTS(this.getAttribute('data-tts'))""><svg viewBox=""0 0 24 24"" fill=""none"" stroke=""currentColor"" stroke-width=""2""><polygon points=""5 3 19 12 5 21 5 3""></polygon></svg></button></div><div class=""meta-section""><div class=""translation"">公司聘請了一名專業的評估師，在該幅古畫被拍賣前評估其市場價值。</div><div class=""entry-explanation"">動詞「評估」。常用搭配 assess the market value of sth。</div></div></div><div class=""entry""><div class=""sentence-row""><div class=""sentence"">The continuous <span class=""target-word"">assessment</span> of student learning allows teachers to identify gaps in knowledge and provide timely support to those who are struggling.</div><button class=""tts-button"" data-tts=""The continuous assessment of student learning allows teachers to identify gaps in knowledge and provide timely support to those who are struggling."" onclick=""window.playTTS(this.getAttribute('data-tts'))""><svg viewBox=""0 0 24 24"" fill=""none"" stroke=""currentColor"" stroke-width=""2""><polygon points=""5 3 19 12 5 21 5 3""></polygon></svg></button></div><div class=""meta-section""><div class=""translation"">對學生學習的持續評估能讓老師發現知識缺口，並為那些學習困難的學生提供及時的支援。</div><div class=""entry-explanation"">名詞「評估」。</div></div></div></div><div class=""related-forms""><span class=""label"">Related:</span> assessment, assessable</div></div>"
asset	"<div class=""anki-card-content""><div class=""general-explanation"">名詞「資產；優勢」。可指金錢、房產等財產，也可指一個人的能力或特質，使其成為一個有價值的成員。常用搭配 a valuable asset to (對...是一個寶貴的資產/優勢)。</div><div class=""entries-container""><div class=""entry""><div class=""sentence-row""><div class=""sentence"">The new employee's ability to speak three languages fluently is a <span class=""collocation"">valuable</span> <span class=""target-word"">asset</span> <span class=""collocation"">to</span> the company's international trade department.</div><button class=""tts-button"" data-tts=""The new employee&#x27;s ability to speak three languages fluently is a valuable asset to the company&#x27;s international trade department."" onclick=""window.playTTS(this.getAttribute('data-tts'))""><svg viewBox=""0 0 24 24"" fill=""none"" stroke=""currentColor"" stroke-width=""2""><polygon points=""5 3 19 12 5 21 5 3""></polygon></svg></button></div><div class=""meta-section""><div class=""translation"">新員工能流利地說三種語言，對公司的國際貿易部門來說是一個寶貴的資產。</div><div class=""entry-explanation"">名詞「優勢/資產」。常用搭配 a valuable asset to sth/sb。</div></div></div><div class=""entry""><div class=""sentence-row""><div class=""sentence"">The family decided to sell some of their fixed <span class=""target-word"">assets</span>, such as land and buildings, to raise money for their daughter's college education.</div><button class=""tts-button"" data-tts=""The family decided to sell some of their fixed assets, such as land and buildings, to raise money for their daughter&#x27;s college education."" onclick=""window.playTTS(this.getAttribute('data-tts'))""><svg viewBox=""0 0 24 24"" fill=""none"" stroke=""currentColor"" stroke-width=""2""><polygon points=""5 3 19 12 5 21 5 3""></polygon></svg></button></div><div class=""meta-section""><div class=""translation"">這家人決定出售一些固定資產，如土地和建築，以籌集女兒就讀大學的學費。</div><div class=""entry-explanation"">名詞「資產」。常用搭配 fixed assets (固定資產)。</div></div></div><div class=""entry""><div class=""sentence-row""><div class=""sentence"">Having a positive attitude and strong leadership skills can be a great <span class=""target-word"">asset</span> when applying for a competitive university scholarship.</div><button class=""tts-button"" data-tts=""Having a positive attitude and strong leadership skills can be a great asset when applying for a competitive university scholarship."" onclick=""window.playTTS(this.getAttribute('data-tts'))""><svg viewBox=""0 0 24 24"" fill=""none"" stroke=""currentColor"" stroke-width=""2""><polygon points=""5 3 19 12 5 21 5 3""></polygon></svg></button></div><div class=""meta-section""><div class=""translation"">擁有積極的態度和強大的領導能力在申請競爭激烈的大學獎學金時會是一個很大的優勢。</div><div class=""entry-explanation"">名詞「優勢」。</div></div></div></div><div class=""related-forms""><span class=""label"">Related:</span> assets</div></div>"
assumption	"<div class=""anki-card-content""><div class=""general-explanation"">名詞「假設；假定」。指在沒有證據的情況下認為某事是真的。注意區分 assumption (假設) 與 presumption (推定)。常用搭配 make an assumption (做出假設)。</div><div class=""entries-container""><div class=""entry""><div class=""sentence-row""><div class=""sentence"">The scientist's theory was based on the <span class=""target-word"">assumption</span> <span class=""collocation"">that</span> the temperature of the ocean would remain constant over the next decade.</div><button class=""tts-button"" data-tts=""The scientist&#x27;s theory was based on the assumption that the temperature of the ocean would remain constant over the next decade."" onclick=""window.playTTS(this.getAttribute('data-tts'))""><svg viewBox=""0 0 24 24"" fill=""none"" stroke=""currentColor"" stroke-width=""2""><polygon points=""5 3 19 12 5 21 5 3""></polygon></svg></button></div><div class=""meta-section""><div class=""translation"">這位科學家的理論是基於海洋溫度在未來十年將保持不變的假設。</div><div class=""entry-explanation"">名詞「假設」。常用結構 assumption that + 子句。</div></div></div><div class=""entry""><div class=""sentence-row""><div class=""sentence"">It is a common <span class=""target-word"">assumption</span> <span class=""collocation"">that</span> students who get high grades always have better career prospects, but this is not always true.</div><button class=""tts-button"" data-tts=""It is a common assumption that students who get high grades always have better career prospects, but this is not always true."" onclick=""window.playTTS(this.getAttribute('data-tts'))""><svg viewBox=""0 0 24 24"" fill=""none"" stroke=""currentColor"" stroke-width=""2""><polygon points=""5 3 19 12 5 21 5 3""></polygon></svg></button></div><div class=""meta-section""><div class=""translation"">人們通常假設成績好的學生總是會有更好的職業前景，但事實並不總是如此。</div><div class=""entry-explanation"">名詞「假設」。</div></div></div><div class=""entry""><div class=""sentence-row""><div class=""sentence"">You should not <span class=""collocation"">make</span> any <span class=""target-word"">assumptions</span> <span class=""collocation"">about</span> someone's personality just by looking at their clothes or the way they talk.</div><button class=""tts-button"" data-tts=""You should not make any assumptions about someone&#x27;s personality just by looking at their clothes or the way they talk."" onclick=""window.playTTS(this.getAttribute('data-tts'))""><svg viewBox=""0 0 24 24"" fill=""none"" stroke=""currentColor"" stroke-width=""2""><polygon points=""5 3 19 12 5 21 5 3""></polygon></svg></button></div><div class=""meta-section""><div class=""translation"">你不應該僅僅通過觀察一個人的衣服或說話方式就對其個性做出任何假設。</div><div class=""entry-explanation"">名詞「假設」。常用片語 make an assumption about sth。</div></div></div></div><div class=""related-forms""><span class=""label"">Related:</span> assume</div></div>"
astonish	"<div class=""anki-card-content""><div class=""general-explanation"">動詞「使驚訝」。名詞 astonishment 意為「驚訝」。比 surprise 更強烈。常用結構 astonish sb (使某人驚訝) 或 be astonished at/by sth (對...感到驚訝)。</div><div class=""entries-container""><div class=""entry""><div class=""sentence-row""><div class=""sentence"">The young pianist's incredible skill <span class=""target-word"">astonished</span> the audience, as she played a complex piece of music with effortless grace.</div><button class=""tts-button"" data-tts=""The young pianist&#x27;s incredible skill astonished the audience, as she played a complex piece of music with effortless grace."" onclick=""window.playTTS(this.getAttribute('data-tts'))""><svg viewBox=""0 0 24 24"" fill=""none"" stroke=""currentColor"" stroke-width=""2""><polygon points=""5 3 19 12 5 21 5 3""></polygon></svg></button></div><div class=""meta-section""><div class=""translation"">這位年輕鋼琴家的驚人技巧讓觀眾感到驚訝，因為她以輕鬆優雅地演奏了一首複雜的樂曲。</div><div class=""entry-explanation"">動詞「使驚訝」。</div></div></div><div class=""entry""><div class=""sentence-row""><div class=""sentence"">I was <span class=""target-word"">astonished</span> <span class=""collocation"">at</span> how quickly the small town had changed after the new high-speed railway station was built.</div><button class=""tts-button"" data-tts=""I was astonished at how quickly the small town had changed after the new high-speed railway station was built."" onclick=""window.playTTS(this.getAttribute('data-tts'))""><svg viewBox=""0 0 24 24"" fill=""none"" stroke=""currentColor"" stroke-width=""2""><polygon points=""5 3 19 12 5 21 5 3""></polygon></svg></button></div><div class=""meta-section""><div class=""translation"">我對這個小鎮在新的高速鐵路車站建成後變化之快感到驚訝。</div><div class=""entry-explanation"">動詞「感到驚訝」。常用搭配 be astonished at/by sth。</div></div></div><div class=""entry""><div class=""sentence-row""><div class=""sentence"">To the <span class=""target-word"">astonishment</span> <span class=""collocation"">of</span> the entire class, the quietest student in the room gave the most confident and detailed presentation.</div><button class=""tts-button"" data-tts=""To the astonishment of the entire class, the quietest student in the room gave the most confident and detailed presentation."" onclick=""window.playTTS(this.getAttribute('data-tts'))""><svg viewBox=""0 0 24 24"" fill=""none"" stroke=""currentColor"" stroke-width=""2""><polygon points=""5 3 19 12 5 21 5 3""></polygon></svg></button></div><div class=""meta-section""><div class=""translation"">令全班驚訝的是，教室裡最沉默的學生做了最自信且詳細的簡報。</div><div class=""entry-explanation"">名詞「驚訝」。常用搭配 to the astonishment of sb。</div></div></div></div><div class=""related-forms""><span class=""label"">Related:</span> astonishment, astonishing, astonished</div></div>"
athletics	"<div class=""anki-card-content""><div class=""general-explanation"">名詞「田徑；運動」。指包含跑步、跳躍、投擲等項目的運動。注意 athletics 是單數形式但通常視為單數名詞。</div><div class=""entries-container""><div class=""entry""><div class=""sentence-row""><div class=""sentence"">The school's <span class=""target-word"">athletics</span> program is well-known for producing many national champions in sprinting and long jump.</div><button class=""tts-button"" data-tts=""The school&#x27;s athletics program is well-known for producing many national champions in sprinting and long jump."" onclick=""window.playTTS(this.getAttribute('data-tts'))""><svg viewBox=""0 0 24 24"" fill=""none"" stroke=""currentColor"" stroke-width=""2""><polygon points=""5 3 19 12 5 21 5 3""></polygon></svg></button></div><div class=""meta-section""><div class=""translation"">學校的田徑計畫以培養出許多短跑和跳遠的國家冠軍而聞名。</div><div class=""entry-explanation"">名詞「田徑」。</div></div></div><div class=""entry""><div class=""sentence-row""><div class=""sentence"">Many students balance their academic studies with <span class=""target-word"">athletics</span> to maintain a healthy lifestyle and reduce stress during exam periods.</div><button class=""tts-button"" data-tts=""Many students balance their academic studies with athletics to maintain a healthy lifestyle and reduce stress during exam periods."" onclick=""window.playTTS(this.getAttribute('data-tts'))""><svg viewBox=""0 0 24 24"" fill=""none"" stroke=""currentColor"" stroke-width=""2""><polygon points=""5 3 19 12 5 21 5 3""></polygon></svg></button></div><div class=""meta-section""><div class=""translation"">許多學生在學業與運動之間取得平衡，以維持健康的飲食生活方式並在考試期間減輕壓力。</div><div class=""entry-explanation"">名詞「運動」。</div></div></div><div class=""entry""><div class=""sentence-row""><div class=""sentence"">After years of hard training, he finally achieved his goal of competing in the <span class=""target-word"">athletics</span> <span class=""collocation"">events</span> at the Olympic Games.</div><button class=""tts-button"" data-tts=""After years of hard training, he finally achieved his goal of competing in the athletics events at the Olympic Games."" onclick=""window.playTTS(this.getAttribute('data-tts'))""><svg viewBox=""0 0 24 24"" fill=""none"" stroke=""currentColor"" stroke-width=""2""><polygon points=""5 3 19 12 5 21 5 3""></polygon></svg></button></div><div class=""meta-section""><div class=""translation"">經過多年的刻苦訓練，他終於實現了在奧運會田徑項目中參賽的目標。</div><div class=""entry-explanation"">名詞「田徑」。常用搭配 athletics events。</div></div></div></div><div class=""related-forms""><span class=""label"">Related:</span> athletic, athlete</div></div>"
attendance	"<div class=""anki-card-content""><div class=""general-explanation"">名詞「出席；參加」。常用於學校或會議的出席率。常用片語 attendance record (出席記錄), poor attendance (出席率低)。</div><div class=""entries-container""><div class=""entry""><div class=""sentence-row""><div class=""sentence"">The teacher noted that <span class=""target-word"">attendance</span> <span class=""collocation"">at</span> the morning assembly was lower than usual due to the heavy rain.</div><button class=""tts-button"" data-tts=""The teacher noted that attendance at the morning assembly was lower than usual due to the heavy rain."" onclick=""window.playTTS(this.getAttribute('data-tts'))""><svg viewBox=""0 0 24 24"" fill=""none"" stroke=""currentColor"" stroke-width=""2""><polygon points=""5 3 19 12 5 21 5 3""></polygon></svg></button></div><div class=""meta-section""><div class=""translation"">老師注意到由於大雨，早會的出席人數比平常低。</div><div class=""entry-explanation"">名詞「出席人數」。常用搭配 attendance at sth。</div></div></div><div class=""entry""><div class=""sentence-row""><div class=""sentence"">Maintaining a good <span class=""target-word"">attendance</span> <span class=""collocation"">record</span> is essential for students who wish to apply for certain university scholarships.</div><button class=""tts-button"" data-tts=""Maintaining a good attendance record is essential for students who wish to apply for certain university scholarships."" onclick=""window.playTTS(this.getAttribute('data-tts'))""><svg viewBox=""0 0 24 24"" fill=""none"" stroke=""currentColor"" stroke-width=""2""><polygon points=""5 3 19 12 5 21 5 3""></polygon></svg></button></div><div class=""meta-section""><div class=""translation"">對於希望申請某些大學獎學金的學生來說，維持良好的出席記錄至關重要。</div><div class=""entry-explanation"">名詞「出席」。常用搭配 attendance record (出席記錄)。</div></div></div><div class=""entry""><div class=""sentence-row""><div class=""sentence"">The city council decided to increase the <span class=""target-word"">attendance</span> of the local art gallery by offering free admission to students.</div><button class=""tts-button"" data-tts=""The city council decided to increase the attendance of the local art gallery by offering free admission to students."" onclick=""window.playTTS(this.getAttribute('data-tts'))""><svg viewBox=""0 0 24 24"" fill=""none"" stroke=""currentColor"" stroke-width=""2""><polygon points=""5 3 19 12 5 21 5 3""></polygon></svg></button></div><div class=""meta-section""><div class=""translation"">市議會決定通過向學生提供免費入場，來增加當地美術館的參觀人數。</div><div class=""entry-explanation"">名詞「參觀人數/出席人數」。</div></div></div></div><div class=""related-forms""><span class=""label"">Related:</span> attend</div></div>"
attic	"<div class=""anki-card-content""><div class=""general-explanation"">名詞「閣樓」。指房屋頂部正下方的空間。常用於描述儲存舊物或秘密空間。</div><div class=""entries-container""><div class=""entry""><div class=""sentence-row""><div class=""sentence"">My grandmother keeps all her old photo albums and handwritten letters <span class=""collocation"">in</span> the <span class=""target-word"">attic</span>, where they are safe from dust.</div><button class=""tts-button"" data-tts=""My grandmother keeps all her old photo albums and handwritten letters in the attic, where they are safe from dust."" onclick=""window.playTTS(this.getAttribute('data-tts'))""><svg viewBox=""0 0 24 24"" fill=""none"" stroke=""currentColor"" stroke-width=""2""><polygon points=""5 3 19 12 5 21 5 3""></polygon></svg></button></div><div class=""meta-section""><div class=""translation"">我的祖母將所有舊相簿和手寫信件都放在閣樓裡，在那裡它們不會被灰塵影響。</div><div class=""entry-explanation"">名詞「閣樓」。</div></div></div><div class=""entry""><div class=""sentence-row""><div class=""sentence"">The family decided to convert the dusty <span class=""target-word"">attic</span> <span class=""collocation"">into</span> a small, cozy study room for their teenage son.</div><button class=""tts-button"" data-tts=""The family decided to convert the dusty attic into a small, cozy study room for their teenage son."" onclick=""window.playTTS(this.getAttribute('data-tts'))""><svg viewBox=""0 0 24 24"" fill=""none"" stroke=""currentColor"" stroke-width=""2""><polygon points=""5 3 19 12 5 21 5 3""></polygon></svg></button></div><div class=""meta-section""><div class=""translation"">這家人決定將佈滿灰塵的閣樓改成一個給他們青春期兒子使用的小巧舒適的書房。</div><div class=""entry-explanation"">名詞「閣樓」。常用搭配 convert... into... (將...轉化為...)。</div></div></div><div class=""entry""><div class=""sentence-row""><div class=""sentence"">While exploring the old house, the children found a mysterious locked wooden box <span class=""collocation"">in</span> the <span class=""target-word"">attic</span> that contained ancient coins.</div><button class=""tts-button"" data-tts=""While exploring the old house, the children found a mysterious locked wooden box in the attic that contained ancient coins."" onclick=""window.playTTS(this.getAttribute('data-tts'))""><svg viewBox=""0 0 24 24"" fill=""none"" stroke=""currentColor"" stroke-width=""2""><polygon points=""5 3 19 12 5 21 5 3""></polygon></svg></button></div><div class=""meta-section""><div class=""translation"">在探索舊房子時，孩子們在閣樓裡發現了一個裝有古幣的神秘鎖住的木箱。</div><div class=""entry-explanation"">名詞「閣樓」。</div></div></div></div><div class=""related-forms""><span class=""label"">Related:</span> attics</div></div>"
attorney	"<div class=""anki-card-content""><div class=""general-explanation"">名詞「律師」。在美國英語中常用 attorney，而在英國英語中常用 solicitor 或 barrister。常用搭配 defense attorney (辯護律師)。</div><div class=""entries-container""><div class=""entry""><div class=""sentence-row""><div class=""sentence"">The suspect was advised to contact a defense <span class=""target-word"">attorney</span> to ensure his legal rights were protected during the trial.</div><button class=""tts-button"" data-tts=""The suspect was advised to contact a defense attorney to ensure his legal rights were protected during the trial."" onclick=""window.playTTS(this.getAttribute('data-tts'))""><svg viewBox=""0 0 24 24"" fill=""none"" stroke=""currentColor"" stroke-width=""2""><polygon points=""5 3 19 12 5 21 5 3""></polygon></svg></button></div><div class=""meta-section""><div class=""translation"">嫌疑犯被建議聯繫一名辯護律師，以確保他在審判期間的法律權利受到保護。</div><div class=""entry-explanation"">名詞「律師」。常用搭配 defense attorney (辯護律師)。</div></div></div><div class=""entry""><div class=""sentence-row""><div class=""sentence"">After the car accident, the victim hired an <span class=""target-word"">attorney</span> to help him <span class=""collocation"">file a lawsuit</span> against the insurance company.</div><button class=""tts-button"" data-tts=""After the car accident, the victim hired an attorney to help him file a lawsuit against the insurance company."" onclick=""window.playTTS(this.getAttribute('data-tts'))""><svg viewBox=""0 0 24 24"" fill=""none"" stroke=""currentColor"" stroke-width=""2""><polygon points=""5 3 19 12 5 21 5 3""></polygon></svg></button></div><div class=""meta-section""><div class=""translation"">車禍後，受害者聘請了一名律師來幫助他向保險公司提起訴訟。</div><div class=""entry-explanation"">名詞「律師」。常用片語 file a lawsuit (提起訴訟)。</div></div></div><div class=""entry""><div class=""sentence-row""><div class=""sentence"">The company's corporate <span class=""target-word"">attorney</span> reviewed the contract carefully to make sure there were no legal loopholes that could cause problems.</div><button class=""tts-button"" data-tts=""The company&#x27;s corporate attorney reviewed the contract carefully to make sure there were no legal loopholes that could cause problems."" onclick=""window.playTTS(this.getAttribute('data-tts'))""><svg viewBox=""0 0 24 24"" fill=""none"" stroke=""currentColor"" stroke-width=""2""><polygon points=""5 3 19 12 5 21 5 3""></polygon></svg></button></div><div class=""meta-section""><div class=""translation"">公司的企業律師仔細地審查了合約，以確保沒有會導致問題的法律漏洞。</div><div class=""entry-explanation"">名詞「律師」。</div></div></div></div><div class=""related-forms""><span class=""label"">Related:</span> attorneys</div></div>"
attribute	"<div class=""anki-card-content""><div class=""general-explanation"">動詞「歸因於」。注意其名詞形式 attribute (發音不同) 意為「特質；屬性」。常用結構 attribute sth to sth (將...歸因於...)。</div><div class=""entries-container""><div class=""entry""><div class=""sentence-row""><div class=""sentence"">Many historians <span class=""target-word"">attribute</span> the fall of the ancient empire <span class=""collocation"">to</span> a combination of internal corruption and external invasions.</div><button class=""tts-button"" data-tts=""Many historians attribute the fall of the ancient empire to a combination of internal corruption and external invasions."" onclick=""window.playTTS(this.getAttribute('data-tts'))""><svg viewBox=""0 0 24 24"" fill=""none"" stroke=""currentColor"" stroke-width=""2""><polygon points=""5 3 19 12 5 21 5 3""></polygon></svg></button></div><div class=""meta-section""><div class=""translation"">許多歷史學家將古代帝國的滅亡歸因於內部腐敗和外部入侵的結合。</div><div class=""entry-explanation"">動詞「歸因於」。常用結構 attribute sth to sth。</div></div></div><div class=""entry""><div class=""sentence-row""><div class=""sentence"">The coach <span class=""target-word"">attributed</span> the team's victory <span class=""collocation"">to</span> the players' hard work and their ability to communicate effectively on the field.</div><button class=""tts-button"" data-tts=""The coach attributed the team&#x27;s victory to the players&#x27; hard work and their ability to communicate effectively on the field."" onclick=""window.playTTS(this.getAttribute('data-tts'))""><svg viewBox=""0 0 24 24"" fill=""none"" stroke=""currentColor"" stroke-width=""2""><polygon points=""5 3 19 12 5 21 5 3""></polygon></svg></button></div><div class=""meta-section""><div class=""translation"">教練將球隊的勝利歸因於球員們的努力工作以及他們在場上有效溝通的能力。</div><div class=""entry-explanation"">動詞「歸因於」。</div></div></div><div class=""entry""><div class=""sentence-row""><div class=""sentence"">The doctor <span class=""target-word"">attributed</span> the patient's sudden recovery <span class=""collocation"">to</span> a new experimental treatment that had shown promising results in early trials.</div><button class=""tts-button"" data-tts=""The doctor attributed the patient&#x27;s sudden recovery to a new experimental treatment that had shown promising results in early trials."" onclick=""window.playTTS(this.getAttribute('data-tts'))""><svg viewBox=""0 0 24 24"" fill=""none"" stroke=""currentColor"" stroke-width=""2""><polygon points=""5 3 19 12 5 21 5 3""></polygon></svg></button></div><div class=""meta-section""><div class=""translation"">醫生將患者的突然康復歸因於於一個在早期試驗中顯示出良好結果的新實驗性治療方法。</div><div class=""entry-explanation"">動詞「歸因於」。</div></div></div></div><div class=""related-forms""><span class=""label"">Related:</span> attributable</div></div>"
auction	"<div class=""anki-card-content""><div class=""general-explanation"">名詞「拍賣會」；動詞「拍賣」。指透過競爭出價最高者得之。常用片語 put up for auction (將...投入拍賣)。</div><div class=""entries-container""><div class=""entry""><div class=""sentence-row""><div class=""sentence"">The rare stamp collection was <span class=""target-word"">put up for</span> <span class=""target-word"">auction</span>, attracting bidders from all over the world who were willing to pay high prices.</div><button class=""tts-button"" data-tts=""The rare stamp collection was put up for auction, attracting bidders from all over the world who were willing to pay high prices."" onclick=""window.playTTS(this.getAttribute('data-tts'))""><svg viewBox=""0 0 24 24"" fill=""none"" stroke=""currentColor"" stroke-width=""2""><polygon points=""5 3 19 12 5 21 5 3""></polygon></svg></button></div><div class=""meta-section""><div class=""translation"">這套稀有郵票收藏被投入拍賣，吸引了來自世界各地願意支付高價的競標者。</div><div class=""entry-explanation"">名詞「拍賣會」。常用片語 put up for auction。</div></div></div><div class=""entry""><div class=""sentence-row""><div class=""sentence"">The company decided to <span class=""target-word"">auction</span> off its old office equipment to make room for new, more efficient technology in the workspace.</div><button class=""tts-button"" data-tts=""The company decided to auction off its old office equipment to make room for new, more efficient technology in the workspace."" onclick=""window.playTTS(this.getAttribute('data-tts'))""><svg viewBox=""0 0 24 24"" fill=""none"" stroke=""currentColor"" stroke-width=""2""><polygon points=""5 3 19 12 5 21 5 3""></polygon></svg></button></div><div class=""meta-section""><div class=""translation"">公司決定將其舊的辦公設備拍賣掉，以在工作空間中為新的、更高效的技術騰出空間。</div><div class=""entry-explanation"">動詞「拍賣」。常用片語 auction off (拍賣掉)。</div></div></div><div class=""entry""><div class=""sentence-row""><div class=""sentence"">At the <span class=""target-word"">auction</span>, the bidding started at one thousand dollars, but it quickly rose as several people competed for the artwork.</div><button class=""tts-button"" data-tts=""At the auction, the bidding started at one thousand dollars, but it quickly rose as several people competed for the artwork."" onclick=""window.playTTS(this.getAttribute('data-tts'))""><svg viewBox=""0 0 24 24"" fill=""none"" stroke=""currentColor"" stroke-width=""2""><polygon points=""5 3 19 12 5 21 5 3""></polygon></svg></button></div><div class=""meta-section""><div class=""translation"">在拍賣會上，競標從一千美元開始，但隨著數人爭奪這件藝術品，價格迅速上升。</div><div class=""entry-explanation"">名詞「拍賣會」。</div></div></div></div><div class=""related-forms""><span class=""label"">Related:</span> auctioneer</div></div>"
authorize	"<div class=""anki-card-content""><div class=""general-explanation"">動詞「授權；批准」。指正式允許某人做某事或正式批准某項計畫。常用被動語態 be authorized to V。</div><div class=""entries-container""><div class=""entry""><div class=""sentence-row""><div class=""sentence"">Only the school principal is <span class=""target-word"">authorized</span> <span class=""collocation"">to</span> approve the budget for the upcoming annual sports meet.</div><button class=""tts-button"" data-tts=""Only the school principal is authorized to approve the budget for the upcoming annual sports meet."" onclick=""window.playTTS(this.getAttribute('data-tts'))""><svg viewBox=""0 0 24 24"" fill=""none"" stroke=""currentColor"" stroke-width=""2""><polygon points=""5 3 19 12 5 21 5 3""></polygon></svg></button></div><div class=""meta-section""><div class=""translation"">只有校長被授權批准即將到來的年度運動會的預算。</div><div class=""entry-explanation"">動詞「授權」。常用句型 be authorized to V。</div></div></div><div class=""entry""><div class=""sentence-row""><div class=""sentence"">The government decided to <span class=""target-word"">authorize</span> the construction of a new bridge to reduce traffic congestion between the two cities.</div><button class=""tts-button"" data-tts=""The government decided to authorize the construction of a new bridge to reduce traffic congestion between the two cities."" onclick=""window.playTTS(this.getAttribute('data-tts'))""><svg viewBox=""0 0 24 24"" fill=""none"" stroke=""currentColor"" stroke-width=""2""><polygon points=""5 3 19 12 5 21 5 3""></polygon></svg></button></div><div class=""meta-section""><div class=""translation"">政府決定批准建設一座新橋樑，以減少兩座城市之間的交通擁堵。</div><div class=""entry-explanation"">動詞「批准」。指正式許可某項計畫或行動。</div></div></div><div class=""entry""><div class=""sentence-row""><div class=""sentence"">Please enter your password to <span class=""target-word"">authorize</span> the transaction, ensuring that your bank account remains secure from fraud.</div><button class=""tts-button"" data-tts=""Please enter your password to authorize the transaction, ensuring that your bank account remains secure from fraud."" onclick=""window.playTTS(this.getAttribute('data-tts'))""><svg viewBox=""0 0 24 24"" fill=""none"" stroke=""currentColor"" stroke-width=""2""><polygon points=""5 3 19 12 5 21 5 3""></polygon></svg></button></div><div class=""meta-section""><div class=""translation"">請輸入您的密碼以授權此次交易，確保您的銀行帳戶免受欺詐而保持安全。</div><div class=""entry-explanation"">動詞「授權」。常用於金融或數位權限語境。</div></div></div></div><div class=""related-forms""><span class=""label"">Related:</span> authorization, authorized</div></div>"
autonomy	"<div class=""anki-card-content""><div class=""general-explanation"">名詞「自治權；自主性」。指一個國家、地區或個人能夠自我管理、獨立決策的能力或權利。</div><div class=""entries-container""><div class=""entry""><div class=""sentence-row""><div class=""sentence"">The university allows its professors a great deal of <span class=""target-word"">autonomy</span> <span class=""collocation"">in</span> designing their own courses and teaching methods.</div><button class=""tts-button"" data-tts=""The university allows its professors a great deal of autonomy in designing their own courses and teaching methods."" onclick=""window.playTTS(this.getAttribute('data-tts'))""><svg viewBox=""0 0 24 24"" fill=""none"" stroke=""currentColor"" stroke-width=""2""><polygon points=""5 3 19 12 5 21 5 3""></polygon></svg></button></div><div class=""meta-section""><div class=""translation"">這所大學允許教授在設計自己的課程和教學方法方面擁有很大程度的自主權。</div><div class=""entry-explanation"">名詞「自主性」。常用搭配 autonomy in sth。</div></div></div><div class=""entry""><div class=""sentence-row""><div class=""sentence"">Many people believe that giving students more <span class=""target-word"">autonomy</span> <span class=""collocation"">over</span> their learning process can increase their motivation and creativity.</div><button class=""tts-button"" data-tts=""Many people believe that giving students more autonomy over their learning process can increase their motivation and creativity."" onclick=""window.playTTS(this.getAttribute('data-tts'))""><svg viewBox=""0 0 24 24"" fill=""none"" stroke=""currentColor"" stroke-width=""2""><polygon points=""5 3 19 12 5 21 5 3""></polygon></svg></button></div><div class=""meta-section""><div class=""translation"">許多人認為，給予學生更多對學習過程的自主掌控權可以提高他們的動力和創造力。</div><div class=""entry-explanation"">名詞「自主權」。常用搭配 autonomy over sth。</div></div></div><div class=""entry""><div class=""sentence-row""><div class=""sentence"">The regional government fought for greater political <span class=""target-word"">autonomy</span> to manage its own local laws and economic policies.</div><button class=""tts-button"" data-tts=""The regional government fought for greater political autonomy to manage its own local laws and economic policies."" onclick=""window.playTTS(this.getAttribute('data-tts'))""><svg viewBox=""0 0 24 24"" fill=""none"" stroke=""currentColor"" stroke-width=""2""><polygon points=""5 3 19 12 5 21 5 3""></polygon></svg></button></div><div class=""meta-section""><div class=""translation"">該地區政府爭取更大的政治自治權，以便管理自己的地方法律和經濟政策。</div><div class=""entry-explanation"">名詞「自治權」。指政治上的獨立管理。</div></div></div></div><div class=""related-forms""><span class=""label"">Related:</span> autonomous</div></div>"
awe	"<div class=""anki-card-content""><div class=""general-explanation"">名詞「敬畏；驚嘆」；動詞「使敬畏」。常用於描述面對壯麗自然景觀或偉大成就時的感受。常見片語 in awe of (對...感到敬畏)。</div><div class=""entries-container""><div class=""entry""><div class=""sentence-row""><div class=""sentence"">The tourists stood <span class=""collocation"">in</span> <span class=""target-word"">awe</span> <span class=""collocation"">of</span> the Grand Canyon, amazed by its immense size and breathtaking beauty.</div><button class=""tts-button"" data-tts=""The tourists stood in awe of the Grand Canyon, amazed by its immense size and breathtaking beauty."" onclick=""window.playTTS(this.getAttribute('data-tts'))""><svg viewBox=""0 0 24 24"" fill=""none"" stroke=""currentColor"" stroke-width=""2""><polygon points=""5 3 19 12 5 21 5 3""></polygon></svg></button></div><div class=""meta-section""><div class=""translation"">遊客們對大峽谷感到敬畏，被其巨大的規模和令人窒息的美麗所震撼。</div><div class=""entry-explanation"">名詞「敬畏」。片語 in awe of 表示對某人或某物感到極其敬佩或震撼。</div></div></div><div class=""entry""><div class=""sentence-row""><div class=""sentence"">The young artist was <span class=""target-word"">awed</span> <span class=""collocation"">by</span> the intricate details of the ancient sculptures in the museum.</div><button class=""tts-button"" data-tts=""The young artist was awed by the intricate details of the ancient sculptures in the museum."" onclick=""window.playTTS(this.getAttribute('data-tts'))""><svg viewBox=""0 0 24 24"" fill=""none"" stroke=""currentColor"" stroke-width=""2""><polygon points=""5 3 19 12 5 21 5 3""></polygon></svg></button></div><div class=""meta-section""><div class=""translation"">年輕的藝術家被博物館中古代雕塑的複雜細節所震撼。</div><div class=""entry-explanation"">動詞「使敬畏」的被動形式。常用搭配 be awed by sth。</div></div></div><div class=""entry""><div class=""sentence-row""><div class=""sentence"">The sheer scale of the universe and the number of galaxies often fill astronomers with a sense of <span class=""target-word"">awe</span>.</div><button class=""tts-button"" data-tts=""The sheer scale of the universe and the number of galaxies often fill astronomers with a sense of awe."" onclick=""window.playTTS(this.getAttribute('data-tts'))""><svg viewBox=""0 0 24 24"" fill=""none"" stroke=""currentColor"" stroke-width=""2""><polygon points=""5 3 19 12 5 21 5 3""></polygon></svg></button></div><div class=""meta-section""><div class=""translation"">宇宙的巨大規模和星系的數量經常讓天文學家感到一種敬畏之情。</div><div class=""entry-explanation"">名詞「敬畏」。常用搭配 a sense of awe。</div></div></div></div><div class=""related-forms""><span class=""label"">Related:</span> awesome, awestruck</div></div>"
backyard	"<div class=""anki-card-content""><div class=""general-explanation"">名詞「後院」。指住宅後方的戶外空間。常用於描述家庭生活或休閒活動。</div><div class=""entries-container""><div class=""entry""><div class=""sentence-row""><div class=""sentence"">On sunny weekends, the family often gathers in the <span class=""target-word"">backyard</span> to have a barbecue and play games together.</div><button class=""tts-button"" data-tts=""On sunny weekends, the family often gathers in the backyard to have a barbecue and play games together."" onclick=""window.playTTS(this.getAttribute('data-tts'))""><svg viewBox=""0 0 24 24"" fill=""none"" stroke=""currentColor"" stroke-width=""2""><polygon points=""5 3 19 12 5 21 5 3""></polygon></svg></button></div><div class=""meta-section""><div class=""translation"">在陽光的週末，全家人經常聚集在後院一起燒烤並玩遊戲。</div><div class=""entry-explanation"">名詞「後院」。</div></div></div><div class=""entry""><div class=""sentence-row""><div class=""sentence"">The children spent the entire afternoon playing soccer in the <span class=""target-word"">backyard</span>, unaware that it was starting to rain.</div><button class=""tts-button"" data-tts=""The children spent the entire afternoon playing soccer in the backyard, unaware that it was starting to rain."" onclick=""window.playTTS(this.getAttribute('data-tts'))""><svg viewBox=""0 0 24 24"" fill=""none"" stroke=""currentColor"" stroke-width=""2""><polygon points=""5 3 19 12 5 21 5 3""></polygon></svg></button></div><div class=""meta-section""><div class=""translation"">孩子們整個下午都在後院踢足球，沒有意識到開始下雨了。</div><div class=""entry-explanation"">名詞「後院」。</div></div></div><div class=""entry""><div class=""sentence-row""><div class=""sentence"">She decided to plant a small vegetable garden in her <span class=""target-word"">backyard</span> to grow fresh tomatoes and cucumbers for her family.</div><button class=""tts-button"" data-tts=""She decided to plant a small vegetable garden in her backyard to grow fresh tomatoes and cucumbers for her family."" onclick=""window.playTTS(this.getAttribute('data-tts'))""><svg viewBox=""0 0 24 24"" fill=""none"" stroke=""currentColor"" stroke-width=""2""><polygon points=""5 3 19 12 5 21 5 3""></polygon></svg></button></div><div class=""meta-section""><div class=""translation"">她決定在她的後院種一個小蔬菜園，為家人種新鮮的番茄和小黃瓜。</div><div class=""entry-explanation"">名詞「後院」。</div></div></div></div><div class=""related-forms""><span class=""label"">Related:</span> backyards</div></div>"
ballot	"<div class=""anki-card-content""><div class=""general-explanation"">名詞「選票；投票」；動詞「投票」。 ballot box 指「投票箱」。cast a ballot 為常用片語，意為「投一票」。</div><div class=""entries-container""><div class=""entry""><div class=""sentence-row""><div class=""sentence"">After the debate, the students <span class=""collocation"">cast</span> their <span class=""target-word"">ballots</span> to elect the new class president in a secret vote.</div><button class=""tts-button"" data-tts=""After the debate, the students cast their ballots to elect the new class president in a secret vote."" onclick=""window.playTTS(this.getAttribute('data-tts'))""><svg viewBox=""0 0 24 24"" fill=""none"" stroke=""currentColor"" stroke-width=""2""><polygon points=""5 3 19 12 5 21 5 3""></polygon></svg></button></div><div class=""meta-section""><div class=""translation"">辯論結束後，學生們在秘密投票中投了選票，以選出新的班長。</div><div class=""entry-explanation"">名詞「選票」。片語 cast a ballot 表示「投一票」。</div></div></div><div class=""entry""><div class=""sentence-row""><div class=""sentence"">The election officials carefully counted every <span class=""target-word"">ballot</span> to ensure that the final result was accurate and fair.</div><button class=""tts-button"" data-tts=""The election officials carefully counted every ballot to ensure that the final result was accurate and fair."" onclick=""window.playTTS(this.getAttribute('data-tts'))""><svg viewBox=""0 0 24 24"" fill=""none"" stroke=""currentColor"" stroke-width=""2""><polygon points=""5 3 19 12 5 21 5 3""></polygon></svg></button></div><div class=""meta-section""><div class=""translation"">選舉官員仔細地計算每張選票，以確保最終結果準確且公平。</div><div class=""entry-explanation"">名詞「選票」。</div></div></div><div class=""entry""><div class=""sentence-row""><div class=""sentence"">The committee decided to <span class=""target-word"">ballot</span> the members to determine whether the proposal should be accepted or rejected.</div><button class=""tts-button"" data-tts=""The committee decided to ballot the members to determine whether the proposal should be accepted or rejected."" onclick=""window.playTTS(this.getAttribute('data-tts'))""><svg viewBox=""0 0 24 24"" fill=""none"" stroke=""currentColor"" stroke-width=""2""><polygon points=""5 3 19 12 5 21 5 3""></polygon></svg></button></div><div class=""meta-section""><div class=""translation"">委員會決定對成員進行投票，以決定該提案應該被接受還是被拒絕。</div><div class=""entry-explanation"">動詞「投票」。指通過投票方式來做決定。</div></div></div><div class=""entry""><div class=""sentence-row""><div class=""sentence"">The security guards monitored the <span class=""target-word"">ballot</span> <span class=""collocation"">box</span> throughout the day to prevent any illegal attempts to change the votes.</div><button class=""tts-button"" data-tts=""The security guards monitored the ballot box throughout the day to prevent any illegal attempts to change the votes."" onclick=""window.playTTS(this.getAttribute('data-tts'))""><svg viewBox=""0 0 24 24"" fill=""none"" stroke=""currentColor"" stroke-width=""2""><polygon points=""5 3 19 12 5 21 5 3""></polygon></svg></button></div><div class=""meta-section""><div class=""translation"">保全人員整天監控投票箱，以防止任何非法更改票數的嘗試。</div><div class=""entry-explanation"">名詞「選票/投票」。ballot box 指「投票箱」。</div></div></div></div><div class=""related-forms""><span class=""label"">Related:</span> ballots</div></div>"
ban	"<div class=""anki-card-content""><div class=""general-explanation"">動詞「禁止」；名詞「禁令」。常用搭配 ban sth on sth (禁止某物在某處使用) 或 place a ban on sth (對...實施禁令)。</div><div class=""entries-container""><div class=""entry""><div class=""sentence-row""><div class=""sentence"">The school decided to <span class=""target-word"">ban</span> the use of smartphones during class to help students concentrate better on their lessons.</div><button class=""tts-button"" data-tts=""The school decided to ban the use of smartphones during class to help students concentrate better on their lessons."" onclick=""window.playTTS(this.getAttribute('data-tts'))""><svg viewBox=""0 0 24 24"" fill=""none"" stroke=""currentColor"" stroke-width=""2""><polygon points=""5 3 19 12 5 21 5 3""></polygon></svg></button></div><div class=""meta-section""><div class=""translation"">學校決定禁止在課堂上使用智慧型手機，以幫助學生更好地專注於課程。</div><div class=""entry-explanation"">動詞「禁止」。常用搭配 ban sth。</div></div></div><div class=""entry""><div class=""sentence-row""><div class=""sentence"">The city government <span class=""collocation"">placed</span> a <span class=""target-word"">ban</span> <span class=""collocation"">on</span> plastic bags to reduce environmental pollution and encourage people to use reusable bags.</div><button class=""tts-button"" data-tts=""The city government placed a ban on plastic bags to reduce environmental pollution and encourage people to use reusable bags."" onclick=""window.playTTS(this.getAttribute('data-tts'))""><svg viewBox=""0 0 24 24"" fill=""none"" stroke=""currentColor"" stroke-width=""2""><polygon points=""5 3 19 12 5 21 5 3""></polygon></svg></button></div><div class=""meta-section""><div class=""translation"">市政府對塑膠袋實施了禁令，以減少環境污染並鼓勵人們使用可重複使用的購物袋。</div><div class=""entry-explanation"">名詞「禁令」。片語 place a ban on sth 表示「對...實施禁令」。</div></div></div><div class=""entry""><div class=""sentence-row""><div class=""sentence"">Due to safety concerns, the local authorities <span class=""target-word"">banned</span> swimming in the lake after the heavy rains caused the water to become contaminated.</div><button class=""tts-button"" data-tts=""Due to safety concerns, the local authorities banned swimming in the lake after the heavy rains caused the water to become contaminated."" onclick=""window.playTTS(this.getAttribute('data-tts'))""><svg viewBox=""0 0 24 24"" fill=""none"" stroke=""currentColor"" stroke-width=""2""><polygon points=""5 3 19 12 5 21 5 3""></polygon></svg></button></div><div class=""meta-section""><div class=""translation"">出於安全考量，在暴雨導致水質污染後，地方當局禁止在湖中游泳。</div><div class=""entry-explanation"">動詞「禁止」。</div></div></div><div class=""entry""><div class=""sentence-row""><div class=""sentence"">The government's <span class=""target-word"">ban</span> <span class=""collocation"">on</span> certain chemicals was welcomed by environmental groups who wanted to protect the local wildlife.</div><button class=""tts-button"" data-tts=""The government&#x27;s ban on certain chemicals was welcomed by environmental groups who wanted to protect the local wildlife."" onclick=""window.playTTS(this.getAttribute('data-tts'))""><svg viewBox=""0 0 24 24"" fill=""none"" stroke=""currentColor"" stroke-width=""2""><polygon points=""5 3 19 12 5 21 5 3""></polygon></svg></button></div><div class=""meta-section""><div class=""translation"">政府對某些化學物質的禁令受到了環境團體的歡迎，他們希望保護當地野生動物。</div><div class=""entry-explanation"">名詞「禁令」。常用搭配 ban on sth。</div></div></div></div><div class=""related-forms""><span class=""label"">Related:</span> bans, banned</div></div>"
banner	"<div class=""anki-card-content""><div class=""general-explanation"">名詞「橫幅；旗幟」。常用於抗議、慶祝或廣告。常用搭配 hang a banner (掛橫幅)。</div><div class=""entries-container""><div class=""entry""><div class=""sentence-row""><div class=""sentence"">The students <span class=""collocation"">hung</span> a large, colorful <span class=""target-word"">banner</span> across the gym to welcome the visiting basketball team from another city.</div><button class=""tts-button"" data-tts=""The students hung a large, colorful banner across the gym to welcome the visiting basketball team from another city."" onclick=""window.playTTS(this.getAttribute('data-tts'))""><svg viewBox=""0 0 24 24"" fill=""none"" stroke=""currentColor"" stroke-width=""2""><polygon points=""5 3 19 12 5 21 5 3""></polygon></svg></button></div><div class=""meta-section""><div class=""translation"">學生們在體育館橫跨掛了一條巨大的彩色橫幅，以歡迎來自另一個城市的客隊籃球隊。</div><div class=""entry-explanation"">名詞「橫幅」。常用搭配 hang a banner。</div></div></div><div class=""entry""><div class=""sentence-row""><div class=""sentence"">During the protest, the activists carried a <span class=""target-word"">banner</span> that demanded stricter laws to protect the endangered species in the rainforest.</div><button class=""tts-button"" data-tts=""During the protest, the activists carried a banner that demanded stricter laws to protect the endangered species in the rainforest."" onclick=""window.playTTS(this.getAttribute('data-tts'))""><svg viewBox=""0 0 24 24"" fill=""none"" stroke=""currentColor"" stroke-width=""2""><polygon points=""5 3 19 12 5 21 5 3""></polygon></svg></button></div><div class=""meta-section""><div class=""translation"">在抗議期間，活動人士攜帶著一條橫幅，要求制定更嚴格的法律來保護雨林中瀕危的物種。</div><div class=""entry-explanation"">名詞「橫幅」。</div></div></div><div class=""entry""><div class=""sentence-row""><div class=""sentence"">The website's home page features a bright <span class=""target-word"">banner</span> <span class=""collocation"">ad</span> promoting the upcoming summer sale with huge discounts on all electronics.</div><button class=""tts-button"" data-tts=""The website&#x27;s home page features a bright banner ad promoting the upcoming summer sale with huge discounts on all electronics."" onclick=""window.playTTS(this.getAttribute('data-tts'))""><svg viewBox=""0 0 24 24"" fill=""none"" stroke=""currentColor"" stroke-width=""2""><polygon points=""5 3 19 12 5 21 5 3""></polygon></svg></button></div><div class=""meta-section""><div class=""translation"">該網站的首頁有一個亮眼的橫幅廣告，推廣即將到來的夏季特賣，所有電子產品都有巨大的折扣。</div><div class=""entry-explanation"">名詞「橫幅」。banner ad 指「橫幅廣告」。</div></div></div></div><div class=""related-forms""><span class=""label"">Related:</span> banners</div></div>"
barren	"<div class=""anki-card-content""><div class=""general-explanation"">形容詞「貧瘠的；不毛的」。常用於描述土地無法種植作物，或比喻某處缺乏生命力或想法枯竭。</div><div class=""entries-container""><div class=""entry""><div class=""sentence-row""><div class=""sentence"">Because the land was so <span class=""target-word"">barren</span>, the farmers struggled to grow enough crops to feed their families during the drought.</div><button class=""tts-button"" data-tts=""Because the land was so barren, the farmers struggled to grow enough crops to feed their families during the drought."" onclick=""window.playTTS(this.getAttribute('data-tts'))""><svg viewBox=""0 0 24 24"" fill=""none"" stroke=""currentColor"" stroke-width=""2""><polygon points=""5 3 19 12 5 21 5 3""></polygon></svg></button></div><div class=""meta-section""><div class=""translation"">因為土地如此貧瘠，農民在乾旱期間很難種出足夠的作物來餵養他們的家人。</div><div class=""entry-explanation"">形容詞「貧瘠的」。指土地缺乏營養，無法耕種。</div></div></div><div class=""entry""><div class=""sentence-row""><div class=""sentence"">The explorers traveled across the <span class=""target-word"">barren</span> landscape of the desert, where they saw almost no plants or animals for miles.</div><button class=""tts-button"" data-tts=""The explorers traveled across the barren landscape of the desert, where they saw almost no plants or animals for miles."" onclick=""window.playTTS(this.getAttribute('data-tts'))""><svg viewBox=""0 0 24 24"" fill=""none"" stroke=""currentColor"" stroke-width=""2""><polygon points=""5 3 19 12 5 21 5 3""></polygon></svg></button></div><div class=""meta-section""><div class=""translation"">探險家們穿越沙漠的荒涼景觀，在那裡好幾英里幾乎看不到任何植物或動物。</div><div class=""entry-explanation"">形容詞「荒涼的、不毛的」。</div></div></div><div class=""entry""><div class=""sentence-row""><div class=""sentence"">After hours of brainstorming, the writer felt his mind had become <span class=""target-word"">barren</span>, and he could not think of any new ideas for the story.</div><button class=""tts-button"" data-tts=""After hours of brainstorming, the writer felt his mind had become barren, and he could not think of any new ideas for the story."" onclick=""window.playTTS(this.getAttribute('data-tts'))""><svg viewBox=""0 0 24 24"" fill=""none"" stroke=""currentColor"" stroke-width=""2""><polygon points=""5 3 19 12 5 21 5 3""></polygon></svg></button></div><div class=""meta-section""><div class=""translation"">經過數小時的集思廣益後，作者覺得自己的腦袋空了，無法為故事想出任何新點子。</div><div class=""entry-explanation"">形容詞「枯竭的」。比喻想法或創造力缺失。</div></div></div></div><div class=""related-forms""><span class=""label"">Related:</span> barrenness</div></div>"
batch	"<div class=""anki-card-content""><div class=""general-explanation"">名詞「一批」。指在同一時間生產或處理的一組相同物品。常用於烘焙（a batch of cookies）或電腦處理（batch processing）。</div><div class=""entries-container""><div class=""entry""><div class=""sentence-row""><div class=""sentence"">The baker prepared a fresh <span class=""target-word"">batch</span> <span class=""collocation"">of</span> chocolate chip cookies, and the sweet smell filled the entire bakery.</div><button class=""tts-button"" data-tts=""The baker prepared a fresh batch of chocolate chip cookies, and the sweet smell filled the entire bakery."" onclick=""window.playTTS(this.getAttribute('data-tts'))""><svg viewBox=""0 0 24 24"" fill=""none"" stroke=""currentColor"" stroke-width=""2""><polygon points=""5 3 19 12 5 21 5 3""></polygon></svg></button></div><div class=""meta-section""><div class=""translation"">烘焙師準備了一批新鮮的巧克力碎片餅乾，甜美的香味瀰漫在整個麵包店中。</div><div class=""entry-explanation"">名詞「一批」。常用搭配 a batch of sth。</div></div></div><div class=""entry""><div class=""sentence-row""><div class=""sentence"">The factory produced a new <span class=""target-word"">batch</span> <span class=""collocation"">of</span> smartphones, but some were returned due to a technical defect in the screen.</div><button class=""tts-button"" data-tts=""The factory produced a new batch of smartphones, but some were returned due to a technical defect in the screen."" onclick=""window.playTTS(this.getAttribute('data-tts'))""><svg viewBox=""0 0 24 24"" fill=""none"" stroke=""currentColor"" stroke-width=""2""><polygon points=""5 3 19 12 5 21 5 3""></polygon></svg></button></div><div class=""meta-section""><div class=""translation"">工廠生產了一批新的智慧型手機，但其中一些因為螢幕有技術缺陷而被退貨。</div><div class=""entry-explanation"">名詞「一批」。指同一生產批次。</div></div></div><div class=""entry""><div class=""sentence-row""><div class=""sentence"">The teacher graded the first <span class=""target-word"">batch</span> <span class=""collocation"">of</span> essays over the weekend, providing detailed feedback to help the students improve.</div><button class=""tts-button"" data-tts=""The teacher graded the first batch of essays over the weekend, providing detailed feedback to help the students improve."" onclick=""window.playTTS(this.getAttribute('data-tts'))""><svg viewBox=""0 0 24 24"" fill=""none"" stroke=""currentColor"" stroke-width=""2""><polygon points=""5 3 19 12 5 21 5 3""></polygon></svg></button></div><div class=""meta-section""><div class=""translation"">老師在週末批改了第一批論文，並提供詳細的反饋以幫助學生進步。</div><div class=""entry-explanation"">名詞「一批」。指同一時間處理的一組文件。</div></div></div></div><div class=""related-forms""><span class=""label"">Related:</span> batches</div></div>"
behalf	"<div class=""anki-card-content""><div class=""general-explanation"">名詞「代表」。幾乎總是出現在片語 on behalf of (代表...；為了...的利益)。注意不要將其與 half (一半) 混淆。</div><div class=""entries-container""><div class=""entry""><div class=""sentence-row""><div class=""sentence"">The class president gave a short speech <span class=""collocation"">on</span> <span class=""target-word"">behalf</span> <span class=""collocation"">of</span> all the students to thank the principal for the new library.</div><button class=""tts-button"" data-tts=""The class president gave a short speech on behalf of all the students to thank the principal for the new library."" onclick=""window.playTTS(this.getAttribute('data-tts'))""><svg viewBox=""0 0 24 24"" fill=""none"" stroke=""currentColor"" stroke-width=""2""><polygon points=""5 3 19 12 5 21 5 3""></polygon></svg></button></div><div class=""meta-section""><div class=""translation"">班長代表所有學生發表了一短篇演講，感謝校長提供新的圖書館。</div><div class=""entry-explanation"">名詞「代表」。片語 on behalf of 表示「代表某人」。</div></div></div><div class=""entry""><div class=""sentence-row""><div class=""sentence"">The lawyer spoke <span class=""collocation"">on</span> <span class=""target-word"">behalf</span> <span class=""collocation"">of</span> his client during the trial, arguing that the evidence was insufficient for a conviction.</div><button class=""tts-button"" data-tts=""The lawyer spoke on behalf of his client during the trial, arguing that the evidence was insufficient for a conviction."" onclick=""window.playTTS(this.getAttribute('data-tts'))""><svg viewBox=""0 0 24 24"" fill=""none"" stroke=""currentColor"" stroke-width=""2""><polygon points=""5 3 19 12 5 21 5 3""></polygon></svg></button></div><div class=""meta-section""><div class=""translation"">律師在審判期間代表他的當事人發言，主張證據不足以定罪。</div><div class=""entry-explanation"">名詞「代表」。片語 on behalf of 表示「代表某人」。</div></div></div><div class=""entry""><div class=""sentence-row""><div class=""sentence"">The organization raised money <span class=""collocation"">on</span> <span class=""target-word"">behalf</span> <span class=""collocation"">of</span> the refugees, providing them with food, clothing, and temporary shelter.</div><button class=""tts-button"" data-tts=""The organization raised money on behalf of the refugees, providing them with food, clothing, and temporary shelter."" onclick=""window.playTTS(this.getAttribute('data-tts'))""><svg viewBox=""0 0 24 24"" fill=""none"" stroke=""currentColor"" stroke-width=""2""><polygon points=""5 3 19 12 5 21 5 3""></polygon></svg></button></div><div class=""meta-section""><div class=""translation"">該組織代表難民籌集資金，為他們提供食物、衣服和臨時住所。</div><div class=""entry-explanation"">名詞「代表/利益」。此處指為了難民的利益而採取行動。</div></div></div></div></div>"
belongings	"<div class=""anki-card-content""><div class=""general-explanation"">名詞「個人財產，所有物」。通常使用複數形式，指一個人隨身攜帶或擁有的東西。常考搭配：personal belongings (個人物品)。</div><div class=""entries-container""><div class=""entry""><div class=""sentence-row""><div class=""sentence"">Please remember to take all your personal <span class=""target-word"">belongings</span> with you when leaving the train, as lost items may not be recovered.</div><button class=""tts-button"" data-tts=""Please remember to take all your personal belongings with you when leaving the train, as lost items may not be recovered."" onclick=""window.playTTS(this.getAttribute('data-tts'))""><svg viewBox=""0 0 24 24"" fill=""none"" stroke=""currentColor"" stroke-width=""2""><polygon points=""5 3 19 12 5 21 5 3""></polygon></svg></button></div><div class=""meta-section""><div class=""translation"">離開火車時請記得帶走所有個人物品，因為遺失物可能無法找回。</div><div class=""entry-explanation"">名詞「個人財產」。常用搭配 personal belongings (個人物品)。</div></div></div></div></div>"
beloved	"<div class=""anki-card-content""><div class=""general-explanation"">形容詞「深受喜愛的」；名詞「心愛的人」。常用於描述對某人或某物的深厚情感。注意其形式為過去分詞轉化而來。</div><div class=""entries-container""><div class=""entry""><div class=""sentence-row""><div class=""sentence"">The students gathered to honor their <span class=""target-word"">beloved</span> teacher, who had taught English in the school for over thirty years with great passion.</div><button class=""tts-button"" data-tts=""The students gathered to honor their beloved teacher, who had taught English in the school for over thirty years with great passion."" onclick=""window.playTTS(this.getAttribute('data-tts'))""><svg viewBox=""0 0 24 24"" fill=""none"" stroke=""currentColor"" stroke-width=""2""><polygon points=""5 3 19 12 5 21 5 3""></polygon></svg></button></div><div class=""meta-section""><div class=""translation"">學生們聚集起來向他們深受喜愛的老師致敬，這位老師在學校教英文超過三十年且充滿熱情。</div><div class=""entry-explanation"">形容詞「深受喜愛的」。</div></div></div><div class=""entry""><div class=""sentence-row""><div class=""sentence"">After many years of searching, the old man finally found his <span class=""target-word"">beloved</span> dog, which had disappeared during a storm two years ago.</div><button class=""tts-button"" data-tts=""After many years of searching, the old man finally found his beloved dog, which had disappeared during a storm two years ago."" onclick=""window.playTTS(this.getAttribute('data-tts'))""><svg viewBox=""0 0 24 24"" fill=""none"" stroke=""currentColor"" stroke-width=""2""><polygon points=""5 3 19 12 5 21 5 3""></polygon></svg></button></div><div class=""meta-section""><div class=""translation"">經過多年的尋找，這位老人終於找到了他心愛的狗，這隻狗在兩年前的一場風暴中失蹤了。</div><div class=""entry-explanation"">名詞「心愛的人/物」。</div></div></div></div></div>"
beneficial	"<div class=""anki-card-content""><div class=""general-explanation"">形容詞「有益的，有利的」。常用於描述某事對健康、成長或學習有正面影響。常考搭配：be beneficial to (對...有益)。</div><div class=""entries-container""><div class=""entry""><div class=""sentence-row""><div class=""sentence"">Regular exercise and a balanced diet are highly <span class=""target-word"">beneficial</span> <span class=""collocation"">to</span> overall health, helping people stay fit and reduce the risk of diseases.</div><button class=""tts-button"" data-tts=""Regular exercise and a balanced diet are highly beneficial to overall health, helping people stay fit and reduce the risk of diseases."" onclick=""window.playTTS(this.getAttribute('data-tts'))""><svg viewBox=""0 0 24 24"" fill=""none"" stroke=""currentColor"" stroke-width=""2""><polygon points=""5 3 19 12 5 21 5 3""></polygon></svg></button></div><div class=""meta-section""><div class=""translation"">規律的運動和均衡的飲食對整體健康非常有益，能幫助人們保持健康並降低疾病風險。</div><div class=""entry-explanation"">形容詞「有益的」。常搭配介系詞 to。</div></div></div><div class=""entry""><div class=""sentence-row""><div class=""sentence"">Learning a second language is <span class=""target-word"">beneficial</span> for students as it opens up more career opportunities and enhances their understanding of different cultures.</div><button class=""tts-button"" data-tts=""Learning a second language is beneficial for students as it opens up more career opportunities and enhances their understanding of different cultures."" onclick=""window.playTTS(this.getAttribute('data-tts'))""><svg viewBox=""0 0 24 24"" fill=""none"" stroke=""currentColor"" stroke-width=""2""><polygon points=""5 3 19 12 5 21 5 3""></polygon></svg></button></div><div class=""meta-section""><div class=""translation"">學習第二語言對學生是有益的，因為它能開啟更多職業機會並增進他們對不同文化的理解。</div><div class=""entry-explanation"">形容詞「有益的」。</div></div></div></div><div class=""related-forms""><span class=""label"">Related:</span> benefit, beneficially</div></div>"
betray	"<div class=""anki-card-content""><div class=""general-explanation"">動詞「背叛，洩露」。指對信任之人的不忠，或不小心揭露秘密。常考搭配：betray a secret (洩露秘密), betray one&#x27;s trust (背叛信任)。</div><div class=""entries-container""><div class=""entry""><div class=""sentence-row""><div class=""sentence"">The spy was arrested after he decided to <span class=""target-word"">betray</span> his country by selling secret information to a foreign government for money.</div><button class=""tts-button"" data-tts=""The spy was arrested after he decided to betray his country by selling secret information to a foreign government for money."" onclick=""window.playTTS(this.getAttribute('data-tts'))""><svg viewBox=""0 0 24 24"" fill=""none"" stroke=""currentColor"" stroke-width=""2""><polygon points=""5 3 19 12 5 21 5 3""></polygon></svg></button></div><div class=""meta-section""><div class=""translation"">這名間諜在決定為了錢而將國家機密賣給外國政府，背叛自己的國家後被逮捕了。</div><div class=""entry-explanation"">動詞「背叛」。</div></div></div><div class=""entry""><div class=""sentence-row""><div class=""sentence"">She felt deeply hurt when she discovered that her best friend had <span class=""target-word"">betrayed</span> her <span class=""collocation"">trust</span> by sharing her private secrets with others.</div><button class=""tts-button"" data-tts=""She felt deeply hurt when she discovered that her best friend had betrayed her trust by sharing her private secrets with others."" onclick=""window.playTTS(this.getAttribute('data-tts'))""><svg viewBox=""0 0 24 24"" fill=""none"" stroke=""currentColor"" stroke-width=""2""><polygon points=""5 3 19 12 5 21 5 3""></polygon></svg></button></div><div class=""meta-section""><div class=""translation"">當她發現最好的朋友分享她的私密秘密給他人，背叛了她的信任時，她感到深切地受傷。</div><div class=""entry-explanation"">動詞「背叛」。常用搭配 betray one&#x27;s trust (背叛某人的信任)。</div></div></div><div class=""entry""><div class=""sentence-row""><div class=""sentence"">Although he tried to look calm, the slight tremble in his voice <span class=""target-word"">betrayed</span> his nervousness during the final presentation.</div><button class=""tts-button"" data-tts=""Although he tried to look calm, the slight tremble in his voice betrayed his nervousness during the final presentation."" onclick=""window.playTTS(this.getAttribute('data-tts'))""><svg viewBox=""0 0 24 24"" fill=""none"" stroke=""currentColor"" stroke-width=""2""><polygon points=""5 3 19 12 5 21 5 3""></polygon></svg></button></div><div class=""meta-section""><div class=""translation"">儘管他試圖表現得冷靜，但在最終簡報時，他聲音的輕微顫抖洩露了他的緊張感。</div><div class=""entry-explanation"">動詞「洩露」。指不經意地展現出真實的情感或狀態。</div></div></div></div><div class=""related-forms""><span class=""label"">Related:</span> betrayal, betrayer</div></div>"
beware	"<div class=""anki-card-content""><div class=""general-explanation"">動詞「小心，注意」。通常用於警告，提醒他人注意潛在的危險。常用片語：beware of (小心...)。</div><div class=""entries-container""><div class=""entry""><div class=""sentence-row""><div class=""sentence"">The sign at the entrance of the nature reserve warned visitors to <span class=""target-word"">beware</span> <span class=""collocation"">of</span> wild animals that might appear on the forest paths.</div><button class=""tts-button"" data-tts=""The sign at the entrance of the nature reserve warned visitors to beware of wild animals that might appear on the forest paths."" onclick=""window.playTTS(this.getAttribute('data-tts'))""><svg viewBox=""0 0 24 24"" fill=""none"" stroke=""currentColor"" stroke-width=""2""><polygon points=""5 3 19 12 5 21 5 3""></polygon></svg></button></div><div class=""meta-section""><div class=""translation"">自然保護區入口的告示牌警告遊客小心森林小徑上可能會出現的野生動物。</div><div class=""entry-explanation"">動詞「小心」。常用片語 beware of (小心...)。</div></div></div></div></div>"
bias	"<div class=""anki-card-content""><div class=""general-explanation"">名詞「偏見」；動詞「使產生偏見」。指對某人或某事持有不公平的看法。常考搭配：gender bias (性別偏見), cognitive bias (認知偏見), have a bias against (對...有偏見)。</div><div class=""entries-container""><div class=""entry""><div class=""sentence-row""><div class=""sentence"">The judge tried to remain neutral, as any personal <span class=""target-word"">bias</span> could lead to an unfair decision in the court case.</div><button class=""tts-button"" data-tts=""The judge tried to remain neutral, as any personal bias could lead to an unfair decision in the court case."" onclick=""window.playTTS(this.getAttribute('data-tts'))""><svg viewBox=""0 0 24 24"" fill=""none"" stroke=""currentColor"" stroke-width=""2""><polygon points=""5 3 19 12 5 21 5 3""></polygon></svg></button></div><div class=""meta-section""><div class=""translation"">法官試圖保持中立，因為任何個人偏見都可能導致法院案件的不公正決定。</div><div class=""entry-explanation"">名詞「偏見」。</div></div></div><div class=""entry""><div class=""sentence-row""><div class=""sentence"">Many people believe that the news report was <span class=""target-word"">biased</span> because it only presented one side of the argument without mentioning the opposing view.</div><button class=""tts-button"" data-tts=""Many people believe that the news report was biased because it only presented one side of the argument without mentioning the opposing view."" onclick=""window.playTTS(this.getAttribute('data-tts'))""><svg viewBox=""0 0 24 24"" fill=""none"" stroke=""currentColor"" stroke-width=""2""><polygon points=""5 3 19 12 5 21 5 3""></polygon></svg></button></div><div class=""meta-section""><div class=""translation"">許多人認為該新聞報導有偏見，因為它只呈現了論點的一方，而沒有提到相反的觀點。</div><div class=""entry-explanation"">形容詞（過去分詞）「有偏見的」。</div></div></div><div class=""entry""><div class=""sentence-row""><div class=""sentence"">Parents should be careful not to <span class=""target-word"">bias</span> their children against certain careers, allowing them to explore their interests freely.</div><button class=""tts-button"" data-tts=""Parents should be careful not to bias their children against certain careers, allowing them to explore their interests freely."" onclick=""window.playTTS(this.getAttribute('data-tts'))""><svg viewBox=""0 0 24 24"" fill=""none"" stroke=""currentColor"" stroke-width=""2""><polygon points=""5 3 19 12 5 21 5 3""></polygon></svg></button></div><div class=""meta-section""><div class=""translation"">父母應該小心不要讓孩子對某些職業產生偏見，讓他們能自由地探索自己的興趣。</div><div class=""entry-explanation"">動詞「使產生偏見」。</div></div></div></div><div class=""related-forms""><span class=""label"">Related:</span> biased</div></div>"
bid	"<div class=""anki-card-content""><div class=""general-explanation"">名詞「出價，競投」；動詞「出價，嘗試」。在拍賣或競標時使用。此外，bid for sth 可指「努力爭取某物」。</div><div class=""entries-container""><div class=""entry""><div class=""sentence-row""><div class=""sentence"">At the art auction, the collector made a high <span class=""target-word"">bid</span> for the rare painting, hoping to win it over other buyers.</div><button class=""tts-button"" data-tts=""At the art auction, the collector made a high bid for the rare painting, hoping to win it over other buyers."" onclick=""window.playTTS(this.getAttribute('data-tts'))""><svg viewBox=""0 0 24 24"" fill=""none"" stroke=""currentColor"" stroke-width=""2""><polygon points=""5 3 19 12 5 21 5 3""></polygon></svg></button></div><div class=""meta-section""><div class=""translation"">在藝術拍賣會上，這位收藏家為這幅稀有畫作出高價，希望能在其他買家之上贏得它。</div><div class=""entry-explanation"">名詞「出價」。</div></div></div><div class=""entry""><div class=""sentence-row""><div class=""sentence"">The company decided to <span class=""target-word"">bid</span> <span class=""collocation"">for</span> the government contract, offering a lower price to increase their chances of winning the project.</div><button class=""tts-button"" data-tts=""The company decided to bid for the government contract, offering a lower price to increase their chances of winning the project."" onclick=""window.playTTS(this.getAttribute('data-tts'))""><svg viewBox=""0 0 24 24"" fill=""none"" stroke=""currentColor"" stroke-width=""2""><polygon points=""5 3 19 12 5 21 5 3""></polygon></svg></button></div><div class=""meta-section""><div class=""translation"">該公司決定競投政府合約，提供較低價格以增加贏得該計畫的機會。</div><div class=""entry-explanation"">動詞「出價，競投」。常用搭配 bid for (競投...)。</div></div></div><div class=""entry""><div class=""sentence-row""><div class=""sentence"">The athlete made a final <span class=""target-word"">bid</span> <span class=""collocation"">for</span> the gold medal in the last hundred meters of the race, sprinting with all his strength.</div><button class=""tts-button"" data-tts=""The athlete made a final bid for the gold medal in the last hundred meters of the race, sprinting with all his strength."" onclick=""window.playTTS(this.getAttribute('data-tts'))""><svg viewBox=""0 0 24 24"" fill=""none"" stroke=""currentColor"" stroke-width=""2""><polygon points=""5 3 19 12 5 21 5 3""></polygon></svg></button></div><div class=""meta-section""><div class=""translation"">這位運動員在比賽最後一百公尺努力爭取金牌，用盡全力衝刺。</div><div class=""entry-explanation"">名詞「嘗試，努力爭取」。常用搭配 make a bid for (努力爭取...)。</div></div></div></div><div class=""related-forms""><span class=""label"">Related:</span> bidding</div></div>"
biological	"<div class=""anki-card-content""><div class=""general-explanation"">形容詞「生物學的，生理的」。常用於描述生物構造或血緣關係。常考搭配：biological parents (親生父母), biological clock (生理時鐘)。</div><div class=""entries-container""><div class=""entry""><div class=""sentence-row""><div class=""sentence"">The student's <span class=""target-word"">biological</span> <span class=""collocation"">parents</span> had given him up for adoption when he was a baby, but he eventually found them as an adult.</div><button class=""tts-button"" data-tts=""The student&#x27;s biological parents had given him up for adoption when he was a baby, but he eventually found them as an adult."" onclick=""window.playTTS(this.getAttribute('data-tts'))""><svg viewBox=""0 0 24 24"" fill=""none"" stroke=""currentColor"" stroke-width=""2""><polygon points=""5 3 19 12 5 21 5 3""></polygon></svg></button></div><div class=""meta-section""><div class=""translation"">這名學生的親生父母在他還是嬰兒時就將他送去領養，但他在成年後最終找到了他們。</div><div class=""entry-explanation"">形容詞「親生的」。常用搭配 biological parents (親生父母)。</div></div></div><div class=""entry""><div class=""sentence-row""><div class=""sentence"">In the science class, the teacher explained how <span class=""target-word"">biological</span> <span class=""collocation"">processes</span> in the human body allow us to digest food and breathe.</div><button class=""tts-button"" data-tts=""In the science class, the teacher explained how biological processes in the human body allow us to digest food and breathe."" onclick=""window.playTTS(this.getAttribute('data-tts'))""><svg viewBox=""0 0 24 24"" fill=""none"" stroke=""currentColor"" stroke-width=""2""><polygon points=""5 3 19 12 5 21 5 3""></polygon></svg></button></div><div class=""meta-section""><div class=""translation"">在科學課上，老師解釋了人體內的生物過程如何讓我們消化食物和呼吸。</div><div class=""entry-explanation"">形容詞「生物學的」。</div></div></div><div class=""entry""><div class=""sentence-row""><div class=""sentence"">Many people believe that their <span class=""target-word"">biological</span> <span class=""collocation"">clock</span> affects when they feel most energetic or tired during the day.</div><button class=""tts-button"" data-tts=""Many people believe that their biological clock affects when they feel most energetic or tired during the day."" onclick=""window.playTTS(this.getAttribute('data-tts'))""><svg viewBox=""0 0 24 24"" fill=""none"" stroke=""currentColor"" stroke-width=""2""><polygon points=""5 3 19 12 5 21 5 3""></polygon></svg></button></div><div class=""meta-section""><div class=""translation"">許多人認為他們的生理時鐘會影響他們在一天中什麼時候感到最有活力或疲倦。</div><div class=""entry-explanation"">形容詞「生理的」。常用搭配 biological clock (生理時鐘)。</div></div></div></div><div class=""related-forms""><span class=""label"">Related:</span> biology, biologist</div></div>"
bizarre	"<div class=""anki-card-content""><div class=""general-explanation"">形容詞「古怪的，怪異的」。用來描述極不尋常或令人驚訝的事物。比 strange 更強烈。</div><div class=""entries-container""><div class=""entry""><div class=""sentence-row""><div class=""sentence"">The witness described a <span class=""target-word"">bizarre</span> series of events that led to the accident, which the police found difficult to believe.</div><button class=""tts-button"" data-tts=""The witness described a bizarre series of events that led to the accident, which the police found difficult to believe."" onclick=""window.playTTS(this.getAttribute('data-tts'))""><svg viewBox=""0 0 24 24"" fill=""none"" stroke=""currentColor"" stroke-width=""2""><polygon points=""5 3 19 12 5 21 5 3""></polygon></svg></button></div><div class=""meta-section""><div class=""translation"">證人描述了一連串導致事故的古怪事件，警察發現這很難令人相信。</div><div class=""entry-explanation"">形容詞「古怪的」。</div></div></div><div class=""entry""><div class=""sentence-row""><div class=""sentence"">During the festival, some people wore <span class=""target-word"">bizarre</span> costumes made of recycled materials, creating a very unique and colorful sight.</div><button class=""tts-button"" data-tts=""During the festival, some people wore bizarre costumes made of recycled materials, creating a very unique and colorful sight."" onclick=""window.playTTS(this.getAttribute('data-tts'))""><svg viewBox=""0 0 24 24"" fill=""none"" stroke=""currentColor"" stroke-width=""2""><polygon points=""5 3 19 12 5 21 5 3""></polygon></svg></button></div><div class=""meta-section""><div class=""translation"">在節日期間，有些人穿著由回收材料製成的古怪服裝，創造出非常獨特且色彩繽紛的景象。</div><div class=""entry-explanation"">形容詞「怪異的」。</div></div></div></div></div>"
blast	"<div class=""anki-card-content""><div class=""general-explanation"">名詞「爆炸，強風」；動詞「炸毀，大聲播放」。常考片語：a blast of (一陣...)，以及 blast away (炸毀/清除)。</div><div class=""entries-container""><div class=""entry""><div class=""sentence-row""><div class=""sentence"">The workers used a powerful <span class=""target-word"">blast</span> to clear the rocks from the mountain road, making it safer for cars to pass.</div><button class=""tts-button"" data-tts=""The workers used a powerful blast to clear the rocks from the mountain road, making it safer for cars to pass."" onclick=""window.playTTS(this.getAttribute('data-tts'))""><svg viewBox=""0 0 24 24"" fill=""none"" stroke=""currentColor"" stroke-width=""2""><polygon points=""5 3 19 12 5 21 5 3""></polygon></svg></button></div><div class=""meta-section""><div class=""translation"">工人使用強力的爆炸來清除山路上的岩石，使車輛通過更加安全。</div><div class=""entry-explanation"">名詞「爆炸」。</div></div></div><div class=""entry""><div class=""sentence-row""><div class=""sentence"">A sudden <span class=""target-word"">blast</span> <span class=""collocation"">of</span> cold air hit the students as they opened the door to the classroom, making them shiver.</div><button class=""tts-button"" data-tts=""A sudden blast of cold air hit the students as they opened the door to the classroom, making them shiver."" onclick=""window.playTTS(this.getAttribute('data-tts'))""><svg viewBox=""0 0 24 24"" fill=""none"" stroke=""currentColor"" stroke-width=""2""><polygon points=""5 3 19 12 5 21 5 3""></polygon></svg></button></div><div class=""meta-section""><div class=""translation"">一陣突然的冷空氣襲擊了學生，當他們打開教室門時，讓他們打了冷顫。</div><div class=""entry-explanation"">名詞「一陣強風」。常用片語 a blast of (一陣...)。</div></div></div><div class=""entry""><div class=""sentence-row""><div class=""sentence"">The DJ started to <span class=""target-word"">blast</span> loud music throughout the party, which annoyed the neighbors who were trying to sleep.</div><button class=""tts-button"" data-tts=""The DJ started to blast loud music throughout the party, which annoyed the neighbors who were trying to sleep."" onclick=""window.playTTS(this.getAttribute('data-tts'))""><svg viewBox=""0 0 24 24"" fill=""none"" stroke=""currentColor"" stroke-width=""2""><polygon points=""5 3 19 12 5 21 5 3""></polygon></svg></button></div><div class=""meta-section""><div class=""translation"">DJ開始在整個派對中大聲播放音樂，這讓試圖睡覺的鄰居感到厭煩。</div><div class=""entry-explanation"">動詞「大聲播放」。</div></div></div></div><div class=""related-forms""><span class=""label"">Related:</span> blasts</div></div>"
blur	"<div class=""anki-card-content""><div class=""general-explanation"">名詞「模糊的影像；模糊不清」；動詞「使模糊；模糊化」。常考用法：a blur of... (模糊的一片)。注意與 vague (模糊的/不清晰的) 的區別：blur 側重於視覺上的模糊或界限不清，如 a blur of colors (色彩模糊的一片)；而 vague 側重於記憶、表達或想法的不清晰，如 a vague memory (模糊的記憶) 或 a vague answer (含糊的回答)。</div><div class=""entries-container""><div class=""entry""><div class=""sentence-row""><div class=""sentence"">Because she was crying, her vision became a <span class=""target-word"">blur</span>, and she could hardly see the road ahead of her.</div><button class=""tts-button"" data-tts=""Because she was crying, her vision became a blur, and she could hardly see the road ahead of her."" onclick=""window.playTTS(this.getAttribute('data-tts'))""><svg viewBox=""0 0 24 24"" fill=""none"" stroke=""currentColor"" stroke-width=""2""><polygon points=""5 3 19 12 5 21 5 3""></polygon></svg></button></div><div class=""meta-section""><div class=""translation"">因為她在哭，她的視線變得模糊，幾乎看不清前面的路。</div><div class=""entry-explanation"">名詞「模糊的影像」。指視覺上不清晰的狀態。</div></div></div><div class=""entry""><div class=""sentence-row""><div class=""sentence"">The car drove past so quickly that it was just a <span class=""target-word"">blur</span> <span class=""collocation"">of</span> red as it disappeared around the corner.</div><button class=""tts-button"" data-tts=""The car drove past so quickly that it was just a blur of red as it disappeared around the corner."" onclick=""window.playTTS(this.getAttribute('data-tts'))""><svg viewBox=""0 0 24 24"" fill=""none"" stroke=""currentColor"" stroke-width=""2""><polygon points=""5 3 19 12 5 21 5 3""></polygon></svg></button></div><div class=""meta-section""><div class=""translation"">那輛車開得太快，在轉彎消失時只是一片模糊的紅色。</div><div class=""entry-explanation"">名詞「模糊的一片」。片語 a blur of... 用於描述快速移動或光線導致的視覺模糊。</div></div></div><div class=""entry""><div class=""sentence-row""><div class=""sentence"">The long hours of studying and lack of sleep began to <span class=""target-word"">blur</span> the <span class=""collocation"">line between</span> his professional life and personal time.</div><button class=""tts-button"" data-tts=""The long hours of studying and lack of sleep began to blur the line between his professional life and personal time."" onclick=""window.playTTS(this.getAttribute('data-tts'))""><svg viewBox=""0 0 24 24"" fill=""none"" stroke=""currentColor"" stroke-width=""2""><polygon points=""5 3 19 12 5 21 5 3""></polygon></svg></button></div><div class=""meta-section""><div class=""translation"">長時間的學習和缺乏睡眠開始使他的職業生活與個人時間之間的界限變得模糊。</div><div class=""entry-explanation"">動詞「使模糊」。指抽象的界限、區分或定義變得不明確。</div></div></div><div class=""entry""><div class=""sentence-row""><div class=""sentence"">The artist used a special technique to <span class=""target-word"">blur</span> the edges of the shapes, creating a softer and more natural look.</div><button class=""tts-button"" data-tts=""The artist used a special technique to blur the edges of the shapes, creating a softer and more natural look."" onclick=""window.playTTS(this.getAttribute('data-tts'))""><svg viewBox=""0 0 24 24"" fill=""none"" stroke=""currentColor"" stroke-width=""2""><polygon points=""5 3 19 12 5 21 5 3""></polygon></svg></button></div><div class=""meta-section""><div class=""translation"">藝術家使用一種特殊技巧來使形狀的邊緣模糊化，營造出更柔和、更自然的視覺效果。</div><div class=""entry-explanation"">動詞「使模糊」。指物理上的視覺效果。</div></div></div></div><div class=""related-forms""><span class=""label"">Related:</span> blurred, blurring</div></div>"
blush	"<div class=""anki-card-content""><div class=""general-explanation"">名詞「臉紅」；動詞「臉紅」。通常由尷尬、羞愧或興奮引起。常見搭配：blush with shame/embarrassment (因羞愧/尷尬而臉紅)。</div><div class=""entries-container""><div class=""entry""><div class=""sentence-row""><div class=""sentence"">When the teacher praised her in front of the whole class, she felt a warm <span class=""target-word"">blush</span> spread across her cheeks.</div><button class=""tts-button"" data-tts=""When the teacher praised her in front of the whole class, she felt a warm blush spread across her cheeks."" onclick=""window.playTTS(this.getAttribute('data-tts'))""><svg viewBox=""0 0 24 24"" fill=""none"" stroke=""currentColor"" stroke-width=""2""><polygon points=""5 3 19 12 5 21 5 3""></polygon></svg></button></div><div class=""meta-section""><div class=""translation"">當老師在全班面前稱讚她時，她感覺臉頰上泛起了一陣紅暈。</div><div class=""entry-explanation"">名詞「臉紅」。指臉部皮膚因血液流向臉頰而變紅的現象。</div></div></div><div class=""entry""><div class=""sentence-row""><div class=""sentence"">He couldn't help but <span class=""target-word"">blush</span> <span class=""collocation"">with</span> embarrassment when he realized he had been wearing his shirt inside out all day.</div><button class=""tts-button"" data-tts=""He couldn&#x27;t help but blush with embarrassment when he realized he had been wearing his shirt inside out all day."" onclick=""window.playTTS(this.getAttribute('data-tts'))""><svg viewBox=""0 0 24 24"" fill=""none"" stroke=""currentColor"" stroke-width=""2""><polygon points=""5 3 19 12 5 21 5 3""></polygon></svg></button></div><div class=""meta-section""><div class=""translation"">當他意識到自己整天把襯衫穿反了時，他禁不住臉紅。</div><div class=""entry-explanation"">動詞「臉紅」。常用搭配 blush with + 情感 (如 embarrassment 或 shame)。</div></div></div><div class=""entry""><div class=""sentence-row""><div class=""sentence"">The shy girl <span class=""target-word"">blushed</span> <span class=""collocation"">deeply</span> after the boy she liked asked her to go to the school dance together.</div><button class=""tts-button"" data-tts=""The shy girl blushed deeply after the boy she liked asked her to go to the school dance together."" onclick=""window.playTTS(this.getAttribute('data-tts'))""><svg viewBox=""0 0 24 24"" fill=""none"" stroke=""currentColor"" stroke-width=""2""><polygon points=""5 3 19 12 5 21 5 3""></polygon></svg></button></div><div class=""meta-section""><div class=""translation"">那個害羞的女孩在心儀的男孩邀請她一起參加學校舞會後，臉紅得很厲害。</div><div class=""entry-explanation"">動詞「臉紅」。副詞 deeply 常與 blush 搭配以強調程度。</div></div></div></div><div class=""related-forms""><span class=""label"">Related:</span> blushing</div></div>"
bodyguard	"<div class=""anki-card-content""><div class=""general-explanation"">名詞「保鏢」。指受雇於保護重要人物（如名人、政治家）免受威脅或傷害的人。</div><div class=""entries-container""><div class=""entry""><div class=""sentence-row""><div class=""sentence"">The famous singer was accompanied by a professional <span class=""target-word"">bodyguard</span> to ensure her safety while walking through the crowd of fans.</div><button class=""tts-button"" data-tts=""The famous singer was accompanied by a professional bodyguard to ensure her safety while walking through the crowd of fans."" onclick=""window.playTTS(this.getAttribute('data-tts'))""><svg viewBox=""0 0 24 24"" fill=""none"" stroke=""currentColor"" stroke-width=""2""><polygon points=""5 3 19 12 5 21 5 3""></polygon></svg></button></div><div class=""meta-section""><div class=""translation"">這位知名歌手由一名專業保鏢陪同，以確保她在穿過粉絲人群時的安全。</div><div class=""entry-explanation"">名詞「保鏢」。</div></div></div><div class=""entry""><div class=""sentence-row""><div class=""sentence"">Because the president is a high-profile figure, he requires a team of highly trained <span class=""target-word"">bodyguards</span> to protect him at all times.</div><button class=""tts-button"" data-tts=""Because the president is a high-profile figure, he requires a team of highly trained bodyguards to protect him at all times."" onclick=""window.playTTS(this.getAttribute('data-tts'))""><svg viewBox=""0 0 24 24"" fill=""none"" stroke=""currentColor"" stroke-width=""2""><polygon points=""5 3 19 12 5 21 5 3""></polygon></svg></button></div><div class=""meta-section""><div class=""translation"">因為總統是一位高知名度的人物，他需要一支由受過高度訓練的保鏢組成的團隊來時刻保護他。</div><div class=""entry-explanation"">名詞「保鏢」。複數形式 bodyguards。</div></div></div></div><div class=""related-forms""><span class=""label"">Related:</span> bodyguards</div></div>"
bolt	"<div class=""anki-card-content""><div class=""general-explanation"">名詞「螺栓；門栓；閃電」；動詞「突然衝出；鎖上」。注意搭配 bolt the door (鎖門) 和 a bolt of lightning (一道閃電)。</div><div class=""entries-container""><div class=""entry""><div class=""sentence-row""><div class=""sentence"">The mechanic tightened every <span class=""target-word"">bolt</span> on the engine to make sure the machine would operate safely and without vibration.</div><button class=""tts-button"" data-tts=""The mechanic tightened every bolt on the engine to make sure the machine would operate safely and without vibration."" onclick=""window.playTTS(this.getAttribute('data-tts'))""><svg viewBox=""0 0 24 24"" fill=""none"" stroke=""currentColor"" stroke-width=""2""><polygon points=""5 3 19 12 5 21 5 3""></polygon></svg></button></div><div class=""meta-section""><div class=""translation"">機械師擰緊了引擎上的每個螺栓，以確保機器能安全且無振動地運行。</div><div class=""entry-explanation"">名詞「螺栓」。指金屬製的固定件。</div></div></div><div class=""entry""><div class=""sentence-row""><div class=""sentence"">He quickly <span class=""target-word"">bolted</span> <span class=""collocation"">the door</span> from the inside to prevent anyone from entering the room while he was studying.</div><button class=""tts-button"" data-tts=""He quickly bolted the door from the inside to prevent anyone from entering the room while he was studying."" onclick=""window.playTTS(this.getAttribute('data-tts'))""><svg viewBox=""0 0 24 24"" fill=""none"" stroke=""currentColor"" stroke-width=""2""><polygon points=""5 3 19 12 5 21 5 3""></polygon></svg></button></div><div class=""meta-section""><div class=""translation"">他迅速從內部鎖上了門，以防止他在學習時有人進入房間。</div><div class=""entry-explanation"">動詞「鎖上」。指使用門栓鎖門。</div></div></div><div class=""entry""><div class=""sentence-row""><div class=""sentence"">A sudden <span class=""target-word"">bolt</span> <span class=""collocation"">of</span> lightning struck the old oak tree in the backyard, splitting it in half instantly.</div><button class=""tts-button"" data-tts=""A sudden bolt of lightning struck the old oak tree in the backyard, splitting it in half instantly."" onclick=""window.playTTS(this.getAttribute('data-tts'))""><svg viewBox=""0 0 24 24"" fill=""none"" stroke=""currentColor"" stroke-width=""2""><polygon points=""5 3 19 12 5 21 5 3""></polygon></svg></button></div><div class=""meta-section""><div class=""translation"">一道突然的閃電擊中了後院的那棵老橡樹，瞬間將其劈成兩半。</div><div class=""entry-explanation"">名詞「閃電」。常用片語 a bolt of lightning。</div></div></div><div class=""entry""><div class=""sentence-row""><div class=""sentence"">As soon as the alarm went off, the frightened cat <span class=""target-word"">bolted</span> <span class=""collocation"">out of</span> the house and ran into the woods.</div><button class=""tts-button"" data-tts=""As soon as the alarm went off, the frightened cat bolted out of the house and ran into the woods."" onclick=""window.playTTS(this.getAttribute('data-tts'))""><svg viewBox=""0 0 24 24"" fill=""none"" stroke=""currentColor"" stroke-width=""2""><polygon points=""5 3 19 12 5 21 5 3""></polygon></svg></button></div><div class=""meta-section""><div class=""translation"">警報一響，受驚的貓就突然衝出房子，跑進了森林裡。</div><div class=""entry-explanation"">動詞「突然衝出」。指快速且突然地離開。</div></div></div></div><div class=""related-forms""><span class=""label"">Related:</span> bolted, bolting</div></div>"
bonus	"<div class=""anki-card-content""><div class=""general-explanation"">名詞「獎金；額外的好處」。除了金錢上的獎金，也可以指意外獲得的便利或好處。常用搭配：annual bonus (年終獎金), performance bonus (績效獎金)。</div><div class=""entries-container""><div class=""entry""><div class=""sentence-row""><div class=""sentence"">The company gave all its employees a generous year-end <span class=""target-word"">bonus</span> because the business had achieved record-breaking profits this year.</div><button class=""tts-button"" data-tts=""The company gave all its employees a generous year-end bonus because the business had achieved record-breaking profits this year."" onclick=""window.playTTS(this.getAttribute('data-tts'))""><svg viewBox=""0 0 24 24"" fill=""none"" stroke=""currentColor"" stroke-width=""2""><polygon points=""5 3 19 12 5 21 5 3""></polygon></svg></button></div><div class=""meta-section""><div class=""translation"">由於公司今年取得了創紀錄的利潤，公司給所有員工發放了豐厚的年終獎金。</div><div class=""entry-explanation"">名詞「獎金」。指額外支付的金錢。</div></div></div><div class=""entry""><div class=""sentence-row""><div class=""sentence"">Since the hotel room included a free breakfast, it was a welcome <span class=""target-word"">bonus</span> for the travelers who wanted to save money.</div><button class=""tts-button"" data-tts=""Since the hotel room included a free breakfast, it was a welcome bonus for the travelers who wanted to save money."" onclick=""window.playTTS(this.getAttribute('data-tts'))""><svg viewBox=""0 0 24 24"" fill=""none"" stroke=""currentColor"" stroke-width=""2""><polygon points=""5 3 19 12 5 21 5 3""></polygon></svg></button></div><div class=""meta-section""><div class=""translation"">由於飯店房間包含免費早餐，這對想要省錢的旅行者來說是一個令人高興的額外好處。</div><div class=""entry-explanation"">名詞「額外的好處」。指意外或額外獲得的優點。</div></div></div></div><div class=""related-forms""><span class=""label"">Related:</span> bonuses</div></div>"
boom	"<div class=""anki-card-content""><div class=""general-explanation"">名詞「繁榮；激增；轟鳴聲」；動詞「繁榮；激增」。常考用法：economic boom (經濟繁榮), baby boom (嬰兒潮)。</div><div class=""entries-container""><div class=""entry""><div class=""sentence-row""><div class=""sentence"">The city experienced a significant economic <span class=""target-word"">boom</span> after the government decided to build a new high-tech industrial park nearby.</div><button class=""tts-button"" data-tts=""The city experienced a significant economic boom after the government decided to build a new high-tech industrial park nearby."" onclick=""window.playTTS(this.getAttribute('data-tts'))""><svg viewBox=""0 0 24 24"" fill=""none"" stroke=""currentColor"" stroke-width=""2""><polygon points=""5 3 19 12 5 21 5 3""></polygon></svg></button></div><div class=""meta-section""><div class=""translation"">在政府決定在附近建立一個新的高科技工業園區後，這座城市經歷了顯著的經濟繁榮。</div><div class=""entry-explanation"">名詞「繁榮」。指經濟或產業的快速增長。</div></div></div><div class=""entry""><div class=""sentence-row""><div class=""sentence"">The <span class=""target-word"">boom</span> <span class=""collocation"">in</span> online shopping has forced many traditional brick-and-mortar stores to change their business models to survive.</div><button class=""tts-button"" data-tts=""The boom in online shopping has forced many traditional brick-and-mortar stores to change their business models to survive."" onclick=""window.playTTS(this.getAttribute('data-tts'))""><svg viewBox=""0 0 24 24"" fill=""none"" stroke=""currentColor"" stroke-width=""2""><polygon points=""5 3 19 12 5 21 5 3""></polygon></svg></button></div><div class=""meta-section""><div class=""translation"">網購的激增迫使許多傳統的實體店改變其經營模式以求生存。</div><div class=""entry-explanation"">名詞「激增」。指某種趨勢或現象的快速增加。</div></div></div><div class=""entry""><div class=""sentence-row""><div class=""sentence"">A loud <span class=""target-word"">boom</span> echoed through the valley after the explosives were detonated, shaking the windows of the nearby houses.</div><button class=""tts-button"" data-tts=""A loud boom echoed through the valley after the explosives were detonated, shaking the windows of the nearby houses."" onclick=""window.playTTS(this.getAttribute('data-tts'))""><svg viewBox=""0 0 24 24"" fill=""none"" stroke=""currentColor"" stroke-width=""2""><polygon points=""5 3 19 12 5 21 5 3""></polygon></svg></button></div><div class=""meta-section""><div class=""translation"">爆炸物被引爆後，一聲巨大的轟鳴聲在山谷中迴盪，震動了附近房屋的窗戶。</div><div class=""entry-explanation"">名詞「轟鳴聲」。指低沉且巨大的聲音。</div></div></div><div class=""entry""><div class=""sentence-row""><div class=""sentence"">The tech industry began to <span class=""target-word"">boom</span> in the late 1990s, creating thousands of new jobs for software engineers and designers.</div><button class=""tts-button"" data-tts=""The tech industry began to boom in the late 1990s, creating thousands of new jobs for software engineers and designers."" onclick=""window.playTTS(this.getAttribute('data-tts'))""><svg viewBox=""0 0 24 24"" fill=""none"" stroke=""currentColor"" stroke-width=""2""><polygon points=""5 3 19 12 5 21 5 3""></polygon></svg></button></div><div class=""meta-section""><div class=""translation"">科技產業在 1990 年代後期開始繁榮，為軟體工程師和設計師創造了數千個新工作崗位。</div><div class=""entry-explanation"">動詞「繁榮」。指產業或經濟的快速增長。</div></div></div></div><div class=""related-forms""><span class=""label"">Related:</span> booming, boomed</div></div>"
boost	"<div class=""anki-card-content""><div class=""general-explanation"">動詞「提升；增加；促進」；名詞「提升；助力」。常用搭配：boost confidence (提升信心), boost productivity (提高生產力), give a boost to (給予助力)。</div><div class=""entries-container""><div class=""entry""><div class=""sentence-row""><div class=""sentence"">The positive feedback from her teacher gave her a huge <span class=""target-word"">boost</span> <span class=""collocation"">in</span> confidence, encouraging her to participate more in class.</div><button class=""tts-button"" data-tts=""The positive feedback from her teacher gave her a huge boost in confidence, encouraging her to participate more in class."" onclick=""window.playTTS(this.getAttribute('data-tts'))""><svg viewBox=""0 0 24 24"" fill=""none"" stroke=""currentColor"" stroke-width=""2""><polygon points=""5 3 19 12 5 21 5 3""></polygon></svg></button></div><div class=""meta-section""><div class=""translation"">老師的正面回饋大大提升了她的信心，鼓勵她在課堂上更積極地參與。</div><div class=""entry-explanation"">名詞「提升」。指信心或能量的增加。</div></div></div><div class=""entry""><div class=""sentence-row""><div class=""sentence"">The government implemented a new policy to <span class=""target-word"">boost</span> <span class=""collocation"">local tourism</span> by offering discounts on entrance fees to museums.</div><button class=""tts-button"" data-tts=""The government implemented a new policy to boost local tourism by offering discounts on entrance fees to museums."" onclick=""window.playTTS(this.getAttribute('data-tts'))""><svg viewBox=""0 0 24 24"" fill=""none"" stroke=""currentColor"" stroke-width=""2""><polygon points=""5 3 19 12 5 21 5 3""></polygon></svg></button></div><div class=""meta-section""><div class=""translation"">政府實施了一項新政策，通過提供博物館入場費折扣來促進當地旅遊業。</div><div class=""entry-explanation"">動詞「促進」。指增加或提高某種數值或活動。</div></div></div><div class=""entry""><div class=""sentence-row""><div class=""sentence"">Taking a short nap during the afternoon can often <span class=""target-word"">boost</span> <span class=""collocation"">your energy levels</span> and help you focus better on your studies.</div><button class=""tts-button"" data-tts=""Taking a short nap during the afternoon can often boost your energy levels and help you focus better on your studies."" onclick=""window.playTTS(this.getAttribute('data-tts'))""><svg viewBox=""0 0 24 24"" fill=""none"" stroke=""currentColor"" stroke-width=""2""><polygon points=""5 3 19 12 5 21 5 3""></polygon></svg></button></div><div class=""meta-section""><div class=""translation"">下午小睡片刻通常能提升你的能量水平，幫助你更好地專注於學習。</div><div class=""entry-explanation"">動詞「提升」。指提高體力或精神狀態。</div></div></div><div class=""entry""><div class=""sentence-row""><div class=""sentence"">The new marketing campaign was designed to <span class=""target-word"">boost</span> <span class=""collocation"">sales</span> of the new smartphone before the holiday season began.</div><button class=""tts-button"" data-tts=""The new marketing campaign was designed to boost sales of the new smartphone before the holiday season began."" onclick=""window.playTTS(this.getAttribute('data-tts'))""><svg viewBox=""0 0 24 24"" fill=""none"" stroke=""currentColor"" stroke-width=""2""><polygon points=""5 3 19 12 5 21 5 3""></polygon></svg></button></div><div class=""meta-section""><div class=""translation"">新的行銷活動旨在在假期季節開始前提高新款智慧型手機的銷量。</div><div class=""entry-explanation"">動詞「增加」。指提高銷售額或數量。</div></div></div></div><div class=""related-forms""><span class=""label"">Related:</span> booster, boosted, boosting</div></div>"
booth	"<div class=""anki-card-content""><div class=""general-explanation"">名詞「攤位；小亭子；隔間」。常用於描述展覽會的攤位、電話亭或投票隔間。</div><div class=""entries-container""><div class=""entry""><div class=""sentence-row""><div class=""sentence"">The student council set up an information <span class=""target-word"">booth</span> in the school courtyard to provide details about the upcoming cultural festival.</div><button class=""tts-button"" data-tts=""The student council set up an information booth in the school courtyard to provide details about the upcoming cultural festival."" onclick=""window.playTTS(this.getAttribute('data-tts'))""><svg viewBox=""0 0 24 24"" fill=""none"" stroke=""currentColor"" stroke-width=""2""><polygon points=""5 3 19 12 5 21 5 3""></polygon></svg></button></div><div class=""meta-section""><div class=""translation"">學生會在學校中庭設置了一個資訊攤位，以提供關於即將到來的文化節的詳細資訊。</div><div class=""entry-explanation"">名詞「攤位」。指展覽或活動中的小型臨時設施。</div></div></div><div class=""entry""><div class=""sentence-row""><div class=""sentence"">Before the election, each voter entered a private <span class=""target-word"">booth</span> to mark their choice in secret, ensuring a fair voting process.</div><button class=""tts-button"" data-tts=""Before the election, each voter entered a private booth to mark their choice in secret, ensuring a fair voting process."" onclick=""window.playTTS(this.getAttribute('data-tts'))""><svg viewBox=""0 0 24 24"" fill=""none"" stroke=""currentColor"" stroke-width=""2""><polygon points=""5 3 19 12 5 21 5 3""></polygon></svg></button></div><div class=""meta-section""><div class=""translation"">在選舉之前，每位選民進入一個私人隔間在秘密地標記他們的選擇，以確保投票過程公平。</div><div class=""entry-explanation"">名詞「隔間」。指為了私密性而設置的小空間。</div></div></div><div class=""entry""><div class=""sentence-row""><div class=""sentence"">In the old days, people had to find a public telephone <span class=""target-word"">booth</span> on the street to make a call when they were away from home.</div><button class=""tts-button"" data-tts=""In the old days, people had to find a public telephone booth on the street to make a call when they were away from home."" onclick=""window.playTTS(this.getAttribute('data-tts'))""><svg viewBox=""0 0 24 24"" fill=""none"" stroke=""currentColor"" stroke-width=""2""><polygon points=""5 3 19 12 5 21 5 3""></polygon></svg></button></div><div class=""meta-section""><div class=""translation"">在以前，人們在離開家時必須在街上找公共電話亭來撥打電話。</div><div class=""entry-explanation"">名詞「小亭子」。指公共電話亭。</div></div></div></div><div class=""related-forms""><span class=""label"">Related:</span> booths</div></div>"
boredom	"<div class=""anki-card-content""><div class=""general-explanation"">名詞「無聊；倦怠」。由形容詞 bored (感到無聊的) 衍生而來。常用搭配：out of boredom (出於無聊)。</div><div class=""entries-container""><div class=""entry""><div class=""sentence-row""><div class=""sentence"">To escape the <span class=""target-word"">boredom</span> of their long commute, many students listen to podcasts or read books on the bus every day.</div><button class=""tts-button"" data-tts=""To escape the boredom of their long commute, many students listen to podcasts or read books on the bus every day."" onclick=""window.playTTS(this.getAttribute('data-tts'))""><svg viewBox=""0 0 24 24"" fill=""none"" stroke=""currentColor"" stroke-width=""2""><polygon points=""5 3 19 12 5 21 5 3""></polygon></svg></button></div><div class=""meta-section""><div class=""translation"">為了擺脫漫長通勤的無聊，許多學生每天在公車上聽播客或閱讀書籍。</div><div class=""entry-explanation"">名詞「無聊」。指感到沒有趣或缺乏刺激的狀態。</div></div></div><div class=""entry""><div class=""sentence-row""><div class=""sentence"">He began to draw random shapes in his notebook <span class=""collocation"">out of</span> <span class=""target-word"">boredom</span> while the teacher was explaining a very simple concept.</div><button class=""tts-button"" data-tts=""He began to draw random shapes in his notebook out of boredom while the teacher was explaining a very simple concept."" onclick=""window.playTTS(this.getAttribute('data-tts'))""><svg viewBox=""0 0 24 24"" fill=""none"" stroke=""currentColor"" stroke-width=""2""><polygon points=""5 3 19 12 5 21 5 3""></polygon></svg></button></div><div class=""meta-section""><div class=""translation"">當老師在解釋一個非常簡單的概念時，他出於無聊而在筆記本上畫了一些隨機的形狀。</div><div class=""entry-explanation"">名詞「無聊」。片語 out of boredom 意為「出於無聊」。</div></div></div></div><div class=""related-forms""><span class=""label"">Related:</span> bore, boring, bored</div></div>"
bound	"<div class=""anki-card-content""><div class=""general-explanation"">形容詞「注定的；必須的；受限的」；動詞「跳躍；跳躍前進」；名詞「邊界」。注意搭配 be bound to V (注定會...) 和 off-limits/out-of-bounds (禁止進入的)。</div><div class=""entries-container""><div class=""entry""><div class=""sentence-row""><div class=""sentence"">If you continue to study this hard every day, you are <span class=""target-word"">bound</span> <span class=""collocation"">to</span> succeed in the upcoming entrance examination.</div><button class=""tts-button"" data-tts=""If you continue to study this hard every day, you are bound to succeed in the upcoming entrance examination."" onclick=""window.playTTS(this.getAttribute('data-tts'))""><svg viewBox=""0 0 24 24"" fill=""none"" stroke=""currentColor"" stroke-width=""2""><polygon points=""5 3 19 12 5 21 5 3""></polygon></svg></button></div><div class=""meta-section""><div class=""translation"">如果你每天繼續如此努力地學習，你注定會在即將到來的入學考試中取得成功。</div><div class=""entry-explanation"">形容詞「注定的」。片語 be bound to V 表示「注定會...」。</div></div></div><div class=""entry""><div class=""sentence-row""><div class=""sentence"">The deer <span class=""target-word"">bounded</span> across the meadow with great energy, disappearing quickly into the thick forest near the river.</div><button class=""tts-button"" data-tts=""The deer bounded across the meadow with great energy, disappearing quickly into the thick forest near the river."" onclick=""window.playTTS(this.getAttribute('data-tts'))""><svg viewBox=""0 0 24 24"" fill=""none"" stroke=""currentColor"" stroke-width=""2""><polygon points=""5 3 19 12 5 21 5 3""></polygon></svg></button></div><div class=""meta-section""><div class=""translation"">鹿在草地上充滿活力地跳躍前進，迅速消失在河邊茂密的森林中。</div><div class=""entry-explanation"">動詞「跳躍前進」。指以大跨步跳躍移動。</div></div></div><div class=""entry""><div class=""sentence-row""><div class=""sentence"">Students are reminded that the construction site behind the school is <span class=""collocation"">out of</span> <span class=""target-word"">bounds</span> for safety reasons.</div><button class=""tts-button"" data-tts=""Students are reminded that the construction site behind the school is out of bounds for safety reasons."" onclick=""window.playTTS(this.getAttribute('data-tts'))""><svg viewBox=""0 0 24 24"" fill=""none"" stroke=""currentColor"" stroke-width=""2""><polygon points=""5 3 19 12 5 21 5 3""></polygon></svg></button></div><div class=""meta-section""><div class=""translation"">學生被提醒，出於安全考慮，學校後方的施工現場是禁止進入的。</div><div class=""entry-explanation"">名詞「邊界」。片語 out of bounds 表示「禁止進入的」。</div></div></div><div class=""entry""><div class=""sentence-row""><div class=""sentence"">The legal agreement <span class=""target-word"">bounds</span> the two companies to share their research findings for the next five years.</div><button class=""tts-button"" data-tts=""The legal agreement bounds the two companies to share their research findings for the next five years."" onclick=""window.playTTS(this.getAttribute('data-tts'))""><svg viewBox=""0 0 24 24"" fill=""none"" stroke=""currentColor"" stroke-width=""2""><polygon points=""5 3 19 12 5 21 5 3""></polygon></svg></button></div><div class=""meta-section""><div class=""translation"">這份法律協議將這兩家公司限制在接下來五年內必須共享其研究結果。</div><div class=""entry-explanation"">動詞「限制」。指由法律或協議所規定。</div></div></div></div><div class=""related-forms""><span class=""label"">Related:</span> boundary, bounding, bounds</div></div>"
boundary	"<div class=""anki-card-content""><div class=""general-explanation"">名詞「邊界，界限」。可指地理上的國境或分界線，也可指抽象的心理、社交或權限界限。常用搭配：cross the boundary (越界), push the boundaries (挑戰極限/突破界限)。</div><div class=""entries-container""><div class=""entry""><div class=""sentence-row""><div class=""sentence"">The farmers used a long fence to mark the <span class=""target-word"">boundary</span> <span class=""collocation"">between</span> their land and the neighbor's property to avoid any future disputes.</div><button class=""tts-button"" data-tts=""The farmers used a long fence to mark the boundary between their land and the neighbor&#x27;s property to avoid any future disputes."" onclick=""window.playTTS(this.getAttribute('data-tts'))""><svg viewBox=""0 0 24 24"" fill=""none"" stroke=""currentColor"" stroke-width=""2""><polygon points=""5 3 19 12 5 21 5 3""></polygon></svg></button></div><div class=""meta-section""><div class=""translation"">農民們用一道長圍欄來標記他們的土地與鄰居財產之間的邊界，以避免未來的爭議。</div><div class=""entry-explanation"">名詞「邊界」。指物理上的分界線。</div></div></div><div class=""entry""><div class=""sentence-row""><div class=""sentence"">In a healthy friendship, it is important to establish clear <span class=""target-word"">boundaries</span> to ensure that both people feel respected and comfortable.</div><button class=""tts-button"" data-tts=""In a healthy friendship, it is important to establish clear boundaries to ensure that both people feel respected and comfortable."" onclick=""window.playTTS(this.getAttribute('data-tts'))""><svg viewBox=""0 0 24 24"" fill=""none"" stroke=""currentColor"" stroke-width=""2""><polygon points=""5 3 19 12 5 21 5 3""></polygon></svg></button></div><div class=""meta-section""><div class=""translation"">在健康的友誼中，建立明確的界限很重要，以確保雙方都感到被尊重且舒適。</div><div class=""entry-explanation"">名詞「界限」。指抽象的社交或心理限制。</div></div></div><div class=""entry""><div class=""sentence-row""><div class=""sentence"">The young scientist hoped to <span class=""collocation"">push</span> the <span class=""target-word"">boundaries</span> <span class=""collocation"">of</span> modern medicine by discovering a new way to treat the rare disease.</div><button class=""tts-button"" data-tts=""The young scientist hoped to push the boundaries of modern medicine by discovering a new way to treat the rare disease."" onclick=""window.playTTS(this.getAttribute('data-tts'))""><svg viewBox=""0 0 24 24"" fill=""none"" stroke=""currentColor"" stroke-width=""2""><polygon points=""5 3 19 12 5 21 5 3""></polygon></svg></button></div><div class=""meta-section""><div class=""translation"">這位年輕的科學家希望透過發現一種治療罕見病的新方法，來突破現代醫學的界限。</div><div class=""entry-explanation"">名詞「界限」。片語 push the boundaries 表示挑戰現有的極限或突破傳統。</div></div></div></div></div>"
boxer	"<div class=""anki-card-content""><div class=""general-explanation"">名詞「拳擊手」或「拳擊犬」。在 GSAT 中通常指運動員。注意其與 box (盒子/裝箱) 的區別。</div><div class=""entries-container""><div class=""entry""><div class=""sentence-row""><div class=""sentence"">The professional <span class=""target-word"">boxer</span> trained for months in the gym, focusing on his speed and strength before the championship match.</div><button class=""tts-button"" data-tts=""The professional boxer trained for months in the gym, focusing on his speed and strength before the championship match."" onclick=""window.playTTS(this.getAttribute('data-tts'))""><svg viewBox=""0 0 24 24"" fill=""none"" stroke=""currentColor"" stroke-width=""2""><polygon points=""5 3 19 12 5 21 5 3""></polygon></svg></button></div><div class=""meta-section""><div class=""translation"">這位職業拳擊手在健身房訓練了數月，在冠軍賽前專注於他的速度和力量。</div><div class=""entry-explanation"">名詞「拳擊手」。</div></div></div><div class=""entry""><div class=""sentence-row""><div class=""sentence"">The crowd cheered loudly when the <span class=""target-word"">boxer</span> landed a powerful punch, knocking his opponent down to the canvas.</div><button class=""tts-button"" data-tts=""The crowd cheered loudly when the boxer landed a powerful punch, knocking his opponent down to the canvas."" onclick=""window.playTTS(this.getAttribute('data-tts'))""><svg viewBox=""0 0 24 24"" fill=""none"" stroke=""currentColor"" stroke-width=""2""><polygon points=""5 3 19 12 5 21 5 3""></polygon></svg></button></div><div class=""meta-section""><div class=""translation"">當拳擊手擊出一記強力重拳將對手擊倒在拳擊台墊上時，人群大聲歡呼。</div><div class=""entry-explanation"">名詞「拳擊手」。</div></div></div></div><div class=""related-forms""><span class=""label"">Related:</span> boxing</div></div>"
breakthrough	"<div class=""anki-card-content""><div class=""general-explanation"">名詞「突破，重大進展」。常用於科學研究、醫療或技術領域。常用搭配：make a breakthrough (取得突破)。</div><div class=""entries-container""><div class=""entry""><div class=""sentence-row""><div class=""sentence"">After years of failure, the research team finally <span class=""collocation"">made</span> a major <span class=""target-word"">breakthrough</span> in the development of the new vaccine.</div><button class=""tts-button"" data-tts=""After years of failure, the research team finally made a major breakthrough in the development of the new vaccine."" onclick=""window.playTTS(this.getAttribute('data-tts'))""><svg viewBox=""0 0 24 24"" fill=""none"" stroke=""currentColor"" stroke-width=""2""><polygon points=""5 3 19 12 5 21 5 3""></polygon></svg></button></div><div class=""meta-section""><div class=""translation"">經過多年的失敗，研究團隊終於在研發新疫苗方面取得了重大突破。</div><div class=""entry-explanation"">名詞「突破」。片語 make a breakthrough 表示取得重大進展。</div></div></div><div class=""entry""><div class=""sentence-row""><div class=""sentence"">The discovery of electricity was a significant <span class=""target-word"">breakthrough</span> that changed how people lived and worked around the world.</div><button class=""tts-button"" data-tts=""The discovery of electricity was a significant breakthrough that changed how people lived and worked around the world."" onclick=""window.playTTS(this.getAttribute('data-tts'))""><svg viewBox=""0 0 24 24"" fill=""none"" stroke=""currentColor"" stroke-width=""2""><polygon points=""5 3 19 12 5 21 5 3""></polygon></svg></button></div><div class=""meta-section""><div class=""translation"">電的發現是一次重大突破，改變了全世界人們生活和工作的方式。</div><div class=""entry-explanation"">名詞「突破」。</div></div></div><div class=""entry""><div class=""sentence-row""><div class=""sentence"">Diplomats from both countries are hoping for a <span class=""target-word"">breakthrough</span> in the peace talks to end the long conflict.</div><button class=""tts-button"" data-tts=""Diplomats from both countries are hoping for a breakthrough in the peace talks to end the long conflict."" onclick=""window.playTTS(this.getAttribute('data-tts'))""><svg viewBox=""0 0 24 24"" fill=""none"" stroke=""currentColor"" stroke-width=""2""><polygon points=""5 3 19 12 5 21 5 3""></polygon></svg></button></div><div class=""meta-section""><div class=""translation"">兩國的外交官希望在和平談判中取得突破，以結束長期的衝突。</div><div class=""entry-explanation"">名詞「突破」。指在僵局中取得進展。</div></div></div></div></div>"
briefcase	"<div class=""anki-card-content""><div class=""general-explanation"">名詞「公事包」。通常指商務人士攜帶文件或筆電的硬殼手提包。</div><div class=""entries-container""><div class=""entry""><div class=""sentence-row""><div class=""sentence"">The lawyer carried a leather <span class=""target-word"">briefcase</span> filled with important legal documents as he walked into the courtroom for the trial.</div><button class=""tts-button"" data-tts=""The lawyer carried a leather briefcase filled with important legal documents as he walked into the courtroom for the trial."" onclick=""window.playTTS(this.getAttribute('data-tts'))""><svg viewBox=""0 0 24 24"" fill=""none"" stroke=""currentColor"" stroke-width=""2""><polygon points=""5 3 19 12 5 21 5 3""></polygon></svg></button></div><div class=""meta-section""><div class=""translation"">律師走進法庭準備審理時，攜帶著一個裝滿重要法律文件的皮革公事包。</div><div class=""entry-explanation"">名詞「公事包」。</div></div></div><div class=""entry""><div class=""sentence-row""><div class=""sentence"">He realized he had forgotten his <span class=""target-word"">briefcase</span> at home, which contained the presentation slides he needed for the morning meeting.</div><button class=""tts-button"" data-tts=""He realized he had forgotten his briefcase at home, which contained the presentation slides he needed for the morning meeting."" onclick=""window.playTTS(this.getAttribute('data-tts'))""><svg viewBox=""0 0 24 24"" fill=""none"" stroke=""currentColor"" stroke-width=""2""><polygon points=""5 3 19 12 5 21 5 3""></polygon></svg></button></div><div class=""meta-section""><div class=""translation"">他意識到他把公事包忘在家裡了，裡面有他早晨會議需要的簡報投影片。</div><div class=""entry-explanation"">名詞「公事包」。</div></div></div></div></div>"
bronze	"<div class=""anki-card-content""><div class=""general-explanation"">名詞「青銅」；形容詞「青銅色的」。在體育賽事中，bronze medal 指「銅牌」。</div><div class=""entries-container""><div class=""entry""><div class=""sentence-row""><div class=""sentence"">The athlete was proud to win a <span class=""target-word"">bronze</span> <span class=""collocation"">medal</span> in the 100-meter sprint at the International Olympic Games.</div><button class=""tts-button"" data-tts=""The athlete was proud to win a bronze medal in the 100-meter sprint at the International Olympic Games."" onclick=""window.playTTS(this.getAttribute('data-tts'))""><svg viewBox=""0 0 24 24"" fill=""none"" stroke=""currentColor"" stroke-width=""2""><polygon points=""5 3 19 12 5 21 5 3""></polygon></svg></button></div><div class=""meta-section""><div class=""translation"">這位運動員很自豪能在國際奧運會的100公尺短跑中贏得一枚銅牌。</div><div class=""entry-explanation"">形容詞用法，修飾 medal。bronze medal 即「銅牌」。</div></div></div><div class=""entry""><div class=""sentence-row""><div class=""sentence"">Many ancient civilizations used <span class=""target-word"">bronze</span> to make tools and weapons because it was stronger than pure copper.</div><button class=""tts-button"" data-tts=""Many ancient civilizations used bronze to make tools and weapons because it was stronger than pure copper."" onclick=""window.playTTS(this.getAttribute('data-tts'))""><svg viewBox=""0 0 24 24"" fill=""none"" stroke=""currentColor"" stroke-width=""2""><polygon points=""5 3 19 12 5 21 5 3""></polygon></svg></button></div><div class=""meta-section""><div class=""translation"">許多古代文明使用青銅來製造工具和武器，因為它比純銅更堅硬。</div><div class=""entry-explanation"">名詞「青銅」。</div></div></div><div class=""entry""><div class=""sentence-row""><div class=""sentence"">The museum displayed a large <span class=""target-word"">bronze</span> statue of a famous leader from the Roman Empire, which had survived for centuries.</div><button class=""tts-button"" data-tts=""The museum displayed a large bronze statue of a famous leader from the Roman Empire, which had survived for centuries."" onclick=""window.playTTS(this.getAttribute('data-tts'))""><svg viewBox=""0 0 24 24"" fill=""none"" stroke=""currentColor"" stroke-width=""2""><polygon points=""5 3 19 12 5 21 5 3""></polygon></svg></button></div><div class=""meta-section""><div class=""translation"">博物館展出了一尊來自羅馬帝國著名領袖的巨大青銅像，它已保存了數個世紀。</div><div class=""entry-explanation"">形容詞「青銅色的/青銅製的」。</div></div></div></div></div>"
browse	"<div class=""anki-card-content""><div class=""general-explanation"">動詞「瀏覽（網頁、書籍）」；名詞「瀏覽」。在現代英語中，最常用於 describe surfing the internet (瀏覽網路) 或 looking through a shop (隨意逛店)。</div><div class=""entries-container""><div class=""entry""><div class=""sentence-row""><div class=""sentence"">During the break, many students like to <span class=""target-word"">browse</span> <span class=""collocation"">through</span> social media on their phones to see what their friends are doing.</div><button class=""tts-button"" data-tts=""During the break, many students like to browse through social media on their phones to see what their friends are doing."" onclick=""window.playTTS(this.getAttribute('data-tts'))""><svg viewBox=""0 0 24 24"" fill=""none"" stroke=""currentColor"" stroke-width=""2""><polygon points=""5 3 19 12 5 21 5 3""></polygon></svg></button></div><div class=""meta-section""><div class=""translation"">在休息時間，許多學生喜歡用手機瀏覽社群媒體，看看他們的朋友在做什麼。</div><div class=""entry-explanation"">動詞「瀏覽」。常用片語 browse through (瀏覽...)。</div></div></div><div class=""entry""><div class=""sentence-row""><div class=""sentence"">I spent an hour <span class=""target-word"">browsing</span> the bookshelves in the local library, looking for a novel that would interest me.</div><button class=""tts-button"" data-tts=""I spent an hour browsing the bookshelves in the local library, looking for a novel that would interest me."" onclick=""window.playTTS(this.getAttribute('data-tts'))""><svg viewBox=""0 0 24 24"" fill=""none"" stroke=""currentColor"" stroke-width=""2""><polygon points=""5 3 19 12 5 21 5 3""></polygon></svg></button></div><div class=""meta-section""><div class=""translation"">我在當地圖書館的書架前瀏覽了一個小時，尋找一本能引起我興趣的小說。</div><div class=""entry-explanation"">動詞「瀏覽、翻閱」。</div></div></div><div class=""entry""><div class=""sentence-row""><div class=""sentence"">The customer told the shop assistant that she was just <span class=""target-word"">browsing</span> and did not need any help finding a specific item.</div><button class=""tts-button"" data-tts=""The customer told the shop assistant that she was just browsing and did not need any help finding a specific item."" onclick=""window.playTTS(this.getAttribute('data-tts'))""><svg viewBox=""0 0 24 24"" fill=""none"" stroke=""currentColor"" stroke-width=""2""><polygon points=""5 3 19 12 5 21 5 3""></polygon></svg></button></div><div class=""meta-section""><div class=""translation"">顧客告訴店員她只是在隨便逛逛，不需要幫忙尋找特定商品。</div><div class=""entry-explanation"">動詞「隨意逛逛」。</div></div></div><div class=""entry""><div class=""sentence-row""><div class=""sentence"">A quick <span class=""target-word"">browse</span> <span class=""collocation"">of</span> the news headlines revealed that the weather would be stormy throughout the coming weekend.</div><button class=""tts-button"" data-tts=""A quick browse of the news headlines revealed that the weather would be stormy throughout the coming weekend."" onclick=""window.playTTS(this.getAttribute('data-tts'))""><svg viewBox=""0 0 24 24"" fill=""none"" stroke=""currentColor"" stroke-width=""2""><polygon points=""5 3 19 12 5 21 5 3""></polygon></svg></button></div><div class=""meta-section""><div class=""translation"">快速瀏覽新聞標題後發現，接下來的整個週末天氣將會陰雨綿綿。</div><div class=""entry-explanation"">名詞「瀏覽」。</div></div></div></div><div class=""related-forms""><span class=""label"">Related:</span> browser</div></div>"
bruise	"<div class=""anki-card-content""><div class=""general-explanation"">名詞「瘀青」；動詞「使瘀青」。常與 skin 或 body parts 搭配。注意與 wound (傷口) 的區別：bruise 通常指皮下出血而沒有破皮。</div><div class=""entries-container""><div class=""entry""><div class=""sentence-row""><div class=""sentence"">After falling off his bicycle, the boy had a large purple <span class=""target-word"">bruise</span> on his knee, although the skin was not broken.</div><button class=""tts-button"" data-tts=""After falling off his bicycle, the boy had a large purple bruise on his knee, although the skin was not broken."" onclick=""window.playTTS(this.getAttribute('data-tts'))""><svg viewBox=""0 0 24 24"" fill=""none"" stroke=""currentColor"" stroke-width=""2""><polygon points=""5 3 19 12 5 21 5 3""></polygon></svg></button></div><div class=""meta-section""><div class=""translation"">從自行車上摔下來後，男孩的膝蓋上有一塊巨大的紫色瘀青，雖然皮膚沒有破裂。</div><div class=""entry-explanation"">名詞「瘀青」。</div></div></div><div class=""entry""><div class=""sentence-row""><div class=""sentence"">The fruit was <span class=""target-word"">bruised</span> during transport, making it look less appealing to customers in the supermarket.</div><button class=""tts-button"" data-tts=""The fruit was bruised during transport, making it look less appealing to customers in the supermarket."" onclick=""window.playTTS(this.getAttribute('data-tts'))""><svg viewBox=""0 0 24 24"" fill=""none"" stroke=""currentColor"" stroke-width=""2""><polygon points=""5 3 19 12 5 21 5 3""></polygon></svg></button></div><div class=""meta-section""><div class=""translation"">水果在運輸過程中被撞傷了（產生瘀傷），使得超級市場的顧客覺得它不那麼吸引人。</div><div class=""entry-explanation"">動詞（被動態）「使瘀青/撞傷」。可用於描述水果受損。</div></div></div><div class=""entry""><div class=""sentence-row""><div class=""sentence"">She didn't feel much pain, but the impact of the door <span class=""target-word"">bruised</span> her arm, leaving a dark mark for a week.</div><button class=""tts-button"" data-tts=""She didn&#x27;t feel much pain, but the impact of the door bruised her arm, leaving a dark mark for a week."" onclick=""window.playTTS(this.getAttribute('data-tts'))""><svg viewBox=""0 0 24 24"" fill=""none"" stroke=""currentColor"" stroke-width=""2""><polygon points=""5 3 19 12 5 21 5 3""></polygon></svg></button></div><div class=""meta-section""><div class=""translation"">她沒感到太多疼痛，但門的撞擊使她的手臂瘀青，留下了一個深色印記長達一週。</div><div class=""entry-explanation"">動詞「使瘀青」。</div></div></div></div><div class=""related-forms""><span class=""label"">Related:</span> bruised</div></div>"
bulk	"<div class=""anki-card-content""><div class=""general-explanation"">名詞「大部分，主體」或「體積，大量」。常用片語 the bulk of (大部分的...)，in bulk (大量地)。</div><div class=""entries-container""><div class=""entry""><div class=""sentence-row""><div class=""sentence"">The <span class=""target-word"">bulk</span> <span class=""collocation"">of</span> the students spent their summer vacation studying for the entrance exams instead of traveling.</div><button class=""tts-button"" data-tts=""The bulk of the students spent their summer vacation studying for the entrance exams instead of traveling."" onclick=""window.playTTS(this.getAttribute('data-tts'))""><svg viewBox=""0 0 24 24"" fill=""none"" stroke=""currentColor"" stroke-width=""2""><polygon points=""5 3 19 12 5 21 5 3""></polygon></svg></button></div><div class=""meta-section""><div class=""translation"">大多數學生利用暑假準備入學考試，而不是去旅行。</div><div class=""entry-explanation"">名詞「大部分」。片語 the bulk of... 表示絕大多數。</div></div></div><div class=""entry""><div class=""sentence-row""><div class=""sentence"">To save money and reduce packaging waste, many families prefer to buy their basic groceries <span class=""collocation"">in</span> <span class=""target-word"">bulk</span> from wholesale stores.</div><button class=""tts-button"" data-tts=""To save money and reduce packaging waste, many families prefer to buy their basic groceries in bulk from wholesale stores."" onclick=""window.playTTS(this.getAttribute('data-tts'))""><svg viewBox=""0 0 24 24"" fill=""none"" stroke=""currentColor"" stroke-width=""2""><polygon points=""5 3 19 12 5 21 5 3""></polygon></svg></button></div><div class=""meta-section""><div class=""translation"">為了省錢並減少包裝浪費，許多家庭更喜歡從批發店大量購買基本雜貨。</div><div class=""entry-explanation"">名詞「大量」。片語 in bulk 表示大量地。</div></div></div><div class=""entry""><div class=""sentence-row""><div class=""sentence"">Because of the <span class=""target-word"">bulk</span> of the package, it was too large to fit through the narrow doorway of the apartment.</div><button class=""tts-button"" data-tts=""Because of the bulk of the package, it was too large to fit through the narrow doorway of the apartment."" onclick=""window.playTTS(this.getAttribute('data-tts'))""><svg viewBox=""0 0 24 24"" fill=""none"" stroke=""currentColor"" stroke-width=""2""><polygon points=""5 3 19 12 5 21 5 3""></polygon></svg></button></div><div class=""meta-section""><div class=""translation"">由於包裹的體積太大，它無法通過公寓狹窄的門口。</div><div class=""entry-explanation"">名詞「體積」。</div></div></div></div><div class=""related-forms""><span class=""label"">Related:</span> bulky</div></div>"
bully	"<div class=""anki-card-content""><div class=""general-explanation"">名詞「欺凌者，霸凌者」；動詞「欺凌，威脅」。在 GSAT 中常出現於關於 school violence (校園暴力) 的文章。常用搭配：bully someone into doing something (脅迫某人做某事)。</div><div class=""entries-container""><div class=""entry""><div class=""sentence-row""><div class=""sentence"">The school implemented a strict anti-bullying policy to protect students from being targeted by a <span class=""target-word"">bully</span> in the playground.</div><button class=""tts-button"" data-tts=""The school implemented a strict anti-bullying policy to protect students from being targeted by a bully in the playground."" onclick=""window.playTTS(this.getAttribute('data-tts'))""><svg viewBox=""0 0 24 24"" fill=""none"" stroke=""currentColor"" stroke-width=""2""><polygon points=""5 3 19 12 5 21 5 3""></polygon></svg></button></div><div class=""meta-section""><div class=""translation"">學校實施了嚴格的反霸凌政策，以保護學生免受操場上霸凌者的針對。</div><div class=""entry-explanation"">名詞「霸凌者」。</div></div></div><div class=""entry""><div class=""sentence-row""><div class=""sentence"">It is never acceptable to <span class=""target-word"">bully</span> classmates, as this behavior can cause long-term psychological damage to the victims.</div><button class=""tts-button"" data-tts=""It is never acceptable to bully classmates, as this behavior can cause long-term psychological damage to the victims."" onclick=""window.playTTS(this.getAttribute('data-tts'))""><svg viewBox=""0 0 24 24"" fill=""none"" stroke=""currentColor"" stroke-width=""2""><polygon points=""5 3 19 12 5 21 5 3""></polygon></svg></button></div><div class=""meta-section""><div class=""translation"">欺凌同學絕對是不被允許的，因為這種行為會對受害者造成長期的心理傷害。</div><div class=""entry-explanation"">動詞「欺凌」。</div></div></div><div class=""entry""><div class=""sentence-row""><div class=""sentence"">The older students tried to <span class=""target-word"">bully</span> the freshmen <span class=""collocation"">into</span> doing their homework, but the teacher stopped them immediately.</div><button class=""tts-button"" data-tts=""The older students tried to bully the freshmen into doing their homework, but the teacher stopped them immediately."" onclick=""window.playTTS(this.getAttribute('data-tts'))""><svg viewBox=""0 0 24 24"" fill=""none"" stroke=""currentColor"" stroke-width=""2""><polygon points=""5 3 19 12 5 21 5 3""></polygon></svg></button></div><div class=""meta-section""><div class=""translation"">高年級學生試圖脅迫新生幫他們做作業，但老師立即制止了他們。</div><div class=""entry-explanation"">動詞「脅迫」。片語 bully someone into doing something。</div></div></div></div><div class=""related-forms""><span class=""label"">Related:</span> bullying</div></div>"
bureau	"<div class=""anki-card-content""><div class=""general-explanation"">名詞「局，署」或「辦公桌」。常用於政府機構，如 Federal Bureau of Investigation (聯邦調查局)。</div><div class=""entries-container""><div class=""entry""><div class=""sentence-row""><div class=""sentence"">The Federal <span class=""target-word"">Bureau</span> of Investigation is responsible for investigating federal crimes and protecting the national security of the United States.</div><button class=""tts-button"" data-tts=""The Federal Bureau of Investigation is responsible for investigating federal crimes and protecting the national security of the United States."" onclick=""window.playTTS(this.getAttribute('data-tts'))""><svg viewBox=""0 0 24 24"" fill=""none"" stroke=""currentColor"" stroke-width=""2""><polygon points=""5 3 19 12 5 21 5 3""></polygon></svg></button></div><div class=""meta-section""><div class=""translation"">聯邦調查局負責調查聯邦犯罪並保護美國的國家安全。</div><div class=""entry-explanation"">名詞「局/署」。指政府行政機關。</div></div></div><div class=""entry""><div class=""sentence-row""><div class=""sentence"">She works for the travel <span class=""target-word"">bureau</span>, helping tourists plan their itineraries and book hotel rooms for their trips abroad.</div><button class=""tts-button"" data-tts=""She works for the travel bureau, helping tourists plan their itineraries and book hotel rooms for their trips abroad."" onclick=""window.playTTS(this.getAttribute('data-tts'))""><svg viewBox=""0 0 24 24"" fill=""none"" stroke=""currentColor"" stroke-width=""2""><polygon points=""5 3 19 12 5 21 5 3""></polygon></svg></button></div><div class=""meta-section""><div class=""translation"">她在旅遊局工作，幫助遊客規劃行程並預訂出國旅行的酒店房間。</div><div class=""entry-explanation"">名詞「局/署」。</div></div></div><div class=""entry""><div class=""sentence-row""><div class=""sentence"">He kept all his important documents and stationery organized in the top drawer of his old wooden <span class=""target-word"">bureau</span>.</div><button class=""tts-button"" data-tts=""He kept all his important documents and stationery organized in the top drawer of his old wooden bureau."" onclick=""window.playTTS(this.getAttribute('data-tts'))""><svg viewBox=""0 0 24 24"" fill=""none"" stroke=""currentColor"" stroke-width=""2""><polygon points=""5 3 19 12 5 21 5 3""></polygon></svg></button></div><div class=""meta-section""><div class=""translation"">他把所有重要文件和文具整齊地放在他舊木製辦公桌的頂層抽屜裡。</div><div class=""entry-explanation"">名詞「辦公桌/抽屜櫃」。</div></div></div></div><div class=""related-forms""><span class=""label"">Related:</span> bureaucracy, bureaucrat</div></div>"
bureaucracy	"<div class=""anki-card-content""><div class=""general-explanation"">名詞「官僚制度；官僚體系」。指由許多行政職員組成的管理系統，常用於描述程序繁瑣、效率低下的行政過程。</div><div class=""entries-container""><div class=""entry""><div class=""sentence-row""><div class=""sentence"">Many young entrepreneurs complain that the excessive <span class=""target-word"">bureaucracy</span> in the city government makes it difficult to start a new business quickly.</div><button class=""tts-button"" data-tts=""Many young entrepreneurs complain that the excessive bureaucracy in the city government makes it difficult to start a new business quickly."" onclick=""window.playTTS(this.getAttribute('data-tts'))""><svg viewBox=""0 0 24 24"" fill=""none"" stroke=""currentColor"" stroke-width=""2""><polygon points=""5 3 19 12 5 21 5 3""></polygon></svg></button></div><div class=""meta-section""><div class=""translation"">許多年輕創業家抱怨市政府過多的官僚制度使得快速創業變得困難。</div><div class=""entry-explanation"">名詞「官僚制度」。指繁瑣的行政程序。</div></div></div><div class=""entry""><div class=""sentence-row""><div class=""sentence"">To improve efficiency, the school administration is trying to <span class=""collocation"">reduce</span> <span class=""target-word"">bureaucracy</span> by simplifying the application process for student clubs.</div><button class=""tts-button"" data-tts=""To improve efficiency, the school administration is trying to reduce bureaucracy by simplifying the application process for student clubs."" onclick=""window.playTTS(this.getAttribute('data-tts'))""><svg viewBox=""0 0 24 24"" fill=""none"" stroke=""currentColor"" stroke-width=""2""><polygon points=""5 3 19 12 5 21 5 3""></polygon></svg></button></div><div class=""meta-section""><div class=""translation"">為了提高效率，學校行政部門正試圖透過簡化學生社團的申請流程來減少官僚體系。</div><div class=""entry-explanation"">名詞「官僚體系」。常用動詞搭配：reduce bureaucracy (減少官僚體系)。</div></div></div></div><div class=""related-forms""><span class=""label"">Related:</span> bureaucratic, bureaucrat</div></div>"
burial	"<div class=""anki-card-content""><div class=""general-explanation"">名詞「埋葬；葬禮」。指將死者埋入地下的行為或儀式。</div><div class=""entries-container""><div class=""entry""><div class=""sentence-row""><div class=""sentence"">Archaeologists discovered an ancient <span class=""target-word"">burial</span> <span class=""collocation"">site</span> in the valley, providing valuable clues about the customs of the people who lived there.</div><button class=""tts-button"" data-tts=""Archaeologists discovered an ancient burial site in the valley, providing valuable clues about the customs of the people who lived there."" onclick=""window.playTTS(this.getAttribute('data-tts'))""><svg viewBox=""0 0 24 24"" fill=""none"" stroke=""currentColor"" stroke-width=""2""><polygon points=""5 3 19 12 5 21 5 3""></polygon></svg></button></div><div class=""meta-section""><div class=""translation"">考古學家在山谷中發現了一個古代埋葬地點，提供了關於居住在那裡的人們習俗的寶貴線索。</div><div class=""entry-explanation"">名詞「埋葬」。常用搭配：burial site (埋葬地點)。</div></div></div><div class=""entry""><div class=""sentence-row""><div class=""sentence"">The family gathered for the <span class=""target-word"">burial</span> ceremony to say their final goodbyes and honor the memory of their beloved grandfather.</div><button class=""tts-button"" data-tts=""The family gathered for the burial ceremony to say their final goodbyes and honor the memory of their beloved grandfather."" onclick=""window.playTTS(this.getAttribute('data-tts'))""><svg viewBox=""0 0 24 24"" fill=""none"" stroke=""currentColor"" stroke-width=""2""><polygon points=""5 3 19 12 5 21 5 3""></polygon></svg></button></div><div class=""meta-section""><div class=""translation"">家人們聚集在葬禮儀式上，向他們心愛的祖父做最後的告別並紀念他的回憶。</div><div class=""entry-explanation"">名詞「葬禮」。指埋葬死者的儀式。</div></div></div></div><div class=""related-forms""><span class=""label"">Related:</span> bury</div></div>"
butcher	"<div class=""anki-card-content""><div class=""general-explanation"">名詞「屠夫；肉販」；動詞「屠宰；殘忍殺害」。作為動詞時，常用於描述極其殘忍的或極不專業地處理某事（如發音）。</div><div class=""entries-container""><div class=""entry""><div class=""sentence-row""><div class=""sentence"">The local <span class=""target-word"">butcher</span> is known for providing the highest quality meat and giving helpful advice on how to cook different cuts.</div><button class=""tts-button"" data-tts=""The local butcher is known for providing the highest quality meat and giving helpful advice on how to cook different cuts."" onclick=""window.playTTS(this.getAttribute('data-tts'))""><svg viewBox=""0 0 24 24"" fill=""none"" stroke=""currentColor"" stroke-width=""2""><polygon points=""5 3 19 12 5 21 5 3""></polygon></svg></button></div><div class=""meta-section""><div class=""translation"">當地的肉販以提供最高品質的肉類以及提供關於如何烹調不同部位肉類的有益建議而聞名。</div><div class=""entry-explanation"">名詞「肉販」。指在肉店工作的人。</div></div></div><div class=""entry""><div class=""sentence-row""><div class=""sentence"">The farmer had to hire a professional <span class=""target-word"">butcher</span> to process the livestock after the harvest season ended.</div><button class=""tts-button"" data-tts=""The farmer had to hire a professional butcher to process the livestock after the harvest season ended."" onclick=""window.playTTS(this.getAttribute('data-tts'))""><svg viewBox=""0 0 24 24"" fill=""none"" stroke=""currentColor"" stroke-width=""2""><polygon points=""5 3 19 12 5 21 5 3""></polygon></svg></button></div><div class=""meta-section""><div class=""translation"">農民在收穫季節結束後，必須聘請專業的屠夫來處理牲畜。</div><div class=""entry-explanation"">名詞「屠夫」。指從事屠宰工作的人。</div></div></div><div class=""entry""><div class=""sentence-row""><div class=""sentence"">During the debate, the candidate <span class=""target-word"">butchered</span> the pronunciation of the opponent's name, which caused a lot of laughter in the crowd.</div><button class=""tts-button"" data-tts=""During the debate, the candidate butchered the pronunciation of the opponent&#x27;s name, which caused a lot of laughter in the crowd."" onclick=""window.playTTS(this.getAttribute('data-tts'))""><svg viewBox=""0 0 24 24"" fill=""none"" stroke=""currentColor"" stroke-width=""2""><polygon points=""5 3 19 12 5 21 5 3""></polygon></svg></button></div><div class=""meta-section""><div class=""translation"">在辯論過程中，該候選人把對手的名字發音發得慘不忍睹，引起了人群中許多笑聲。</div><div class=""entry-explanation"">動詞「殘忍殺害/糟蹋」。在此處指極其糟糕地發音或處理。</div></div></div></div><div class=""related-forms""><span class=""label"">Related:</span> butchery</div></div>"
calcium	"<div class=""anki-card-content""><div class=""general-explanation"">名詞「鈣」。一種化學元素，對骨骼和牙齒的健康至關重要。常出現在生物或健康類文章中。</div><div class=""entries-container""><div class=""entry""><div class=""sentence-row""><div class=""sentence"">Drinking milk and eating yogurt are great ways to <span class=""collocation"">increase</span> your <span class=""target-word"">calcium</span> intake to keep your bones strong and healthy.</div><button class=""tts-button"" data-tts=""Drinking milk and eating yogurt are great ways to increase your calcium intake to keep your bones strong and healthy."" onclick=""window.playTTS(this.getAttribute('data-tts'))""><svg viewBox=""0 0 24 24"" fill=""none"" stroke=""currentColor"" stroke-width=""2""><polygon points=""5 3 19 12 5 21 5 3""></polygon></svg></button></div><div class=""meta-section""><div class=""translation"">喝牛奶和吃優格是增加鈣質攝取以保持骨骼強健健康的好方法。</div><div class=""entry-explanation"">名詞「鈣」。常用搭配：calcium intake (鈣質攝取)。</div></div></div><div class=""entry""><div class=""sentence-row""><div class=""sentence"">The doctor recommended that the elderly patient take <span class=""target-word"">calcium</span> supplements to prevent osteoporosis and reduce the risk of fractures.</div><button class=""tts-button"" data-tts=""The doctor recommended that the elderly patient take calcium supplements to prevent osteoporosis and reduce the risk of fractures."" onclick=""window.playTTS(this.getAttribute('data-tts'))""><svg viewBox=""0 0 24 24"" fill=""none"" stroke=""currentColor"" stroke-width=""2""><polygon points=""5 3 19 12 5 21 5 3""></polygon></svg></button></div><div class=""meta-section""><div class=""translation"">醫生建議這位年長的患者服用鈣片補充劑，以預防骨質疏鬆症並降低骨折風險。</div><div class=""entry-explanation"">名詞「鈣」。常用搭配：calcium supplements (鈣補充劑)。</div></div></div></div></div>"
canal	"<div class=""anki-card-content""><div class=""general-explanation"">名詞「運河；水渠」。指人工挖掘的通道，用於運輸或灌溉。</div><div class=""entries-container""><div class=""entry""><div class=""sentence-row""><div class=""sentence"">The Panama <span class=""target-word"">canal</span> is one of the most important engineering feats in history, allowing ships to travel between two oceans more quickly.</div><button class=""tts-button"" data-tts=""The Panama canal is one of the most important engineering feats in history, allowing ships to travel between two oceans more quickly."" onclick=""window.playTTS(this.getAttribute('data-tts'))""><svg viewBox=""0 0 24 24"" fill=""none"" stroke=""currentColor"" stroke-width=""2""><polygon points=""5 3 19 12 5 21 5 3""></polygon></svg></button></div><div class=""meta-section""><div class=""translation"">巴拿馬運河是歷史上最重要的工程成就之一，讓船隻能在兩個海洋之間更快速地穿行。</div><div class=""entry-explanation"">名詞「運河」。指人工挖掘的大型水路。</div></div></div><div class=""entry""><div class=""sentence-row""><div class=""sentence"">In the rural village, farmers built a small <span class=""target-word"">canal</span> to carry water from the river to their dry fields during the summer.</div><button class=""tts-button"" data-tts=""In the rural village, farmers built a small canal to carry water from the river to their dry fields during the summer."" onclick=""window.playTTS(this.getAttribute('data-tts'))""><svg viewBox=""0 0 24 24"" fill=""none"" stroke=""currentColor"" stroke-width=""2""><polygon points=""5 3 19 12 5 21 5 3""></polygon></svg></button></div><div class=""meta-section""><div class=""translation"">在鄉村村莊裡，農民們建造了一條小水渠，在夏天將河水引向他們乾燥的田地。</div><div class=""entry-explanation"">名詞「水渠」。指用於灌溉的較小人工水路。</div></div></div></div></div>"
canvas	"<div class=""anki-card-content""><div class=""general-explanation"">名詞「帆布；畫布」；動詞「遊說； canvass (注意拼法)」。注意：canvas 作為名詞時指材質，而 canvass (兩個s) 作為動詞指調查或遊說。但在現代英語中，canvas 有時被誤用或交替使用。</div><div class=""entries-container""><div class=""entry""><div class=""sentence-row""><div class=""sentence"">The artist carefully stretched the <span class=""target-word"">canvas</span> over the wooden frame before applying the first layer of oil paint to the surface.</div><button class=""tts-button"" data-tts=""The artist carefully stretched the canvas over the wooden frame before applying the first layer of oil paint to the surface."" onclick=""window.playTTS(this.getAttribute('data-tts'))""><svg viewBox=""0 0 24 24"" fill=""none"" stroke=""currentColor"" stroke-width=""2""><polygon points=""5 3 19 12 5 21 5 3""></polygon></svg></button></div><div class=""meta-section""><div class=""translation"">藝術家在將第一層油畫顏料塗在表面之前，小心地將畫布撐在木框上。</div><div class=""entry-explanation"">名詞「畫布」。指用於油畫的粗布。</div></div></div><div class=""entry""><div class=""sentence-row""><div class=""sentence"">Because it was raining, we decided to cover the equipment with a heavy <span class=""target-word"">canvas</span> sheet to keep everything dry and protected.</div><button class=""tts-button"" data-tts=""Because it was raining, we decided to cover the equipment with a heavy canvas sheet to keep everything dry and protected."" onclick=""window.playTTS(this.getAttribute('data-tts'))""><svg viewBox=""0 0 24 24"" fill=""none"" stroke=""currentColor"" stroke-width=""2""><polygon points=""5 3 19 12 5 21 5 3""></polygon></svg></button></div><div class=""meta-section""><div class=""translation"">因為在下雨，我們決定用一張厚帆布單覆蓋設備，以保持所有東西乾燥且受保護。</div><div class=""entry-explanation"">名詞「帆布」。指一種強韌的粗布材質。</div></div></div></div></div>"
capability	"<div class=""anki-card-content""><div class=""general-explanation"">名詞「能力；功能」。指一個人或系統能夠完成某項任務的潛在能力或技術能力。</div><div class=""entries-container""><div class=""entry""><div class=""sentence-row""><div class=""sentence"">The new software has the <span class=""target-word"">capability</span> to process huge amounts of data in seconds, which significantly increases the team's productivity.</div><button class=""tts-button"" data-tts=""The new software has the capability to process huge amounts of data in seconds, which significantly increases the team&#x27;s productivity."" onclick=""window.playTTS(this.getAttribute('data-tts'))""><svg viewBox=""0 0 24 24"" fill=""none"" stroke=""currentColor"" stroke-width=""2""><polygon points=""5 3 19 12 5 21 5 3""></polygon></svg></button></div><div class=""meta-section""><div class=""translation"">這款新軟體具有在幾秒鐘內處理海量數據的能力，這顯著提高了團隊的生產力。</div><div class=""entry-explanation"">名詞「功能/能力」。指系統或技術上的能力。</div></div></div><div class=""entry""><div class=""sentence-row""><div class=""sentence"">Through hard work and practice, the student demonstrated a remarkable <span class=""target-word"">capability</span> for learning new languages quickly and accurately.</div><button class=""tts-button"" data-tts=""Through hard work and practice, the student demonstrated a remarkable capability for learning new languages quickly and accurately."" onclick=""window.playTTS(this.getAttribute('data-tts'))""><svg viewBox=""0 0 24 24"" fill=""none"" stroke=""currentColor"" stroke-width=""2""><polygon points=""5 3 19 12 5 21 5 3""></polygon></svg></button></div><div class=""meta-section""><div class=""translation"">透過努力工作和練習，這名學生展現了快速且準確地學習新語言的卓越能力。</div><div class=""entry-explanation"">名詞「能力」。指個人潛在的心智或技術能力。</div></div></div><div class=""entry""><div class=""sentence-row""><div class=""sentence"">The manager believes that the employee's current <span class=""target-word"">capabilities</span> are well-suited for the leadership role in the upcoming project.</div><button class=""tts-button"" data-tts=""The manager believes that the employee&#x27;s current capabilities are well-suited for the leadership role in the upcoming project."" onclick=""window.playTTS(this.getAttribute('data-tts'))""><svg viewBox=""0 0 24 24"" fill=""none"" stroke=""currentColor"" stroke-width=""2""><polygon points=""5 3 19 12 5 21 5 3""></polygon></svg></button></div><div class=""meta-section""><div class=""translation"">經理認為該員工目前的能能力非常適合即將到來的專案中的領導角色。</div><div class=""entry-explanation"">名詞「能力」。常用複數形式描述多方面的能力。</div></div></div></div><div class=""related-forms""><span class=""label"">Related:</span> capable</div></div>"
carbon	"<div class=""anki-card-content""><div class=""general-explanation"">名詞「碳」。一種化學元素，是所有有機生命的基礎。常出現在環境、氣候變遷類文章中。</div><div class=""entries-container""><div class=""entry""><div class=""sentence-row""><div class=""sentence"">To fight climate change, many countries are trying to <span class=""collocation"">reduce</span> their <span class=""target-word"">carbon</span> <span class=""collocation"">footprint</span> by using renewable energy sources like wind and solar power.</div><button class=""tts-button"" data-tts=""To fight climate change, many countries are trying to reduce their carbon footprint by using renewable energy sources like wind and solar power."" onclick=""window.playTTS(this.getAttribute('data-tts'))""><svg viewBox=""0 0 24 24"" fill=""none"" stroke=""currentColor"" stroke-width=""2""><polygon points=""5 3 19 12 5 21 5 3""></polygon></svg></button></div><div class=""meta-section""><div class=""translation"">為了對抗氣候變遷，許多國家正試圖透過使用風能和太陽能等可再生能源來減少其碳足跡。</div><div class=""entry-explanation"">名詞「碳」。常用搭配：carbon footprint (碳足跡)。</div></div></div><div class=""entry""><div class=""sentence-row""><div class=""sentence"">Scientists found that the <span class=""target-word"">carbon</span> levels in the atmosphere have increased significantly over the last century due to industrial activities.</div><button class=""tts-button"" data-tts=""Scientists found that the carbon levels in the atmosphere have increased significantly over the last century due to industrial activities."" onclick=""window.playTTS(this.getAttribute('data-tts'))""><svg viewBox=""0 0 24 24"" fill=""none"" stroke=""currentColor"" stroke-width=""2""><polygon points=""5 3 19 12 5 21 5 3""></polygon></svg></button></div><div class=""meta-section""><div class=""translation"">科學家發現，由於工業活動，大氣中的碳水平在過去一個世紀中顯著增加。</div><div class=""entry-explanation"">名詞「碳」。指化學元素碳。</div></div></div></div></div>"
carnival	"<div class=""anki-card-content""><div class=""general-explanation"">名詞「嘉年華；狂歡節」。指一種充滿音樂、舞蹈和色彩的盛大公開慶祝活動。</div><div class=""entries-container""><div class=""entry""><div class=""sentence-row""><div class=""sentence"">Every year, the city hosts a grand <span class=""target-word"">carnival</span> with colorful parades and loud music, attracting thousands of tourists from around the world.</div><button class=""tts-button"" data-tts=""Every year, the city hosts a grand carnival with colorful parades and loud music, attracting thousands of tourists from around the world."" onclick=""window.playTTS(this.getAttribute('data-tts'))""><svg viewBox=""0 0 24 24"" fill=""none"" stroke=""currentColor"" stroke-width=""2""><polygon points=""5 3 19 12 5 21 5 3""></polygon></svg></button></div><div class=""meta-section""><div class=""translation"">每年，這座城市都會舉辦一場盛大的嘉年華，有色彩繽紛的遊行和響亮的音樂，吸引了來自世界各地的數千名遊客。</div><div class=""entry-explanation"">名詞「嘉年華」。指大型公開慶祝活動。</div></div></div><div class=""entry""><div class=""sentence-row""><div class=""sentence"">The children were excited to play games and eat cotton candy at the school <span class=""target-word"">carnival</span> held on the last day of the semester.</div><button class=""tts-button"" data-tts=""The children were excited to play games and eat cotton candy at the school carnival held on the last day of the semester."" onclick=""window.playTTS(this.getAttribute('data-tts'))""><svg viewBox=""0 0 24 24"" fill=""none"" stroke=""currentColor"" stroke-width=""2""><polygon points=""5 3 19 12 5 21 5 3""></polygon></svg></button></div><div class=""meta-section""><div class=""translation"">孩子們很興奮能在學期最後一天舉辦的學校嘉年華中玩遊戲、吃棉花糖。</div><div class=""entry-explanation"">名詞「嘉年華」。指校園內的小型慶祝活動。</div></div></div></div></div>"
casino	"<div class=""anki-card-content""><div class=""general-explanation"">名詞「賭場」。指一個提供賭博遊戲的場所。</div><div class=""entries-container""><div class=""entry""><div class=""sentence-row""><div class=""sentence"">The city's economy grew rapidly after the government allowed the construction of a large <span class=""target-word"">casino</span> and several luxury hotels.</div><button class=""tts-button"" data-tts=""The city&#x27;s economy grew rapidly after the government allowed the construction of a large casino and several luxury hotels."" onclick=""window.playTTS(this.getAttribute('data-tts'))""><svg viewBox=""0 0 24 24"" fill=""none"" stroke=""currentColor"" stroke-width=""2""><polygon points=""5 3 19 12 5 21 5 3""></polygon></svg></button></div><div class=""meta-section""><div class=""translation"">在政府允許建造一座大型賭場和幾個豪華飯店後，這座城市的經濟迅速增長。</div><div class=""entry-explanation"">名詞「賭場」。</div></div></div><div class=""entry""><div class=""sentence-row""><div class=""sentence"">Entering a <span class=""target-word"">casino</span> usually requires a valid ID to prove that the visitor is of legal gambling age.</div><button class=""tts-button"" data-tts=""Entering a casino usually requires a valid ID to prove that the visitor is of legal gambling age."" onclick=""window.playTTS(this.getAttribute('data-tts'))""><svg viewBox=""0 0 24 24"" fill=""none"" stroke=""currentColor"" stroke-width=""2""><polygon points=""5 3 19 12 5 21 5 3""></polygon></svg></button></div><div class=""meta-section""><div class=""translation"">進入賭場通常需要有效的身分證件，以證明訪客已達到法定賭博年齡。</div><div class=""entry-explanation"">名詞「賭場」。</div></div></div></div></div>"
cathedral	"<div class=""anki-card-content""><div class=""general-explanation"">名詞「大教堂」。通常指規模宏大、具有重要宗教地位的教堂，尤其是主教座堂。與一般的 church 不同，cathedral 具有更高的行政地位。</div><div class=""entries-container""><div class=""entry""><div class=""sentence-row""><div class=""sentence"">The city's ancient <span class=""target-word"">cathedral</span> is famous for its stunning gothic architecture and colorful stained-glass windows that attract thousands of tourists.</div><button class=""tts-button"" data-tts=""The city&#x27;s ancient cathedral is famous for its stunning gothic architecture and colorful stained-glass windows that attract thousands of tourists."" onclick=""window.playTTS(this.getAttribute('data-tts'))""><svg viewBox=""0 0 24 24"" fill=""none"" stroke=""currentColor"" stroke-width=""2""><polygon points=""5 3 19 12 5 21 5 3""></polygon></svg></button></div><div class=""meta-section""><div class=""translation"">這座城市的古老大教堂以其令人驚嘆的哥德式建築和色彩繽紛的彩色玻璃窗而聞名，吸引了數以千計的遊客。</div><div class=""entry-explanation"">名詞「大教堂」。強調其規模和建築風格。</div></div></div><div class=""entry""><div class=""sentence-row""><div class=""sentence"">During the festival, the <span class=""target-word"">cathedral</span> hosted a grand choral performance, filling the massive space with beautiful, echoing music.</div><button class=""tts-button"" data-tts=""During the festival, the cathedral hosted a grand choral performance, filling the massive space with beautiful, echoing music."" onclick=""window.playTTS(this.getAttribute('data-tts'))""><svg viewBox=""0 0 24 24"" fill=""none"" stroke=""currentColor"" stroke-width=""2""><polygon points=""5 3 19 12 5 21 5 3""></polygon></svg></button></div><div class=""meta-section""><div class=""translation"">在節日期間，大教堂舉辦了一場宏大的合唱表演，使巨大的空間充滿了美麗且迴盪的音樂。</div><div class=""entry-explanation"">名詞「大教堂」。描述其在宗教和文化活動中的用途。</div></div></div></div><div class=""related-forms""><span class=""label"">Related:</span> cathedrals</div></div>"
caution	"<div class=""anki-card-content""><div class=""general-explanation"">名詞「小心，謹慎」；動詞「警告」。名詞時常用片語 exercise caution (保持謹慎) 或 use caution (小心)。動詞時常用搭配 caution someone against sth (警告某人不要做某事)。</div><div class=""entries-container""><div class=""entry""><div class=""sentence-row""><div class=""sentence"">The government advised all citizens to <span class=""collocation"">exercise</span> <span class=""target-word"">caution</span> when traveling to regions that are currently experiencing severe weather conditions.</div><button class=""tts-button"" data-tts=""The government advised all citizens to exercise caution when traveling to regions that are currently experiencing severe weather conditions."" onclick=""window.playTTS(this.getAttribute('data-tts'))""><svg viewBox=""0 0 24 24"" fill=""none"" stroke=""currentColor"" stroke-width=""2""><polygon points=""5 3 19 12 5 21 5 3""></polygon></svg></button></div><div class=""meta-section""><div class=""translation"">政府建議所有公民在前往目前正經歷嚴重天氣狀況的地區時要保持謹慎。</div><div class=""entry-explanation"">名詞「小心，謹慎」。常用片語 exercise caution 表示「保持謹慎」。</div></div></div><div class=""entry""><div class=""sentence-row""><div class=""sentence"">The teacher <span class=""target-word"">cautioned</span> the students <span class=""collocation"">against</span> leaving their personal belongings unattended in the crowded school cafeteria.</div><button class=""tts-button"" data-tts=""The teacher cautioned the students against leaving their personal belongings unattended in the crowded school cafeteria."" onclick=""window.playTTS(this.getAttribute('data-tts'))""><svg viewBox=""0 0 24 24"" fill=""none"" stroke=""currentColor"" stroke-width=""2""><polygon points=""5 3 19 12 5 21 5 3""></polygon></svg></button></div><div class=""meta-section""><div class=""translation"">老師警告學生不要將個人物品在擁擠的學校食堂中無人看管。</div><div class=""entry-explanation"">動詞「警告」。常用搭配 caution someone against V-ing 表「警告某人不要...」。</div></div></div><div class=""entry""><div class=""sentence-row""><div class=""sentence"">Parents should <span class=""collocation"">use</span> <span class=""target-word"">caution</span> when allowing their young children to access the internet without supervision.</div><button class=""tts-button"" data-tts=""Parents should use caution when allowing their young children to access the internet without supervision."" onclick=""window.playTTS(this.getAttribute('data-tts'))""><svg viewBox=""0 0 24 24"" fill=""none"" stroke=""currentColor"" stroke-width=""2""><polygon points=""5 3 19 12 5 21 5 3""></polygon></svg></button></div><div class=""meta-section""><div class=""translation"">父母在允許幼兒在沒有監督的情況下使用網路時應保持小心。</div><div class=""entry-explanation"">名詞「小心」。常用片語 use caution 表示「小心」。</div></div></div></div><div class=""related-forms""><span class=""label"">Related:</span> cautious, cautiously</div></div>"
cautious	"<div class=""anki-card-content""><div class=""general-explanation"">形容詞「謹慎的」。指在行動前仔細考慮可能的風險，以避免危險或錯誤。常用搭配 cautious about sth (對...感到謹慎)。</div><div class=""entries-container""><div class=""entry""><div class=""sentence-row""><div class=""sentence"">The investor was very <span class=""target-word"">cautious</span> <span class=""collocation"">about</span> putting all his money into a single stock, fearing a sudden market crash.</div><button class=""tts-button"" data-tts=""The investor was very cautious about putting all his money into a single stock, fearing a sudden market crash."" onclick=""window.playTTS(this.getAttribute('data-tts'))""><svg viewBox=""0 0 24 24"" fill=""none"" stroke=""currentColor"" stroke-width=""2""><polygon points=""5 3 19 12 5 21 5 3""></polygon></svg></button></div><div class=""meta-section""><div class=""translation"">這位投資者在將所有錢投入一支股票時非常謹慎，擔心市場突然崩盤。</div><div class=""entry-explanation"">形容詞「謹慎的」。常用搭配 cautious about sth。</div></div></div><div class=""entry""><div class=""sentence-row""><div class=""sentence"">Because the road was slippery after the rain, the driver became more <span class=""target-word"">cautious</span>, slowing down to avoid any potential accidents.</div><button class=""tts-button"" data-tts=""Because the road was slippery after the rain, the driver became more cautious, slowing down to avoid any potential accidents."" onclick=""window.playTTS(this.getAttribute('data-tts'))""><svg viewBox=""0 0 24 24"" fill=""none"" stroke=""currentColor"" stroke-width=""2""><polygon points=""5 3 19 12 5 21 5 3""></polygon></svg></button></div><div class=""meta-section""><div class=""translation"">因為雨後道路濕滑，駕駛員變得更加謹慎，減速以避免任何潛在的事故。</div><div class=""entry-explanation"">形容詞「謹慎的」。描述行動上的小心翼翼。</div></div></div></div><div class=""related-forms""><span class=""label"">Related:</span> caution, cautiously</div></div>"
celebrity	"<div class=""anki-card-content""><div class=""general-explanation"">名詞「名人」。指在公眾面前享有盛名的人。常用片語 A-list celebrity (頂級名人)。注意與 fame (名聲) 的區別：celebrity 指的是人，而 fame 是指狀態。</div><div class=""entries-container""><div class=""entry""><div class=""sentence-row""><div class=""sentence"">The young singer became an overnight <span class=""target-word"">celebrity</span> after her song went viral on social media, attracting millions of fans.</div><button class=""tts-button"" data-tts=""The young singer became an overnight celebrity after her song went viral on social media, attracting millions of fans."" onclick=""window.playTTS(this.getAttribute('data-tts'))""><svg viewBox=""0 0 24 24"" fill=""none"" stroke=""currentColor"" stroke-width=""2""><polygon points=""5 3 19 12 5 21 5 3""></polygon></svg></button></div><div class=""meta-section""><div class=""translation"">這位年輕歌手在她的歌曲在社交媒體上瘋傳後一夜之間成為名人，吸引了數百萬名粉絲。</div><div class=""entry-explanation"">名詞「名人」。指享有名聲的人。</div></div></div><div class=""entry""><div class=""sentence-row""><div class=""sentence"">Being a <span class=""target-word"">celebrity</span> often comes with a lack of privacy, as paparazzi constantly follow them to capture every moment of their lives.</div><button class=""tts-button"" data-tts=""Being a celebrity often comes with a lack of privacy, as paparazzi constantly follow them to capture every moment of their lives."" onclick=""window.playTTS(this.getAttribute('data-tts'))""><svg viewBox=""0 0 24 24"" fill=""none"" stroke=""currentColor"" stroke-width=""2""><polygon points=""5 3 19 12 5 21 5 3""></polygon></svg></button></div><div class=""meta-section""><div class=""translation"">成為名人通常伴隨著缺乏隱私，因為狗仔隊不斷跟隨他們，捕捉他們生活的每一個瞬間。</div><div class=""entry-explanation"">名詞「名人」。描述名人的生活狀態。</div></div></div></div><div class=""related-forms""><span class=""label"">Related:</span> celebrate, celebrity&#x27;s</div></div>"
cemetery	"<div class=""anki-card-content""><div class=""general-explanation"">名詞「墓地」。指專門用於埋葬死者的場所。注意與 graveyard (墓地) 的區別：cemetery 通常指較大規模的公共墓地，而 graveyard 通常指教堂旁的墓地。</div><div class=""entries-container""><div class=""entry""><div class=""sentence-row""><div class=""sentence"">The old <span class=""target-word"">cemetery</span> on the edge of town is filled with ancient tombstones and tall trees, creating a quiet and peaceful atmosphere.</div><button class=""tts-button"" data-tts=""The old cemetery on the edge of town is filled with ancient tombstones and tall trees, creating a quiet and peaceful atmosphere."" onclick=""window.playTTS(this.getAttribute('data-tts'))""><svg viewBox=""0 0 24 24"" fill=""none"" stroke=""currentColor"" stroke-width=""2""><polygon points=""5 3 19 12 5 21 5 3""></polygon></svg></button></div><div class=""meta-section""><div class=""translation"">城邊的舊墓地充滿了古老的墓碑和高大的樹木，營造出一種安靜和平靜的氛圍。</div><div class=""entry-explanation"">名詞「墓地」。描述其環境。</div></div></div><div class=""entry""><div class=""sentence-row""><div class=""sentence"">Family members gathered at the <span class=""target-word"">cemetery</span> to pay their respects to their ancestors during the traditional holiday.</div><button class=""tts-button"" data-tts=""Family members gathered at the cemetery to pay their respects to their ancestors during the traditional holiday."" onclick=""window.playTTS(this.getAttribute('data-tts'))""><svg viewBox=""0 0 24 24"" fill=""none"" stroke=""currentColor"" stroke-width=""2""><polygon points=""5 3 19 12 5 21 5 3""></polygon></svg></button></div><div class=""meta-section""><div class=""translation"">家人們在傳統節日期間聚集在墓地，向他們的祖先表達敬意。</div><div class=""entry-explanation"">名詞「墓地」。描述其用途。</div></div></div></div><div class=""related-forms""><span class=""label"">Related:</span> cemeteries</div></div>"
ceremony	"<div class=""anki-card-content""><div class=""general-explanation"">名詞「典禮」。指為了紀念或慶祝某事而舉行的正式活動。常用片語 graduation ceremony (畢業典禮), wedding ceremony (婚禮), opening ceremony (開幕式)。</div><div class=""entries-container""><div class=""entry""><div class=""sentence-row""><div class=""sentence"">The students were filled with excitement and nervousness as they waited for their names to be called during the graduation <span class=""target-word"">ceremony</span>.</div><button class=""tts-button"" data-tts=""The students were filled with excitement and nervousness as they waited for their names to be called during the graduation ceremony."" onclick=""window.playTTS(this.getAttribute('data-tts'))""><svg viewBox=""0 0 24 24"" fill=""none"" stroke=""currentColor"" stroke-width=""2""><polygon points=""5 3 19 12 5 21 5 3""></polygon></svg></button></div><div class=""meta-section""><div class=""translation"">學生們在畢業典禮上等待被叫到名字時，心中充滿了興奮與緊張。</div><div class=""entry-explanation"">名詞「典禮」。常用搭配 graduation ceremony。</div></div></div><div class=""entry""><div class=""sentence-row""><div class=""sentence"">The Olympic <span class=""target-word"">ceremony</span> <span class=""collocation"">of</span> opening was a grand spectacle, combining traditional culture with modern technology to impress the world.</div><button class=""tts-button"" data-tts=""The Olympic ceremony of opening was a grand spectacle, combining traditional culture with modern technology to impress the world."" onclick=""window.playTTS(this.getAttribute('data-tts'))""><svg viewBox=""0 0 24 24"" fill=""none"" stroke=""currentColor"" stroke-width=""2""><polygon points=""5 3 19 12 5 21 5 3""></polygon></svg></button></div><div class=""meta-section""><div class=""translation"">奧運會的開幕典禮是一場盛大的奇觀，將傳統文化與現代科技結合，令世界印象深刻。</div><div class=""entry-explanation"">名詞「典禮」。常用搭配 opening ceremony (此處為 of opening 形式)。</div></div></div><div class=""entry""><div class=""sentence-row""><div class=""sentence"">The wedding <span class=""target-word"">ceremony</span> was held in a small garden, with the couple exchanging vows in front of their closest friends and family.</div><button class=""tts-button"" data-tts=""The wedding ceremony was held in a small garden, with the couple exchanging vows in front of their closest friends and family."" onclick=""window.playTTS(this.getAttribute('data-tts'))""><svg viewBox=""0 0 24 24"" fill=""none"" stroke=""currentColor"" stroke-width=""2""><polygon points=""5 3 19 12 5 21 5 3""></polygon></svg></button></div><div class=""meta-section""><div class=""translation"">婚禮典禮在一個小花園中舉行，新婚夫婦在他們最親近的朋友和家人面前交換誓言。</div><div class=""entry-explanation"">名詞「典禮」。常用搭配 wedding ceremony。</div></div></div></div><div class=""related-forms""><span class=""label"">Related:</span> ceremonial, ceremonious</div></div>"
certainty	"<div class=""anki-card-content""><div class=""general-explanation"">名詞「確定性；必然性」。指某事肯定會發生或毫無疑問的事實。常用片語 with certainty (確定地)。注意與 uncertainty (不確定性) 相對。</div><div class=""entries-container""><div class=""entry""><div class=""sentence-row""><div class=""sentence"">In a world full of surprises, there is no absolute <span class=""target-word"">certainty</span> that a hard-working student will always get the highest grade.</div><button class=""tts-button"" data-tts=""In a world full of surprises, there is no absolute certainty that a hard-working student will always get the highest grade."" onclick=""window.playTTS(this.getAttribute('data-tts'))""><svg viewBox=""0 0 24 24"" fill=""none"" stroke=""currentColor"" stroke-width=""2""><polygon points=""5 3 19 12 5 21 5 3""></polygon></svg></button></div><div class=""meta-section""><div class=""translation"">在一個充滿驚喜的世界裡，並沒有絕對的確定性，證明勤奮的學生總是能拿到最高分。</div><div class=""entry-explanation"">名詞「確定性」。指某事肯定會發生。</div></div></div><div class=""entry""><div class=""sentence-row""><div class=""sentence"">The witness spoke with absolute <span class=""target-word"">certainty</span>, claiming that he had seen the suspect leave the building exactly at midnight.</div><button class=""tts-button"" data-tts=""The witness spoke with absolute certainty, claiming that he had seen the suspect leave the building exactly at midnight."" onclick=""window.playTTS(this.getAttribute('data-tts'))""><svg viewBox=""0 0 24 24"" fill=""none"" stroke=""currentColor"" stroke-width=""2""><polygon points=""5 3 19 12 5 21 5 3""></polygon></svg></button></div><div class=""meta-section""><div class=""translation"">證人以絕對肯定的口吻說話，聲稱他在午夜時分正好看到嫌疑犯離開建築物。</div><div class=""entry-explanation"">名詞「確定性」。常用片語 with certainty。</div></div></div></div><div class=""related-forms""><span class=""label"">Related:</span> certain, certainly</div></div>"
certificate	"<div class=""anki-card-content""><div class=""general-explanation"">名詞「證書」。指證明某事（如學位、資格、死亡、出生）的正式文件。動詞用法較少見，指「發給證書」。</div><div class=""entries-container""><div class=""entry""><div class=""sentence-row""><div class=""sentence"">After completing the advanced English course, each student received a <span class=""target-word"">certificate</span> <span class=""collocation"">of</span> completion to prove their language proficiency.</div><button class=""tts-button"" data-tts=""After completing the advanced English course, each student received a certificate of completion to prove their language proficiency."" onclick=""window.playTTS(this.getAttribute('data-tts'))""><svg viewBox=""0 0 24 24"" fill=""none"" stroke=""currentColor"" stroke-width=""2""><polygon points=""5 3 19 12 5 21 5 3""></polygon></svg></button></div><div class=""meta-section""><div class=""translation"">在完成進階英語課程後，每個學生都收到了一張結業證書，以證明他們的語言能力。</div><div class=""entry-explanation"">名詞「證書」。常用搭配 certificate of completion。</div></div></div><div class=""entry""><div class=""sentence-row""><div class=""sentence"">The company requires all new employees to provide a birth <span class=""target-word"">certificate</span> and a copy of their diploma for the hiring process.</div><button class=""tts-button"" data-tts=""The company requires all new employees to provide a birth certificate and a copy of their diploma for the hiring process."" onclick=""window.playTTS(this.getAttribute('data-tts'))""><svg viewBox=""0 0 24 24"" fill=""none"" stroke=""currentColor"" stroke-width=""2""><polygon points=""5 3 19 12 5 21 5 3""></polygon></svg></button></div><div class=""meta-section""><div class=""translation"">公司要求所有新員工在招聘過程中提供出生證明和畢業證書副本。</div><div class=""entry-explanation"">名詞「證書」。常用搭配 birth certificate (出生證明)。</div></div></div><div class=""entry""><div class=""sentence-row""><div class=""sentence"">To participate in the international competition, the athlete had to be <span class=""target-word"">certified</span> by a professional medical organization.</div><button class=""tts-button"" data-tts=""To participate in the international competition, the athlete had to be certified by a professional medical organization."" onclick=""window.playTTS(this.getAttribute('data-tts'))""><svg viewBox=""0 0 24 24"" fill=""none"" stroke=""currentColor"" stroke-width=""2""><polygon points=""5 3 19 12 5 21 5 3""></polygon></svg></button></div><div class=""meta-section""><div class=""translation"">為了參加國際比賽，運動員必須由專業醫療機構認證。</div><div class=""entry-explanation"">動詞用法（被動態）。certified 為 certificate 的分詞形式，表示「認證」。</div></div></div></div><div class=""related-forms""><span class=""label"">Related:</span> certify, certification</div></div>"
chaos	"<div class=""anki-card-content""><div class=""general-explanation"">名詞「混亂」。指完全缺乏秩序或組織的狀態。常用搭配 in chaos (處於混亂中)。注意與 confused (感到困惑的) 區別：chaos 是名詞，描述整個局面。</div><div class=""entries-container""><div class=""entry""><div class=""sentence-row""><div class=""sentence"">The sudden power outage caused absolute <span class=""target-word"">chaos</span> in the airport, with passengers shouting and running in all directions.</div><button class=""tts-button"" data-tts=""The sudden power outage caused absolute chaos in the airport, with passengers shouting and running in all directions."" onclick=""window.playTTS(this.getAttribute('data-tts'))""><svg viewBox=""0 0 24 24"" fill=""none"" stroke=""currentColor"" stroke-width=""2""><polygon points=""5 3 19 12 5 21 5 3""></polygon></svg></button></div><div class=""meta-section""><div class=""translation"">突然的停電在機場造成了絕對的混亂，乘客們大聲喊叫並向四面八方奔跑。</div><div class=""entry-explanation"">名詞「混亂」。描述一種完全缺乏秩序的局面。</div></div></div><div class=""entry""><div class=""sentence-row""><div class=""sentence"">When the teacher left the classroom for a few minutes, the students fell into <span class=""target-word"">chaos</span>, talking loudly and throwing paper airplanes.</div><button class=""tts-button"" data-tts=""When the teacher left the classroom for a few minutes, the students fell into chaos, talking loudly and throwing paper airplanes."" onclick=""window.playTTS(this.getAttribute('data-tts'))""><svg viewBox=""0 0 24 24"" fill=""none"" stroke=""currentColor"" stroke-width=""2""><polygon points=""5 3 19 12 5 21 5 3""></polygon></svg></button></div><div class=""meta-section""><div class=""translation"">當老師離開教室幾分鐘後，學生們陷入了混亂，大聲聊天並扔紙飛機。</div><div class=""entry-explanation"">名詞「混亂」。常用片語 fall into chaos。</div></div></div></div></div>"
chapel	"<div class=""anki-card-content""><div class=""general-explanation"">名詞「小教堂」。通常指較小規模的教堂，或是位於大教堂、醫院、機場或學校等機構內的小型祈禱室。</div><div class=""entries-container""><div class=""entry""><div class=""sentence-row""><div class=""sentence"">The university has a small <span class=""target-word"">chapel</span> where students can go to find peace and reflect on their lives during stressful exam weeks.</div><button class=""tts-button"" data-tts=""The university has a small chapel where students can go to find peace and reflect on their lives during stressful exam weeks."" onclick=""window.playTTS(this.getAttribute('data-tts'))""><svg viewBox=""0 0 24 24"" fill=""none"" stroke=""currentColor"" stroke-width=""2""><polygon points=""5 3 19 12 5 21 5 3""></polygon></svg></button></div><div class=""meta-section""><div class=""translation"">大學裡有一座小教堂，學生在壓力巨大的考試週可以去那裡尋找平靜並反思生活。</div><div class=""entry-explanation"">名詞「小教堂」。強調其規模較小且位於校園內。</div></div></div><div class=""entry""><div class=""sentence-row""><div class=""sentence"">The wedding was held in a cozy <span class=""target-word"">chapel</span> by the lake, providing a romantic and intimate setting for the couple.</div><button class=""tts-button"" data-tts=""The wedding was held in a cozy chapel by the lake, providing a romantic and intimate setting for the couple."" onclick=""window.playTTS(this.getAttribute('data-tts'))""><svg viewBox=""0 0 24 24"" fill=""none"" stroke=""currentColor"" stroke-width=""2""><polygon points=""5 3 19 12 5 21 5 3""></polygon></svg></button></div><div class=""meta-section""><div class=""translation"">婚禮在湖邊一座舒適的小教堂舉行，為新婚夫婦提供了浪漫且親密的氛圍。</div><div class=""entry-explanation"">名詞「小教堂」。描述其作為小型宗教場所的用途。</div></div></div></div><div class=""related-forms""><span class=""label"">Related:</span> chapels</div></div>"
characterize	"<div class=""anki-card-content""><div class=""general-explanation"">動詞「描述；定義；以...為特徵」。常用於學術寫作中描述某物的主要特徵。注意其被動語態用法，例如 be characterized by (以...為特徵)。</div><div class=""entries-container""><div class=""entry""><div class=""sentence-row""><div class=""sentence"">The author tends to <span class=""target-word"">characterize</span> the main protagonist as a brave and determined person who never gives up on his dreams.</div><button class=""tts-button"" data-tts=""The author tends to characterize the main protagonist as a brave and determined person who never gives up on his dreams."" onclick=""window.playTTS(this.getAttribute('data-tts'))""><svg viewBox=""0 0 24 24"" fill=""none"" stroke=""currentColor"" stroke-width=""2""><polygon points=""5 3 19 12 5 21 5 3""></polygon></svg></button></div><div class=""meta-section""><div class=""translation"">作者傾向於將主角描述為一個勇敢且堅定的人，永遠不會放棄他的夢想。</div><div class=""entry-explanation"">動詞「描述；定義」。指給予某人或某物特定的特徵描述。</div></div></div><div class=""entry""><div class=""sentence-row""><div class=""sentence"">Modern architecture in this city is often <span class=""target-word"">characterized</span> <span class=""collocation"">by</span> its sleek lines and the extensive use of glass and steel.</div><button class=""tts-button"" data-tts=""Modern architecture in this city is often characterized by its sleek lines and the extensive use of glass and steel."" onclick=""window.playTTS(this.getAttribute('data-tts'))""><svg viewBox=""0 0 24 24"" fill=""none"" stroke=""currentColor"" stroke-width=""2""><polygon points=""5 3 19 12 5 21 5 3""></polygon></svg></button></div><div class=""meta-section""><div class=""translation"">這座城市的現代建築通常以其流暢的線條以及玻璃和鋼材的大量使用為特徵。</div><div class=""entry-explanation"">被動語態 be characterized by 表「以...為特徵」。這是 GSAT 常考的學術用法。</div></div></div><div class=""entry""><div class=""sentence-row""><div class=""sentence"">Scientists <span class=""target-word"">characterize</span> the new virus by analyzing its genetic structure to understand how it spreads among the population.</div><button class=""tts-button"" data-tts=""Scientists characterize the new virus by analyzing its genetic structure to understand how it spreads among the population."" onclick=""window.playTTS(this.getAttribute('data-tts'))""><svg viewBox=""0 0 24 24"" fill=""none"" stroke=""currentColor"" stroke-width=""2""><polygon points=""5 3 19 12 5 21 5 3""></polygon></svg></button></div><div class=""meta-section""><div class=""translation"">科學家透過分析新病毒的基因結構來定義其特徵，以了解它是如何在人群中傳播的。</div><div class=""entry-explanation"">動詞「定義特徵」。在科學語境中指明確地指出某物的屬性。</div></div></div></div><div class=""related-forms""><span class=""label"">Related:</span> characterization, characteristic</div></div>"
chef	"<div class=""anki-card-content""><div class=""general-explanation"">名詞「主廚；廚師」。注意與 cook 的區別：chef 通常指在專業餐廳工作且經過訓練的專業廚師，而 cook 則是泛指任何會煮飯的人。</div><div class=""entries-container""><div class=""entry""><div class=""sentence-row""><div class=""sentence"">The head <span class=""target-word"">chef</span> carefully selected the freshest ingredients from the local market to ensure the dinner was high quality.</div><button class=""tts-button"" data-tts=""The head chef carefully selected the freshest ingredients from the local market to ensure the dinner was high quality."" onclick=""window.playTTS(this.getAttribute('data-tts'))""><svg viewBox=""0 0 24 24"" fill=""none"" stroke=""currentColor"" stroke-width=""2""><polygon points=""5 3 19 12 5 21 5 3""></polygon></svg></button></div><div class=""meta-section""><div class=""translation"">主廚仔細地從當地市場挑選最新鮮的食材，以確保晚餐的高品質。</div><div class=""entry-explanation"">名詞「主廚」。指餐廳裡的最高負責人。</div></div></div><div class=""entry""><div class=""sentence-row""><div class=""sentence"">After years of training in France, he became a professional <span class=""target-word"">chef</span> and opened his own restaurant specializing in Italian cuisine.</div><button class=""tts-button"" data-tts=""After years of training in France, he became a professional chef and opened his own restaurant specializing in Italian cuisine."" onclick=""window.playTTS(this.getAttribute('data-tts'))""><svg viewBox=""0 0 24 24"" fill=""none"" stroke=""currentColor"" stroke-width=""2""><polygon points=""5 3 19 12 5 21 5 3""></polygon></svg></button></div><div class=""meta-section""><div class=""translation"">在法國訓練多年後，他成為了一名專業廚師並開了一家專攻義大利料理的餐廳。</div><div class=""entry-explanation"">名詞「專業廚師」。</div></div></div><div class=""entry""><div class=""sentence-row""><div class=""sentence"">The <span class=""target-word"">chef</span> <span class=""collocation"">prepared</span> a special dish for the guests, combining traditional flavors with modern cooking techniques.</div><button class=""tts-button"" data-tts=""The chef prepared a special dish for the guests, combining traditional flavors with modern cooking techniques."" onclick=""window.playTTS(this.getAttribute('data-tts'))""><svg viewBox=""0 0 24 24"" fill=""none"" stroke=""currentColor"" stroke-width=""2""><polygon points=""5 3 19 12 5 21 5 3""></polygon></svg></button></div><div class=""meta-section""><div class=""translation"">廚師為客人準備了一道特別的菜餚，將傳統風味與現代烹飪技巧相結合。</div><div class=""entry-explanation"">名詞「廚師」。常用動詞搭配：prepare a dish。</div></div></div></div></div>"
choir	"<div class=""anki-card-content""><div class=""general-explanation"">名詞「合唱團」。常用動詞搭配 include, join, sing in。注意其發音為 /&#x27;kwaɪər/。</div><div class=""entries-container""><div class=""entry""><div class=""sentence-row""><div class=""sentence"">Many students decided to <span class=""collocation"">join</span> the school <span class=""target-word"">choir</span> because they wanted to perform in the annual winter concert.</div><button class=""tts-button"" data-tts=""Many students decided to join the school choir because they wanted to perform in the annual winter concert."" onclick=""window.playTTS(this.getAttribute('data-tts'))""><svg viewBox=""0 0 24 24"" fill=""none"" stroke=""currentColor"" stroke-width=""2""><polygon points=""5 3 19 12 5 21 5 3""></polygon></svg></button></div><div class=""meta-section""><div class=""translation"">許多學生決定加入學校合唱團，因為他們想在年度冬季音樂會上演出。</div><div class=""entry-explanation"">名詞「合唱團」。常用動詞搭配 join the choir。</div></div></div><div class=""entry""><div class=""sentence-row""><div class=""sentence"">The church <span class=""target-word"">choir</span> sang a beautiful song that moved everyone in the audience to tears during the wedding ceremony.</div><button class=""tts-button"" data-tts=""The church choir sang a beautiful song that moved everyone in the audience to tears during the wedding ceremony."" onclick=""window.playTTS(this.getAttribute('data-tts'))""><svg viewBox=""0 0 24 24"" fill=""none"" stroke=""currentColor"" stroke-width=""2""><polygon points=""5 3 19 12 5 21 5 3""></polygon></svg></button></div><div class=""meta-section""><div class=""translation"">教堂合唱團唱了一首美麗的歌曲，在婚禮儀式上讓在場的所有人都流淚了。</div><div class=""entry-explanation"">名詞「合唱團」。</div></div></div><div class=""entry""><div class=""sentence-row""><div class=""sentence"">The <span class=""target-word"">choir</span> <span class=""collocation"">practiced</span> <span class=""collocation"">for</span> several hours every day to ensure their harmony was perfect for the competition.</div><button class=""tts-button"" data-tts=""The choir practiced for several hours every day to ensure their harmony was perfect for the competition."" onclick=""window.playTTS(this.getAttribute('data-tts'))""><svg viewBox=""0 0 24 24"" fill=""none"" stroke=""currentColor"" stroke-width=""2""><polygon points=""5 3 19 12 5 21 5 3""></polygon></svg></button></div><div class=""meta-section""><div class=""translation"">合唱團每天練習好幾個小時，以確保他們的和聲在比賽中是完美的。</div><div class=""entry-explanation"">名詞「合唱團」。常用動詞搭配 practice for。</div></div></div></div></div>"
chord	"<div class=""anki-card-content""><div class=""general-explanation"">名詞「和弦」或「弦」。在音樂語境中指三個或更多音符同時發出的聲音。注意不要與 cord (繩索) 混淆。</div><div class=""entries-container""><div class=""entry""><div class=""sentence-row""><div class=""sentence"">The music student spent hours learning how to <span class=""collocation"">play</span> a <span class=""target-word"">chord</span> on the guitar, focusing on the correct finger placement.</div><button class=""tts-button"" data-tts=""The music student spent hours learning how to play a chord on the guitar, focusing on the correct finger placement."" onclick=""window.playTTS(this.getAttribute('data-tts'))""><svg viewBox=""0 0 24 24"" fill=""none"" stroke=""currentColor"" stroke-width=""2""><polygon points=""5 3 19 12 5 21 5 3""></polygon></svg></button></div><div class=""meta-section""><div class=""translation"">這名音樂系學生花了好幾個小時學習如何在吉他上彈奏一個和弦，專注於正確的手指擺放位置。</div><div class=""entry-explanation"">名詞「和弦」。常用動詞搭配 play a chord。</div></div></div><div class=""entry""><div class=""sentence-row""><div class=""sentence"">The pianist played a soft <span class=""target-word"">chord</span> at the end of the piece, creating a peaceful and emotional atmosphere in the room.</div><button class=""tts-button"" data-tts=""The pianist played a soft chord at the end of the piece, creating a peaceful and emotional atmosphere in the room."" onclick=""window.playTTS(this.getAttribute('data-tts'))""><svg viewBox=""0 0 24 24"" fill=""none"" stroke=""currentColor"" stroke-width=""2""><polygon points=""5 3 19 12 5 21 5 3""></polygon></svg></button></div><div class=""meta-section""><div class=""translation"">鋼琴家在曲末彈奏了一個輕柔的和弦，在房間裡營造出一種寧靜且感性的氛圍。</div><div class=""entry-explanation"">名詞「和弦」。</div></div></div><div class=""entry""><div class=""sentence-row""><div class=""sentence"">In geometry class, the teacher explained that a <span class=""target-word"">chord</span> is a straight line segment whose endpoints both lie on a circle.</div><button class=""tts-button"" data-tts=""In geometry class, the teacher explained that a chord is a straight line segment whose endpoints both lie on a circle."" onclick=""window.playTTS(this.getAttribute('data-tts'))""><svg viewBox=""0 0 24 24"" fill=""none"" stroke=""currentColor"" stroke-width=""2""><polygon points=""5 3 19 12 5 21 5 3""></polygon></svg></button></div><div class=""meta-section""><div class=""translation"">在幾何課上，老師解釋說弦是一條端點都在圓上的直線線段。</div><div class=""entry-explanation"">名詞「弦」。在數學/幾何學中的定義。</div></div></div></div><div class=""related-forms""><span class=""label"">Related:</span> chords</div></div>"
chore	"<div class=""anki-card-content""><div class=""general-explanation"">名詞「雜務；瑣事」。通常指日常生活中枯燥且必須完成的工作，如家事。常用片語 daily chores (日常雜務)。</div><div class=""entries-container""><div class=""entry""><div class=""sentence-row""><div class=""sentence"">My mother always reminds me to <span class=""collocation"">do</span> my <span class=""target-word"">chores</span> before I can go out and play with my friends.</div><button class=""tts-button"" data-tts=""My mother always reminds me to do my chores before I can go out and play with my friends."" onclick=""window.playTTS(this.getAttribute('data-tts'))""><svg viewBox=""0 0 24 24"" fill=""none"" stroke=""currentColor"" stroke-width=""2""><polygon points=""5 3 19 12 5 21 5 3""></polygon></svg></button></div><div class=""meta-section""><div class=""translation"">我母親總是提醒我在出門和朋友玩之前要先完成我的雜務。</div><div class=""entry-explanation"">名詞「雜務」。常用動詞搭配 do chores。</div></div></div><div class=""entry""><div class=""sentence-row""><div class=""sentence"">Cleaning the bathroom is the <span class=""target-word"">chore</span> I dislike the most, but it is necessary to keep the house clean.</div><button class=""tts-button"" data-tts=""Cleaning the bathroom is the chore I dislike the most, but it is necessary to keep the house clean."" onclick=""window.playTTS(this.getAttribute('data-tts'))""><svg viewBox=""0 0 24 24"" fill=""none"" stroke=""currentColor"" stroke-width=""2""><polygon points=""5 3 19 12 5 21 5 3""></polygon></svg></button></div><div class=""meta-section""><div class=""translation"">清理浴室是我最討厭的雜務，但為了保持房子乾淨，這是必要的。</div><div class=""entry-explanation"">名詞「雜務」。</div></div></div><div class=""entry""><div class=""sentence-row""><div class=""sentence"">For many office workers, filing papers and answering emails are just <span class=""collocation"">daily</span> <span class=""target-word"">chores</span> that they must complete every morning.</div><button class=""tts-button"" data-tts=""For many office workers, filing papers and answering emails are just daily chores that they must complete every morning."" onclick=""window.playTTS(this.getAttribute('data-tts'))""><svg viewBox=""0 0 24 24"" fill=""none"" stroke=""currentColor"" stroke-width=""2""><polygon points=""5 3 19 12 5 21 5 3""></polygon></svg></button></div><div class=""meta-section""><div class=""translation"">對於許多上班族來說，整理文件和回覆電子郵件只是他們每天早晨必須完成的日常雜務。</div><div class=""entry-explanation"">名詞「日常雜務」。常用形容詞搭配 daily chores。</div></div></div></div></div>"
chronic	"<div class=""anki-card-content""><div class=""general-explanation"">形容詞「慢性的；長期的」。常用於醫學語境描述疾病，或用於描述長期存在的社會問題。注意與 acute (急性的) 相對。</div><div class=""entries-container""><div class=""entry""><div class=""sentence-row""><div class=""sentence"">The elderly man suffered from <span class=""target-word"">chronic</span> <span class=""collocation"">back pain</span>, which made it difficult for him to walk long distances.</div><button class=""tts-button"" data-tts=""The elderly man suffered from chronic back pain, which made it difficult for him to walk long distances."" onclick=""window.playTTS(this.getAttribute('data-tts'))""><svg viewBox=""0 0 24 24"" fill=""none"" stroke=""currentColor"" stroke-width=""2""><polygon points=""5 3 19 12 5 21 5 3""></polygon></svg></button></div><div class=""meta-section""><div class=""translation"">這位老人患有慢性背痛，這使得他很難行走長距離。</div><div class=""entry-explanation"">形容詞「慢性的」。常用搭配 chronic back pain / chronic illness。</div></div></div><div class=""entry""><div class=""sentence-row""><div class=""sentence"">Many cities around the world are facing <span class=""target-word"">chronic</span> <span class=""collocation"">shortages of</span> affordable housing, leading to higher rents for young people.</div><button class=""tts-button"" data-tts=""Many cities around the world are facing chronic shortages of affordable housing, leading to higher rents for young people."" onclick=""window.playTTS(this.getAttribute('data-tts'))""><svg viewBox=""0 0 24 24"" fill=""none"" stroke=""currentColor"" stroke-width=""2""><polygon points=""5 3 19 12 5 21 5 3""></polygon></svg></button></div><div class=""meta-section""><div class=""translation"">全球許多城市面臨著長期缺乏可負擔住房的問題，導致年輕人的租金更高。</div><div class=""entry-explanation"">形容詞「長期的」。指長期存在且難以解決的問題。</div></div></div><div class=""entry""><div class=""sentence-row""><div class=""sentence"">The doctor warned him that <span class=""target-word"">chronic</span> <span class=""collocation"">stress</span> could lead to serious health problems if he did not find a way to relax.</div><button class=""tts-button"" data-tts=""The doctor warned him that chronic stress could lead to serious health problems if he did not find a way to relax."" onclick=""window.playTTS(this.getAttribute('data-tts'))""><svg viewBox=""0 0 24 24"" fill=""none"" stroke=""currentColor"" stroke-width=""2""><polygon points=""5 3 19 12 5 21 5 3""></polygon></svg></button></div><div class=""meta-section""><div class=""translation"">醫生警告他，如果他找不到放鬆的方法，長期的壓力可能會導致嚴重的健康問題。</div><div class=""entry-explanation"">形容詞「長期的」。常用搭配 chronic stress。</div></div></div></div><div class=""related-forms""><span class=""label"">Related:</span> chronically</div></div>"
chubby	"<div class=""anki-card-content""><div class=""general-explanation"">形容詞「圓滾滾的；豐滿的」。通常用於描述小孩或嬰兒的臉頰，帶有一定的親切感，而非貶義。</div><div class=""entries-container""><div class=""entry""><div class=""sentence-row""><div class=""sentence"">The baby had <span class=""target-word"">chubby</span> <span class=""collocation"">cheeks</span> that everyone in the family wanted to pinch, making him look very cute.</div><button class=""tts-button"" data-tts=""The baby had chubby cheeks that everyone in the family wanted to pinch, making him look very cute."" onclick=""window.playTTS(this.getAttribute('data-tts'))""><svg viewBox=""0 0 24 24"" fill=""none"" stroke=""currentColor"" stroke-width=""2""><polygon points=""5 3 19 12 5 21 5 3""></polygon></svg></button></div><div class=""meta-section""><div class=""translation"">這個嬰兒有圓滾滾的臉頰，家人中每個人都想捏他的臉頰，讓他看起來非常可愛。</div><div class=""entry-explanation"">形容詞「圓滾滾的」。常用搭配 chubby cheeks。</div></div></div><div class=""entry""><div class=""sentence-row""><div class=""sentence"">As a small child, he was quite <span class=""target-word"">chubby</span>, but he became lean and athletic after joining the school basketball team.</div><button class=""tts-button"" data-tts=""As a small child, he was quite chubby, but he became lean and athletic after joining the school basketball team."" onclick=""window.playTTS(this.getAttribute('data-tts'))""><svg viewBox=""0 0 24 24"" fill=""none"" stroke=""currentColor"" stroke-width=""2""><polygon points=""5 3 19 12 5 21 5 3""></polygon></svg></button></div><div class=""meta-section""><div class=""translation"">在他幼年時，他相當圓滾滾的，但在加入學校籃球隊後，他變得精瘦且具有運動能力。</div><div class=""entry-explanation"">形容詞「圓滾滾的」。</div></div></div></div></div>"
chunk	"<div class=""anki-card-content""><div class=""general-explanation"">名詞「大塊；厚塊」。指較大且形狀不規則的塊狀物。在非正式語境中也可指「一大塊時間」或「一大塊資訊」。</div><div class=""entries-container""><div class=""entry""><div class=""sentence-row""><div class=""sentence"">The chef cut the beef into large <span class=""target-word"">chunks</span> and added them to the pot to make a hearty beef stew.</div><button class=""tts-button"" data-tts=""The chef cut the beef into large chunks and added them to the pot to make a hearty beef stew."" onclick=""window.playTTS(this.getAttribute('data-tts'))""><svg viewBox=""0 0 24 24"" fill=""none"" stroke=""currentColor"" stroke-width=""2""><polygon points=""5 3 19 12 5 21 5 3""></polygon></svg></button></div><div class=""meta-section""><div class=""translation"">廚師將牛肉切成大塊，並將其加入鍋中製作一份豐盛的牛肉燉菜。</div><div class=""entry-explanation"">名詞「大塊」。指實體塊狀物。</div></div></div><div class=""entry""><div class=""sentence-row""><div class=""sentence"">She spent a large <span class=""target-word"">chunk</span> <span class=""collocation"">of</span> her monthly salary on rent, leaving her with very little money for other expenses.</div><button class=""tts-button"" data-tts=""She spent a large chunk of her monthly salary on rent, leaving her with very little money for other expenses."" onclick=""window.playTTS(this.getAttribute('data-tts'))""><svg viewBox=""0 0 24 24"" fill=""none"" stroke=""currentColor"" stroke-width=""2""><polygon points=""5 3 19 12 5 21 5 3""></polygon></svg></button></div><div class=""meta-section""><div class=""translation"">她每月薪水的大部分都花在租金上，導致她幾乎沒有錢支付其他開支。</div><div class=""entry-explanation"">名詞「一大塊/大部分」。常用片語 a chunk of sth。</div></div></div><div class=""entry""><div class=""sentence-row""><div class=""sentence"">The teacher advised the students to break the complex information into smaller <span class=""target-word"">chunks</span> to make it easier to study and remember.</div><button class=""tts-button"" data-tts=""The teacher advised the students to break the complex information into smaller chunks to make it easier to study and remember."" onclick=""window.playTTS(this.getAttribute('data-tts'))""><svg viewBox=""0 0 24 24"" fill=""none"" stroke=""currentColor"" stroke-width=""2""><polygon points=""5 3 19 12 5 21 5 3""></polygon></svg></button></div><div class=""meta-section""><div class=""translation"">老師建議學生將複雜的資訊分成較小的塊狀，以便於學習和記憶。</div><div class=""entry-explanation"">名詞「塊」。在此指資訊的片段。</div></div></div></div></div>"
circuit	"<div class=""anki-card-content""><div class=""general-explanation"">名詞「電路；巡迴；迴路」。常用於電學、運動賽事或法律巡迴法院。</div><div class=""entries-container""><div class=""entry""><div class=""sentence-row""><div class=""sentence"">In the physics lab, the students learned how to <span class=""collocation"">complete</span> a <span class=""target-word"">circuit</span> using a battery, wires, and a small light bulb.</div><button class=""tts-button"" data-tts=""In the physics lab, the students learned how to complete a circuit using a battery, wires, and a small light bulb."" onclick=""window.playTTS(this.getAttribute('data-tts'))""><svg viewBox=""0 0 24 24"" fill=""none"" stroke=""currentColor"" stroke-width=""2""><polygon points=""5 3 19 12 5 21 5 3""></polygon></svg></button></div><div class=""meta-section""><div class=""translation"">在物理實驗室中，學生學習如何使用電池、電線和小燈泡來完成一個電路。</div><div class=""entry-explanation"">名詞「電路」。常用動詞搭配 complete a circuit。</div></div></div><div class=""entry""><div class=""sentence-row""><div class=""sentence"">The race car driver drove around the <span class=""target-word"">circuit</span> at an incredible speed, completing one full lap in under two minutes.</div><button class=""tts-button"" data-tts=""The race car driver drove around the circuit at an incredible speed, completing one full lap in under two minutes."" onclick=""window.playTTS(this.getAttribute('data-tts'))""><svg viewBox=""0 0 24 24"" fill=""none"" stroke=""currentColor"" stroke-width=""2""><polygon points=""5 3 19 12 5 21 5 3""></polygon></svg></button></div><div class=""meta-section""><div class=""translation"">賽車手以極快的速度在賽道上駕駛，在兩分鐘內完成了一圈。</div><div class=""entry-explanation"">名詞「賽道/巡迴路徑」。指圓形的跑道或賽道。</div></div></div><div class=""entry""><div class=""sentence-row""><div class=""sentence"">The judge traveled on a <span class=""target-word"">circuit</span> to hear cases in different small towns, ensuring that justice was accessible to all citizens.</div><button class=""tts-button"" data-tts=""The judge traveled on a circuit to hear cases in different small towns, ensuring that justice was accessible to all citizens."" onclick=""window.playTTS(this.getAttribute('data-tts'))""><svg viewBox=""0 0 24 24"" fill=""none"" stroke=""currentColor"" stroke-width=""2""><polygon points=""5 3 19 12 5 21 5 3""></polygon></svg></button></div><div class=""meta-section""><div class=""translation"">Judge 先生在巡迴中審理案件，以確保所有公民都能獲得公正的裁判。</div><div class=""entry-explanation"">名詞「巡迴」。指定期在不同地點之間移動的路徑。</div></div></div></div></div>"
cite	"<div class=""anki-card-content""><div class=""general-explanation"">動詞「引用；舉例」。常用於學術寫作中，指引用他人地文章或研究來支持自己的論點。注意不要與 site (地點) 或 sight (視覺) 混淆。</div><div class=""entries-container""><div class=""entry""><div class=""sentence-row""><div class=""sentence"">The student was warned that he must <span class=""target-word"">cite</span> all the sources he used in his essay to avoid <span class=""collocation"">plagiarism</span>.</div><button class=""tts-button"" data-tts=""The student was warned that he must cite all the sources he used in his essay to avoid plagiarism."" onclick=""window.playTTS(this.getAttribute('data-tts'))""><svg viewBox=""0 0 24 24"" fill=""none"" stroke=""currentColor"" stroke-width=""2""><polygon points=""5 3 19 12 5 21 5 3""></polygon></svg></button></div><div class=""meta-section""><div class=""translation"">學生被警告他必須在論文中引用所有使用的來源，以避免剽竊。</div><div class=""entry-explanation"">動詞「引用」。常用搭配 cite the sources。</div></div></div><div class=""entry""><div class=""sentence-row""><div class=""sentence"">During the debate, the speaker <span class=""target-word"">cited</span> <span class=""collocation"">several examples of</span> the new policy's failure to convince the audience that a change was needed.</div><button class=""tts-button"" data-tts=""During the debate, the speaker cited several examples of the new policy&#x27;s failure to convince the audience that a change was needed."" onclick=""window.playTTS(this.getAttribute('data-tts'))""><svg viewBox=""0 0 24 24"" fill=""none"" stroke=""currentColor"" stroke-width=""2""><polygon points=""5 3 19 12 5 21 5 3""></polygon></svg></button></div><div class=""meta-section""><div class=""translation"">在辯論中，演講者舉了幾個新政策失敗的例子，以說服聽眾需要做出改變。</div><div class=""entry-explanation"">動詞「舉例」。常用搭配 cite examples of sth。</div></div></div><div class=""entry""><div class=""sentence-row""><div class=""sentence"">The lawyer <span class=""target-word"">cited</span> <span class=""collocation"">a previous case</span> to support his argument that the defendant was not guilty of the crime.</div><button class=""tts-button"" data-tts=""The lawyer cited a previous case to support his argument that the defendant was not guilty of the crime."" onclick=""window.playTTS(this.getAttribute('data-tts'))""><svg viewBox=""0 0 24 24"" fill=""none"" stroke=""currentColor"" stroke-width=""2""><polygon points=""5 3 19 12 5 21 5 3""></polygon></svg></button></div><div class=""meta-section""><div class=""translation"">律師引用了一個先前的案例來支持他的論點，即被告並不對該罪行負責。</div><div class=""entry-explanation"">動詞「引用」。指引用法律案例、權威資料來支持論點。</div></div></div></div><div class=""related-forms""><span class=""label"">Related:</span> citation</div></div>"
citizenship	"<div class=""anki-card-content""><div class=""general-explanation"">名詞「公民權；公民身分」。指一個人被法律承認為某國公民的狀態。常用搭配 citizenship test (公民權考試)、gain/acquire citizenship (獲得公民權)。</div><div class=""entries-container""><div class=""entry""><div class=""sentence-row""><div class=""sentence"">After living in the country for several years, she finally <span class=""collocation"">applied for</span> <span class=""target-word"">citizenship</span> to gain full legal rights and voting power.</div><button class=""tts-button"" data-tts=""After living in the country for several years, she finally applied for citizenship to gain full legal rights and voting power."" onclick=""window.playTTS(this.getAttribute('data-tts'))""><svg viewBox=""0 0 24 24"" fill=""none"" stroke=""currentColor"" stroke-width=""2""><polygon points=""5 3 19 12 5 21 5 3""></polygon></svg></button></div><div class=""meta-section""><div class=""translation"">在那個國家生活了幾年後，她終於申請了公民權，以獲得完整的法律權利和投票權。</div><div class=""entry-explanation"">名詞「公民權」。常用搭配 apply for citizenship (申請公民權)。</div></div></div><div class=""entry""><div class=""sentence-row""><div class=""sentence"">The government requires all applicants to pass a <span class=""target-word"">citizenship</span> <span class=""collocation"">test</span> to prove their knowledge of the country's history and laws.</div><button class=""tts-button"" data-tts=""The government requires all applicants to pass a citizenship test to prove their knowledge of the country&#x27;s history and laws."" onclick=""window.playTTS(this.getAttribute('data-tts'))""><svg viewBox=""0 0 24 24"" fill=""none"" stroke=""currentColor"" stroke-width=""2""><polygon points=""5 3 19 12 5 21 5 3""></polygon></svg></button></div><div class=""meta-section""><div class=""translation"">政府要求所有申請者通過公民權考試，以證明他們對該國歷史和法律的了解。</div><div class=""entry-explanation"">名詞「公民權」。常用搭配 citizenship test (公民權考試)。</div></div></div><div class=""entry""><div class=""sentence-row""><div class=""sentence"">Many immigrants strive to <span class=""collocation"">acquire</span> <span class=""target-word"">citizenship</span> because it provides them with a sense of belonging and long-term stability.</div><button class=""tts-button"" data-tts=""Many immigrants strive to acquire citizenship because it provides them with a sense of belonging and long-term stability."" onclick=""window.playTTS(this.getAttribute('data-tts'))""><svg viewBox=""0 0 24 24"" fill=""none"" stroke=""currentColor"" stroke-width=""2""><polygon points=""5 3 19 12 5 21 5 3""></polygon></svg></button></div><div class=""meta-section""><div class=""translation"">許多移民努力獲得公民權，因為這能給他們一種歸屬感和長期穩定性。</div><div class=""entry-explanation"">名詞「公民權」。常用搭配 acquire citizenship (獲得公民權)。</div></div></div></div><div class=""related-forms""><span class=""label"">Related:</span> citizen</div></div>"
civic	"<div class=""anki-card-content""><div class=""general-explanation"">形容詞「公民的；城市的」。通常指與公民義務、權利或城市管理相關的事物。常用搭配 civic duty (公民義務)、civic center (市民中心/市政中心)。</div><div class=""entries-container""><div class=""entry""><div class=""sentence-row""><div class=""sentence"">Voting in the national election is considered a fundamental <span class=""target-word"">civic</span> <span class=""collocation"">duty</span> for every adult citizen in a democratic society.</div><button class=""tts-button"" data-tts=""Voting in the national election is considered a fundamental civic duty for every adult citizen in a democratic society."" onclick=""window.playTTS(this.getAttribute('data-tts'))""><svg viewBox=""0 0 24 24"" fill=""none"" stroke=""currentColor"" stroke-width=""2""><polygon points=""5 3 19 12 5 21 5 3""></polygon></svg></button></div><div class=""meta-section""><div class=""translation"">在民主社會中，參與國家選舉被認為是每位成年公民的基本公民義務。</div><div class=""entry-explanation"">形容詞「公民的」。常用搭配 civic duty (公民義務)。</div></div></div><div class=""entry""><div class=""sentence-row""><div class=""sentence"">The city council decided to build a new <span class=""target-word"">civic</span> <span class=""collocation"">center</span> to provide a space for public meetings and community events.</div><button class=""tts-button"" data-tts=""The city council decided to build a new civic center to provide a space for public meetings and community events."" onclick=""window.playTTS(this.getAttribute('data-tts'))""><svg viewBox=""0 0 24 24"" fill=""none"" stroke=""currentColor"" stroke-width=""2""><polygon points=""5 3 19 12 5 21 5 3""></polygon></svg></button></div><div class=""meta-section""><div class=""translation"">市議會決定建造一座新的市政中心，為大眾會議和社區活動提供空間。</div><div class=""entry-explanation"">形容詞「城市的/市政的」。常用搭配 civic center (市政中心)。</div></div></div><div class=""entry""><div class=""sentence-row""><div class=""sentence"">The students organized a <span class=""target-word"">civic</span> <span class=""collocation"">engagement</span> project to clean up the local park and improve the neighborhood environment.</div><button class=""tts-button"" data-tts=""The students organized a civic engagement project to clean up the local park and improve the neighborhood environment."" onclick=""window.playTTS(this.getAttribute('data-tts'))""><svg viewBox=""0 0 24 24"" fill=""none"" stroke=""currentColor"" stroke-width=""2""><polygon points=""5 3 19 12 5 21 5 3""></polygon></svg></button></div><div class=""meta-section""><div class=""translation"">學生們組織了一個公民參與計畫，旨在清理當地公園並改善鄰里環境。</div><div class=""entry-explanation"">形容詞「公民的」。常用搭配 civic engagement (公民參與)。</div></div></div></div><div class=""related-forms""><span class=""label"">Related:</span> civics</div></div>"
clarity	"<div class=""anki-card-content""><div class=""general-explanation"">名詞「清晰；清楚」。可用於描述聲音、影像、文字的清晰度，或想法、邏輯的明確性。常用搭配 lack of clarity (缺乏清晰度)、gain clarity (獲得明確理解)。</div><div class=""entries-container""><div class=""entry""><div class=""sentence-row""><div class=""sentence"">The professor's explanation was so precise that it provided great <span class=""target-word"">clarity</span> on the complex scientific theories discussed in class.</div><button class=""tts-button"" data-tts=""The professor&#x27;s explanation was so precise that it provided great clarity on the complex scientific theories discussed in class."" onclick=""window.playTTS(this.getAttribute('data-tts'))""><svg viewBox=""0 0 24 24"" fill=""none"" stroke=""currentColor"" stroke-width=""2""><polygon points=""5 3 19 12 5 21 5 3""></polygon></svg></button></div><div class=""meta-section""><div class=""translation"">教授的解釋如此精準，以至於對課堂上討論的複雜科學理論提供了極大的清晰度。</div><div class=""entry-explanation"">名詞「清晰」。指想法或解釋的明確性。</div></div></div><div class=""entry""><div class=""sentence-row""><div class=""sentence"">To improve the <span class=""target-word"">clarity</span> <span class=""collocation"">of</span> the presentation, the speaker used simple diagrams and bullet points instead of long paragraphs.</div><button class=""tts-button"" data-tts=""To improve the clarity of the presentation, the speaker used simple diagrams and bullet points instead of long paragraphs."" onclick=""window.playTTS(this.getAttribute('data-tts'))""><svg viewBox=""0 0 24 24"" fill=""none"" stroke=""currentColor"" stroke-width=""2""><polygon points=""5 3 19 12 5 21 5 3""></polygon></svg></button></div><div class=""meta-section""><div class=""translation"">為了提高簡報的清晰度，演講者使用了簡單的圖表和列點，而非長篇大論。</div><div class=""entry-explanation"">名詞「清晰度」。指訊息傳達的清楚程度。</div></div></div><div class=""entry""><div class=""sentence-row""><div class=""sentence"">After discussing the problem with her mentor, she finally <span class=""collocation"">gained</span> <span class=""target-word"">clarity</span> regarding her future career choices and academic goals.</div><button class=""tts-button"" data-tts=""After discussing the problem with her mentor, she finally gained clarity regarding her future career choices and academic goals."" onclick=""window.playTTS(this.getAttribute('data-tts'))""><svg viewBox=""0 0 24 24"" fill=""none"" stroke=""currentColor"" stroke-width=""2""><polygon points=""5 3 19 12 5 21 5 3""></polygon></svg></button></div><div class=""meta-section""><div class=""translation"">在與導師討論問題後，她終於對未來的職業選擇和學業目標有了明確的理解。</div><div class=""entry-explanation"">名詞「明確」。常用搭配 gain clarity (獲得明確理解)。</div></div></div></div><div class=""related-forms""><span class=""label"">Related:</span> clear</div></div>"
clause	"<div class=""anki-card-content""><div class=""general-explanation"">名詞「子句」或「條款」。在語言學中指包含主詞和動詞的句子組成部分；在法律文件中指合約或法律中的特定條款。</div><div class=""entries-container""><div class=""entry""><div class=""sentence-row""><div class=""sentence"">In English grammar, a main <span class=""target-word"">clause</span> can stand alone as a complete sentence, whereas a subordinate <span class=""target-word"">clause</span> cannot.</div><button class=""tts-button"" data-tts=""In English grammar, a main clause can stand alone as a complete sentence, whereas a subordinate clause cannot."" onclick=""window.playTTS(this.getAttribute('data-tts'))""><svg viewBox=""0 0 24 24"" fill=""none"" stroke=""currentColor"" stroke-width=""2""><polygon points=""5 3 19 12 5 21 5 3""></polygon></svg></button></div><div class=""meta-section""><div class=""translation"">在英文文法中，主句可以獨立成句，而從句則不能。</div><div class=""entry-explanation"">名詞「子句」。語言學用法。</div></div></div><div class=""entry""><div class=""sentence-row""><div class=""sentence"">The lawyer carefully reviewed the <span class=""target-word"">clause</span> <span class=""collocation"">in</span> the contract to ensure that his client's interests were fully protected.</div><button class=""tts-button"" data-tts=""The lawyer carefully reviewed the clause in the contract to ensure that his client&#x27;s interests were fully protected."" onclick=""window.playTTS(this.getAttribute('data-tts'))""><svg viewBox=""0 0 24 24"" fill=""none"" stroke=""currentColor"" stroke-width=""2""><polygon points=""5 3 19 12 5 21 5 3""></polygon></svg></button></div><div class=""meta-section""><div class=""translation"">律師仔細審閱了合約中的條款，以確保其客戶的利益得到充分保護。</div><div class=""entry-explanation"">名詞「條款」。法律文件用法。</div></div></div><div class=""entry""><div class=""sentence-row""><div class=""sentence"">The employment agreement includes a non-disclosure <span class=""target-word"">clause</span> that prevents employees from sharing company secrets with outside competitors.</div><button class=""tts-button"" data-tts=""The employment agreement includes a non-disclosure clause that prevents employees from sharing company secrets with outside competitors."" onclick=""window.playTTS(this.getAttribute('data-tts'))""><svg viewBox=""0 0 24 24"" fill=""none"" stroke=""currentColor"" stroke-width=""2""><polygon points=""5 3 19 12 5 21 5 3""></polygon></svg></button></div><div class=""meta-section""><div class=""translation"">雇傭協議中包含一項保密條款，防止員工將公司秘密分享給外部競爭對手。</div><div class=""entry-explanation"">名詞「條款」。常用搭配 non-disclosure clause (保密條款)。</div></div></div></div><div class=""related-forms""><span class=""label"">Related:</span> clauses</div></div>"
cling	"<div class=""anki-card-content""><div class=""general-explanation"">動詞「緊緊抓住；依附；堅持」。常用搭配 cling to sth (緊抓...；堅持...)。注意其不規則變化：cling, clung, clung。</div><div class=""entries-container""><div class=""entry""><div class=""sentence-row""><div class=""sentence"">The frightened child <span class=""target-word"">clung</span> <span class=""collocation"">to</span> his mother's hand as they walked through the crowded streets of the city.</div><button class=""tts-button"" data-tts=""The frightened child clung to his mother&#x27;s hand as they walked through the crowded streets of the city."" onclick=""window.playTTS(this.getAttribute('data-tts'))""><svg viewBox=""0 0 24 24"" fill=""none"" stroke=""currentColor"" stroke-width=""2""><polygon points=""5 3 19 12 5 21 5 3""></polygon></svg></button></div><div class=""meta-section""><div class=""translation"">當他們走在城市擁擠的街道上時，受驚的孩子緊緊抓著母親的手。</div><div class=""entry-explanation"">動詞「緊緊抓住」。常用搭配 cling to sth。</div></div></div><div class=""entry""><div class=""sentence-row""><div class=""sentence"">Despite the evidence showing his theory was wrong, the scientist <span class=""target-word"">clung</span> <span class=""collocation"">to</span> his old beliefs and refused to change.</div><button class=""tts-button"" data-tts=""Despite the evidence showing his theory was wrong, the scientist clung to his old beliefs and refused to change."" onclick=""window.playTTS(this.getAttribute('data-tts'))""><svg viewBox=""0 0 24 24"" fill=""none"" stroke=""currentColor"" stroke-width=""2""><polygon points=""5 3 19 12 5 21 5 3""></polygon></svg></button></div><div class=""meta-section""><div class=""translation"">儘管證據顯示他的理論是錯誤的，這位科學家仍然堅持他的舊信念並拒絕改變。</div><div class=""entry-explanation"">動詞「堅持」。指對想法、信仰的執著。</div></div></div><div class=""entry""><div class=""sentence-row""><div class=""sentence"">Wet clothes tend to <span class=""target-word"">cling</span> <span class=""collocation"">to</span> the skin, which can make a person feel very uncomfortable during a humid summer.</div><button class=""tts-button"" data-tts=""Wet clothes tend to cling to the skin, which can make a person feel very uncomfortable during a humid summer."" onclick=""window.playTTS(this.getAttribute('data-tts'))""><svg viewBox=""0 0 24 24"" fill=""none"" stroke=""currentColor"" stroke-width=""2""><polygon points=""5 3 19 12 5 21 5 3""></polygon></svg></button></div><div class=""meta-section""><div class=""translation"">濕衣服傾向於貼在皮膚上，這在潮濕的夏季會讓人感到非常不舒服。</div><div class=""entry-explanation"">動詞「貼著」。指物理上的依附。</div></div></div></div><div class=""related-forms""><span class=""label"">Related:</span> clinging</div></div>"
clinical	"<div class=""anki-card-content""><div class=""general-explanation"">形容詞「臨床的；冷漠的」。主要指在醫院對病人進行實務觀察而非實驗室研究；也可以指一種缺乏情感、過於客觀的態度。</div><div class=""entries-container""><div class=""entry""><div class=""sentence-row""><div class=""sentence"">The new drug underwent rigorous <span class=""target-word"">clinical</span> <span class=""collocation"">trials</span> to ensure its safety and effectiveness before being released to the public.</div><button class=""tts-button"" data-tts=""The new drug underwent rigorous clinical trials to ensure its safety and effectiveness before being released to the public."" onclick=""window.playTTS(this.getAttribute('data-tts'))""><svg viewBox=""0 0 24 24"" fill=""none"" stroke=""currentColor"" stroke-width=""2""><polygon points=""5 3 19 12 5 21 5 3""></polygon></svg></button></div><div class=""meta-section""><div class=""translation"">這種新藥在對大眾發布前，經過了嚴格的臨床試驗，以確保其安全性和有效性。</div><div class=""entry-explanation"">形容詞「臨床的」。常用搭配 clinical trials (臨床試驗)。</div></div></div><div class=""entry""><div class=""sentence-row""><div class=""sentence"">The doctor provided a <span class=""target-word"">clinical</span> <span class=""collocation"">assessment</span> of the patient's condition based on physical examinations and medical history.</div><button class=""tts-button"" data-tts=""The doctor provided a clinical assessment of the patient&#x27;s condition based on physical examinations and medical history."" onclick=""window.playTTS(this.getAttribute('data-tts'))""><svg viewBox=""0 0 24 24"" fill=""none"" stroke=""currentColor"" stroke-width=""2""><polygon points=""5 3 19 12 5 21 5 3""></polygon></svg></button></div><div class=""meta-section""><div class=""translation"">醫生根據身體檢查和病史，對患者的病情進行了臨床評估。</div><div class=""entry-explanation"">形容詞「臨床的」。常用搭配 clinical assessment (臨床評估)。</div></div></div><div class=""entry""><div class=""sentence-row""><div class=""sentence"">She described the accident in a <span class=""target-word"">clinical</span> <span class=""collocation"">tone</span>, without showing any emotion or sympathy for the victims.</div><button class=""tts-button"" data-tts=""She described the accident in a clinical tone, without showing any emotion or sympathy for the victims."" onclick=""window.playTTS(this.getAttribute('data-tts'))""><svg viewBox=""0 0 24 24"" fill=""none"" stroke=""currentColor"" stroke-width=""2""><polygon points=""5 3 19 12 5 21 5 3""></polygon></svg></button></div><div class=""meta-section""><div class=""translation"">她用一種冷漠的口吻描述這起事故，沒有對受害者表現出任何情感或同情。</div><div class=""entry-explanation"">形容詞「冷漠的」。指過於客觀、缺乏人情味的態度。</div></div></div></div><div class=""related-forms""><span class=""label"">Related:</span> clinician, clinically</div></div>"
cluster	"<div class=""anki-card-content""><div class=""general-explanation"">名詞「群；簇」；動詞「聚集」。名詞指一群聚集在一起的人或物；動詞指將人或物聚集在一起。</div><div class=""entries-container""><div class=""entry""><div class=""sentence-row""><div class=""sentence"">A small <span class=""target-word"">cluster</span> <span class=""collocation"">of</span> stars was visible in the clear night sky, appearing as a bright group of lights.</div><button class=""tts-button"" data-tts=""A small cluster of stars was visible in the clear night sky, appearing as a bright group of lights."" onclick=""window.playTTS(this.getAttribute('data-tts'))""><svg viewBox=""0 0 24 24"" fill=""none"" stroke=""currentColor"" stroke-width=""2""><polygon points=""5 3 19 12 5 21 5 3""></polygon></svg></button></div><div class=""meta-section""><div class=""translation"">在晴朗的夜空中可以看到一小簇恆星，看起來像是一組明亮的光點。</div><div class=""entry-explanation"">名詞「群；簇」。常用搭配 a cluster of sth。</div></div></div><div class=""entry""><div class=""sentence-row""><div class=""sentence"">The students tended to <span class=""target-word"">cluster</span> <span class=""collocation"">around</span> the teacher after class to ask questions about the upcoming final exam.</div><button class=""tts-button"" data-tts=""The students tended to cluster around the teacher after class to ask questions about the upcoming final exam."" onclick=""window.playTTS(this.getAttribute('data-tts'))""><svg viewBox=""0 0 24 24"" fill=""none"" stroke=""currentColor"" stroke-width=""2""><polygon points=""5 3 19 12 5 21 5 3""></polygon></svg></button></div><div class=""meta-section""><div class=""translation"">課後學生們傾向於聚集在老師周圍，詢問關於即將到來的期末考的問題。</div><div class=""entry-explanation"">動詞「聚集」。常用搭配 cluster around sth/sb。</div></div></div><div class=""entry""><div class=""sentence-row""><div class=""sentence"">Health officials are monitoring a <span class=""target-word"">cluster</span> <span class=""collocation"">of</span> infections in the local community to prevent a wider outbreak of the disease.</div><button class=""tts-button"" data-tts=""Health officials are monitoring a cluster of infections in the local community to prevent a wider outbreak of the disease."" onclick=""window.playTTS(this.getAttribute('data-tts'))""><svg viewBox=""0 0 24 24"" fill=""none"" stroke=""currentColor"" stroke-width=""2""><polygon points=""5 3 19 12 5 21 5 3""></polygon></svg></button></div><div class=""meta-section""><div class=""translation"">衛生官員正在監控當地社區的一群感染病例，以防止疾病的大規模爆發。</div><div class=""entry-explanation"">名詞「群」。常用於流行病學，指在特定時間/地點集中出現的病例。</div></div></div></div><div class=""related-forms""><span class=""label"">Related:</span> clustered</div></div>"
cocaine	"<div class=""anki-card-content""><div class=""general-explanation"">名詞「可卡因」。一種強烈且具成癮性的非法刺激性藥物。</div><div class=""entries-container""><div class=""entry""><div class=""sentence-row""><div class=""sentence"">The police seized a large amount of <span class=""target-word"">cocaine</span> during the raid on the warehouse, stopping a major drug trafficking operation.</div><button class=""tts-button"" data-tts=""The police seized a large amount of cocaine during the raid on the warehouse, stopping a major drug trafficking operation."" onclick=""window.playTTS(this.getAttribute('data-tts'))""><svg viewBox=""0 0 24 24"" fill=""none"" stroke=""currentColor"" stroke-width=""2""><polygon points=""5 3 19 12 5 21 5 3""></polygon></svg></button></div><div class=""meta-section""><div class=""translation"">警方在搜查倉庫期間沒收了大量可卡因，阻止了一次重大的毒品走私行動。</div><div class=""entry-explanation"">名詞「可卡因」。</div></div></div><div class=""entry""><div class=""sentence-row""><div class=""sentence"">Drug abuse, including the use of <span class=""target-word"">cocaine</span>, can lead to severe heart problems and permanent damage to the nervous system.</div><button class=""tts-button"" data-tts=""Drug abuse, including the use of cocaine, can lead to severe heart problems and permanent damage to the nervous system."" onclick=""window.playTTS(this.getAttribute('data-tts'))""><svg viewBox=""0 0 24 24"" fill=""none"" stroke=""currentColor"" stroke-width=""2""><polygon points=""5 3 19 12 5 21 5 3""></polygon></svg></button></div><div class=""meta-section""><div class=""translation"">藥物濫用，包括使用可卡因，會導致嚴重的心臟問題以及對神經系統的永久性損害。</div><div class=""entry-explanation"">名詞「可卡因」。</div></div></div><div class=""entry""><div class=""sentence-row""><div class=""sentence"">The government launched a public awareness campaign to warn teenagers about the dangers of <span class=""target-word"">cocaine</span> and other illegal substances.</div><button class=""tts-button"" data-tts=""The government launched a public awareness campaign to warn teenagers about the dangers of cocaine and other illegal substances."" onclick=""window.playTTS(this.getAttribute('data-tts'))""><svg viewBox=""0 0 24 24"" fill=""none"" stroke=""currentColor"" stroke-width=""2""><polygon points=""5 3 19 12 5 21 5 3""></polygon></svg></button></div><div class=""meta-section""><div class=""translation"">政府發起了一場公眾意識活動，以警告青少年關於可卡因和其他非法物質的危險。</div><div class=""entry-explanation"">名詞「可卡因」。</div></div></div></div></div>"
coffin	"<div class=""anki-card-content""><div class=""general-explanation"">名詞「棺材」。用於將死者安葬的容器。</div><div class=""entries-container""><div class=""entry""><div class=""sentence-row""><div class=""sentence"">The family gathered around the open <span class=""target-word"">coffin</span> to say their final goodbyes to the grandfather before the burial ceremony.</div><button class=""tts-button"" data-tts=""The family gathered around the open coffin to say their final goodbyes to the grandfather before the burial ceremony."" onclick=""window.playTTS(this.getAttribute('data-tts'))""><svg viewBox=""0 0 24 24"" fill=""none"" stroke=""currentColor"" stroke-width=""2""><polygon points=""5 3 19 12 5 21 5 3""></polygon></svg></button></div><div class=""meta-section""><div class=""translation"">家人們聚集在敞開的棺材旁，在葬禮之前與祖父做最後的告別。</div><div class=""entry-explanation"">名詞「棺材」。</div></div></div><div class=""entry""><div class=""sentence-row""><div class=""sentence"">In some cultures, the <span class=""target-word"">coffin</span> is decorated with bright colors and flowers to celebrate the life of the deceased person.</div><button class=""tts-button"" data-tts=""In some cultures, the coffin is decorated with bright colors and flowers to celebrate the life of the deceased person."" onclick=""window.playTTS(this.getAttribute('data-tts'))""><svg viewBox=""0 0 24 24"" fill=""none"" stroke=""currentColor"" stroke-width=""2""><polygon points=""5 3 19 12 5 21 5 3""></polygon></svg></button></div><div class=""meta-section""><div class=""translation"">在某些文化中，棺材會用鮮豔的顏色和花朵裝飾，以慶祝死者的生前生活。</div><div class=""entry-explanation"">名詞「棺材」。</div></div></div><div class=""entry""><div class=""sentence-row""><div class=""sentence"">The heavy wooden <span class=""target-word"">coffin</span> was slowly lowered into the ground as the mourners wept and prayed in silence.</div><button class=""tts-button"" data-tts=""The heavy wooden coffin was slowly lowered into the ground as the mourners wept and prayed in silence."" onclick=""window.playTTS(this.getAttribute('data-tts'))""><svg viewBox=""0 0 24 24"" fill=""none"" stroke=""currentColor"" stroke-width=""2""><polygon points=""5 3 19 12 5 21 5 3""></polygon></svg></button></div><div class=""meta-section""><div class=""translation"">當哀悼者在沉默中哭泣和祈禱時，沉重的木製棺材被緩緩地放入地下。</div><div class=""entry-explanation"">名詞「棺材」。</div></div></div></div><div class=""related-forms""><span class=""label"">Related:</span> coffins</div></div>"
cognitive	"<div class=""anki-card-content""><div class=""general-explanation"">形容詞「認知的」。指與心智過程相關的事物，如思考、記憶、感知和學習。常用搭配 cognitive skills (認知能力)、cognitive development (認知發展)。</div><div class=""entries-container""><div class=""entry""><div class=""sentence-row""><div class=""sentence"">Playing strategy games and reading complex books can help improve a child's <span class=""target-word"">cognitive</span> <span class=""collocation"">abilities</span> and problem-solving skills.</div><button class=""tts-button"" data-tts=""Playing strategy games and reading complex books can help improve a child&#x27;s cognitive abilities and problem-solving skills."" onclick=""window.playTTS(this.getAttribute('data-tts'))""><svg viewBox=""0 0 24 24"" fill=""none"" stroke=""currentColor"" stroke-width=""2""><polygon points=""5 3 19 12 5 21 5 3""></polygon></svg></button></div><div class=""meta-section""><div class=""translation"">玩策略遊戲和閱讀複雜的書籍可以幫助提高孩子的認知能力和解決問題的技能。</div><div class=""entry-explanation"">形容詞「認知的」。常用搭配 cognitive abilities (認知能力)。</div></div></div><div class=""entry""><div class=""sentence-row""><div class=""sentence"">Psychologists study <span class=""target-word"">cognitive</span> <span class=""collocation"">development</span> to understand how children's thinking patterns change as they grow older.</div><button class=""tts-button"" data-tts=""Psychologists study cognitive development to understand how children&#x27;s thinking patterns change as they grow older."" onclick=""window.playTTS(this.getAttribute('data-tts'))""><svg viewBox=""0 0 24 24"" fill=""none"" stroke=""currentColor"" stroke-width=""2""><polygon points=""5 3 19 12 5 21 5 3""></polygon></svg></button></div><div class=""meta-section""><div class=""translation"">心理學家研究認知發展，以了解孩子們的思考模式如何隨著年齡增長而改變。</div><div class=""entry-explanation"">形容詞「認知的」。常用搭配 cognitive development (認知發展)。</div></div></div><div class=""entry""><div class=""sentence-row""><div class=""sentence"">Certain types of dementia can lead to a decline in <span class=""target-word"">cognitive</span> <span class=""collocation"">function</span>, making it difficult for patients to remember simple things.</div><button class=""tts-button"" data-tts=""Certain types of dementia can lead to a decline in cognitive function, making it difficult for patients to remember simple things."" onclick=""window.playTTS(this.getAttribute('data-tts'))""><svg viewBox=""0 0 24 24"" fill=""none"" stroke=""currentColor"" stroke-width=""2""><polygon points=""5 3 19 12 5 21 5 3""></polygon></svg></button></div><div class=""meta-section""><div class=""translation"">某些類型的失智症會導致認知功能的下降，使得患者難以記住簡單的事情。</div><div class=""entry-explanation"">形容詞「認知的」。常用搭配 cognitive function (認知功能)。</div></div></div></div><div class=""related-forms""><span class=""label"">Related:</span> cognition, cognitively</div></div>"
coherent	"<div class=""anki-card-content""><div class=""general-explanation"">形容詞「連貫的、條理分明的」。常用於描述論點、計畫或發言邏輯清晰。常用搭配：a coherent argument (一個連貫的論點), coherent thoughts (清晰的思緒)。</div><div class=""entries-container""><div class=""entry""><div class=""sentence-row""><div class=""sentence"">The student's essay was well-organized, presenting a <span class=""target-word"">coherent</span> <span class=""collocation"">argument</span> that convinced the teacher of his point of view.</div><button class=""tts-button"" data-tts=""The student&#x27;s essay was well-organized, presenting a coherent argument that convinced the teacher of his point of view."" onclick=""window.playTTS(this.getAttribute('data-tts'))""><svg viewBox=""0 0 24 24"" fill=""none"" stroke=""currentColor"" stroke-width=""2""><polygon points=""5 3 19 12 5 21 5 3""></polygon></svg></button></div><div class=""meta-section""><div class=""translation"">這名學生的論文組織良好，提出了一個連貫的論點，使老師相信了他的觀點。</div><div class=""entry-explanation"">形容詞「連貫的」。用於描述論點邏輯清晰。</div></div></div><div class=""entry""><div class=""sentence-row""><div class=""sentence"">After the accident, the witness was too shocked to give a <span class=""target-word"">coherent</span> <span class=""collocation"">account</span> of what had happened to the police.</div><button class=""tts-button"" data-tts=""After the accident, the witness was too shocked to give a coherent account of what had happened to the police."" onclick=""window.playTTS(this.getAttribute('data-tts'))""><svg viewBox=""0 0 24 24"" fill=""none"" stroke=""currentColor"" stroke-width=""2""><polygon points=""5 3 19 12 5 21 5 3""></polygon></svg></button></div><div class=""meta-section""><div class=""translation"">事故發生後，證人太震驚了，無法向警方提供關於發生之事的條理分明的描述。</div><div class=""entry-explanation"">形容詞「條理分明的」。描述發言或敘述清晰。</div></div></div><div class=""entry""><div class=""sentence-row""><div class=""sentence"">To succeed in the debate, you must ensure that your points are <span class=""target-word"">coherent</span> and supported by strong evidence.</div><button class=""tts-button"" data-tts=""To succeed in the debate, you must ensure that your points are coherent and supported by strong evidence."" onclick=""window.playTTS(this.getAttribute('data-tts'))""><svg viewBox=""0 0 24 24"" fill=""none"" stroke=""currentColor"" stroke-width=""2""><polygon points=""5 3 19 12 5 21 5 3""></polygon></svg></button></div><div class=""meta-section""><div class=""translation"">要在辯論中獲勝，你必須確保你的論點是連貫的，且有強而有力的證據支持。</div><div class=""entry-explanation"">形容詞「連貫的」。</div></div></div></div><div class=""related-forms""><span class=""label"">Related:</span> coherence, coherently</div></div>"
coincidence	"<div class=""anki-card-content""><div class=""general-explanation"">名詞「巧合」。常考片語：by coincidence (巧合地), what a coincidence (真是巧合)。注意與 accident (意外) 的區別：coincidence 強調兩個獨立事件在時間或空間上意外地一致。</div><div class=""entries-container""><div class=""entry""><div class=""sentence-row""><div class=""sentence"">It was a complete <span class=""target-word"">coincidence</span> that I met my old primary school friend at the airport in a different country.</div><button class=""tts-button"" data-tts=""It was a complete coincidence that I met my old primary school friend at the airport in a different country."" onclick=""window.playTTS(this.getAttribute('data-tts'))""><svg viewBox=""0 0 24 24"" fill=""none"" stroke=""currentColor"" stroke-width=""2""><polygon points=""5 3 19 12 5 21 5 3""></polygon></svg></button></div><div class=""meta-section""><div class=""translation"">我在另一個國家的機場遇到小學時的老朋友，完全是一個巧合。</div><div class=""entry-explanation"">名詞「巧合」。指意外且不相關的事件同時發生。</div></div></div><div class=""entry""><div class=""sentence-row""><div class=""sentence"">By pure <span class=""target-word"">coincidence</span>, both students chose the same topic for their history project, even though they had not discussed it.</div><button class=""tts-button"" data-tts=""By pure coincidence, both students chose the same topic for their history project, even though they had not discussed it."" onclick=""window.playTTS(this.getAttribute('data-tts'))""><svg viewBox=""0 0 24 24"" fill=""none"" stroke=""currentColor"" stroke-width=""2""><polygon points=""5 3 19 12 5 21 5 3""></polygon></svg></button></div><div class=""meta-section""><div class=""translation"">純屬巧合，兩名學生為他們的歷史專題選擇了相同的主題，儘管他們並沒有討論過。</div><div class=""entry-explanation"">名詞「巧合」。常用搭配 by coincidence。</div></div></div><div class=""entry""><div class=""sentence-row""><div class=""sentence"">When she realized we were wearing the exact same dress to the party, she exclaimed, ""What a <span class=""target-word"">coincidence</span>!""</div><button class=""tts-button"" data-tts=""When she realized we were wearing the exact same dress to the party, she exclaimed, &quot;What a coincidence!&quot;"" onclick=""window.playTTS(this.getAttribute('data-tts'))""><svg viewBox=""0 0 24 24"" fill=""none"" stroke=""currentColor"" stroke-width=""2""><polygon points=""5 3 19 12 5 21 5 3""></polygon></svg></button></div><div class=""meta-section""><div class=""translation"">當她意識到我們穿著完全一樣的洋裝參加派對時，她驚呼：「真是太巧了！」</div><div class=""entry-explanation"">名詞「巧合」。常用口語表達 What a coincidence!</div></div></div></div><div class=""related-forms""><span class=""label"">Related:</span> coincidental, coincidentally</div></div>"
collaboration	"<div class=""anki-card-content""><div class=""general-explanation"">名詞「合作」。常用於學術、藝術或商業領域。常用搭配：in collaboration with (與...合作), close collaboration (密切合作)。</div><div class=""entries-container""><div class=""entry""><div class=""sentence-row""><div class=""sentence"">The new scientific discovery was the result of a close <span class=""target-word"">collaboration</span> <span class=""collocation"">between</span> researchers from three different universities.</div><button class=""tts-button"" data-tts=""The new scientific discovery was the result of a close collaboration between researchers from three different universities."" onclick=""window.playTTS(this.getAttribute('data-tts'))""><svg viewBox=""0 0 24 24"" fill=""none"" stroke=""currentColor"" stroke-width=""2""><polygon points=""5 3 19 12 5 21 5 3""></polygon></svg></button></div><div class=""meta-section""><div class=""translation"">這項新的科學發現是三所不同大學的研究人員密切合作的結果。</div><div class=""entry-explanation"">名詞「合作」。強調共同努力以達成目標。</div></div></div><div class=""entry""><div class=""sentence-row""><div class=""sentence"">The art exhibit was created <span class=""collocation"">in</span> <span class=""target-word"">collaboration</span> <span class=""collocation"">with</span> a local community center to promote cultural diversity in the city.</div><button class=""tts-button"" data-tts=""The art exhibit was created in collaboration with a local community center to promote cultural diversity in the city."" onclick=""window.playTTS(this.getAttribute('data-tts'))""><svg viewBox=""0 0 24 24"" fill=""none"" stroke=""currentColor"" stroke-width=""2""><polygon points=""5 3 19 12 5 21 5 3""></polygon></svg></button></div><div class=""meta-section""><div class=""translation"">這次藝術展覽是與當地社區中心合作創建的，旨在促進城市中的文化多樣性。</div><div class=""entry-explanation"">名詞「合作」。常用搭配 in collaboration with。</div></div></div><div class=""entry""><div class=""sentence-row""><div class=""sentence"">Teachers encourage students to work in <span class=""target-word"">collaboration</span> during group projects to develop their teamwork and communication skills.</div><button class=""tts-button"" data-tts=""Teachers encourage students to work in collaboration during group projects to develop their teamwork and communication skills."" onclick=""window.playTTS(this.getAttribute('data-tts'))""><svg viewBox=""0 0 24 24"" fill=""none"" stroke=""currentColor"" stroke-width=""2""><polygon points=""5 3 19 12 5 21 5 3""></polygon></svg></button></div><div class=""meta-section""><div class=""translation"">老師鼓勵學生在小組專題中合作，以培養他們的團隊合作和溝通能力。</div><div class=""entry-explanation"">名詞「合作」。</div></div></div></div><div class=""related-forms""><span class=""label"">Related:</span> collaborate, collaborator, collaborative</div></div>"
collective	"<div class=""anki-card-content""><div class=""general-explanation"">可作形容詞「共同的、集體的」或名詞「集體」。常用搭配：collective effort (共同努力), collective memory (集體記憶), collective responsibility (集體責任)。</div><div class=""entries-container""><div class=""entry""><div class=""sentence-row""><div class=""sentence"">Cleaning up the beach after the storm required a <span class=""target-word"">collective</span> <span class=""collocation"">effort</span> from all the volunteers in the town.</div><button class=""tts-button"" data-tts=""Cleaning up the beach after the storm required a collective effort from all the volunteers in the town."" onclick=""window.playTTS(this.getAttribute('data-tts'))""><svg viewBox=""0 0 24 24"" fill=""none"" stroke=""currentColor"" stroke-width=""2""><polygon points=""5 3 19 12 5 21 5 3""></polygon></svg></button></div><div class=""meta-section""><div class=""translation"">風暴後清理海灘需要鎮上所有志工的共同努力。</div><div class=""entry-explanation"">形容詞「共同的、集體的」。常用搭配 collective effort。</div></div></div><div class=""entry""><div class=""sentence-row""><div class=""sentence"">The students felt a sense of <span class=""target-word"">collective</span> <span class=""collocation"">responsibility</span> to keep their classroom clean and organized throughout the semester.</div><button class=""tts-button"" data-tts=""The students felt a sense of collective responsibility to keep their classroom clean and organized throughout the semester."" onclick=""window.playTTS(this.getAttribute('data-tts'))""><svg viewBox=""0 0 24 24"" fill=""none"" stroke=""currentColor"" stroke-width=""2""><polygon points=""5 3 19 12 5 21 5 3""></polygon></svg></button></div><div class=""meta-section""><div class=""translation"">學生們感到有一種集體責任感，要在整個學期中保持教室的整潔有序。</div><div class=""entry-explanation"">形容詞「集體的」。常用搭配 collective responsibility。</div></div></div><div class=""entry""><div class=""sentence-row""><div class=""sentence"">The national anthem and the flag are symbols that contribute to the <span class=""target-word"">collective</span> <span class=""collocation"">identity</span> of the people in the country.</div><button class=""tts-button"" data-tts=""The national anthem and the flag are symbols that contribute to the collective identity of the people in the country."" onclick=""window.playTTS(this.getAttribute('data-tts'))""><svg viewBox=""0 0 24 24"" fill=""none"" stroke=""currentColor"" stroke-width=""2""><polygon points=""5 3 19 12 5 21 5 3""></polygon></svg></button></div><div class=""meta-section""><div class=""translation"">國歌和國旗是促成該國人民集體認同感的象徵。</div><div class=""entry-explanation"">形容詞「集體的」。常用搭配 collective identity。</div></div></div><div class=""entry""><div class=""sentence-row""><div class=""sentence"">The farmers formed a <span class=""target-word"">collective</span> to share expensive machinery and negotiate better prices for their crops in the market.</div><button class=""tts-button"" data-tts=""The farmers formed a collective to share expensive machinery and negotiate better prices for their crops in the market."" onclick=""window.playTTS(this.getAttribute('data-tts'))""><svg viewBox=""0 0 24 24"" fill=""none"" stroke=""currentColor"" stroke-width=""2""><polygon points=""5 3 19 12 5 21 5 3""></polygon></svg></button></div><div class=""meta-section""><div class=""translation"">農民們組成了一個集體，以共享昂貴的機器並在市場上為他們的作物協商更好的價格。</div><div class=""entry-explanation"">名詞「集體」。指一群人為了共同利益而組織起來的團體。</div></div></div></div><div class=""related-forms""><span class=""label"">Related:</span> collectively, collectivism</div></div>"
collector	"<div class=""anki-card-content""><div class=""general-explanation"">名詞「收藏家、收集者」。常用搭配：art collector (藝術收藏家), stamp collector (集郵者), tax collector (稅務徵收員)。</div><div class=""entries-container""><div class=""entry""><div class=""sentence-row""><div class=""sentence"">As an avid stamp <span class=""target-word"">collector</span>, he spent years searching for rare stamps from countries that no longer exist.</div><button class=""tts-button"" data-tts=""As an avid stamp collector, he spent years searching for rare stamps from countries that no longer exist."" onclick=""window.playTTS(this.getAttribute('data-tts'))""><svg viewBox=""0 0 24 24"" fill=""none"" stroke=""currentColor"" stroke-width=""2""><polygon points=""5 3 19 12 5 21 5 3""></polygon></svg></button></div><div class=""meta-section""><div class=""translation"">作為一名熱衷的集郵者，他花了很多年尋找那些已不存在國家的稀有郵票。</div><div class=""entry-explanation"">名詞「收藏家」。指對特定物品有愛好並收集的人。</div></div></div><div class=""entry""><div class=""sentence-row""><div class=""sentence"">The wealthy businessman was a famous art <span class=""target-word"">collector</span> who owned many original paintings by world-renowned artists.</div><button class=""tts-button"" data-tts=""The wealthy businessman was a famous art collector who owned many original paintings by world-renowned artists."" onclick=""window.playTTS(this.getAttribute('data-tts'))""><svg viewBox=""0 0 24 24"" fill=""none"" stroke=""currentColor"" stroke-width=""2""><polygon points=""5 3 19 12 5 21 5 3""></polygon></svg></button></div><div class=""meta-section""><div class=""translation"">這位富有的商人是一位著名的藝術收藏家，擁有許多世界知名藝術家的原作畫作。</div><div class=""entry-explanation"">名詞「收藏家」。</div></div></div><div class=""entry""><div class=""sentence-row""><div class=""sentence"">In ancient times, the tax <span class=""target-word"">collector</span> was often feared by the villagers because he demanded strict payment of all duties.</div><button class=""tts-button"" data-tts=""In ancient times, the tax collector was often feared by the villagers because he demanded strict payment of all duties."" onclick=""window.playTTS(this.getAttribute('data-tts'))""><svg viewBox=""0 0 24 24"" fill=""none"" stroke=""currentColor"" stroke-width=""2""><polygon points=""5 3 19 12 5 21 5 3""></polygon></svg></button></div><div class=""meta-section""><div class=""translation"">在古代，稅務徵收員常被村民恐懼，因為他要求嚴格繳納所有稅金。</div><div class=""entry-explanation"">名詞「收集者」。此處指執行徵收職責的人。</div></div></div></div><div class=""related-forms""><span class=""label"">Related:</span> collect, collection</div></div>"
colonial	"<div class=""anki-card-content""><div class=""general-explanation"">形容詞「殖民的」；名詞「殖民地居民」。常用搭配：colonial period (殖民時期), colonial architecture (殖民風格建築), colonial rule (殖民統治)。</div><div class=""entries-container""><div class=""entry""><div class=""sentence-row""><div class=""sentence"">The city's downtown area still features many <span class=""target-word"">colonial</span> <span class=""collocation"">buildings</span> with large balconies and white walls from the 18th century.</div><button class=""tts-button"" data-tts=""The city&#x27;s downtown area still features many colonial buildings with large balconies and white walls from the 18th century."" onclick=""window.playTTS(this.getAttribute('data-tts'))""><svg viewBox=""0 0 24 24"" fill=""none"" stroke=""currentColor"" stroke-width=""2""><polygon points=""5 3 19 12 5 21 5 3""></polygon></svg></button></div><div class=""meta-section""><div class=""translation"">這座城市的市中心仍有許多 18 世紀的殖民風格建築，擁有大型陽台和白牆。</div><div class=""entry-explanation"">形容詞「殖民的」。常用於描述建築或時期的風格。</div></div></div><div class=""entry""><div class=""sentence-row""><div class=""sentence"">Students learned about the struggles of people living under <span class=""target-word"">colonial</span> <span class=""collocation"">rule</span> during their history class last week.</div><button class=""tts-button"" data-tts=""Students learned about the struggles of people living under colonial rule during their history class last week."" onclick=""window.playTTS(this.getAttribute('data-tts'))""><svg viewBox=""0 0 24 24"" fill=""none"" stroke=""currentColor"" stroke-width=""2""><polygon points=""5 3 19 12 5 21 5 3""></polygon></svg></button></div><div class=""meta-section""><div class=""translation"">學生們在上週的歷史課上學習了生活在殖民統治下的人們的掙扎。</div><div class=""entry-explanation"">形容詞「殖民的」。常用搭配 colonial rule。</div></div></div><div class=""entry""><div class=""sentence-row""><div class=""sentence"">The museum exhibits various artifacts from the <span class=""target-word"">colonial</span> <span class=""collocation"">era</span>, showing how trade and culture shifted during that time.</div><button class=""tts-button"" data-tts=""The museum exhibits various artifacts from the colonial era, showing how trade and culture shifted during that time."" onclick=""window.playTTS(this.getAttribute('data-tts'))""><svg viewBox=""0 0 24 24"" fill=""none"" stroke=""currentColor"" stroke-width=""2""><polygon points=""5 3 19 12 5 21 5 3""></polygon></svg></button></div><div class=""meta-section""><div class=""translation"">博物館展出了殖民時期的各種文物，展示了當時貿易和文化是如何轉移的。</div><div class=""entry-explanation"">形容詞「殖民的」。常用搭配 colonial era/period。</div></div></div></div><div class=""related-forms""><span class=""label"">Related:</span> colonize, colony, colonialism, colonist</div></div>"
columnist	"<div class=""anki-card-content""><div class=""general-explanation"">名詞「專欄作家」。指在報紙或雜誌中定期撰寫特定主題文章的人。常用搭配：newspaper columnist (報紙專欄作家)。</div><div class=""entries-container""><div class=""entry""><div class=""sentence-row""><div class=""sentence"">The famous political <span class=""target-word"">columnist</span> writes a weekly piece in the national newspaper, analyzing current events with a sharp perspective.</div><button class=""tts-button"" data-tts=""The famous political columnist writes a weekly piece in the national newspaper, analyzing current events with a sharp perspective."" onclick=""window.playTTS(this.getAttribute('data-tts'))""><svg viewBox=""0 0 24 24"" fill=""none"" stroke=""currentColor"" stroke-width=""2""><polygon points=""5 3 19 12 5 21 5 3""></polygon></svg></button></div><div class=""meta-section""><div class=""translation"">這位著名的政治專欄作家在國家報紙上撰寫週刊文章，以銳利的視角分析時事。</div><div class=""entry-explanation"">名詞「專欄作家」。</div></div></div><div class=""entry""><div class=""sentence-row""><div class=""sentence"">Many readers enjoy the humor and wit of the local food <span class=""target-word"">columnist</span> who reviews the best restaurants in the city.</div><button class=""tts-button"" data-tts=""Many readers enjoy the humor and wit of the local food columnist who reviews the best restaurants in the city."" onclick=""window.playTTS(this.getAttribute('data-tts'))""><svg viewBox=""0 0 24 24"" fill=""none"" stroke=""currentColor"" stroke-width=""2""><polygon points=""5 3 19 12 5 21 5 3""></polygon></svg></button></div><div class=""meta-section""><div class=""translation"">許多讀者喜歡當地美食專欄作家的幽默與機智，他評論城市中最好的餐廳。</div><div class=""entry-explanation"">名詞「專欄作家」。</div></div></div><div class=""entry""><div class=""sentence-row""><div class=""sentence"">After years of reporting as a journalist, she was finally invited to become a regular <span class=""target-word"">columnist</span> for a fashion magazine.</div><button class=""tts-button"" data-tts=""After years of reporting as a journalist, she was finally invited to become a regular columnist for a fashion magazine."" onclick=""window.playTTS(this.getAttribute('data-tts'))""><svg viewBox=""0 0 24 24"" fill=""none"" stroke=""currentColor"" stroke-width=""2""><polygon points=""5 3 19 12 5 21 5 3""></polygon></svg></button></div><div class=""meta-section""><div class=""translation"">在擔任記者報導多年後，她終於受邀成為一家時尚雜誌的定期專欄作家。</div><div class=""entry-explanation"">名詞「專欄作家」。</div></div></div></div><div class=""related-forms""><span class=""label"">Related:</span> column</div></div>"
combat	"<div class=""anki-card-content""><div class=""general-explanation"">動詞「對抗、打擊」；名詞「戰鬥、激戰」。動詞用法常接 an enemy, inflation, 或 a disease。名詞用法常用於 military combat (軍事戰鬥)。</div><div class=""entries-container""><div class=""entry""><div class=""sentence-row""><div class=""sentence"">The government implemented new policies to <span class=""target-word"">combat</span> <span class=""collocation"">inflation</span> and lower the cost of living for ordinary citizens.</div><button class=""tts-button"" data-tts=""The government implemented new policies to combat inflation and lower the cost of living for ordinary citizens."" onclick=""window.playTTS(this.getAttribute('data-tts'))""><svg viewBox=""0 0 24 24"" fill=""none"" stroke=""currentColor"" stroke-width=""2""><polygon points=""5 3 19 12 5 21 5 3""></polygon></svg></button></div><div class=""meta-section""><div class=""translation"">政府實施了新政策以打擊通貨膨脹，並降低普通公民的生活成本。</div><div class=""entry-explanation"">動詞「對抗、打擊」。用於描述對抗抽象的負面事物。</div></div></div><div class=""entry""><div class=""sentence-row""><div class=""sentence"">Doctors are working hard to develop a new vaccine to <span class=""target-word"">combat</span> the spreading virus and save more lives.</div><button class=""tts-button"" data-tts=""Doctors are working hard to develop a new vaccine to combat the spreading virus and save more lives."" onclick=""window.playTTS(this.getAttribute('data-tts'))""><svg viewBox=""0 0 24 24"" fill=""none"" stroke=""currentColor"" stroke-width=""2""><polygon points=""5 3 19 12 5 21 5 3""></polygon></svg></button></div><div class=""meta-section""><div class=""translation"">醫生們正努力研發一種新疫苗以對抗傳播中的病毒並挽救更多生命。</div><div class=""entry-explanation"">動詞「對抗」。常用於醫學背景，指對抗疾病。</div></div></div><div class=""entry""><div class=""sentence-row""><div class=""sentence"">The soldiers were trained in hand-to-hand <span class=""target-word"">combat</span> to ensure they could protect themselves in extreme emergency situations.</div><button class=""tts-button"" data-tts=""The soldiers were trained in hand-to-hand combat to ensure they could protect themselves in extreme emergency situations."" onclick=""window.playTTS(this.getAttribute('data-tts'))""><svg viewBox=""0 0 24 24"" fill=""none"" stroke=""currentColor"" stroke-width=""2""><polygon points=""5 3 19 12 5 21 5 3""></polygon></svg></button></div><div class=""meta-section""><div class=""translation"">士兵們接受了徒手戰鬥訓練，以確保他們在極端緊急情況下能保護自己。</div><div class=""entry-explanation"">名詞「戰鬥」。指近距離的肉搏或激戰。</div></div></div><div class=""entry""><div class=""sentence-row""><div class=""sentence"">The two armies engaged in fierce <span class=""target-word"">combat</span> for several days before a peace treaty was finally signed.</div><button class=""tts-button"" data-tts=""The two armies engaged in fierce combat for several days before a peace treaty was finally signed."" onclick=""window.playTTS(this.getAttribute('data-tts'))""><svg viewBox=""0 0 24 24"" fill=""none"" stroke=""currentColor"" stroke-width=""2""><polygon points=""5 3 19 12 5 21 5 3""></polygon></svg></button></div><div class=""meta-section""><div class=""translation"">兩軍在和平條約最終簽署之前，進行了數日的激烈戰鬥。</div><div class=""entry-explanation"">名詞「戰鬥」。</div></div></div></div><div class=""related-forms""><span class=""label"">Related:</span> combative, combatant</div></div>"
comedian	"<div class=""anki-card-content""><div class=""general-explanation"">名詞「喜劇演員」。常用搭配：stand-up comedian (單口喜劇演員)。</div><div class=""entries-container""><div class=""entry""><div class=""sentence-row""><div class=""sentence"">The stand-up <span class=""target-word"">comedian</span> made the entire audience laugh with his funny stories about his awkward experiences in high school.</div><button class=""tts-button"" data-tts=""The stand-up comedian made the entire audience laugh with his funny stories about his awkward experiences in high school."" onclick=""window.playTTS(this.getAttribute('data-tts'))""><svg viewBox=""0 0 24 24"" fill=""none"" stroke=""currentColor"" stroke-width=""2""><polygon points=""5 3 19 12 5 21 5 3""></polygon></svg></button></div><div class=""meta-section""><div class=""translation"">這位單口喜劇演員用他高中時尷尬經歷的有趣故事讓全場觀眾大笑。</div><div class=""entry-explanation"">名詞「喜劇演員」。常用搭配 stand-up comedian。</div></div></div><div class=""entry""><div class=""sentence-row""><div class=""sentence"">To be a successful <span class=""target-word"">comedian</span>, one must have a great sense of timing and the ability to read the audience's mood.</div><button class=""tts-button"" data-tts=""To be a successful comedian, one must have a great sense of timing and the ability to read the audience&#x27;s mood."" onclick=""window.playTTS(this.getAttribute('data-tts'))""><svg viewBox=""0 0 24 24"" fill=""none"" stroke=""currentColor"" stroke-width=""2""><polygon points=""5 3 19 12 5 21 5 3""></polygon></svg></button></div><div class=""meta-section""><div class=""translation"">要成為一名成功的喜劇演員，必須有很好的時機掌控感以及閱讀觀眾情緒的能力。</div><div class=""entry-explanation"">名詞「喜劇演員」。</div></div></div><div class=""entry""><div class=""sentence-row""><div class=""sentence"">The movie features a talented <span class=""target-word"">comedian</span> whose facial expressions are just as funny as the jokes he tells.</div><button class=""tts-button"" data-tts=""The movie features a talented comedian whose facial expressions are just as funny as the jokes he tells."" onclick=""window.playTTS(this.getAttribute('data-tts'))""><svg viewBox=""0 0 24 24"" fill=""none"" stroke=""currentColor"" stroke-width=""2""><polygon points=""5 3 19 12 5 21 5 3""></polygon></svg></button></div><div class=""meta-section""><div class=""translation"">這部電影由一位天才喜劇演員主演，他的面部表情和他講的笑話一樣有趣。</div><div class=""entry-explanation"">名詞「喜劇演員」。</div></div></div></div><div class=""related-forms""><span class=""label"">Related:</span> comedy, comedic</div></div>"
commentary	"<div class=""anki-card-content""><div class=""general-explanation"">名詞「評論、解說」。常用於 sports commentary (體育解說) 或 social commentary (社會評論)。指對某事提供解釋、分析或意見的詳細論述。</div><div class=""entries-container""><div class=""entry""><div class=""sentence-row""><div class=""sentence"">While watching the World Cup, I found the expert <span class=""target-word"">commentary</span> very helpful for understanding the complex rules of the game.</div><button class=""tts-button"" data-tts=""While watching the World Cup, I found the expert commentary very helpful for understanding the complex rules of the game."" onclick=""window.playTTS(this.getAttribute('data-tts'))""><svg viewBox=""0 0 24 24"" fill=""none"" stroke=""currentColor"" stroke-width=""2""><polygon points=""5 3 19 12 5 21 5 3""></polygon></svg></button></div><div class=""meta-section""><div class=""translation"">在看世界盃時，我發現專家的解說對理解比賽複雜的規則非常有幫助。</div><div class=""entry-explanation"">名詞「解說」。指對體育比賽等活動的即時分析。</div></div></div><div class=""entry""><div class=""sentence-row""><div class=""sentence"">The novelist used his latest book as a form of social <span class=""target-word"">commentary</span> to criticize the inequality in modern society.</div><button class=""tts-button"" data-tts=""The novelist used his latest book as a form of social commentary to criticize the inequality in modern society."" onclick=""window.playTTS(this.getAttribute('data-tts'))""><svg viewBox=""0 0 24 24"" fill=""none"" stroke=""currentColor"" stroke-width=""2""><polygon points=""5 3 19 12 5 21 5 3""></polygon></svg></button></div><div class=""meta-section""><div class=""translation"">這位小說家將他的最新著作作為一種社會評論，以批評現代社會的不平等。</div><div class=""entry-explanation"">名詞「評論」。指對社會現象的分析與批判。</div></div></div><div class=""entry""><div class=""sentence-row""><div class=""sentence"">The DVD includes a director's <span class=""target-word"">commentary</span> track, where he explains the creative choices he made during the filming process.</div><button class=""tts-button"" data-tts=""The DVD includes a director&#x27;s commentary track, where he explains the creative choices he made during the filming process."" onclick=""window.playTTS(this.getAttribute('data-tts'))""><svg viewBox=""0 0 24 24"" fill=""none"" stroke=""currentColor"" stroke-width=""2""><polygon points=""5 3 19 12 5 21 5 3""></polygon></svg></button></div><div class=""meta-section""><div class=""translation"">這張 DVD 包含一段導演解說軌道，他在其中解釋了拍攝過程中做出的創意選擇。</div><div class=""entry-explanation"">名詞「解說」。指對作品創作過程的詳細說明。</div></div></div></div><div class=""related-forms""><span class=""label"">Related:</span> comment, commentator</div></div>"
commentator	"<div class=""anki-card-content""><div class=""general-explanation"">名詞，指「評論員」或「解說員」。常用於體育賽事或政治分析。常用搭配：sports commentator (體育評論員), political commentator (政治評論員)。</div><div class=""entries-container""><div class=""entry""><div class=""sentence-row""><div class=""sentence"">The sports <span class=""target-word"">commentator</span> provided a detailed analysis of the game, explaining the players' strategies to the audience.</div><button class=""tts-button"" data-tts=""The sports commentator provided a detailed analysis of the game, explaining the players&#x27; strategies to the audience."" onclick=""window.playTTS(this.getAttribute('data-tts'))""><svg viewBox=""0 0 24 24"" fill=""none"" stroke=""currentColor"" stroke-width=""2""><polygon points=""5 3 19 12 5 21 5 3""></polygon></svg></button></div><div class=""meta-section""><div class=""translation"">體育評論員對比賽進行了詳細分析，向觀眾解釋球員的策略。</div><div class=""entry-explanation"">名詞「評論員」。常用搭配：sports commentator。</div></div></div><div class=""entry""><div class=""sentence-row""><div class=""sentence"">As a well-known political <span class=""target-word"">commentator</span>, he often writes articles for major newspapers to share his views on current global events.</div><button class=""tts-button"" data-tts=""As a well-known political commentator, he often writes articles for major newspapers to share his views on current global events."" onclick=""window.playTTS(this.getAttribute('data-tts'))""><svg viewBox=""0 0 24 24"" fill=""none"" stroke=""currentColor"" stroke-width=""2""><polygon points=""5 3 19 12 5 21 5 3""></polygon></svg></button></div><div class=""meta-section""><div class=""translation"">作為一名知名的政治評論員，他經常在主流報紙上發表文章，分享他對當前全球事件的看法。</div><div class=""entry-explanation"">名詞「評論員」。常用搭配：political commentator。</div></div></div></div><div class=""related-forms""><span class=""label"">Related:</span> commentators, commentate, commentary</div></div>"
commission	"<div class=""anki-card-content""><div class=""general-explanation"">名詞用法包括「佣金」、「委員會」和「委任」。動詞則指「委任」或「委託」。注意 commission as a fee (佣金) 和 commission as a group (委員會) 的區別。</div><div class=""entries-container""><div class=""entry""><div class=""sentence-row""><div class=""sentence"">The real estate agent earns a small <span class=""target-word"">commission</span> <span class=""collocation"">on</span> every house he sells, which allows him to make a living.</div><button class=""tts-button"" data-tts=""The real estate agent earns a small commission on every house he sells, which allows him to make a living."" onclick=""window.playTTS(this.getAttribute('data-tts'))""><svg viewBox=""0 0 24 24"" fill=""none"" stroke=""currentColor"" stroke-width=""2""><polygon points=""5 3 19 12 5 21 5 3""></polygon></svg></button></div><div class=""meta-section""><div class=""translation"">房地產經紀人每賣出一間房子都能賺到一小筆佣金，這讓他能維持生計。</div><div class=""entry-explanation"">名詞「佣金」。常用搭配：earn a commission on sth。</div></div></div><div class=""entry""><div class=""sentence-row""><div class=""sentence"">The government established a special <span class=""target-word"">commission</span> to investigate the causes of the environmental pollution in the river.</div><button class=""tts-button"" data-tts=""The government established a special commission to investigate the causes of the environmental pollution in the river."" onclick=""window.playTTS(this.getAttribute('data-tts'))""><svg viewBox=""0 0 24 24"" fill=""none"" stroke=""currentColor"" stroke-width=""2""><polygon points=""5 3 19 12 5 21 5 3""></polygon></svg></button></div><div class=""meta-section""><div class=""translation"">政府成立了一個特別委員會來調查河流中環境污染的原因。</div><div class=""entry-explanation"">名詞「委員會」。指被委派執行特定任務的團體。</div></div></div><div class=""entry""><div class=""sentence-row""><div class=""sentence"">The city council decided to <span class=""target-word"">commission</span> a local artist to create a large sculpture for the new public park.</div><button class=""tts-button"" data-tts=""The city council decided to commission a local artist to create a large sculpture for the new public park."" onclick=""window.playTTS(this.getAttribute('data-tts'))""><svg viewBox=""0 0 24 24"" fill=""none"" stroke=""currentColor"" stroke-width=""2""><polygon points=""5 3 19 12 5 21 5 3""></polygon></svg></button></div><div class=""meta-section""><div class=""translation"">市議會決定委託一名當地藝術家為新的公共公園創作一座大型雕塑。</div><div class=""entry-explanation"">動詞「委託」。指為金錢而請人創作或製造某物。</div></div></div></div><div class=""related-forms""><span class=""label"">Related:</span> commissioned, commissioning</div></div>"
commitment	"<div class=""anki-card-content""><div class=""general-explanation"">名詞，意為「承諾」、「投入」或「責任」。常考搭配：make a commitment to (對...做出承諾), a commitment to something (對...的投入/承諾)。</div><div class=""entries-container""><div class=""entry""><div class=""sentence-row""><div class=""sentence"">Graduating from university requires a strong <span class=""target-word"">commitment</span> <span class=""collocation"">to</span> studying every day, even when the subjects become difficult.</div><button class=""tts-button"" data-tts=""Graduating from university requires a strong commitment to studying every day, even when the subjects become difficult."" onclick=""window.playTTS(this.getAttribute('data-tts'))""><svg viewBox=""0 0 24 24"" fill=""none"" stroke=""currentColor"" stroke-width=""2""><polygon points=""5 3 19 12 5 21 5 3""></polygon></svg></button></div><div class=""meta-section""><div class=""translation"">從大學畢業需要對每天學習有強烈的投入，即使在科目變得困難時也是如此。</div><div class=""entry-explanation"">名詞「投入、承諾」。常用搭配：commitment to sth。</div></div></div><div class=""entry""><div class=""sentence-row""><div class=""sentence"">The couple made a lifelong <span class=""target-word"">commitment</span> <span class=""collocation"">to</span> each other during their wedding ceremony, promising to support one another through thick and thin.</div><button class=""tts-button"" data-tts=""The couple made a lifelong commitment to each other during their wedding ceremony, promising to support one another through thick and thin."" onclick=""window.playTTS(this.getAttribute('data-tts'))""><svg viewBox=""0 0 24 24"" fill=""none"" stroke=""currentColor"" stroke-width=""2""><polygon points=""5 3 19 12 5 21 5 3""></polygon></svg></button></div><div class=""meta-section""><div class=""translation"">這對夫妻在婚禮上對彼此做出了終身的承諾，承諾在患難與共時互相支持。</div><div class=""entry-explanation"">名詞「承諾」。常用搭配：make a commitment to sb。</div></div></div></div><div class=""related-forms""><span class=""label"">Related:</span> commit, committed</div></div>"
commodity	"<div class=""anki-card-content""><div class=""general-explanation"">名詞，指「商品」或「有用之物」。在經濟學中，commodity 通常指原物料（如原油、黃金、穀物）等大宗商品，而非單個零售產品。</div><div class=""entries-container""><div class=""entry""><div class=""sentence-row""><div class=""sentence"">In the modern economy, data has become a valuable <span class=""target-word"">commodity</span> that companies use to target their advertisements more effectively.</div><button class=""tts-button"" data-tts=""In the modern economy, data has become a valuable commodity that companies use to target their advertisements more effectively."" onclick=""window.playTTS(this.getAttribute('data-tts'))""><svg viewBox=""0 0 24 24"" fill=""none"" stroke=""currentColor"" stroke-width=""2""><polygon points=""5 3 19 12 5 21 5 3""></polygon></svg></button></div><div class=""meta-section""><div class=""translation"">在現代經濟中，數據已成為一種寶貴的商品，公司利用數據更有效地投放廣告。</div><div class=""entry-explanation"">名詞「商品」。指具有交易價值的物品。</div></div></div><div class=""entry""><div class=""sentence-row""><div class=""sentence"">During the drought, water became a scarce <span class=""target-word"">commodity</span> in the region, leading to high prices and strict rationing.</div><button class=""tts-button"" data-tts=""During the drought, water became a scarce commodity in the region, leading to high prices and strict rationing."" onclick=""window.playTTS(this.getAttribute('data-tts'))""><svg viewBox=""0 0 24 24"" fill=""none"" stroke=""currentColor"" stroke-width=""2""><polygon points=""5 3 19 12 5 21 5 3""></polygon></svg></button></div><div class=""meta-section""><div class=""translation"">乾旱期間，水在該地區成為一種稀缺商品，導致價格高漲和嚴格的配給。</div><div class=""entry-explanation"">名詞「有用之物」。指非常需要但數量有限的東西。</div></div></div></div><div class=""related-forms""><span class=""label"">Related:</span> commodities</div></div>"
communism	"<div class=""anki-card-content""><div class=""general-explanation"">名詞，指「共產主義」。一種社會政治體制，強調生產資料公有化。</div><div class=""entries-container""><div class=""entry""><div class=""sentence-row""><div class=""sentence"">In his history class, the students discussed the rise of <span class=""target-word"">communism</span> in the early twentieth century and its impact on global politics.</div><button class=""tts-button"" data-tts=""In his history class, the students discussed the rise of communism in the early twentieth century and its impact on global politics."" onclick=""window.playTTS(this.getAttribute('data-tts'))""><svg viewBox=""0 0 24 24"" fill=""none"" stroke=""currentColor"" stroke-width=""2""><polygon points=""5 3 19 12 5 21 5 3""></polygon></svg></button></div><div class=""meta-section""><div class=""translation"">在歷史課上，學生們討論了二十世紀初共產主義的興起及其對全球政治的影響。</div><div class=""entry-explanation"">名詞「共產主義」。</div></div></div></div><div class=""related-forms""><span class=""label"">Related:</span> communist</div></div>"
communist	"<div class=""anki-card-content""><div class=""general-explanation"">形容詞指「共產主義的」；名詞指「共產主義者」。</div><div class=""entries-container""><div class=""entry""><div class=""sentence-row""><div class=""sentence"">The scholar spent years studying the <span class=""target-word"">communist</span> <span class=""collocation"">ideology</span> to understand how it shaped the governments of several countries.</div><button class=""tts-button"" data-tts=""The scholar spent years studying the communist ideology to understand how it shaped the governments of several countries."" onclick=""window.playTTS(this.getAttribute('data-tts'))""><svg viewBox=""0 0 24 24"" fill=""none"" stroke=""currentColor"" stroke-width=""2""><polygon points=""5 3 19 12 5 21 5 3""></polygon></svg></button></div><div class=""meta-section""><div class=""translation"">這位學者花了很多年研究共產主義意識形態，以了解它是如何塑造幾個國家的政府的。</div><div class=""entry-explanation"">形容詞「共產主義的」。常用搭配：communist ideology。</div></div></div><div class=""entry""><div class=""sentence-row""><div class=""sentence"">During the Cold War, many governments were concerned that <span class=""target-word"">communists</span> had infiltrated their political systems to influence policy.</div><button class=""tts-button"" data-tts=""During the Cold War, many governments were concerned that communists had infiltrated their political systems to influence policy."" onclick=""window.playTTS(this.getAttribute('data-tts'))""><svg viewBox=""0 0 24 24"" fill=""none"" stroke=""currentColor"" stroke-width=""2""><polygon points=""5 3 19 12 5 21 5 3""></polygon></svg></button></div><div class=""meta-section""><div class=""translation"">在冷戰期間，許多政府擔心共產主義者已經滲透進他們的政治體系以影響政策。</div><div class=""entry-explanation"">名詞「共產主義者」。</div></div></div></div><div class=""related-forms""><span class=""label"">Related:</span> communism</div></div>"
commute	"<div class=""anki-card-content""><div class=""general-explanation"">動詞，指「通勤」，即定期在住所與工作/學校地點之間往返。常用搭配：commute to work/school (通勤去上班/上學)。</div><div class=""entries-container""><div class=""entry""><div class=""sentence-row""><div class=""sentence"">Because she lives far from the office, she has to <span class=""target-word"">commute</span> <span class=""collocation"">to</span> the city center by train every morning.</div><button class=""tts-button"" data-tts=""Because she lives far from the office, she has to commute to the city center by train every morning."" onclick=""window.playTTS(this.getAttribute('data-tts'))""><svg viewBox=""0 0 24 24"" fill=""none"" stroke=""currentColor"" stroke-width=""2""><polygon points=""5 3 19 12 5 21 5 3""></polygon></svg></button></div><div class=""meta-section""><div class=""translation"">因為她住得很遠，每天早上必須搭火車通勤到市中心上班。</div><div class=""entry-explanation"">動詞「通勤」。常用搭配：commute to sth。</div></div></div><div class=""entry""><div class=""sentence-row""><div class=""sentence"">Many people prefer to work from home to avoid the long <span class=""target-word"">commute</span> and the stress of heavy traffic during rush hour.</div><button class=""tts-button"" data-tts=""Many people prefer to work from home to avoid the long commute and the stress of heavy traffic during rush hour."" onclick=""window.playTTS(this.getAttribute('data-tts'))""><svg viewBox=""0 0 24 24"" fill=""none"" stroke=""currentColor"" stroke-width=""2""><polygon points=""5 3 19 12 5 21 5 3""></polygon></svg></button></div><div class=""meta-section""><div class=""translation"">許多人偏好在家工作，以避免長途通勤和尖峰時段交通擁堵的壓力。</div><div class=""entry-explanation"">動詞用法轉名詞（通勤路程/時間）。</div></div></div></div><div class=""related-forms""><span class=""label"">Related:</span> commuter, commuting</div></div>"
commuter	"<div class=""anki-card-content""><div class=""general-explanation"">名詞，指「通勤者」。指定期在住所與工作/學校地點之間往返的人。</div><div class=""entries-container""><div class=""entry""><div class=""sentence-row""><div class=""sentence"">The new subway line has significantly reduced travel time for thousands of <span class=""target-word"">commuters</span> who travel between the suburbs and downtown.</div><button class=""tts-button"" data-tts=""The new subway line has significantly reduced travel time for thousands of commuters who travel between the suburbs and downtown."" onclick=""window.playTTS(this.getAttribute('data-tts'))""><svg viewBox=""0 0 24 24"" fill=""none"" stroke=""currentColor"" stroke-width=""2""><polygon points=""5 3 19 12 5 21 5 3""></polygon></svg></button></div><div class=""meta-section""><div class=""translation"">新的地鐵線顯著縮短了數千名在郊區和市中心之間往返的通勤者的旅行時間。</div><div class=""entry-explanation"">名詞「通勤者」。</div></div></div></div><div class=""related-forms""><span class=""label"">Related:</span> commute, commuting</div></div>"
compact	"<div class=""anki-card-content""><div class=""general-explanation"">形容詞「緊湊的、小巧的」；名詞「協議、契約」；動詞「壓縮」。注意 compact (形容詞) 與 compact (名詞) 用法的區別。</div><div class=""entries-container""><div class=""entry""><div class=""sentence-row""><div class=""sentence"">The student bought a <span class=""target-word"">compact</span> laptop that fits easily into her backpack, allowing her to study anywhere on campus.</div><button class=""tts-button"" data-tts=""The student bought a compact laptop that fits easily into her backpack, allowing her to study anywhere on campus."" onclick=""window.playTTS(this.getAttribute('data-tts'))""><svg viewBox=""0 0 24 24"" fill=""none"" stroke=""currentColor"" stroke-width=""2""><polygon points=""5 3 19 12 5 21 5 3""></polygon></svg></button></div><div class=""meta-section""><div class=""translation"">這名學生買了一台小巧的筆記型電腦，能輕鬆放入背包，讓她在校園任何地方都能學習。</div><div class=""entry-explanation"">形容詞「小巧的、緊湊的」。</div></div></div><div class=""entry""><div class=""sentence-row""><div class=""sentence"">The two nations signed a <span class=""target-word"">compact</span> to cooperate on environmental protection and reduce carbon emissions together.</div><button class=""tts-button"" data-tts=""The two nations signed a compact to cooperate on environmental protection and reduce carbon emissions together."" onclick=""window.playTTS(this.getAttribute('data-tts'))""><svg viewBox=""0 0 24 24"" fill=""none"" stroke=""currentColor"" stroke-width=""2""><polygon points=""5 3 19 12 5 21 5 3""></polygon></svg></button></div><div class=""meta-section""><div class=""translation"">兩國簽署了一項協議，共同合作保護環境並減少碳排放。</div><div class=""entry-explanation"">名詞「協議」。指正式的協議或契約。</div></div></div><div class=""entry""><div class=""sentence-row""><div class=""sentence"">The factory uses a powerful machine to <span class=""target-word"">compact</span> the waste paper into small blocks for easier recycling and transport.</div><button class=""tts-button"" data-tts=""The factory uses a powerful machine to compact the waste paper into small blocks for easier recycling and transport."" onclick=""window.playTTS(this.getAttribute('data-tts'))""><svg viewBox=""0 0 24 24"" fill=""none"" stroke=""currentColor"" stroke-width=""2""><polygon points=""5 3 19 12 5 21 5 3""></polygon></svg></button></div><div class=""meta-section""><div class=""translation"">工廠使用一台強大的機器將廢紙壓縮成小塊，以便於回收和運輸。</div><div class=""entry-explanation"">動詞「壓縮」。</div></div></div></div><div class=""related-forms""><span class=""label"">Related:</span> compaction, compacted</div></div>"
comparable	"<div class=""anki-card-content""><div class=""general-explanation"">形容詞，意為「可比擬的、相當的」。常用搭配：comparable to (與...相當/可比)。注意與 comparative (比較的) 的區別：comparable 強調的是兩者在程度、大小或品質上相似，而 comparative 指的是比較兩個或多個事物的過程。</div><div class=""entries-container""><div class=""entry""><div class=""sentence-row""><div class=""sentence"">The quality of the new smartphone is <span class=""target-word"">comparable</span> <span class=""collocation"">to</span> that of the most expensive brands on the market.</div><button class=""tts-button"" data-tts=""The quality of the new smartphone is comparable to that of the most expensive brands on the market."" onclick=""window.playTTS(this.getAttribute('data-tts'))""><svg viewBox=""0 0 24 24"" fill=""none"" stroke=""currentColor"" stroke-width=""2""><polygon points=""5 3 19 12 5 21 5 3""></polygon></svg></button></div><div class=""meta-section""><div class=""translation"">這款新智慧型手機的品質與市場上最昂貴的品牌相當。</div><div class=""entry-explanation"">形容詞「相當的、可比擬的」。常用搭配：comparable to sth。</div></div></div><div class=""entry""><div class=""sentence-row""><div class=""sentence"">Although the two cities are different in size, their cultural diversity is <span class=""target-word"">comparable</span>, with both offering many museums and galleries.</div><button class=""tts-button"" data-tts=""Although the two cities are different in size, their cultural diversity is comparable, with both offering many museums and galleries."" onclick=""window.playTTS(this.getAttribute('data-tts'))""><svg viewBox=""0 0 24 24"" fill=""none"" stroke=""currentColor"" stroke-width=""2""><polygon points=""5 3 19 12 5 21 5 3""></polygon></svg></button></div><div class=""meta-section""><div class=""translation"">儘管這兩座城市的大小不同，但它們的文化多樣性相當，兩者都提供許多博物館和畫廊。</div><div class=""entry-explanation"">形容詞「相當的」。指兩者在某方面程度相似。</div></div></div></div><div class=""related-forms""><span class=""label"">Related:</span> compare, comparatively, comparison</div></div>"
compassion	"<div class=""anki-card-content""><div class=""general-explanation"">名詞「同情心、憐憫」。指對他人痛苦的深刻理解並希望緩解其苦難的情感。常用搭配 compassion for someone (對某人的同情)。</div><div class=""entries-container""><div class=""entry""><div class=""sentence-row""><div class=""sentence"">The nurse showed great <span class=""target-word"">compassion</span> <span class=""collocation"">for</span> the elderly patients, always listening patiently to their stories and offering comfort.</div><button class=""tts-button"" data-tts=""The nurse showed great compassion for the elderly patients, always listening patiently to their stories and offering comfort."" onclick=""window.playTTS(this.getAttribute('data-tts'))""><svg viewBox=""0 0 24 24"" fill=""none"" stroke=""currentColor"" stroke-width=""2""><polygon points=""5 3 19 12 5 21 5 3""></polygon></svg></button></div><div class=""meta-section""><div class=""translation"">護理師對年長的病人表現出極大的同情心，總是耐心地傾聽他們的故事並提供安慰。</div><div class=""entry-explanation"">名詞「同情心」。常用搭配 compassion for someone。</div></div></div></div><div class=""related-forms""><span class=""label"">Related:</span> compassionate</div></div>"
compassionate	"<div class=""anki-card-content""><div class=""general-explanation"">形容詞「有同情心的、憐憫的」。描述一個人能感受到他人的痛苦並願意提供幫助。常用於描述醫療人員或社會工作者。</div><div class=""entries-container""><div class=""entry""><div class=""sentence-row""><div class=""sentence"">The <span class=""target-word"">compassionate</span> teacher spent her free time helping struggling students improve their grades through extra tutoring sessions.</div><button class=""tts-button"" data-tts=""The compassionate teacher spent her free time helping struggling students improve their grades through extra tutoring sessions."" onclick=""window.playTTS(this.getAttribute('data-tts'))""><svg viewBox=""0 0 24 24"" fill=""none"" stroke=""currentColor"" stroke-width=""2""><polygon points=""5 3 19 12 5 21 5 3""></polygon></svg></button></div><div class=""meta-section""><div class=""translation"">這位有同情心的老師利用空閒時間透過額外補習，幫助成績落後的學生提高分數。</div><div class=""entry-explanation"">形容詞「有同情心的」。描述人的性格特質。</div></div></div></div><div class=""related-forms""><span class=""label"">Related:</span> compassion</div></div>"
compatible	"<div class=""anki-card-content""><div class=""general-explanation"">形容詞「兼容的、相容的」。可用於科技（如軟體、硬體）或人際關係（指價值觀、性格相容）。常用搭配 be compatible with (與...相容)。</div><div class=""entries-container""><div class=""entry""><div class=""sentence-row""><div class=""sentence"">The new software is not <span class=""target-word"">compatible</span> <span class=""collocation"">with</span> the older operating system, so the company must upgrade all their computers.</div><button class=""tts-button"" data-tts=""The new software is not compatible with the older operating system, so the company must upgrade all their computers."" onclick=""window.playTTS(this.getAttribute('data-tts'))""><svg viewBox=""0 0 24 24"" fill=""none"" stroke=""currentColor"" stroke-width=""2""><polygon points=""5 3 19 12 5 21 5 3""></polygon></svg></button></div><div class=""meta-section""><div class=""translation"">這款新軟體與較舊的作業系統不相容，因此公司必須升級所有電腦。</div><div class=""entry-explanation"">形容詞「兼容的」。用於描述科技產品的相容性。</div></div></div><div class=""entry""><div class=""sentence-row""><div class=""sentence"">After dating for several months, they realized they were not <span class=""target-word"">compatible</span> in terms of their life goals and values.</div><button class=""tts-button"" data-tts=""After dating for several months, they realized they were not compatible in terms of their life goals and values."" onclick=""window.playTTS(this.getAttribute('data-tts'))""><svg viewBox=""0 0 24 24"" fill=""none"" stroke=""currentColor"" stroke-width=""2""><polygon points=""5 3 19 12 5 21 5 3""></polygon></svg></button></div><div class=""meta-section""><div class=""translation"">交往幾個月後，他們發現彼此在生活目標和價值觀方面並不相容。</div><div class=""entry-explanation"">形容詞「相容的」。用於描述人與人之間性格或價值觀的契合度。</div></div></div></div><div class=""related-forms""><span class=""label"">Related:</span> compatibility</div></div>"
compel	"<div class=""anki-card-content""><div class=""general-explanation"">動詞「強迫、迫使」。指透過權力、法律或強烈的壓力使某人採取行動。常用搭配 compel someone to do something (強迫某人做某事)。</div><div class=""entries-container""><div class=""entry""><div class=""sentence-row""><div class=""sentence"">The sudden increase in tuition fees may <span class=""target-word"">compel</span> some students <span class=""collocation"">to</span> take part-time jobs to support their studies.</div><button class=""tts-button"" data-tts=""The sudden increase in tuition fees may compel some students to take part-time jobs to support their studies."" onclick=""window.playTTS(this.getAttribute('data-tts'))""><svg viewBox=""0 0 24 24"" fill=""none"" stroke=""currentColor"" stroke-width=""2""><polygon points=""5 3 19 12 5 21 5 3""></polygon></svg></button></div><div class=""meta-section""><div class=""translation"">學費的突然增加可能會迫使一些學生從事兼職工作以維持學業。</div><div class=""entry-explanation"">動詞「強迫」。搭配 compel someone to do something。</div></div></div></div><div class=""related-forms""><span class=""label"">Related:</span> compelling, compulsion</div></div>"
compensate	"<div class=""anki-card-content""><div class=""general-explanation"">動詞「補償、彌補」。可指金錢上的補償，也可指用另一種優點來彌補缺點。常用搭配 compensate for something (彌補/補償某事)。</div><div class=""entries-container""><div class=""entry""><div class=""sentence-row""><div class=""sentence"">The airline decided to <span class=""target-word"">compensate</span> the passengers <span class=""collocation"">for</span> the long delay by providing free hotel rooms and meal vouchers.</div><button class=""tts-button"" data-tts=""The airline decided to compensate the passengers for the long delay by providing free hotel rooms and meal vouchers."" onclick=""window.playTTS(this.getAttribute('data-tts'))""><svg viewBox=""0 0 24 24"" fill=""none"" stroke=""currentColor"" stroke-width=""2""><polygon points=""5 3 19 12 5 21 5 3""></polygon></svg></button></div><div class=""meta-section""><div class=""translation"">航空公司決定透過提供免費飯店房間和餐券，來補償乘客因長時間延誤而受到的損失。</div><div class=""entry-explanation"">動詞「補償」。常用搭配 compensate for sth (金錢或物質補償)。</div></div></div><div class=""entry""><div class=""sentence-row""><div class=""sentence"">Although he lacks natural talent for music, his hard work and persistence <span class=""target-word"">compensate</span> <span class=""collocation"">for</span> his lack of skill.</div><button class=""tts-button"" data-tts=""Although he lacks natural talent for music, his hard work and persistence compensate for his lack of skill."" onclick=""window.playTTS(this.getAttribute('data-tts'))""><svg viewBox=""0 0 24 24"" fill=""none"" stroke=""currentColor"" stroke-width=""2""><polygon points=""5 3 19 12 5 21 5 3""></polygon></svg></button></div><div class=""meta-section""><div class=""translation"">雖然他缺乏音樂天賦，但他的努力與堅持彌補了他的技巧不足。</div><div class=""entry-explanation"">動詞「彌補」。指用一種特質來抵消另一種不足。</div></div></div></div><div class=""related-forms""><span class=""label"">Related:</span> compensation</div></div>"
compensation	"<div class=""anki-card-content""><div class=""general-explanation"">名詞「補償、賠償金」。指為了彌補損失或傷害而支付的金額，或是對辛勤工作的報酬。</div><div class=""entries-container""><div class=""entry""><div class=""sentence-row""><div class=""sentence"">The injured worker received a large sum of <span class=""target-word"">compensation</span> from the company after the accident occurred in the factory.</div><button class=""tts-button"" data-tts=""The injured worker received a large sum of compensation from the company after the accident occurred in the factory."" onclick=""window.playTTS(this.getAttribute('data-tts'))""><svg viewBox=""0 0 24 24"" fill=""none"" stroke=""currentColor"" stroke-width=""2""><polygon points=""5 3 19 12 5 21 5 3""></polygon></svg></button></div><div class=""meta-section""><div class=""translation"">這名受傷的工人在此次工廠事故發生後，從公司獲得了一大筆賠償金。</div><div class=""entry-explanation"">名詞「賠償金」。指金錢上的補償。</div></div></div><div class=""entry""><div class=""sentence-row""><div class=""sentence"">The company offers a competitive <span class=""target-word"">compensation</span> <span class=""collocation"">package</span>, including a high salary and comprehensive health insurance for all employees.</div><button class=""tts-button"" data-tts=""The company offers a competitive compensation package, including a high salary and comprehensive health insurance for all employees."" onclick=""window.playTTS(this.getAttribute('data-tts'))""><svg viewBox=""0 0 24 24"" fill=""none"" stroke=""currentColor"" stroke-width=""2""><polygon points=""5 3 19 12 5 21 5 3""></polygon></svg></button></div><div class=""meta-section""><div class=""translation"">公司提供具競爭力的薪酬待遇，包括高薪和為所有員工提供的全面健康保險。</div><div class=""entry-explanation"">名詞「報酬」。常用搭配 compensation package (薪酬待遇)。</div></div></div></div><div class=""related-forms""><span class=""label"">Related:</span> compensate</div></div>"
competence	"<div class=""anki-card-content""><div class=""general-explanation"">名詞「能力、勝任」。指完成某項工作或任務所需的技能、知識或能力。常用搭配 professional competence (專業能力)。</div><div class=""entries-container""><div class=""entry""><div class=""sentence-row""><div class=""sentence"">The hiring manager evaluated the candidate's technical <span class=""target-word"">competence</span> through a series of practical tests and a detailed interview.</div><button class=""tts-button"" data-tts=""The hiring manager evaluated the candidate&#x27;s technical competence through a series of practical tests and a detailed interview."" onclick=""window.playTTS(this.getAttribute('data-tts'))""><svg viewBox=""0 0 24 24"" fill=""none"" stroke=""currentColor"" stroke-width=""2""><polygon points=""5 3 19 12 5 21 5 3""></polygon></svg></button></div><div class=""meta-section""><div class=""translation"">招聘經理透過一系列實作測試和詳細的面試，評估了應徵者的技術能力。</div><div class=""entry-explanation"">名詞「能力」。指完成任務所需的技能。</div></div></div></div><div class=""related-forms""><span class=""label"">Related:</span> competent</div></div>"
competent	"<div class=""anki-card-content""><div class=""general-explanation"">形容詞「有能力的、勝任的」。描述一個人具備足夠的技能或知識來做好某件事。注意與 capable 的區別：competent 強調的是達到標準的合格程度，而 capable 強調的是潛力或可能性。</div><div class=""entries-container""><div class=""entry""><div class=""sentence-row""><div class=""sentence"">The school is looking for a <span class=""target-word"">competent</span> English teacher who can effectively manage the classroom and inspire students to learn.</div><button class=""tts-button"" data-tts=""The school is looking for a competent English teacher who can effectively manage the classroom and inspire students to learn."" onclick=""window.playTTS(this.getAttribute('data-tts'))""><svg viewBox=""0 0 24 24"" fill=""none"" stroke=""currentColor"" stroke-width=""2""><polygon points=""5 3 19 12 5 21 5 3""></polygon></svg></button></div><div class=""meta-section""><div class=""translation"">學校正在尋找一位有能力的英文老師，能有效地管理教室並激勵學生學習。</div><div class=""entry-explanation"">形容詞「有能力的」。指達到合格標準的技能水平。</div></div></div></div><div class=""related-forms""><span class=""label"">Related:</span> competence</div></div>"
complexity	"<div class=""anki-card-content""><div class=""general-explanation"">名詞「複雜性」。指事物由許多相互關聯的部分組成，因此難以理解或處理。常用形容詞搭配 high complexity (高複雜度)。</div><div class=""entries-container""><div class=""entry""><div class=""sentence-row""><div class=""sentence"">The <span class=""target-word"">complexity</span> of the new tax law made it difficult for small business owners to understand their financial obligations.</div><button class=""tts-button"" data-tts=""The complexity of the new tax law made it difficult for small business owners to understand their financial obligations."" onclick=""window.playTTS(this.getAttribute('data-tts'))""><svg viewBox=""0 0 24 24"" fill=""none"" stroke=""currentColor"" stroke-width=""2""><polygon points=""5 3 19 12 5 21 5 3""></polygon></svg></button></div><div class=""meta-section""><div class=""translation"">新稅法的複雜性使得小企業主很難理解他們的財務義務。</div><div class=""entry-explanation"">名詞「複雜性」。指事物結構複雜而難以處理。</div></div></div></div><div class=""related-forms""><span class=""label"">Related:</span> complex</div></div>"
compliance	"<div class=""anki-card-content""><div class=""general-explanation"">名詞「遵守、服從」。指按照法律、規則或指令行事。常用搭配 in compliance with (遵守...)。</div><div class=""entries-container""><div class=""entry""><div class=""sentence-row""><div class=""sentence"">The factory was shut down for a week because its waste disposal system was not <span class=""collocation"">in</span> <span class=""target-word"">compliance</span> <span class=""collocation"">with</span> environmental regulations.</div><button class=""tts-button"" data-tts=""The factory was shut down for a week because its waste disposal system was not in compliance with environmental regulations."" onclick=""window.playTTS(this.getAttribute('data-tts'))""><svg viewBox=""0 0 24 24"" fill=""none"" stroke=""currentColor"" stroke-width=""2""><polygon points=""5 3 19 12 5 21 5 3""></polygon></svg></button></div><div class=""meta-section""><div class=""translation"">這間工廠被關閉了一週，因為其廢棄物處理系統不符合環境法規。</div><div class=""entry-explanation"">名詞「遵守」。常用片語 in compliance with (遵守/符合)。</div></div></div></div><div class=""related-forms""><span class=""label"">Related:</span> comply</div></div>"
complication	"<div class=""anki-card-content""><div class=""general-explanation"">名詞，意為「複雜化」或「併發症」。在醫療語境中，常用於描述手術或疾病後出現的額外問題；在一般語境中，則指使情況變得更複雜的因素。注意與 complex (形容詞) 的區別：complex 描述事物的結構複雜，而 complication 側重於「產生了複雜的局面」或「額外的困難」。</div><div class=""entries-container""><div class=""entry""><div class=""sentence-row""><div class=""sentence"">The doctor explained that while the surgery was successful, some <span class=""target-word"">complications</span> might arise during the recovery process.</div><button class=""tts-button"" data-tts=""The doctor explained that while the surgery was successful, some complications might arise during the recovery process."" onclick=""window.playTTS(this.getAttribute('data-tts'))""><svg viewBox=""0 0 24 24"" fill=""none"" stroke=""currentColor"" stroke-width=""2""><polygon points=""5 3 19 12 5 21 5 3""></polygon></svg></button></div><div class=""meta-section""><div class=""translation"">醫生解釋說，雖然手術成功了，但在康復過程中可能會出現一些併發症。</div><div class=""entry-explanation"">名詞「併發症」。指疾病或治療過程中出現的新問題。</div></div></div><div class=""entry""><div class=""sentence-row""><div class=""sentence"">Adding a new set of rules to the project created an unexpected <span class=""target-word"">complication</span>, delaying the final deadline by two weeks.</div><button class=""tts-button"" data-tts=""Adding a new set of rules to the project created an unexpected complication, delaying the final deadline by two weeks."" onclick=""window.playTTS(this.getAttribute('data-tts'))""><svg viewBox=""0 0 24 24"" fill=""none"" stroke=""currentColor"" stroke-width=""2""><polygon points=""5 3 19 12 5 21 5 3""></polygon></svg></button></div><div class=""meta-section""><div class=""translation"">為計畫增加一套新規則造成了意想不到的複雜情況，使最終截止日期延後了兩週。</div><div class=""entry-explanation"">名詞「複雜化、困難」。指使事情變得困難的因素。</div></div></div><div class=""entry""><div class=""sentence-row""><div class=""sentence"">The lawyer warned his client that any <span class=""target-word"">complications</span> in the contract could lead to expensive legal battles in the future.</div><button class=""tts-button"" data-tts=""The lawyer warned his client that any complications in the contract could lead to expensive legal battles in the future."" onclick=""window.playTTS(this.getAttribute('data-tts'))""><svg viewBox=""0 0 24 24"" fill=""none"" stroke=""currentColor"" stroke-width=""2""><polygon points=""5 3 19 12 5 21 5 3""></polygon></svg></button></div><div class=""meta-section""><div class=""translation"">律師警告他的客戶，合約中的任何複雜之處都可能導致未來昂貴的法律爭端。</div><div class=""entry-explanation"">名詞「複雜之處」。</div></div></div></div><div class=""related-forms""><span class=""label"">Related:</span> complicate, complicated</div></div>"
compliment	"<div class=""anki-card-content""><div class=""general-explanation"">名詞「稱讚」；動詞「稱讚」。注意與 complement (補足/互補) 的拼法區分：compliment 是關於讚美 (praise)，而 complement 是關於使完整 (complete)。常見搭配：pay someone a compliment (稱讚某人)。</div><div class=""entries-container""><div class=""entry""><div class=""sentence-row""><div class=""sentence"">The teacher <span class=""target-word"">complimented</span> the student <span class=""collocation"">on</span> her excellent presentation, which gave her more confidence for the next project.</div><button class=""tts-button"" data-tts=""The teacher complimented the student on her excellent presentation, which gave her more confidence for the next project."" onclick=""window.playTTS(this.getAttribute('data-tts'))""><svg viewBox=""0 0 24 24"" fill=""none"" stroke=""currentColor"" stroke-width=""2""><polygon points=""5 3 19 12 5 21 5 3""></polygon></svg></button></div><div class=""meta-section""><div class=""translation"">老師稱讚這位學生出色的簡報，這讓她在下一個計畫中更有信心。</div><div class=""entry-explanation"">動詞「稱讚」。常用搭配：compliment someone on something。</div></div></div><div class=""entry""><div class=""sentence-row""><div class=""sentence"">It is always a good idea to <span class=""collocation"">pay</span> someone a <span class=""target-word"">compliment</span> when they have put a lot of effort into their work.</div><button class=""tts-button"" data-tts=""It is always a good idea to pay someone a compliment when they have put a lot of effort into their work."" onclick=""window.playTTS(this.getAttribute('data-tts'))""><svg viewBox=""0 0 24 24"" fill=""none"" stroke=""currentColor"" stroke-width=""2""><polygon points=""5 3 19 12 5 21 5 3""></polygon></svg></button></div><div class=""meta-section""><div class=""translation"">當他人對工作投入大量心血時，稱讚他們總是一個好主意。</div><div class=""entry-explanation"">名詞「稱讚」。常用片語 pay someone a compliment。</div></div></div><div class=""entry""><div class=""sentence-row""><div class=""sentence"">She received several <span class=""target-word"">compliments</span> on her new dress during the graduation party, making her feel very special.</div><button class=""tts-button"" data-tts=""She received several compliments on her new dress during the graduation party, making her feel very special."" onclick=""window.playTTS(this.getAttribute('data-tts'))""><svg viewBox=""0 0 24 24"" fill=""none"" stroke=""currentColor"" stroke-width=""2""><polygon points=""5 3 19 12 5 21 5 3""></polygon></svg></button></div><div class=""meta-section""><div class=""translation"">在畢業派對上，她的新洋裝得到了許多稱讚，讓她覺得自己很特別。</div><div class=""entry-explanation"">名詞「稱讚」。</div></div></div><div class=""entry""><div class=""sentence-row""><div class=""sentence"">The chef was happy to see that the guests <span class=""target-word"">complimented</span> the taste of the dessert throughout the evening.</div><button class=""tts-button"" data-tts=""The chef was happy to see that the guests complimented the taste of the dessert throughout the evening."" onclick=""window.playTTS(this.getAttribute('data-tts'))""><svg viewBox=""0 0 24 24"" fill=""none"" stroke=""currentColor"" stroke-width=""2""><polygon points=""5 3 19 12 5 21 5 3""></polygon></svg></button></div><div class=""meta-section""><div class=""translation"">主廚很高興地看到客人在整個晚上都稱讚甜點的味道。</div><div class=""entry-explanation"">動詞「稱讚」。</div></div></div></div></div>"
comply	"<div class=""anki-card-content""><div class=""general-explanation"">動詞「遵守；服從」。核心搭配為 comply with。注意與 obey 的區別：obey 較常用於服從權威或指令 (如 obey parents)；comply 則更常用於遵守法律、規則或標準 (如 comply with regulations)。</div><div class=""entries-container""><div class=""entry""><div class=""sentence-row""><div class=""sentence"">All students must <span class=""target-word"">comply</span> <span class=""collocation"">with</span> the school's dress code to maintain a professional atmosphere on campus.</div><button class=""tts-button"" data-tts=""All students must comply with the school&#x27;s dress code to maintain a professional atmosphere on campus."" onclick=""window.playTTS(this.getAttribute('data-tts'))""><svg viewBox=""0 0 24 24"" fill=""none"" stroke=""currentColor"" stroke-width=""2""><polygon points=""5 3 19 12 5 21 5 3""></polygon></svg></button></div><div class=""meta-section""><div class=""translation"">所有學生必須遵守學校的著裝規定，以維持校園內的專業氛圍。</div><div class=""entry-explanation"">動詞「遵守」。常用搭配：comply with rules/regulations。</div></div></div><div class=""entry""><div class=""sentence-row""><div class=""sentence"">The company was fined heavily because it failed to <span class=""target-word"">comply</span> <span class=""collocation"">with</span> safety standards in the factory.</div><button class=""tts-button"" data-tts=""The company was fined heavily because it failed to comply with safety standards in the factory."" onclick=""window.playTTS(this.getAttribute('data-tts'))""><svg viewBox=""0 0 24 24"" fill=""none"" stroke=""currentColor"" stroke-width=""2""><polygon points=""5 3 19 12 5 21 5 3""></polygon></svg></button></div><div class=""meta-section""><div class=""translation"">該公司因未能遵守工廠的安全標準而被處以巨額罰款。</div><div class=""entry-explanation"">動詞「遵守」。指符合法律或規定的要求。</div></div></div><div class=""entry""><div class=""sentence-row""><div class=""sentence"">If you do not <span class=""target-word"">comply</span> <span class=""collocation"">with</span> the terms of the agreement, the contract will be canceled immediately.</div><button class=""tts-button"" data-tts=""If you do not comply with the terms of the agreement, the contract will be canceled immediately."" onclick=""window.playTTS(this.getAttribute('data-tts'))""><svg viewBox=""0 0 24 24"" fill=""none"" stroke=""currentColor"" stroke-width=""2""><polygon points=""5 3 19 12 5 21 5 3""></polygon></svg></button></div><div class=""meta-section""><div class=""translation"">如果你不遵守協議條款，合約將立即被取消。</div><div class=""entry-explanation"">動詞「遵守」。常用於法律合約語境。</div></div></div></div><div class=""related-forms""><span class=""label"">Related:</span> compliance, compliant</div></div>"
component	"<div class=""anki-card-content""><div class=""general-explanation"">名詞「元件；成分；構成部分」；形容詞「組成部分的」。常指一個大系統中不可或缺的小部分。常見搭配：key component (關鍵組成部分), essential component (必要成分)。</div><div class=""entries-container""><div class=""entry""><div class=""sentence-row""><div class=""sentence"">The engine is made of many small <span class=""target-word"">components</span>, and if one fails, the entire machine might stop working.</div><button class=""tts-button"" data-tts=""The engine is made of many small components, and if one fails, the entire machine might stop working."" onclick=""window.playTTS(this.getAttribute('data-tts'))""><svg viewBox=""0 0 24 24"" fill=""none"" stroke=""currentColor"" stroke-width=""2""><polygon points=""5 3 19 12 5 21 5 3""></polygon></svg></button></div><div class=""meta-section""><div class=""translation"">引擎由許多小零件組成，如果其中一個失效，整個機器可能會停止運作。</div><div class=""entry-explanation"">名詞「元件、零件」。指機械或電子設備的組成部分。</div></div></div><div class=""entry""><div class=""sentence-row""><div class=""sentence"">Trust is a <span class=""collocation"">key</span> <span class=""target-word"">component</span> of any healthy relationship, allowing partners to feel safe and supported.</div><button class=""tts-button"" data-tts=""Trust is a key component of any healthy relationship, allowing partners to feel safe and supported."" onclick=""window.playTTS(this.getAttribute('data-tts'))""><svg viewBox=""0 0 24 24"" fill=""none"" stroke=""currentColor"" stroke-width=""2""><polygon points=""5 3 19 12 5 21 5 3""></polygon></svg></button></div><div class=""meta-section""><div class=""translation"">信任是任何健康關係的關鍵組成部分，讓伴侶感到安全且受到支持。</div><div class=""entry-explanation"">名詞「組成部分」。指抽象概念的構成要素。</div></div></div><div class=""entry""><div class=""sentence-row""><div class=""sentence"">The scientist analyzed every <span class=""target-word"">component</span> of the chemical mixture to identify which substance caused the reaction.</div><button class=""tts-button"" data-tts=""The scientist analyzed every component of the chemical mixture to identify which substance caused the reaction."" onclick=""window.playTTS(this.getAttribute('data-tts'))""><svg viewBox=""0 0 24 24"" fill=""none"" stroke=""currentColor"" stroke-width=""2""><polygon points=""5 3 19 12 5 21 5 3""></polygon></svg></button></div><div class=""meta-section""><div class=""translation"">科學家分析了化學混合物的每個成分，以確定哪種物質引起了反應。</div><div class=""entry-explanation"">名詞「成分」。指物質的組成。</div></div></div><div class=""entry""><div class=""sentence-row""><div class=""sentence"">The <span class=""target-word"">component</span> parts of the computer must be compatible with each other for the system to run smoothly.</div><button class=""tts-button"" data-tts=""The component parts of the computer must be compatible with each other for the system to run smoothly."" onclick=""window.playTTS(this.getAttribute('data-tts'))""><svg viewBox=""0 0 24 24"" fill=""none"" stroke=""currentColor"" stroke-width=""2""><polygon points=""5 3 19 12 5 21 5 3""></polygon></svg></button></div><div class=""meta-section""><div class=""translation"">電腦的組成零件必須彼此相容，系統才能順暢運行。</div><div class=""entry-explanation"">形容詞「組成部分的」。</div></div></div></div></div>"
compound	"<div class=""anki-card-content""><div class=""general-explanation"">名詞「化合物；複合物；圍牆區域」；動詞「使惡化；混合」；形容詞「複合的」。注意其在不同語境下的巨大差異：化學中指 compound (化合物)，在社會問題中，compound the problem 指「使問題更嚴重」。</div><div class=""entries-container""><div class=""entry""><div class=""sentence-row""><div class=""sentence"">In chemistry class, students learned how to create a <span class=""target-word"">compound</span> by combining two different elements under high heat.</div><button class=""tts-button"" data-tts=""In chemistry class, students learned how to create a compound by combining two different elements under high heat."" onclick=""window.playTTS(this.getAttribute('data-tts'))""><svg viewBox=""0 0 24 24"" fill=""none"" stroke=""currentColor"" stroke-width=""2""><polygon points=""5 3 19 12 5 21 5 3""></polygon></svg></button></div><div class=""meta-section""><div class=""translation"">在化學課上，學生學習了如何在高溫下將兩種不同元素結合來製造化合物。</div><div class=""entry-explanation"">名詞「化合物」。指由兩種或多種化學元素組成的物質。</div></div></div><div class=""entry""><div class=""sentence-row""><div class=""sentence"">The governor's refusal to apologize only <span class=""target-word"">compounded</span> the anger of the public, leading to more protests.</div><button class=""tts-button"" data-tts=""The governor&#x27;s refusal to apologize only compounded the anger of the public, leading to more protests."" onclick=""window.playTTS(this.getAttribute('data-tts'))""><svg viewBox=""0 0 24 24"" fill=""none"" stroke=""currentColor"" stroke-width=""2""><polygon points=""5 3 19 12 5 21 5 3""></polygon></svg></button></div><div class=""meta-section""><div class=""translation"">州長拒絕道歉只會加劇公眾的憤怒，導致更多的抗議活動。</div><div class=""entry-explanation"">動詞「使惡化」。常用於描述問題、危機或痛苦的加劇。</div></div></div><div class=""entry""><div class=""sentence-row""><div class=""sentence"">The military officers lived within a secure <span class=""target-word"">compound</span> that was surrounded by high walls and guarded 24 hours a day.</div><button class=""tts-button"" data-tts=""The military officers lived within a secure compound that was surrounded by high walls and guarded 24 hours a day."" onclick=""window.playTTS(this.getAttribute('data-tts'))""><svg viewBox=""0 0 24 24"" fill=""none"" stroke=""currentColor"" stroke-width=""2""><polygon points=""5 3 19 12 5 21 5 3""></polygon></svg></button></div><div class=""meta-section""><div class=""translation"">軍官們住在一個安全的圍牆區域內，周圍有高牆並全天候有警衛看守。</div><div class=""entry-explanation"">名詞「圍牆區域」。指被圍起來的建築群。</div></div></div><div class=""entry""><div class=""sentence-row""><div class=""sentence"">English learners often study <span class=""target-word"">compound</span> adjectives, such as well-known or old-fashioned, to describe people and things more precisely.</div><button class=""tts-button"" data-tts=""English learners often study compound adjectives, such as well-known or old-fashioned, to describe people and things more precisely."" onclick=""window.playTTS(this.getAttribute('data-tts'))""><svg viewBox=""0 0 24 24"" fill=""none"" stroke=""currentColor"" stroke-width=""2""><polygon points=""5 3 19 12 5 21 5 3""></polygon></svg></button></div><div class=""meta-section""><div class=""translation"">英語學習者經常學習複合形容詞，例如 well-known 或 old-fashioned，以便更精確地描述人或物。</div><div class=""entry-explanation"">形容詞「複合的」。指由兩個或多個詞組成的。</div></div></div><div class=""entry""><div class=""sentence-row""><div class=""sentence"">To make the drink taste better, the chef decided to <span class=""target-word"">compound</span> several different spices into a single sauce.</div><button class=""tts-button"" data-tts=""To make the drink taste better, the chef decided to compound several different spices into a single sauce."" onclick=""window.playTTS(this.getAttribute('data-tts'))""><svg viewBox=""0 0 24 24"" fill=""none"" stroke=""currentColor"" stroke-width=""2""><polygon points=""5 3 19 12 5 21 5 3""></polygon></svg></button></div><div class=""meta-section""><div class=""translation"">為了讓飲料味道更好，廚師決定將幾種不同的香料混合成一種醬汁。</div><div class=""entry-explanation"">動詞「混合」。</div></div></div></div></div>"
comprehend	"<div class=""anki-card-content""><div class=""general-explanation"">動詞「理解；領悟」。比 understand 更正式，且通常指對複雜概念、深奧理論或他人情感的全面理解。常用於否定句中，表示「無法想像」或「無法理解」。</div><div class=""entries-container""><div class=""entry""><div class=""sentence-row""><div class=""sentence"">The quantum physics lecture was so complex that many students struggled to <span class=""target-word"">comprehend</span> the core theories.</div><button class=""tts-button"" data-tts=""The quantum physics lecture was so complex that many students struggled to comprehend the core theories."" onclick=""window.playTTS(this.getAttribute('data-tts'))""><svg viewBox=""0 0 24 24"" fill=""none"" stroke=""currentColor"" stroke-width=""2""><polygon points=""5 3 19 12 5 21 5 3""></polygon></svg></button></div><div class=""meta-section""><div class=""translation"">這場量子物理講座太複雜了，許多學生很難理解其核心理論。</div><div class=""entry-explanation"">動詞「理解」。指對複雜知識的領悟。</div></div></div><div class=""entry""><div class=""sentence-row""><div class=""sentence"">I simply cannot <span class=""target-word"">comprehend</span> why some people would treat animals so cruelly despite knowing the pain they cause.</div><button class=""tts-button"" data-tts=""I simply cannot comprehend why some people would treat animals so cruelly despite knowing the pain they cause."" onclick=""window.playTTS(this.getAttribute('data-tts'))""><svg viewBox=""0 0 24 24"" fill=""none"" stroke=""currentColor"" stroke-width=""2""><polygon points=""5 3 19 12 5 21 5 3""></polygon></svg></button></div><div class=""meta-section""><div class=""translation"">我實在無法理解為什麼有些人明知會造成痛苦卻仍如此殘忍地對待動物。</div><div class=""entry-explanation"">動詞「理解/想像」。常用於對某種行為感到不可理喻時。</div></div></div><div class=""entry""><div class=""sentence-row""><div class=""sentence"">To fully <span class=""target-word"">comprehend</span> the history of the war, one must read accounts from both the winners and the losers.</div><button class=""tts-button"" data-tts=""To fully comprehend the history of the war, one must read accounts from both the winners and the losers."" onclick=""window.playTTS(this.getAttribute('data-tts'))""><svg viewBox=""0 0 24 24"" fill=""none"" stroke=""currentColor"" stroke-width=""2""><polygon points=""5 3 19 12 5 21 5 3""></polygon></svg></button></div><div class=""meta-section""><div class=""translation"">為了充分理解戰爭的歷史，一個人必須閱讀勝利者和失敗者的記錄。</div><div class=""entry-explanation"">動詞「全面理解」。</div></div></div></div><div class=""related-forms""><span class=""label"">Related:</span> comprehension, comprehensible</div></div>"
comprehension	"<div class=""anki-card-content""><div class=""general-explanation"">名詞「理解力；領悟」。在學術語境中，最常見於 reading comprehension (閱讀理解) 或 listening comprehension (聽力理解)。</div><div class=""entries-container""><div class=""entry""><div class=""sentence-row""><div class=""sentence"">The English exam includes a section on reading <span class=""target-word"">comprehension</span> to test if students can identify the main idea of a text.</div><button class=""tts-button"" data-tts=""The English exam includes a section on reading comprehension to test if students can identify the main idea of a text."" onclick=""window.playTTS(this.getAttribute('data-tts'))""><svg viewBox=""0 0 24 24"" fill=""none"" stroke=""currentColor"" stroke-width=""2""><polygon points=""5 3 19 12 5 21 5 3""></polygon></svg></button></div><div class=""meta-section""><div class=""translation"">英文考試包含一個閱讀理解部分，以測試學生是否能識別文本的主旨。</div><div class=""entry-explanation"">名詞「閱讀理解」。指對文章內容的理解能力。</div></div></div><div class=""entry""><div class=""sentence-row""><div class=""sentence"">Due to the loud noise in the classroom, the student's <span class=""target-word"">comprehension</span> of the teacher's instructions was very poor.</div><button class=""tts-button"" data-tts=""Due to the loud noise in the classroom, the student&#x27;s comprehension of the teacher&#x27;s instructions was very poor."" onclick=""window.playTTS(this.getAttribute('data-tts'))""><svg viewBox=""0 0 24 24"" fill=""none"" stroke=""currentColor"" stroke-width=""2""><polygon points=""5 3 19 12 5 21 5 3""></polygon></svg></button></div><div class=""meta-section""><div class=""translation"">由於教室裡的噪音很大，該學生對老師指令的理解力很差。</div><div class=""entry-explanation"">名詞「理解力」。</div></div></div><div class=""entry""><div class=""sentence-row""><div class=""sentence"">The child's language <span class=""target-word"">comprehension</span> is usually more advanced than his ability to speak clearly in full sentences.</div><button class=""tts-button"" data-tts=""The child&#x27;s language comprehension is usually more advanced than his ability to speak clearly in full sentences."" onclick=""window.playTTS(this.getAttribute('data-tts'))""><svg viewBox=""0 0 24 24"" fill=""none"" stroke=""currentColor"" stroke-width=""2""><polygon points=""5 3 19 12 5 21 5 3""></polygon></svg></button></div><div class=""meta-section""><div class=""translation"">孩子的語言理解能力通常比他用完整句子清晰表達的能力更強。</div><div class=""entry-explanation"">名詞「理解力」。</div></div></div></div><div class=""related-forms""><span class=""label"">Related:</span> comprehend, comprehensible</div></div>"
comprise	"<div class=""anki-card-content""><div class=""general-explanation"">動詞「包含；由...組成」。注意其用法：A comprises B (A 包含 B)，或是 B comprise A (B 組成了 A)。在被動用法 be comprised of 時，意思與 be composed of 相同，意為「由...組成」。</div><div class=""entries-container""><div class=""entry""><div class=""sentence-row""><div class=""sentence"">The new apartment <span class=""target-word"">comprises</span> three bedrooms, a spacious living room, and a modern kitchen for the family.</div><button class=""tts-button"" data-tts=""The new apartment comprises three bedrooms, a spacious living room, and a modern kitchen for the family."" onclick=""window.playTTS(this.getAttribute('data-tts'))""><svg viewBox=""0 0 24 24"" fill=""none"" stroke=""currentColor"" stroke-width=""2""><polygon points=""5 3 19 12 5 21 5 3""></polygon></svg></button></div><div class=""meta-section""><div class=""translation"">這間新公寓包含三間臥室、一個寬敞的客廳和一個為家庭設計的現代化廚房。</div><div class=""entry-explanation"">動詞「包含」。指整體包含哪些部分。</div></div></div><div class=""entry""><div class=""sentence-row""><div class=""sentence"">The committee is <span class=""target-word"">comprised</span> <span class=""collocation"">of</span> ten experts from different fields, including biology, chemistry, and environmental science.</div><button class=""tts-button"" data-tts=""The committee is comprised of ten experts from different fields, including biology, chemistry, and environmental science."" onclick=""window.playTTS(this.getAttribute('data-tts'))""><svg viewBox=""0 0 24 24"" fill=""none"" stroke=""currentColor"" stroke-width=""2""><polygon points=""5 3 19 12 5 21 5 3""></polygon></svg></button></div><div class=""meta-section""><div class=""translation"">該委員會由來自生物學、化學和環境科學等不同領域的十位專家組成。</div><div class=""entry-explanation"">動詞片語 be comprised of (由...組成)。</div></div></div><div class=""entry""><div class=""sentence-row""><div class=""sentence"">These five small islands <span class=""target-word"">comprise</span> the entire archipelago, attracting thousands of tourists every summer.</div><button class=""tts-button"" data-tts=""These five small islands comprise the entire archipelago, attracting thousands of tourists every summer."" onclick=""window.playTTS(this.getAttribute('data-tts'))""><svg viewBox=""0 0 24 24"" fill=""none"" stroke=""currentColor"" stroke-width=""2""><polygon points=""5 3 19 12 5 21 5 3""></polygon></svg></button></div><div class=""meta-section""><div class=""translation"">這五個小島組成了整個群島，每年夏天吸引數千名遊客。</div><div class=""entry-explanation"">動詞「組成」。指部分構成整體。</div></div></div></div></div>"
compromise	"<div class=""anki-card-content""><div class=""general-explanation"">名詞「妥協；讓步」；動詞「妥協；損害/危險」。動詞用法中，「損害」 (endanger) 是 GSAT 常考的高階用法，例如 compromise national security (損害國家安全) 或 compromise one&#x27;s principles (違背原則)。</div><div class=""entries-container""><div class=""entry""><div class=""sentence-row""><div class=""sentence"">After hours of arguing, the two companies finally reached a <span class=""target-word"">compromise</span> that satisfied both parties involved.</div><button class=""tts-button"" data-tts=""After hours of arguing, the two companies finally reached a compromise that satisfied both parties involved."" onclick=""window.playTTS(this.getAttribute('data-tts'))""><svg viewBox=""0 0 24 24"" fill=""none"" stroke=""currentColor"" stroke-width=""2""><polygon points=""5 3 19 12 5 21 5 3""></polygon></svg></button></div><div class=""meta-section""><div class=""translation"">經過數小時的爭論，兩家公司最終達成了一項令參與雙方都滿意的妥協方案。</div><div class=""entry-explanation"">名詞「妥協」。指雙方各讓一步而達成的協議。</div></div></div><div class=""entry""><div class=""sentence-row""><div class=""sentence"">The politician refused to <span class=""target-word"">compromise</span> his values, even when he was under pressure to win more votes.</div><button class=""tts-button"" data-tts=""The politician refused to compromise his values, even when he was under pressure to win more votes."" onclick=""window.playTTS(this.getAttribute('data-tts'))""><svg viewBox=""0 0 24 24"" fill=""none"" stroke=""currentColor"" stroke-width=""2""><polygon points=""5 3 19 12 5 21 5 3""></polygon></svg></button></div><div class=""meta-section""><div class=""translation"">這位政治家拒絕在價值觀上妥協，即使他在贏得更多選票的壓力之下。</div><div class=""entry-explanation"">動詞「妥協；讓步」。</div></div></div><div class=""entry""><div class=""sentence-row""><div class=""sentence"">Leaking the secret password could <span class=""target-word"">compromise</span> the entire network's security, allowing hackers to steal private data.</div><button class=""tts-button"" data-tts=""Leaking the secret password could compromise the entire network&#x27;s security, allowing hackers to steal private data."" onclick=""window.playTTS(this.getAttribute('data-tts'))""><svg viewBox=""0 0 24 24"" fill=""none"" stroke=""currentColor"" stroke-width=""2""><polygon points=""5 3 19 12 5 21 5 3""></polygon></svg></button></div><div class=""meta-section""><div class=""translation"">洩漏秘密密碼可能會損害整個網路的安全，讓駭客能夠盜取私人數據。</div><div class=""entry-explanation"">動詞「損害、危及」。指使某物處於危險或易受攻擊的狀態。</div></div></div><div class=""entry""><div class=""sentence-row""><div class=""sentence"">The captain realized that if he stayed to save the cargo, he might <span class=""target-word"">compromise</span> the safety of his crew.</div><button class=""tts-button"" data-tts=""The captain realized that if he stayed to save the cargo, he might compromise the safety of his crew."" onclick=""window.playTTS(this.getAttribute('data-tts'))""><svg viewBox=""0 0 24 24"" fill=""none"" stroke=""currentColor"" stroke-width=""2""><polygon points=""5 3 19 12 5 21 5 3""></polygon></svg></button></div><div class=""meta-section""><div class=""translation"">船長意識到如果他留在原地救貨物，可能會危及船員的安全。</div><div class=""entry-explanation"">動詞「危及」。</div></div></div></div></div>"
compulsory	"<div class=""anki-card-content""><div class=""general-explanation"">形容詞「強制性的；義務的」。常考搭配：compulsory education (義務教育)。注意與 optional (可選擇的) 形成反義關係。</div><div class=""entries-container""><div class=""entry""><div class=""sentence-row""><div class=""sentence"">In many countries, primary education is <span class=""target-word"">compulsory</span>, meaning every child must attend school until a certain age.</div><button class=""tts-button"" data-tts=""In many countries, primary education is compulsory, meaning every child must attend school until a certain age."" onclick=""window.playTTS(this.getAttribute('data-tts'))""><svg viewBox=""0 0 24 24"" fill=""none"" stroke=""currentColor"" stroke-width=""2""><polygon points=""5 3 19 12 5 21 5 3""></polygon></svg></button></div><div class=""meta-section""><div class=""translation"">在許多國家，初等教育是強制性的，這意味著每個孩子在達到一定年齡前都必須就學。</div><div class=""entry-explanation"">形容詞「強制性的」。常用於教育或法律規定。</div></div></div><div class=""entry""><div class=""sentence-row""><div class=""sentence"">While the history class is <span class=""target-word"">compulsory</span>, students can choose optional courses like photography or drama for fun.</div><button class=""tts-button"" data-tts=""While the history class is compulsory, students can choose optional courses like photography or drama for fun."" onclick=""window.playTTS(this.getAttribute('data-tts'))""><svg viewBox=""0 0 24 24"" fill=""none"" stroke=""currentColor"" stroke-width=""2""><polygon points=""5 3 19 12 5 21 5 3""></polygon></svg></button></div><div class=""meta-section""><div class=""translation"">雖然歷史課是必修的，但學生可以選擇攝影或戲劇等選修課程來增加樂趣。</div><div class=""entry-explanation"">形容詞「必修的」。指必須參加的課程。</div></div></div><div class=""entry""><div class=""sentence-row""><div class=""sentence"">Wearing a helmet is <span class=""target-word"">compulsory</span> for all cyclists in this city to reduce the risk of head injuries.</div><button class=""tts-button"" data-tts=""Wearing a helmet is compulsory for all cyclists in this city to reduce the risk of head injuries."" onclick=""window.playTTS(this.getAttribute('data-tts'))""><svg viewBox=""0 0 24 24"" fill=""none"" stroke=""currentColor"" stroke-width=""2""><polygon points=""5 3 19 12 5 21 5 3""></polygon></svg></button></div><div class=""meta-section""><div class=""translation"">在這座城市，所有騎自行車的人都必須強制配戴頭盔，以降低頭部受傷的風險。</div><div class=""entry-explanation"">形容詞「強制性的」。</div></div></div></div><div class=""related-forms""><span class=""label"">Related:</span> compulsion, compulsorily</div></div>"
conceal	"<div class=""anki-card-content""><div class=""general-explanation"">動詞「隱瞞、隱藏」。常用於指刻意不讓他人知道某事或不讓某物被看見。注意與 hide 的區別：conceal 較為正式，常用於法律、正式文件或描述心理狀態，如 conceal weapons (隱藏武器) 或 conceal the truth (隱瞞真相)。</div><div class=""entries-container""><div class=""entry""><div class=""sentence-row""><div class=""sentence"">The suspect tried to <span class=""target-word"">conceal</span> <span class=""collocation"">the truth</span> about where he had been on the night of the crime to avoid being arrested.</div><button class=""tts-button"" data-tts=""The suspect tried to conceal the truth about where he had been on the night of the crime to avoid being arrested."" onclick=""window.playTTS(this.getAttribute('data-tts'))""><svg viewBox=""0 0 24 24"" fill=""none"" stroke=""currentColor"" stroke-width=""2""><polygon points=""5 3 19 12 5 21 5 3""></polygon></svg></button></div><div class=""meta-section""><div class=""translation"">嫌疑犯試圖隱瞞他在犯罪之夜身在何處的真相，以避免被逮捕。</div><div class=""entry-explanation"">動詞「隱瞞」。指刻意不讓他人知道事實。</div></div></div><div class=""entry""><div class=""sentence-row""><div class=""sentence"">The spy wore a heavy coat to <span class=""target-word"">conceal</span> <span class=""collocation"">a small camera</span> hidden in his pocket, allowing him to take photos secretly.</div><button class=""tts-button"" data-tts=""The spy wore a heavy coat to conceal a small camera hidden in his pocket, allowing him to take photos secretly."" onclick=""window.playTTS(this.getAttribute('data-tts'))""><svg viewBox=""0 0 24 24"" fill=""none"" stroke=""currentColor"" stroke-width=""2""><polygon points=""5 3 19 12 5 21 5 3""></polygon></svg></button></div><div class=""meta-section""><div class=""translation"">間諜穿著一件厚外套來隱藏他口袋裡的小相機，讓他能秘密地拍照。</div><div class=""entry-explanation"">動詞「隱藏」。指物理上的遮掩。</div></div></div></div><div class=""related-forms""><span class=""label"">Related:</span> concealment</div></div>"
concede	"<div class=""anki-card-content""><div class=""general-explanation"">動詞「承認、讓步」。常用於在爭論或競爭中，儘管不情願，但不得不承認某事為真。常考片語 concede defeat (承認失敗)。</div><div class=""entries-container""><div class=""entry""><div class=""sentence-row""><div class=""sentence"">After the final vote count was completed, the candidate finally <span class=""target-word"">conceded</span> <span class=""collocation"">defeat</span> and congratulated his opponent on winning the election.</div><button class=""tts-button"" data-tts=""After the final vote count was completed, the candidate finally conceded defeat and congratulated his opponent on winning the election."" onclick=""window.playTTS(this.getAttribute('data-tts'))""><svg viewBox=""0 0 24 24"" fill=""none"" stroke=""currentColor"" stroke-width=""2""><polygon points=""5 3 19 12 5 21 5 3""></polygon></svg></button></div><div class=""meta-section""><div class=""translation"">在最終計票完成後，候選人終於承認失敗，並祝賀對手贏得選舉。</div><div class=""entry-explanation"">動詞片語 concede defeat 表示「承認失敗」。</div></div></div><div class=""entry""><div class=""sentence-row""><div class=""sentence"">Although she didn't want to admit it, she had to <span class=""target-word"">concede</span> <span class=""collocation"">that</span> her opponent's argument was more logical and better supported by evidence.</div><button class=""tts-button"" data-tts=""Although she didn&#x27;t want to admit it, she had to concede that her opponent&#x27;s argument was more logical and better supported by evidence."" onclick=""window.playTTS(this.getAttribute('data-tts'))""><svg viewBox=""0 0 24 24"" fill=""none"" stroke=""currentColor"" stroke-width=""2""><polygon points=""5 3 19 12 5 21 5 3""></polygon></svg></button></div><div class=""meta-section""><div class=""translation"">儘管她不想承認，但她不得不承認對手的論點更具邏輯性且有更多證據支持。</div><div class=""entry-explanation"">動詞「承認」。常用於指不得不承認某個事實或觀點。</div></div></div></div><div class=""related-forms""><span class=""label"">Related:</span> concession</div></div>"
conceive	"<div class=""anki-card-content""><div class=""general-explanation"">動詞「構思、想像；懷孕」。在 GSAT 中，常考「構思」或「想像」之意。常用片語 conceive of (想像/構思)。注意與 perceive (感知) 的區別：conceive 強調的是在心中創造或形成一個想法，而 perceive 側重於透過感官或理解來接收資訊。</div><div class=""entries-container""><div class=""entry""><div class=""sentence-row""><div class=""sentence"">It is difficult for some people to <span class=""target-word"">conceive</span> <span class=""collocation"">of</span> a world without the internet, as it has become an essential part of daily life.</div><button class=""tts-button"" data-tts=""It is difficult for some people to conceive of a world without the internet, as it has become an essential part of daily life."" onclick=""window.playTTS(this.getAttribute('data-tts'))""><svg viewBox=""0 0 24 24"" fill=""none"" stroke=""currentColor"" stroke-width=""2""><polygon points=""5 3 19 12 5 21 5 3""></polygon></svg></button></div><div class=""meta-section""><div class=""translation"">對某些人來說，很難想像一個沒有網路的世界，因為網路已成為日常生活的一部分。</div><div class=""entry-explanation"">動詞片語 conceive of sth 表示「想像某事」。</div></div></div><div class=""entry""><div class=""sentence-row""><div class=""sentence"">The architect spent several months trying to <span class=""target-word"">conceive</span> <span class=""collocation"">a new design</span> for the city's library that combined modern style with traditional elements.</div><button class=""tts-button"" data-tts=""The architect spent several months trying to conceive a new design for the city&#x27;s library that combined modern style with traditional elements."" onclick=""window.playTTS(this.getAttribute('data-tts'))""><svg viewBox=""0 0 24 24"" fill=""none"" stroke=""currentColor"" stroke-width=""2""><polygon points=""5 3 19 12 5 21 5 3""></polygon></svg></button></div><div class=""meta-section""><div class=""translation"">建築師花了好幾個月試圖為城市的圖書館構思一個新設計，將現代風格與傳統元素結合。</div><div class=""entry-explanation"">動詞「構思」。指在心中形成一個計畫或想法。</div></div></div><div class=""entry""><div class=""sentence-row""><div class=""sentence"">The couple had been trying to <span class=""target-word"">conceive</span> <span class=""collocation"">a child</span> for years before they finally succeeded with the help of medical treatment.</div><button class=""tts-button"" data-tts=""The couple had been trying to conceive a child for years before they finally succeeded with the help of medical treatment."" onclick=""window.playTTS(this.getAttribute('data-tts'))""><svg viewBox=""0 0 24 24"" fill=""none"" stroke=""currentColor"" stroke-width=""2""><polygon points=""5 3 19 12 5 21 5 3""></polygon></svg></button></div><div class=""meta-section""><div class=""translation"">這對夫婦多年來一直嘗試懷孕，最後在醫療治療的幫助下終於成功了。</div><div class=""entry-explanation"">動詞「懷孕」。</div></div></div></div><div class=""related-forms""><span class=""label"">Related:</span> concept, conception, conceivable</div></div>"
conception	"<div class=""anki-card-content""><div class=""general-explanation"">名詞「觀念、概念；懷孕」。常考「觀念/概念」之意。常用片語 a general conception of (對...的概括觀念)。注意與 concept (概念) 的區別：concept 通常指一個抽象的理論、原則或通用定義，而 conception 指的是個人或群體對某事物的理解或看法。</div><div class=""entries-container""><div class=""entry""><div class=""sentence-row""><div class=""sentence"">The teacher's explanation helped students develop a clearer <span class=""target-word"">conception</span> <span class=""collocation"">of</span> how the economic system works in a globalized world.</div><button class=""tts-button"" data-tts=""The teacher&#x27;s explanation helped students develop a clearer conception of how the economic system works in a globalized world."" onclick=""window.playTTS(this.getAttribute('data-tts'))""><svg viewBox=""0 0 24 24"" fill=""none"" stroke=""currentColor"" stroke-width=""2""><polygon points=""5 3 19 12 5 21 5 3""></polygon></svg></button></div><div class=""meta-section""><div class=""translation"">老師的解釋幫助學生們對全球化世界中經濟系統如何運作建立了更清晰的觀念。</div><div class=""entry-explanation"">名詞「觀念」。指對某事物的理解或看法。</div></div></div><div class=""entry""><div class=""sentence-row""><div class=""sentence"">The doctor explained that the baby's development begins immediately after <span class=""target-word"">conception</span>, as cells divide and grow rapidly.</div><button class=""tts-button"" data-tts=""The doctor explained that the baby&#x27;s development begins immediately after conception, as cells divide and grow rapidly."" onclick=""window.playTTS(this.getAttribute('data-tts'))""><svg viewBox=""0 0 24 24"" fill=""none"" stroke=""currentColor"" stroke-width=""2""><polygon points=""5 3 19 12 5 21 5 3""></polygon></svg></button></div><div class=""meta-section""><div class=""translation"">醫生解釋說，胎兒的發展始於受孕後立即開始，因為細胞會迅速分裂並生長。</div><div class=""entry-explanation"">名詞「受孕」。指生物學上的受孕過程。</div></div></div></div><div class=""related-forms""><span class=""label"">Related:</span> conceive, conceptual</div></div>"
condemn	"<div class=""anki-card-content""><div class=""general-explanation"">動詞「譴責、強烈批評；判定...不可用」。常用於正式場合，如政府對另一國家的行為進行譴責。常考搭配：condemn someone for something (因某事而譴責某人)。</div><div class=""entries-container""><div class=""entry""><div class=""sentence-row""><div class=""sentence"">The United Nations issued a statement to <span class=""target-word"">condemn</span> the violent attacks on innocent civilians during the recent conflict in the region.</div><button class=""tts-button"" data-tts=""The United Nations issued a statement to condemn the violent attacks on innocent civilians during the recent conflict in the region."" onclick=""window.playTTS(this.getAttribute('data-tts'))""><svg viewBox=""0 0 24 24"" fill=""none"" stroke=""currentColor"" stroke-width=""2""><polygon points=""5 3 19 12 5 21 5 3""></polygon></svg></button></div><div class=""meta-section""><div class=""translation"">聯合國發表聲明，譴責近期該地區衝突期間對無辜平民的暴力攻擊。</div><div class=""entry-explanation"">動詞「譴責」。指強烈批評某人的行為是不道德或錯誤的。</div></div></div><div class=""entry""><div class=""sentence-row""><div class=""sentence"">Many people <span class=""target-word"">condemned</span> the company <span class=""collocation"">for</span> its lack of environmental protection, leading to a boycott of its products worldwide.</div><button class=""tts-button"" data-tts=""Many people condemned the company for its lack of environmental protection, leading to a boycott of its products worldwide."" onclick=""window.playTTS(this.getAttribute('data-tts'))""><svg viewBox=""0 0 24 24"" fill=""none"" stroke=""currentColor"" stroke-width=""2""><polygon points=""5 3 19 12 5 21 5 3""></polygon></svg></button></div><div class=""meta-section""><div class=""translation"">許多人譴責該公司缺乏環境保護，導致其產品在全世界被抵制。</div><div class=""entry-explanation"">動詞「譴責」。常用片語 condemn someone for sth。</div></div></div><div class=""entry""><div class=""sentence-row""><div class=""sentence"">The building was <span class=""target-word"">condemned</span> <span class=""collocation"">by</span> the city council after the earthquake, as it was no longer safe for people to live in.</div><button class=""tts-button"" data-tts=""The building was condemned by the city council after the earthquake, as it was no longer safe for people to live in."" onclick=""window.playTTS(this.getAttribute('data-tts'))""><svg viewBox=""0 0 24 24"" fill=""none"" stroke=""currentColor"" stroke-width=""2""><polygon points=""5 3 19 12 5 21 5 3""></polygon></svg></button></div><div class=""meta-section""><div class=""translation"">這棟建築在地震後被市議會判定為不可用，因為它已不再安全，不能讓人居住。</div><div class=""entry-explanation"">動詞「判定不可用」。指官方判定某物（通常是房屋）因危險而不能使用。</div></div></div></div><div class=""related-forms""><span class=""label"">Related:</span> condemnation</div></div>"
conduct	"<div class=""anki-card-content""><div class=""general-explanation"">動詞「執行、進行；領導、指揮」。名詞「行為、操守」。注意：作為動詞時，重音在第二個音節 (con-DUCT)；作為名詞時，重音在第一個音節 (CON-duct)。常用片語 conduct a survey/study (進行調查/研究)。</div><div class=""entries-container""><div class=""entry""><div class=""sentence-row""><div class=""sentence"">The research team decided to <span class=""target-word"">conduct</span> <span class=""collocation"">a survey</span> to collect data on how many students use social media for studying.</div><button class=""tts-button"" data-tts=""The research team decided to conduct a survey to collect data on how many students use social media for studying."" onclick=""window.playTTS(this.getAttribute('data-tts'))""><svg viewBox=""0 0 24 24"" fill=""none"" stroke=""currentColor"" stroke-width=""2""><polygon points=""5 3 19 12 5 21 5 3""></polygon></svg></button></div><div class=""meta-section""><div class=""translation"">研究團隊決定進行一項調查，以收集關於有多少學生使用社群媒體學習的數據。</div><div class=""entry-explanation"">動詞「進行」。常用搭配 conduct a survey/study/experiment。</div></div></div><div class=""entry""><div class=""sentence-row""><div class=""sentence"">The famous conductor spent hours teaching the orchestra how to <span class=""target-word"">conduct</span> the symphony with precision and emotion.</div><button class=""tts-button"" data-tts=""The famous conductor spent hours teaching the orchestra how to conduct the symphony with precision and emotion."" onclick=""window.playTTS(this.getAttribute('data-tts'))""><svg viewBox=""0 0 24 24"" fill=""none"" stroke=""currentColor"" stroke-width=""2""><polygon points=""5 3 19 12 5 21 5 3""></polygon></svg></button></div><div class=""meta-section""><div class=""translation"">著名的指揮家花了好幾個小時教管弦樂團如何精確且有感情地指揮這首交響曲。</div><div class=""entry-explanation"">動詞「指揮」。指音樂上的指揮。</div></div></div><div class=""entry""><div class=""sentence-row""><div class=""sentence"">The school board criticized the student's <span class=""target-word"">conduct</span> during the class trip, as he had repeatedly ignored the teacher's instructions.</div><button class=""tts-button"" data-tts=""The school board criticized the student&#x27;s conduct during the class trip, as he had repeatedly ignored the teacher&#x27;s instructions."" onclick=""window.playTTS(this.getAttribute('data-tts'))""><svg viewBox=""0 0 24 24"" fill=""none"" stroke=""currentColor"" stroke-width=""2""><polygon points=""5 3 19 12 5 21 5 3""></polygon></svg></button></div><div class=""meta-section""><div class=""translation"">學校董事會批評該學生在班級旅行期間的行為，因為他多次無視老師的指令。</div><div class=""entry-explanation"">名詞「行為、操守」。指個人在特定情況下的行為方式。</div></div></div></div><div class=""related-forms""><span class=""label"">Related:</span> conductor</div></div>"
confession	"<div class=""anki-card-content""><div class=""general-explanation"">名詞「供認、坦白」。指將秘密或錯誤地告訴他人。常用片語 make a confession (坦白/供認)。</div><div class=""entries-container""><div class=""entry""><div class=""sentence-row""><div class=""sentence"">After hours of questioning by the police, the suspect finally <span class=""collocation"">made</span> a <span class=""target-word"">confession</span>, admitting that he had stolen the money from the bank.</div><button class=""tts-button"" data-tts=""After hours of questioning by the police, the suspect finally made a confession, admitting that he had stolen the money from the bank."" onclick=""window.playTTS(this.getAttribute('data-tts'))""><svg viewBox=""0 0 24 24"" fill=""none"" stroke=""currentColor"" stroke-width=""2""><polygon points=""5 3 19 12 5 21 5 3""></polygon></svg></button></div><div class=""meta-section""><div class=""translation"">經過警方數小時的詢問後，嫌疑犯終於坦白，承認他從銀行偷了錢。</div><div class=""entry-explanation"">名詞「坦白」。片語 make a confession 表示「坦白」。</div></div></div><div class=""entry""><div class=""sentence-row""><div class=""sentence"">The girl felt a sense of relief after her <span class=""target-word"">confession</span> to her parents about the broken vase, even though she knew she would be punished.</div><button class=""tts-button"" data-tts=""The girl felt a sense of relief after her confession to her parents about the broken vase, even though she knew she would be punished."" onclick=""window.playTTS(this.getAttribute('data-tts'))""><svg viewBox=""0 0 24 24"" fill=""none"" stroke=""currentColor"" stroke-width=""2""><polygon points=""5 3 19 12 5 21 5 3""></polygon></svg></button></div><div class=""meta-section""><div class=""translation"">在向父母坦白弄碎花瓶後，女孩感到一種解脫感，儘管她知道自己會被處罰。</div><div class=""entry-explanation"">名詞「坦白」。指將自己的錯誤坦承地告訴他人。</div></div></div></div><div class=""related-forms""><span class=""label"">Related:</span> confess</div></div>"
confidential	"<div class=""anki-card-content""><div class=""general-explanation"">形容詞「機密的、保密的」。常用於指正式文件或資訊，不應被公開。常考搭配：confidential information (機密資訊), in confidence (秘密地)。</div><div class=""entries-container""><div class=""entry""><div class=""sentence-row""><div class=""sentence"">The lawyer told his client that all the information provided during the meeting would be kept <span class=""target-word"">confidential</span> and not shared with anyone.</div><button class=""tts-button"" data-tts=""The lawyer told his client that all the information provided during the meeting would be kept confidential and not shared with anyone."" onclick=""window.playTTS(this.getAttribute('data-tts'))""><svg viewBox=""0 0 24 24"" fill=""none"" stroke=""currentColor"" stroke-width=""2""><polygon points=""5 3 19 12 5 21 5 3""></polygon></svg></button></div><div class=""meta-section""><div class=""translation"">律師告訴他的客戶，會議期間提供的所有資訊將被保密，不會與任何人分享。</div><div class=""entry-explanation"">形容詞「保密的」。指資訊不應被公開。</div></div></div><div class=""entry""><div class=""sentence-row""><div class=""sentence"">Employees are required to sign a <span class=""target-word"">confidential</span> <span class=""collocation"">agreement</span> to ensure they do not leak company secrets to their competitors.</div><button class=""tts-button"" data-tts=""Employees are required to sign a confidential agreement to ensure they do not leak company secrets to their competitors."" onclick=""window.playTTS(this.getAttribute('data-tts'))""><svg viewBox=""0 0 24 24"" fill=""none"" stroke=""currentColor"" stroke-width=""2""><polygon points=""5 3 19 12 5 21 5 3""></polygon></svg></button></div><div class=""meta-section""><div class=""translation"">員工被要求簽署一份保密協議，以確保他們不會將公司秘密洩漏給競爭對手。</div><div class=""entry-explanation"">形容詞「機密的」。常用搭配 confidential agreement (保密協議)。</div></div></div></div><div class=""related-forms""><span class=""label"">Related:</span> confidentiality, confident</div></div>"
confine	"<div class=""anki-card-content""><div class=""general-explanation"">動詞「限制、禁閉」。常用於指將某人或某物限制在一個特定的空間或範圍內。常用片語 confine someone to (將某人禁閉在.../將某人限制在...)</div><div class=""entries-container""><div class=""entry""><div class=""sentence-row""><div class=""sentence"">Due to the heavy rain and strong winds, the students were <span class=""target-word"">confined</span> <span class=""collocation"">to</span> the classroom for their lunch break, unable to go outside.</div><button class=""tts-button"" data-tts=""Due to the heavy rain and strong winds, the students were confined to the classroom for their lunch break, unable to go outside."" onclick=""window.playTTS(this.getAttribute('data-tts'))""><svg viewBox=""0 0 24 24"" fill=""none"" stroke=""currentColor"" stroke-width=""2""><polygon points=""5 3 19 12 5 21 5 3""></polygon></svg></button></div><div class=""meta-section""><div class=""translation"">由於大雨和強風，學生們在午休時間被限制在教室內，無法外出。</div><div class=""entry-explanation"">動詞「限制」。指將人或物限制在特定空間。</div></div></div><div class=""entry""><div class=""sentence-row""><div class=""sentence"">Please <span class=""target-word"">confine</span> your comments <span class=""collocation"">to</span> the topic of the discussion, so that we can finish the meeting on time.</div><button class=""tts-button"" data-tts=""Please confine your comments to the topic of the discussion, so that we can finish the meeting on time."" onclick=""window.playTTS(this.getAttribute('data-tts'))""><svg viewBox=""0 0 24 24"" fill=""none"" stroke=""currentColor"" stroke-width=""2""><polygon points=""5 3 19 12 5 21 5 3""></polygon></svg></button></div><div class=""meta-section""><div class=""translation"">請將您的評論限制在討論的主題範圍內，以便我們能準時結束會議。</div><div class=""entry-explanation"">動詞「限制」。指將討論範圍限制在特定主題。</div></div></div></div><div class=""related-forms""><span class=""label"">Related:</span> confinement</div></div>"
conform	"<div class=""anki-card-content""><div class=""general-explanation"">動詞「遵守、符合、一致」。常用於指行為符合社會規範或法律。常用片語 conform to (遵守/符合)。注意與 comply 與 abide by 的區別：conform to 側重於指行為符合某種標準或產品產品規格，而 comply with 或 abide by 則更側重於指遵守法律、規則或校規。</div><div class=""entries-container""><div class=""entry""><div class=""sentence-row""><div class=""sentence"">New students often feel pressure to <span class=""target-word"">conform</span> <span class=""collocation"">to</span> the social norms of the school, as they want to be accepted by their classmates.</div><button class=""tts-button"" data-tts=""New students often feel pressure to conform to the social norms of the school, as they want to be accepted by their classmates."" onclick=""window.playTTS(this.getAttribute('data-tts'))""><svg viewBox=""0 0 24 24"" fill=""none"" stroke=""currentColor"" stroke-width=""2""><polygon points=""5 3 19 12 5 21 5 3""></polygon></svg></button></div><div class=""meta-section""><div class=""translation"">新生往往感到壓力，想要遵守學校的社交規範，由於他們想被同學接受。</div><div class=""entry-explanation"">動詞片語 conform to sth 表示「遵守/符合」社會規範或標準。</div></div></div><div class=""entry""><div class=""sentence-row""><div class=""sentence"">The company's new products must <span class=""target-word"">conform</span> <span class=""collocation"">to</span> the safety standards of the international market to be sold globally.</div><button class=""tts-button"" data-tts=""The company&#x27;s new products must conform to the safety standards of the international market to be sold globally."" onclick=""window.playTTS(this.getAttribute('data-tts'))""><svg viewBox=""0 0 24 24"" fill=""none"" stroke=""currentColor"" stroke-width=""2""><polygon points=""5 3 19 12 5 21 5 3""></polygon></svg></button></div><div class=""meta-section""><div class=""translation"">該公司的新產品必須符合國際市場的安全標準才能在全球銷售。</div><div class=""entry-explanation"">動詞「符合」。指產品符合特定的技術或產品規格。</div></div></div></div><div class=""related-forms""><span class=""label"">Related:</span> conformity, conformist</div></div>"
confront	"<div class=""anki-card-content""><div class=""general-explanation"">動詞「面對、對質」。常用於面對困難、問題或與人對質。常考搭配：confront a problem (面對問題), confront someone with something (拿...與某人對質)。</div><div class=""entries-container""><div class=""entry""><div class=""sentence-row""><div class=""sentence"">The student decided to <span class=""target-word"">confront</span> the teacher <span class=""collocation"">with</span> the evidence of the mistake in the textbook, hoping for a correction.</div><button class=""tts-button"" data-tts=""The student decided to confront the teacher with the evidence of the mistake in the textbook, hoping for a correction."" onclick=""window.playTTS(this.getAttribute('data-tts'))""><svg viewBox=""0 0 24 24"" fill=""none"" stroke=""currentColor"" stroke-width=""2""><polygon points=""5 3 19 12 5 21 5 3""></polygon></svg></button></div><div class=""meta-section""><div class=""translation"">這名學生決定拿著課本中錯誤的證據與老師對質，希望能得到修正。</div><div class=""entry-explanation"">動詞「對質」。搭配 confront someone with something。</div></div></div><div class=""entry""><div class=""sentence-row""><div class=""sentence"">When you <span class=""target-word"">confront</span> a difficult challenge in life, it is important to stay calm and think logically to find a solution.</div><button class=""tts-button"" data-tts=""When you confront a difficult challenge in life, it is important to stay calm and think logically to find a solution."" onclick=""window.playTTS(this.getAttribute('data-tts'))""><svg viewBox=""0 0 24 24"" fill=""none"" stroke=""currentColor"" stroke-width=""2""><polygon points=""5 3 19 12 5 21 5 3""></polygon></svg></button></div><div class=""meta-section""><div class=""translation"">當你在生活中面對困難的挑戰時，保持冷靜並邏輯清晰地思考以尋找解決方案是很重要的。</div><div class=""entry-explanation"">動詞「面對」。指面對不愉快或困難的情況。</div></div></div><div class=""entry""><div class=""sentence-row""><div class=""sentence"">The city council must <span class=""target-word"">confront</span> the growing issue of air pollution to protect the health of all citizens living in the area.</div><button class=""tts-button"" data-tts=""The city council must confront the growing issue of air pollution to protect the health of all citizens living in the area."" onclick=""window.playTTS(this.getAttribute('data-tts'))""><svg viewBox=""0 0 24 24"" fill=""none"" stroke=""currentColor"" stroke-width=""2""><polygon points=""5 3 19 12 5 21 5 3""></polygon></svg></button></div><div class=""meta-section""><div class=""translation"">市議會必須面對日益嚴重的空氣污染問題，以保護該地區所有市民的健康。</div><div class=""entry-explanation"">動詞「面對」。常用搭配：confront an issue/problem。</div></div></div></div><div class=""related-forms""><span class=""label"">Related:</span> confronts, confronted, confronting</div></div>"
confrontation	"<div class=""anki-card-content""><div class=""general-explanation"">名詞「對峙、衝突」。通常指兩方之間激烈的爭論或對立。常用搭配：avoid a confrontation (避免衝突), violent confrontation (暴力衝突)。</div><div class=""entries-container""><div class=""entry""><div class=""sentence-row""><div class=""sentence"">The two athletes had a heated <span class=""target-word"">confrontation</span> on the field after a disputed call by the referee, but they soon shook hands.</div><button class=""tts-button"" data-tts=""The two athletes had a heated confrontation on the field after a disputed call by the referee, but they soon shook hands."" onclick=""window.playTTS(this.getAttribute('data-tts'))""><svg viewBox=""0 0 24 24"" fill=""none"" stroke=""currentColor"" stroke-width=""2""><polygon points=""5 3 19 12 5 21 5 3""></polygon></svg></button></div><div class=""meta-section""><div class=""translation"">在裁判做出爭議判決後，兩名運動員在場上發生了激烈的對峙，但他們很快就握手言和。</div><div class=""entry-explanation"">名詞「對峙」。指兩者之間激烈的爭論。</div></div></div><div class=""entry""><div class=""sentence-row""><div class=""sentence"">The diplomat worked hard to <span class=""collocation"">avoid</span> a direct <span class=""target-word"">confrontation</span> between the two countries to maintain global peace and stability.</div><button class=""tts-button"" data-tts=""The diplomat worked hard to avoid a direct confrontation between the two countries to maintain global peace and stability."" onclick=""window.playTTS(this.getAttribute('data-tts'))""><svg viewBox=""0 0 24 24"" fill=""none"" stroke=""currentColor"" stroke-width=""2""><polygon points=""5 3 19 12 5 21 5 3""></polygon></svg></button></div><div class=""meta-section""><div class=""translation"">外交官努力地避免兩國之間直接的衝突，以維持全球和平與穩定。</div><div class=""entry-explanation"">名詞「衝突」。搭配 avoid a confrontation。</div></div></div><div class=""entry""><div class=""sentence-row""><div class=""sentence"">After weeks of tension, the final <span class=""target-word"">confrontation</span> between the hero and the villain took place in the middle of the dark forest.</div><button class=""tts-button"" data-tts=""After weeks of tension, the final confrontation between the hero and the villain took place in the middle of the dark forest."" onclick=""window.playTTS(this.getAttribute('data-tts'))""><svg viewBox=""0 0 24 24"" fill=""none"" stroke=""currentColor"" stroke-width=""2""><polygon points=""5 3 19 12 5 21 5 3""></polygon></svg></button></div><div class=""meta-section""><div class=""translation"">經過數週的緊張局勢，英雄與反派之間的最終對決在黑暗森林的中間發生了。</div><div class=""entry-explanation"">名詞「對決」。指兩方勢力之間的最終對抗。</div></div></div></div><div class=""related-forms""><span class=""label"">Related:</span> confront</div></div>"
consecutive	"<div class=""anki-card-content""><div class=""general-explanation"">形容詞「連續的」。指事情接連發生，中間沒有間斷。常用搭配：consecutive days/years/wins (連續的天數/年份/勝場)。</div><div class=""entries-container""><div class=""entry""><div class=""sentence-row""><div class=""sentence"">The basketball team won five <span class=""target-word"">consecutive</span> <span class=""collocation"">games</span>, making them the strongest contender for the championship this year.</div><button class=""tts-button"" data-tts=""The basketball team won five consecutive games, making them the strongest contender for the championship this year."" onclick=""window.playTTS(this.getAttribute('data-tts'))""><svg viewBox=""0 0 24 24"" fill=""none"" stroke=""currentColor"" stroke-width=""2""><polygon points=""5 3 19 12 5 21 5 3""></polygon></svg></button></div><div class=""meta-section""><div class=""translation"">這支籃球隊連續贏了五場比賽，使他們成為今年奪冠的最強競爭者。</div><div class=""entry-explanation"">形容詞「連續的」。搭配 consecutive games。</div></div></div><div class=""entry""><div class=""sentence-row""><div class=""sentence"">It rained for three <span class=""target-word"">consecutive</span> <span class=""collocation"">days</span>, causing the local river to overflow and flood the nearby farmland.</div><button class=""tts-button"" data-tts=""It rained for three consecutive days, causing the local river to overflow and flood the nearby farmland."" onclick=""window.playTTS(this.getAttribute('data-tts'))""><svg viewBox=""0 0 24 24"" fill=""none"" stroke=""currentColor"" stroke-width=""2""><polygon points=""5 3 19 12 5 21 5 3""></polygon></svg></button></div><div class=""meta-section""><div class=""translation"">連續三天都在下雨，導致當地河流氾濫並淹沒了附近的農田。</div><div class=""entry-explanation"">形容詞「連續的」。搭配 consecutive days。</div></div></div><div class=""entry""><div class=""sentence-row""><div class=""sentence"">The company has reported an increase in profits for four <span class=""target-word"">consecutive</span> <span class=""collocation"">years</span>, attracting many new investors from around the world.</div><button class=""tts-button"" data-tts=""The company has reported an increase in profits for four consecutive years, attracting many new investors from around the world."" onclick=""window.playTTS(this.getAttribute('data-tts'))""><svg viewBox=""0 0 24 24"" fill=""none"" stroke=""currentColor"" stroke-width=""2""><polygon points=""5 3 19 12 5 21 5 3""></polygon></svg></button></div><div class=""meta-section""><div class=""translation"">這間公司連續四年獲利增加，吸引了許多來自世界各地的投資者。</div><div class=""entry-explanation"">形容詞「連續的」。搭配 consecutive years。</div></div></div></div><div class=""related-forms""><span class=""label"">Related:</span> consecutively</div></div>"
consensus	"<div class=""anki-card-content""><div class=""general-explanation"">名詞「共識」。指群體中大多數人達成的一致意見。常用片語：reach a consensus (達成共識), general consensus (普遍共識)。</div><div class=""entries-container""><div class=""entry""><div class=""sentence-row""><div class=""sentence"">After hours of intense debate, the committee finally <span class=""collocation"">reached</span> a <span class=""target-word"">consensus</span> on the new school uniform policy.</div><button class=""tts-button"" data-tts=""After hours of intense debate, the committee finally reached a consensus on the new school uniform policy."" onclick=""window.playTTS(this.getAttribute('data-tts'))""><svg viewBox=""0 0 24 24"" fill=""none"" stroke=""currentColor"" stroke-width=""2""><polygon points=""5 3 19 12 5 21 5 3""></polygon></svg></button></div><div class=""meta-section""><div class=""translation"">經過數小時的激烈辯論，委員會終於就新校服政策達成了共識。</div><div class=""entry-explanation"">名詞「共識」。搭配 reach a consensus。</div></div></div><div class=""entry""><div class=""sentence-row""><div class=""sentence"">There is a <span class=""collocation"">general</span> <span class=""target-word"">consensus</span> among scientists that global warming is caused by human activities and carbon emissions.</div><button class=""tts-button"" data-tts=""There is a general consensus among scientists that global warming is caused by human activities and carbon emissions."" onclick=""window.playTTS(this.getAttribute('data-tts'))""><svg viewBox=""0 0 24 24"" fill=""none"" stroke=""currentColor"" stroke-width=""2""><polygon points=""5 3 19 12 5 21 5 3""></polygon></svg></button></div><div class=""meta-section""><div class=""translation"">科學家之間存在一個普遍共識，即全球暖化是由人類活動和碳排放引起的。</div><div class=""entry-explanation"">名詞「共識」。搭配 general consensus。</div></div></div><div class=""entry""><div class=""sentence-row""><div class=""sentence"">The team spent the entire afternoon trying to find a <span class=""target-word"">consensus</span> regarding which project topic they should choose for the science fair.</div><button class=""tts-button"" data-tts=""The team spent the entire afternoon trying to find a consensus regarding which project topic they should choose for the science fair."" onclick=""window.playTTS(this.getAttribute('data-tts'))""><svg viewBox=""0 0 24 24"" fill=""none"" stroke=""currentColor"" stroke-width=""2""><polygon points=""5 3 19 12 5 21 5 3""></polygon></svg></button></div><div class=""meta-section""><div class=""translation"">團隊花了一整個下午試圖就他們應該為科學展選擇哪個專題題目達成共識。</div><div class=""entry-explanation"">名詞「共識」。指一致的意見。</div></div></div></div></div>"
consent	"<div class=""anki-card-content""><div class=""general-explanation"">名詞「同意」；動詞「同意」。常用搭配：with the consent of (在...的同意下), give consent (給予同意), by mutual consent (經由雙方同意)。</div><div class=""entries-container""><div class=""entry""><div class=""sentence-row""><div class=""sentence"">The teenager was not allowed to go on the school trip unless she <span class=""target-word"">consented</span> to follow all the safety rules.</div><button class=""tts-button"" data-tts=""The teenager was not allowed to go on the school trip unless she consented to follow all the safety rules."" onclick=""window.playTTS(this.getAttribute('data-tts'))""><svg viewBox=""0 0 24 24"" fill=""none"" stroke=""currentColor"" stroke-width=""2""><polygon points=""5 3 19 12 5 21 5 3""></polygon></svg></button></div><div class=""meta-section""><div class=""translation"">除非這名青少年同意遵守所有安全規則，否則她不被允許參加學校旅行。</div><div class=""entry-explanation"">動詞「同意」。</div></div></div><div class=""entry""><div class=""sentence-row""><div class=""sentence"">The medical procedure could only be performed <span class=""collocation"">with</span> the <span class=""target-word"">consent</span> <span class=""collocation"">of</span> the patient's parents, as he was still a minor.</div><button class=""tts-button"" data-tts=""The medical procedure could only be performed with the consent of the patient&#x27;s parents, as he was still a minor."" onclick=""window.playTTS(this.getAttribute('data-tts'))""><svg viewBox=""0 0 24 24"" fill=""none"" stroke=""currentColor"" stroke-width=""2""><polygon points=""5 3 19 12 5 21 5 3""></polygon></svg></button></div><div class=""meta-section""><div class=""translation"">由於該患者仍是未成年人，這項醫療程序只能在父母同意的情況下才能進行。</div><div class=""entry-explanation"">名詞「同意」。搭配 with the consent of...</div></div></div><div class=""entry""><div class=""sentence-row""><div class=""sentence"">The two neighbors finally <span class=""target-word"">consented</span> to divide the land between their properties, ending a long-term dispute over the boundary.</div><button class=""tts-button"" data-tts=""The two neighbors finally consented to divide the land between their properties, ending a long-term dispute over the boundary."" onclick=""window.playTTS(this.getAttribute('data-tts'))""><svg viewBox=""0 0 24 24"" fill=""none"" stroke=""currentColor"" stroke-width=""2""><polygon points=""5 3 19 12 5 21 5 3""></polygon></svg></button></div><div class=""meta-section""><div class=""translation"">這兩個鄰居終於同意將他們之間的土地分開，結束了關於邊界的長期爭端。</div><div class=""entry-explanation"">動詞「同意」。</div></div></div><div class=""entry""><div class=""sentence-row""><div class=""sentence"">The agreement was signed <span class=""collocation"">by</span> <span class=""target-word"">mutual</span> <span class=""collocation"">consent</span>, meaning both sides were happy with the terms of the contract.</div><button class=""tts-button"" data-tts=""The agreement was signed by mutual consent, meaning both sides were happy with the terms of the contract."" onclick=""window.playTTS(this.getAttribute('data-tts'))""><svg viewBox=""0 0 24 24"" fill=""none"" stroke=""currentColor"" stroke-width=""2""><polygon points=""5 3 19 12 5 21 5 3""></polygon></svg></button></div><div class=""meta-section""><div class=""translation"">該協議是經由雙方同意而簽署的，意味著雙方對合約條款都感到滿意。</div><div class=""entry-explanation"">名詞「同意」。搭配 by mutual consent。</div></div></div></div><div class=""related-forms""><span class=""label"">Related:</span> consenting</div></div>"
conservation	"<div class=""anki-card-content""><div class=""general-explanation"">名詞「保育、保存」。常用於自然資源、環境或歷史建築的保護。常用搭配：wildlife conservation (野生動物保育), conservation area (保育區)。</div><div class=""entries-container""><div class=""entry""><div class=""sentence-row""><div class=""sentence"">The government established a new <span class=""target-word"">conservation</span> <span class=""collocation"">area</span> to protect endangered species from losing their natural habitats.</div><button class=""tts-button"" data-tts=""The government established a new conservation area to protect endangered species from losing their natural habitats."" onclick=""window.playTTS(this.getAttribute('data-tts'))""><svg viewBox=""0 0 24 24"" fill=""none"" stroke=""currentColor"" stroke-width=""2""><polygon points=""5 3 19 12 5 21 5 3""></polygon></svg></button></div><div class=""meta-section""><div class=""translation"">政府建立了一個新的保育區，以保護瀕危物種免於失去其自然棲息地。</div><div class=""entry-explanation"">名詞「保育區」。搭配 conservation area。</div></div></div><div class=""entry""><div class=""sentence-row""><div class=""sentence"">Many volunteers joined the <span class=""target-word"">conservation</span> <span class=""collocation"">project</span> to plant trees and clean the beaches, aiming to restore the local ecosystem.</div><button class=""tts-button"" data-tts=""Many volunteers joined the conservation project to plant trees and clean the beaches, aiming to restore the local ecosystem."" onclick=""window.playTTS(this.getAttribute('data-tts'))""><svg viewBox=""0 0 24 24"" fill=""none"" stroke=""currentColor"" stroke-width=""2""><polygon points=""5 3 19 12 5 21 5 3""></polygon></svg></button></div><div class=""meta-section""><div class=""translation"">許多志工加入了保育計畫，種樹並清理海灘，旨在恢復當地的生態系統。</div><div class=""entry-explanation"">名詞「保育」。搭配 conservation project。</div></div></div><div class=""entry""><div class=""sentence-row""><div class=""sentence"">Water <span class=""target-word"">conservation</span> is essential in regions where droughts are common, as it ensures that enough water is available for everyone.</div><button class=""tts-button"" data-tts=""Water conservation is essential in regions where droughts are common, as it ensures that enough water is available for everyone."" onclick=""window.playTTS(this.getAttribute('data-tts'))""><svg viewBox=""0 0 24 24"" fill=""none"" stroke=""currentColor"" stroke-width=""2""><polygon points=""5 3 19 12 5 21 5 3""></polygon></svg></button></div><div class=""meta-section""><div class=""translation"">在乾旱頻繁的地區，節水（水資源保育）至關重要，因為它確保了每個人都有足夠的水可用。</div><div class=""entry-explanation"">名詞「保育」。指資源的節約與保護。</div></div></div></div><div class=""related-forms""><span class=""label"">Related:</span> conserve, conservationist</div></div>"
considerate	"<div class=""anki-card-content""><div class=""general-explanation"">形容詞「體貼的、周到的」。指對他人的需求或感受考慮周到。注意與 considerable (相當多的) 區別。</div><div class=""entries-container""><div class=""entry""><div class=""sentence-row""><div class=""sentence"">It was very <span class=""target-word"">considerate</span> of him to bring an umbrella for his friend, knowing that the weather forecast predicted heavy rain.</div><button class=""tts-button"" data-tts=""It was very considerate of him to bring an umbrella for his friend, knowing that the weather forecast predicted heavy rain."" onclick=""window.playTTS(this.getAttribute('data-tts'))""><svg viewBox=""0 0 24 24"" fill=""none"" stroke=""currentColor"" stroke-width=""2""><polygon points=""5 3 19 12 5 21 5 3""></polygon></svg></button></div><div class=""meta-section""><div class=""translation"">知道天氣預報預測有大雨，他給朋友帶一把傘，真是非常體貼。</div><div class=""entry-explanation"">形容詞「體貼的」。</div></div></div><div class=""entry""><div class=""sentence-row""><div class=""sentence"">The <span class=""target-word"">considerate</span> students always remember to lower their voices when they are studying in the library to avoid disturbing others.</div><button class=""tts-button"" data-tts=""The considerate students always remember to lower their voices when they are studying in the library to avoid disturbing others."" onclick=""window.playTTS(this.getAttribute('data-tts'))""><svg viewBox=""0 0 24 24"" fill=""none"" stroke=""currentColor"" stroke-width=""2""><polygon points=""5 3 19 12 5 21 5 3""></polygon></svg></button></div><div class=""meta-section""><div class=""translation"">體貼的學生在圖書館學習時總是記得降低聲音，以避免打擾他人。</div><div class=""entry-explanation"">形容詞「體貼的」。</div></div></div><div class=""entry""><div class=""sentence-row""><div class=""sentence"">She is known for being <span class=""target-word"">considerate</span> and kind, always putting the needs of others before her own in every situation.</div><button class=""tts-button"" data-tts=""She is known for being considerate and kind, always putting the needs of others before her own in every situation."" onclick=""window.playTTS(this.getAttribute('data-tts'))""><svg viewBox=""0 0 24 24"" fill=""none"" stroke=""currentColor"" stroke-width=""2""><polygon points=""5 3 19 12 5 21 5 3""></polygon></svg></button></div><div class=""meta-section""><div class=""translation"">她以體貼和善良著稱，在任何情況下總是將他人的需求置於自己之上。</div><div class=""entry-explanation"">形容詞「體貼的」。</div></div></div></div><div class=""related-forms""><span class=""label"">Related:</span> considerately, consideration</div></div>"
constitutional	"<div class=""anki-card-content""><div class=""general-explanation"">形容詞「憲法的、體質的」。名詞則指「憲法」。常用搭配：constitutional right (憲法權利), constitutional amendment (憲法修正案)。</div><div class=""entries-container""><div class=""entry""><div class=""sentence-row""><div class=""sentence"">The lawyers argued that the new law was <span class=""target-word"">constitutional</span>, meaning it did not violate any of the country's basic laws.</div><button class=""tts-button"" data-tts=""The lawyers argued that the new law was constitutional, meaning it did not violate any of the country&#x27;s basic laws."" onclick=""window.playTTS(this.getAttribute('data-tts'))""><svg viewBox=""0 0 24 24"" fill=""none"" stroke=""currentColor"" stroke-width=""2""><polygon points=""5 3 19 12 5 21 5 3""></polygon></svg></button></div><div class=""meta-section""><div class=""translation"">律師們主張這項新法律是符合憲法的，意味著它沒有違反該國的任何基本法律。</div><div class=""entry-explanation"">形容詞「符合憲法的」。</div></div></div><div class=""entry""><div class=""sentence-row""><div class=""sentence"">Freedom of speech is considered a fundamental <span class=""target-word"">constitutional</span> <span class=""collocation"">right</span> in many democratic countries around the world.</div><button class=""tts-button"" data-tts=""Freedom of speech is considered a fundamental constitutional right in many democratic countries around the world."" onclick=""window.playTTS(this.getAttribute('data-tts'))""><svg viewBox=""0 0 24 24"" fill=""none"" stroke=""currentColor"" stroke-width=""2""><polygon points=""5 3 19 12 5 21 5 3""></polygon></svg></button></div><div class=""meta-section""><div class=""translation"">言論自由在世界上許多民主國家被認為是一項基本的憲法權利。</div><div class=""entry-explanation"">形容詞「憲法的」。搭配 constitutional right。</div></div></div><div class=""entry""><div class=""sentence-row""><div class=""sentence"">The government proposed a <span class=""target-word"">constitutional</span> <span class=""collocation"">amendment</span> to change the way the president is elected every four years.</div><button class=""tts-button"" data-tts=""The government proposed a constitutional amendment to change the way the president is elected every four years."" onclick=""window.playTTS(this.getAttribute('data-tts'))""><svg viewBox=""0 0 24 24"" fill=""none"" stroke=""currentColor"" stroke-width=""2""><polygon points=""5 3 19 12 5 21 5 3""></polygon></svg></button></div><div class=""meta-section""><div class=""translation"">政府提出了憲法修正案，以改變每四年一次總統選舉的方式。</div><div class=""entry-explanation"">形容詞「憲法的」。搭配 constitutional amendment。</div></div></div></div><div class=""related-forms""><span class=""label"">Related:</span> constitution</div></div>"
constraint	"<div class=""anki-card-content""><div class=""general-explanation"">名詞「限制、約束」。指限制行動或選擇的條件。常用搭配：financial constraints (財務限制), time constraints (時間限制), under constraint (在強迫下)。</div><div class=""entries-container""><div class=""entry""><div class=""sentence-row""><div class=""sentence"">Due to severe <span class=""target-word"">financial</span> <span class=""target-word"">constraints</span>, the school had to cancel the annual art exhibition and the music festival.</div><button class=""tts-button"" data-tts=""Due to severe financial constraints, the school had to cancel the annual art exhibition and the music festival."" onclick=""window.playTTS(this.getAttribute('data-tts'))""><svg viewBox=""0 0 24 24"" fill=""none"" stroke=""currentColor"" stroke-width=""2""><polygon points=""5 3 19 12 5 21 5 3""></polygon></svg></button></div><div class=""meta-section""><div class=""translation"">由於嚴重的財務限制，學校不得不取消年度藝術展和音樂節。</div><div class=""entry-explanation"">名詞「限制」。搭配 financial constraints。</div></div></div><div class=""entry""><div class=""sentence-row""><div class=""sentence"">The architect had to work within strict <span class=""target-word"">time</span> <span class=""target-word"">constraints</span> to finish the building before the grand opening ceremony.</div><button class=""tts-button"" data-tts=""The architect had to work within strict time constraints to finish the building before the grand opening ceremony."" onclick=""window.playTTS(this.getAttribute('data-tts'))""><svg viewBox=""0 0 24 24"" fill=""none"" stroke=""currentColor"" stroke-width=""2""><polygon points=""5 3 19 12 5 21 5 3""></polygon></svg></button></div><div class=""meta-section""><div class=""translation"">建築師必須在嚴格的時間限制下工作，以在盛大的開幕式之前完成建築物。</div><div class=""entry-explanation"">名詞「限制」。搭配 time constraints。</div></div></div><div class=""entry""><div class=""sentence-row""><div class=""sentence"">The artist felt a sense of <span class=""target-word"">constraint</span> when he was forced to use only a limited number of colors in his painting.</div><button class=""tts-button"" data-tts=""The artist felt a sense of constraint when he was forced to use only a limited number of colors in his painting."" onclick=""window.playTTS(this.getAttribute('data-tts'))""><svg viewBox=""0 0 24 24"" fill=""none"" stroke=""currentColor"" stroke-width=""2""><polygon points=""5 3 19 12 5 21 5 3""></polygon></svg></button></div><div class=""meta-section""><div class=""translation"">藝術家在被強迫僅使用有限數量的顏色繪畫時，感到一種限制感。</div><div class=""entry-explanation"">名詞「限制、約束」。</div></div></div></div><div class=""related-forms""><span class=""label"">Related:</span> constrain</div></div>"
consultation	"<div class=""anki-card-content""><div class=""general-explanation"">名詞「諮詢、商議」。指為了獲取建議或專業意見而進行的討論。常用搭配：in consultation with (與...商議), professional consultation (專業諮詢)。</div><div class=""entries-container""><div class=""entry""><div class=""sentence-row""><div class=""sentence"">The principal decided the new school rules <span class=""collocation"">in</span> <span class=""target-word"">consultation</span> <span class=""collocation"">with</span> the student council and the teachers.</div><button class=""tts-button"" data-tts=""The principal decided the new school rules in consultation with the student council and the teachers."" onclick=""window.playTTS(this.getAttribute('data-tts'))""><svg viewBox=""0 0 24 24"" fill=""none"" stroke=""currentColor"" stroke-width=""2""><polygon points=""5 3 19 12 5 21 5 3""></polygon></svg></button></div><div class=""meta-section""><div class=""translation"">校長與學生會和老師們商議後，決定了新的學校規則。</div><div class=""entry-explanation"">名詞「商議」。搭配 in consultation with...</div></div></div><div class=""entry""><div class=""sentence-row""><div class=""sentence"">If you are feeling stressed about your future career, it is a good idea to seek a professional <span class=""target-word"">consultation</span> from a counselor.</div><button class=""tts-button"" data-tts=""If you are feeling stressed about your future career, it is a good idea to seek a professional consultation from a counselor."" onclick=""window.playTTS(this.getAttribute('data-tts'))""><svg viewBox=""0 0 24 24"" fill=""none"" stroke=""currentColor"" stroke-width=""2""><polygon points=""5 3 19 12 5 21 5 3""></polygon></svg></button></div><div class=""meta-section""><div class=""translation"">如果你對未來的職業感到壓力，尋求諮詢師的專業諮詢是一個好主意。</div><div class=""entry-explanation"">名詞「諮詢」。指獲取專業建議。</div></div></div><div class=""entry""><div class=""sentence-row""><div class=""sentence"">The city council held a public <span class=""target-word"">consultation</span> to hear the opinions of citizens regarding the construction of a new park.</div><button class=""tts-button"" data-tts=""The city council held a public consultation to hear the opinions of citizens regarding the construction of a new park."" onclick=""window.playTTS(this.getAttribute('data-tts'))""><svg viewBox=""0 0 24 24"" fill=""none"" stroke=""currentColor"" stroke-width=""2""><polygon points=""5 3 19 12 5 21 5 3""></polygon></svg></button></div><div class=""meta-section""><div class=""translation"">市議會舉行了公眾諮詢會，以聽取市民關於建設新公園的意見。</div><div class=""entry-explanation"">名詞「諮詢、商議」。指公開討論。</div></div></div></div><div class=""related-forms""><span class=""label"">Related:</span> consult</div></div>"
consumption	"<div class=""anki-card-content""><div class=""general-explanation"">名詞，意為「消費」或「消耗」。常用於描述資源、能源或食物的量。常見搭配：mass consumption (大量消費), energy consumption (能源消耗), consumption of... (對...的消費/消耗)。</div><div class=""entries-container""><div class=""entry""><div class=""sentence-row""><div class=""sentence"">The government is encouraging people to reduce their energy <span class=""target-word"">consumption</span> by using energy-efficient appliances to protect the environment.</div><button class=""tts-button"" data-tts=""The government is encouraging people to reduce their energy consumption by using energy-efficient appliances to protect the environment."" onclick=""window.playTTS(this.getAttribute('data-tts'))""><svg viewBox=""0 0 24 24"" fill=""none"" stroke=""currentColor"" stroke-width=""2""><polygon points=""5 3 19 12 5 21 5 3""></polygon></svg></button></div><div class=""meta-section""><div class=""translation"">政府正鼓勵人們使用節能電器來減少能源消耗，以保護環境。</div><div class=""entry-explanation"">名詞「消耗」。指資源或能源的使用量。</div></div></div><div class=""entry""><div class=""sentence-row""><div class=""sentence"">Doctors warn that the excessive <span class=""target-word"">consumption</span> <span class=""collocation"">of</span> sugar can lead to various health problems, such as obesity and diabetes.</div><button class=""tts-button"" data-tts=""Doctors warn that the excessive consumption of sugar can lead to various health problems, such as obesity and diabetes."" onclick=""window.playTTS(this.getAttribute('data-tts'))""><svg viewBox=""0 0 24 24"" fill=""none"" stroke=""currentColor"" stroke-width=""2""><polygon points=""5 3 19 12 5 21 5 3""></polygon></svg></button></div><div class=""meta-section""><div class=""translation"">醫生警告說，過量攝取糖分會導致各種健康問題，例如肥胖和糖尿病。</div><div class=""entry-explanation"">名詞「攝取/消費」。在此指對食物或飲品的攝取。</div></div></div><div class=""entry""><div class=""sentence-row""><div class=""sentence"">The rise of online shopping has significantly changed the patterns of mass <span class=""target-word"">consumption</span> in modern society.</div><button class=""tts-button"" data-tts=""The rise of online shopping has significantly changed the patterns of mass consumption in modern society."" onclick=""window.playTTS(this.getAttribute('data-tts'))""><svg viewBox=""0 0 24 24"" fill=""none"" stroke=""currentColor"" stroke-width=""2""><polygon points=""5 3 19 12 5 21 5 3""></polygon></svg></button></div><div class=""meta-section""><div class=""translation"">網路購物的興起顯著改變了現代社會的大量消費模式。</div><div class=""entry-explanation"">名詞「消費」。指購買商品的行為或習慣。</div></div></div></div><div class=""related-forms""><span class=""label"">Related:</span> consume, consumer</div></div>"
contagious	"<div class=""anki-card-content""><div class=""general-explanation"">形容詞，意為「傳染性的」或「具有感染力的」。可用於描述疾病，也可比喻地描述情緒（如笑聲、恐慌）。常用搭配：contagious disease (傳染病), contagious laughter (具感染力的笑聲)。</div><div class=""entries-container""><div class=""entry""><div class=""sentence-row""><div class=""sentence"">Flu is a highly <span class=""target-word"">contagious</span> virus, so students are advised to stay home and rest when they have a fever.</div><button class=""tts-button"" data-tts=""Flu is a highly contagious virus, so students are advised to stay home and rest when they have a fever."" onclick=""window.playTTS(this.getAttribute('data-tts'))""><svg viewBox=""0 0 24 24"" fill=""none"" stroke=""currentColor"" stroke-width=""2""><polygon points=""5 3 19 12 5 21 5 3""></polygon></svg></button></div><div class=""meta-section""><div class=""translation"">流感是一種高度傳染性的病毒，因此建議學生在發燒時留在家中休息。</div><div class=""entry-explanation"">形容詞「傳染性的」。指疾病可從一人傳到另一人。</div></div></div><div class=""entry""><div class=""sentence-row""><div class=""sentence"">Her <span class=""target-word"">contagious</span> laughter filled the room, making everyone feel happy and relaxed during the stressful exam period.</div><button class=""tts-button"" data-tts=""Her contagious laughter filled the room, making everyone feel happy and relaxed during the stressful exam period."" onclick=""window.playTTS(this.getAttribute('data-tts'))""><svg viewBox=""0 0 24 24"" fill=""none"" stroke=""currentColor"" stroke-width=""2""><polygon points=""5 3 19 12 5 21 5 3""></polygon></svg></button></div><div class=""meta-section""><div class=""translation"">她那具有感染力的笑聲充滿了房間，讓每個人在壓力巨大的考試期間都感到快樂和放鬆。</div><div class=""entry-explanation"">形容詞「具感染力的」。比喻用法，指情緒或行為容易影響他人。</div></div></div></div><div class=""related-forms""><span class=""label"">Related:</span> contagion</div></div>"
contaminate	"<div class=""anki-card-content""><div class=""general-explanation"">動詞，意為「污染」。指將有害或不潔的東西加入其中，使之不純或危險。常用搭配：contaminate the environment (污染環境), contaminated water (被污染的水)。</div><div class=""entries-container""><div class=""entry""><div class=""sentence-row""><div class=""sentence"">Chemical leaks from the factory have <span class=""target-word"">contaminated</span> the local river, making the water unsafe for fish and humans.</div><button class=""tts-button"" data-tts=""Chemical leaks from the factory have contaminated the local river, making the water unsafe for fish and humans."" onclick=""window.playTTS(this.getAttribute('data-tts'))""><svg viewBox=""0 0 24 24"" fill=""none"" stroke=""currentColor"" stroke-width=""2""><polygon points=""5 3 19 12 5 21 5 3""></polygon></svg></button></div><div class=""meta-section""><div class=""translation"">工廠的化學洩漏污染了當地河流，使水對魚類和人類來說是不安全的。</div><div class=""entry-explanation"">動詞「污染」。指使環境或物質變得不潔。</div></div></div><div class=""entry""><div class=""sentence-row""><div class=""sentence"">To ensure food safety, you should keep raw meat separate from vegetables to avoid <span class=""target-word"">contaminating</span> the fresh produce.</div><button class=""tts-button"" data-tts=""To ensure food safety, you should keep raw meat separate from vegetables to avoid contaminating the fresh produce."" onclick=""window.playTTS(this.getAttribute('data-tts'))""><svg viewBox=""0 0 24 24"" fill=""none"" stroke=""currentColor"" stroke-width=""2""><polygon points=""5 3 19 12 5 21 5 3""></polygon></svg></button></div><div class=""meta-section""><div class=""translation"">為了確保食品安全，您應該將生肉與蔬菜分開存放，以避免污染新鮮農產品。</div><div class=""entry-explanation"">動詞「污染」。在此指將細菌或有害物質傳播至其他食物。</div></div></div></div><div class=""related-forms""><span class=""label"">Related:</span> contamination, contaminant</div></div>"
contemplate	"<div class=""anki-card-content""><div class=""general-explanation"">動詞，意為「沉思」或「考慮」。指長時間地思考某件事，或在做決定前深思熟慮。常用搭配：contemplate doing something (考慮做某事)。</div><div class=""entries-container""><div class=""entry""><div class=""sentence-row""><div class=""sentence"">After graduating from high school, many students <span class=""target-word"">contemplate</span> <span class=""collocation"">whether</span> to study abroad or attend a local university.</div><button class=""tts-button"" data-tts=""After graduating from high school, many students contemplate whether to study abroad or attend a local university."" onclick=""window.playTTS(this.getAttribute('data-tts'))""><svg viewBox=""0 0 24 24"" fill=""none"" stroke=""currentColor"" stroke-width=""2""><polygon points=""5 3 19 12 5 21 5 3""></polygon></svg></button></div><div class=""meta-section""><div class=""translation"">高中畢業後，許多學生在沉思是否要出國留學或就讀當地大學。</div><div class=""entry-explanation"">動詞「沉思/考慮」。指對未來選擇的深思熟慮。</div></div></div><div class=""entry""><div class=""sentence-row""><div class=""sentence"">The artist spent hours <span class=""target-word"">contemplating</span> the blank canvas, trying to decide which colors would best express his emotions.</div><button class=""tts-button"" data-tts=""The artist spent hours contemplating the blank canvas, trying to decide which colors would best express his emotions."" onclick=""window.playTTS(this.getAttribute('data-tts'))""><svg viewBox=""0 0 24 24"" fill=""none"" stroke=""currentColor"" stroke-width=""2""><polygon points=""5 3 19 12 5 21 5 3""></polygon></svg></button></div><div class=""meta-section""><div class=""translation"">藝術家花了好幾個小時凝視著空白的畫布，試圖決定用哪些顏色最能表達他的情感。</div><div class=""entry-explanation"">動詞「沉思/凝視」。指專注地思考或觀察。</div></div></div></div><div class=""related-forms""><span class=""label"">Related:</span> contemplation, contemplative</div></div>"
contemporary	"<div class=""anki-card-content""><div class=""general-explanation"">形容詞「當代的、同時代的」；名詞「同時代的人」。作為形容詞時，常指現代的風格或議題。注意與 modern 的區別：contemporary 強調的是「現在這個時間點」，而 modern 則可指一個較寬的時代區間（如 modern history）。</div><div class=""entries-container""><div class=""entry""><div class=""sentence-row""><div class=""sentence"">The museum features a wide collection of <span class=""target-word"">contemporary</span> art, showcasing the creative styles of artists living today.</div><button class=""tts-button"" data-tts=""The museum features a wide collection of contemporary art, showcasing the creative styles of artists living today."" onclick=""window.playTTS(this.getAttribute('data-tts'))""><svg viewBox=""0 0 24 24"" fill=""none"" stroke=""currentColor"" stroke-width=""2""><polygon points=""5 3 19 12 5 21 5 3""></polygon></svg></button></div><div class=""meta-section""><div class=""translation"">這家博物館展出了大量當代藝術收藏，展示了現今生活著的藝術家的創意風格。</div><div class=""entry-explanation"">形容詞「當代的」。指現今時代的。</div></div></div><div class=""entry""><div class=""sentence-row""><div class=""sentence"">Although they lived in different countries, the two philosophers were <span class=""target-word"">contemporaries</span>, sharing similar ideas about human nature.</div><button class=""tts-button"" data-tts=""Although they lived in different countries, the two philosophers were contemporaries, sharing similar ideas about human nature."" onclick=""window.playTTS(this.getAttribute('data-tts'))""><svg viewBox=""0 0 24 24"" fill=""none"" stroke=""currentColor"" stroke-width=""2""><polygon points=""5 3 19 12 5 21 5 3""></polygon></svg></button></div><div class=""meta-section""><div class=""translation"">儘管他們住在不同的國家，這兩位哲學家是同時代的人，對人性有著相似的看法。</div><div class=""entry-explanation"">名詞「同時代的人」。指在同一時間段生活的人。</div></div></div><div class=""entry""><div class=""sentence-row""><div class=""sentence"">The teacher compared the traditional poems with <span class=""target-word"">contemporary</span> literature to show how writing styles have changed over time.</div><button class=""tts-button"" data-tts=""The teacher compared the traditional poems with contemporary literature to show how writing styles have changed over time."" onclick=""window.playTTS(this.getAttribute('data-tts'))""><svg viewBox=""0 0 24 24"" fill=""none"" stroke=""currentColor"" stroke-width=""2""><polygon points=""5 3 19 12 5 21 5 3""></polygon></svg></button></div><div class=""meta-section""><div class=""translation"">老師將傳統詩歌與當代文學進行比較，以展示寫作風格隨時間如何改變。</div><div class=""entry-explanation"">形容詞「同時代的/當代的」。</div></div></div></div><div class=""related-forms""><span class=""label"">Related:</span> contemporaneous</div></div>"
contempt	"<div class=""anki-card-content""><div class=""general-explanation"">名詞，意為「輕視、蔑視」。指對某人或某事認為其不值得尊重或低劣的感覺。常用搭配：show contempt for (對...表示輕視), treat with contempt (以輕視對待)。</div><div class=""entries-container""><div class=""entry""><div class=""sentence-row""><div class=""sentence"">The arrogant student spoke with <span class=""target-word"">contempt</span> <span class=""collocation"">for</span> those who struggled with the subject, making him unpopular among his peers.</div><button class=""tts-button"" data-tts=""The arrogant student spoke with contempt for those who struggled with the subject, making him unpopular among his peers."" onclick=""window.playTTS(this.getAttribute('data-tts'))""><svg viewBox=""0 0 24 24"" fill=""none"" stroke=""currentColor"" stroke-width=""2""><polygon points=""5 3 19 12 5 21 5 3""></polygon></svg></button></div><div class=""meta-section""><div class=""translation"">那個傲慢的學生對那些在該科目上遇到困難的人表示輕視，這使他在同儕中不受歡迎。</div><div class=""entry-explanation"">名詞「輕視」。指對他人缺乏尊重的態度。</div></div></div><div class=""entry""><div class=""sentence-row""><div class=""sentence"">The judge warned the lawyer that showing <span class=""target-word"">contempt</span> <span class=""collocation"">of</span> court would result in severe legal penalties.</div><button class=""tts-button"" data-tts=""The judge warned the lawyer that showing contempt of court would result in severe legal penalties."" onclick=""window.playTTS(this.getAttribute('data-tts'))""><svg viewBox=""0 0 24 24"" fill=""none"" stroke=""currentColor"" stroke-width=""2""><polygon points=""5 3 19 12 5 21 5 3""></polygon></svg></button></div><div class=""meta-section""><div class=""translation"">法官警告律師，對法院表示輕視（藐視法庭）將導致嚴厲的法律處罰。</div><div class=""entry-explanation"">名詞「輕視/藐視」。contempt of court 是法律術語，指藐視法庭。</div></div></div></div><div class=""related-forms""><span class=""label"">Related:</span> contemptuous, contemptible</div></div>"
contend	"<div class=""anki-card-content""><div class=""general-explanation"">動詞，意為「競爭」或「主張」。當指競爭時，常用 contend with (對付/競爭)；當指主張時，常用 contend that (主張...)。注意其名詞形式 contention (爭論/主張)。</div><div class=""entries-container""><div class=""entry""><div class=""sentence-row""><div class=""sentence"">The two top athletes had to <span class=""target-word"">contend</span> <span class=""collocation"">with</span> each other for the gold medal in the final race of the Olympics.</div><button class=""tts-button"" data-tts=""The two top athletes had to contend with each other for the gold medal in the final race of the Olympics."" onclick=""window.playTTS(this.getAttribute('data-tts'))""><svg viewBox=""0 0 24 24"" fill=""none"" stroke=""currentColor"" stroke-width=""2""><polygon points=""5 3 19 12 5 21 5 3""></polygon></svg></button></div><div class=""meta-section""><div class=""translation"">這兩位頂尖運動員必須在奧運會的最後一場比賽中競爭金牌。</div><div class=""entry-explanation"">動詞「競爭」。指兩者之間為了爭奪某物而競爭。</div></div></div><div class=""entry""><div class=""sentence-row""><div class=""sentence"">Some historians <span class=""target-word"">contend</span> <span class=""collocation"">that</span> the ancient civilization collapsed due to climate change rather than war.</div><button class=""tts-button"" data-tts=""Some historians contend that the ancient civilization collapsed due to climate change rather than war."" onclick=""window.playTTS(this.getAttribute('data-tts'))""><svg viewBox=""0 0 24 24"" fill=""none"" stroke=""currentColor"" stroke-width=""2""><polygon points=""5 3 19 12 5 21 5 3""></polygon></svg></button></div><div class=""meta-section""><div class=""translation"">一些歷史學家主張，這個古文明的崩潰是由於氣候變遷而非戰爭。</div><div class=""entry-explanation"">動詞「主張」。指在爭論中提出自己的觀點。</div></div></div><div class=""entry""><div class=""sentence-row""><div class=""sentence"">During the hiking trip, the group had to <span class=""target-word"">contend</span> <span class=""collocation"">with</span> heavy rain and strong winds, making their journey difficult.</div><button class=""tts-button"" data-tts=""During the hiking trip, the group had to contend with heavy rain and strong winds, making their journey difficult."" onclick=""window.playTTS(this.getAttribute('data-tts'))""><svg viewBox=""0 0 24 24"" fill=""none"" stroke=""currentColor"" stroke-width=""2""><polygon points=""5 3 19 12 5 21 5 3""></polygon></svg></button></div><div class=""meta-section""><div class=""translation"">在徒步旅行期間，該團體必須面對暴雨和強風，這讓他們的旅程變得困難。</div><div class=""entry-explanation"">動詞「對付/面對」。contend with 指處理困難的情況。</div></div></div></div><div class=""related-forms""><span class=""label"">Related:</span> contender, contention</div></div>"
continental	"<div class=""anki-card-content""><div class=""general-explanation"">形容詞，意為「大陸的」或「歐洲大陸的」。常用於描述地理區域或氣候（如 continental climate 大陸性氣候）。</div><div class=""entries-container""><div class=""entry""><div class=""sentence-row""><div class=""sentence"">The travel agency offers a <span class=""target-word"">continental</span> tour package that visits several major cities across the European continent.</div><button class=""tts-button"" data-tts=""The travel agency offers a continental tour package that visits several major cities across the European continent."" onclick=""window.playTTS(this.getAttribute('data-tts'))""><svg viewBox=""0 0 24 24"" fill=""none"" stroke=""currentColor"" stroke-width=""2""><polygon points=""5 3 19 12 5 21 5 3""></polygon></svg></button></div><div class=""meta-section""><div class=""translation"">旅行社提供一個歐洲大陸旅遊套裝行程，將參訪歐洲大陸上的幾個主要城市。</div><div class=""entry-explanation"">形容詞「大陸的」。指與歐洲大陸相關的。</div></div></div><div class=""entry""><div class=""sentence-row""><div class=""sentence"">Regions far from the ocean usually have a <span class=""target-word"">continental</span> climate, with very hot summers and very cold winters.</div><button class=""tts-button"" data-tts=""Regions far from the ocean usually have a continental climate, with very hot summers and very cold winters."" onclick=""window.playTTS(this.getAttribute('data-tts'))""><svg viewBox=""0 0 24 24"" fill=""none"" stroke=""currentColor"" stroke-width=""2""><polygon points=""5 3 19 12 5 21 5 3""></polygon></svg></button></div><div class=""meta-section""><div class=""translation"">遠離海洋的地區通常具有大陸性氣候，特徵是夏天非常炎熱且冬天非常寒冷。</div><div class=""entry-explanation"">形容詞「大陸的」。指大陸內部氣候。</div></div></div></div><div class=""related-forms""><span class=""label"">Related:</span> continent</div></div>"
contractor	"<div class=""anki-card-content""><div class=""general-explanation"">名詞，意為「承包商」。指與另一方簽約提供服務或工程的個人或公司。常用搭配：independent contractor (獨立承包商), general contractor (總承包商)。</div><div class=""entries-container""><div class=""entry""><div class=""sentence-row""><div class=""sentence"">The school hired a professional <span class=""target-word"">contractor</span> to renovate the old science laboratory and install new equipment.</div><button class=""tts-button"" data-tts=""The school hired a professional contractor to renovate the old science laboratory and install new equipment."" onclick=""window.playTTS(this.getAttribute('data-tts'))""><svg viewBox=""0 0 24 24"" fill=""none"" stroke=""currentColor"" stroke-width=""2""><polygon points=""5 3 19 12 5 21 5 3""></polygon></svg></button></div><div class=""meta-section""><div class=""translation"">學校聘請了一位專業承包商來翻新舊的科學實驗室並安裝新設備。</div><div class=""entry-explanation"">名詞「承包商」。指負責執行工程的人。</div></div></div><div class=""entry""><div class=""sentence-row""><div class=""sentence"">The homeowner complained that the <span class=""target-word"">contractor</span> had not finished the kitchen renovation on time as promised in the contract.</div><button class=""tts-button"" data-tts=""The homeowner complained that the contractor had not finished the kitchen renovation on time as promised in the contract."" onclick=""window.playTTS(this.getAttribute('data-tts'))""><svg viewBox=""0 0 24 24"" fill=""none"" stroke=""currentColor"" stroke-width=""2""><polygon points=""5 3 19 12 5 21 5 3""></polygon></svg></button></div><div class=""meta-section""><div class=""translation"">屋主抱怨承包商沒有按照合約約定在時間內完成廚房的翻新。</div><div class=""entry-explanation"">名詞「承包商」。指簽約提供服務的人。</div></div></div></div><div class=""related-forms""><span class=""label"">Related:</span> contract</div></div>"
contradiction	"<div class=""anki-card-content""><div class=""general-explanation"">名詞，意為「矛盾」。指兩個陳述或事實之間不一致或相反的情況。常用搭配：a contradiction in terms (矛盾修辭), contradict oneself (自相矛盾)。</div><div class=""entries-container""><div class=""entry""><div class=""sentence-row""><div class=""sentence"">There is a clear <span class=""target-word"">contradiction</span> <span class=""collocation"">between</span> the politician's promises and his actual actions after he was elected.</div><button class=""tts-button"" data-tts=""There is a clear contradiction between the politician&#x27;s promises and his actual actions after he was elected."" onclick=""window.playTTS(this.getAttribute('data-tts'))""><svg viewBox=""0 0 24 24"" fill=""none"" stroke=""currentColor"" stroke-width=""2""><polygon points=""5 3 19 12 5 21 5 3""></polygon></svg></button></div><div class=""meta-section""><div class=""translation"">這位政治家在當選後的承諾與實際行動之間存在明顯的矛盾。</div><div class=""entry-explanation"">名詞「矛盾」。指兩者之間的不一致。</div></div></div><div class=""entry""><div class=""sentence-row""><div class=""sentence"">The witness's second statement was a complete <span class=""target-word"">contradiction</span> <span class=""collocation"">of</span> the first one, leading the jury to doubt his honesty.</div><button class=""tts-button"" data-tts=""The witness&#x27;s second statement was a complete contradiction of the first one, leading the jury to doubt his honesty."" onclick=""window.playTTS(this.getAttribute('data-tts'))""><svg viewBox=""0 0 24 24"" fill=""none"" stroke=""currentColor"" stroke-width=""2""><polygon points=""5 3 19 12 5 21 5 3""></polygon></svg></button></div><div class=""meta-section""><div class=""translation"">證人的第二次陳述與第一次完全矛盾，導致陪審團懷疑他的誠實。</div><div class=""entry-explanation"">名詞「矛盾」。指後者否認或相反於前者。</div></div></div><div class=""entry""><div class=""sentence-row""><div class=""sentence"">Calling this luxury hotel a 'budget-friendly' option is a <span class=""target-word"">contradiction</span> <span class=""collocation"">in</span> terms, as the prices are extremely high.</div><button class=""tts-button"" data-tts=""Calling this luxury hotel a &#x27;budget-friendly&#x27; option is a contradiction in terms, as the prices are extremely high."" onclick=""window.playTTS(this.getAttribute('data-tts'))""><svg viewBox=""0 0 24 24"" fill=""none"" stroke=""currentColor"" stroke-width=""2""><polygon points=""5 3 19 12 5 21 5 3""></polygon></svg></button></div><div class=""meta-section""><div class=""translation"">將這家豪華酒店稱為「經濟實惠」的選擇是一種矛盾修辭，因為價格極高。</div><div class=""entry-explanation"">名詞「矛盾」。contradiction in terms 指詞彙組合本身就矛盾。</div></div></div></div><div class=""related-forms""><span class=""label"">Related:</span> contradict</div></div>"
controversial	"<div class=""anki-card-content""><div class=""general-explanation"">形容詞「有爭議的」。常用於描述觀點、議題或決定引起人們強烈且對立的意見。常見搭配：controversial issue/topic/decision。</div><div class=""entries-container""><div class=""entry""><div class=""sentence-row""><div class=""sentence"">The government's <span class=""target-word"">controversial</span> <span class=""collocation"">decision</span> to build a new dam caused widespread protests from local residents and environmentalists.</div><button class=""tts-button"" data-tts=""The government&#x27;s controversial decision to build a new dam caused widespread protests from local residents and environmentalists."" onclick=""window.playTTS(this.getAttribute('data-tts'))""><svg viewBox=""0 0 24 24"" fill=""none"" stroke=""currentColor"" stroke-width=""2""><polygon points=""5 3 19 12 5 21 5 3""></polygon></svg></button></div><div class=""meta-section""><div class=""translation"">政府建造新水壩的爭議性決定引起了當地居民和環保主義者的廣泛抗議。</div><div class=""entry-explanation"">形容詞「有爭議的」。描述決定引起對立意見。</div></div></div><div class=""entry""><div class=""sentence-row""><div class=""sentence"">The professor led a lively debate on a <span class=""target-word"">controversial</span> <span class=""collocation"">topic</span> regarding climate change, encouraging students to analyze different perspectives.</div><button class=""tts-button"" data-tts=""The professor led a lively debate on a controversial topic regarding climate change, encouraging students to analyze different perspectives."" onclick=""window.playTTS(this.getAttribute('data-tts'))""><svg viewBox=""0 0 24 24"" fill=""none"" stroke=""currentColor"" stroke-width=""2""><polygon points=""5 3 19 12 5 21 5 3""></polygon></svg></button></div><div class=""meta-section""><div class=""translation"">教授針對氣候變遷這一爭議性話題引導了一場熱烈的辯論，鼓勵學生分析不同的觀點。</div><div class=""entry-explanation"">形容詞「有爭議的」。常用搭配 controversial topic。</div></div></div><div class=""entry""><div class=""sentence-row""><div class=""sentence"">Whether students should be allowed to use AI tools for their essays is a <span class=""target-word"">controversial</span> <span class=""collocation"">issue</span> in many modern classrooms.</div><button class=""tts-button"" data-tts=""Whether students should be allowed to use AI tools for their essays is a controversial issue in many modern classrooms."" onclick=""window.playTTS(this.getAttribute('data-tts'))""><svg viewBox=""0 0 24 24"" fill=""none"" stroke=""currentColor"" stroke-width=""2""><polygon points=""5 3 19 12 5 21 5 3""></polygon></svg></button></div><div class=""meta-section""><div class=""translation"">學生是否應該被允許在論文中使用 AI 工具，在許多現代教室中是一個有爭議的議題。</div><div class=""entry-explanation"">形容詞「有爭議的」。常用搭配 controversial issue。</div></div></div></div><div class=""related-forms""><span class=""label"">Related:</span> controversially</div></div>"
controversy	"<div class=""anki-card-content""><div class=""general-explanation"">名詞「爭議」。指對某事產生強烈且對立的意見的狀態。常用片語：spark/cause a controversy (引起爭議), be at the center of controversy (處於爭議中心)。</div><div class=""entries-container""><div class=""entry""><div class=""sentence-row""><div class=""sentence"">The artist's latest painting <span class=""collocation"">sparked</span> a huge <span class=""target-word"">controversy</span> because it challenged traditional views of beauty and art.</div><button class=""tts-button"" data-tts=""The artist&#x27;s latest painting sparked a huge controversy because it challenged traditional views of beauty and art."" onclick=""window.playTTS(this.getAttribute('data-tts'))""><svg viewBox=""0 0 24 24"" fill=""none"" stroke=""currentColor"" stroke-width=""2""><polygon points=""5 3 19 12 5 21 5 3""></polygon></svg></button></div><div class=""meta-section""><div class=""translation"">這位藝術家的最新畫作引起了巨大的爭議，因為它挑戰了傳統的審美觀和藝術觀。</div><div class=""entry-explanation"">名詞「爭議」。片語 spark a controversy 表示「引起爭議」。</div></div></div><div class=""entry""><div class=""sentence-row""><div class=""sentence"">The new school policy regarding smartphone use <span class=""collocation"">caused</span> a <span class=""target-word"">controversy</span> among students and parents, leading to several heated meetings.</div><button class=""tts-button"" data-tts=""The new school policy regarding smartphone use caused a controversy among students and parents, leading to several heated meetings."" onclick=""window.playTTS(this.getAttribute('data-tts'))""><svg viewBox=""0 0 24 24"" fill=""none"" stroke=""currentColor"" stroke-width=""2""><polygon points=""5 3 19 12 5 21 5 3""></polygon></svg></button></div><div class=""meta-section""><div class=""translation"">學校關於手機使用的新規定引起了學生和家長的爭議，導致了幾次激烈的會議。</div><div class=""entry-explanation"">名詞「爭議」。片語 cause a controversy 表示「造成爭議」。</div></div></div><div class=""entry""><div class=""sentence-row""><div class=""sentence"">The famous athlete was <span class=""collocation"">at the center of</span> <span class=""target-word"">controversy</span> after he was accused of using banned substances to improve his performance.</div><button class=""tts-button"" data-tts=""The famous athlete was at the center of controversy after he was accused of using banned substances to improve his performance."" onclick=""window.playTTS(this.getAttribute('data-tts'))""><svg viewBox=""0 0 24 24"" fill=""none"" stroke=""currentColor"" stroke-width=""2""><polygon points=""5 3 19 12 5 21 5 3""></polygon></svg></button></div><div class=""meta-section""><div class=""translation"">這位著名運動員在被指控使用禁藥提高表現後，處於爭議的中心。</div><div class=""entry-explanation"">名詞「爭議」。片語 be at the center of controversy 表示「處於爭議中心」。</div></div></div></div><div class=""related-forms""><span class=""label"">Related:</span> controversial</div></div>"
conversion	"<div class=""anki-card-content""><div class=""general-explanation"">名詞「轉換、轉變」。可指從一種形式、功能、信仰或單位到另一種的轉變。常見搭配：currency conversion (貨幣轉換), conversion rate (轉換率)。</div><div class=""entries-container""><div class=""entry""><div class=""sentence-row""><div class=""sentence"">When traveling to Japan, the tourist spent some time studying <span class=""collocation"">currency</span> <span class=""target-word"">conversion</span> to understand how much his money was worth in yen.</div><button class=""tts-button"" data-tts=""When traveling to Japan, the tourist spent some time studying currency conversion to understand how much his money was worth in yen."" onclick=""window.playTTS(this.getAttribute('data-tts'))""><svg viewBox=""0 0 24 24"" fill=""none"" stroke=""currentColor"" stroke-width=""2""><polygon points=""5 3 19 12 5 21 5 3""></polygon></svg></button></div><div class=""meta-section""><div class=""translation"">去日本旅遊時，這位遊客花了一些時間研究貨幣轉換，以了解他的錢換算成日圓是多少。</div><div class=""entry-explanation"">名詞「轉換」。指貨幣單位的變更。</div></div></div><div class=""entry""><div class=""sentence-row""><div class=""sentence"">The old warehouse was redesigned for its <span class=""target-word"">conversion</span> <span class=""collocation"">into</span> a modern art gallery, attracting many visitors from the city.</div><button class=""tts-button"" data-tts=""The old warehouse was redesigned for its conversion into a modern art gallery, attracting many visitors from the city."" onclick=""window.playTTS(this.getAttribute('data-tts'))""><svg viewBox=""0 0 24 24"" fill=""none"" stroke=""currentColor"" stroke-width=""2""><polygon points=""5 3 19 12 5 21 5 3""></polygon></svg></button></div><div class=""meta-section""><div class=""translation"">這座舊倉庫為了轉換成現代藝術畫廊而重新設計，吸引了許多來自城市的遊客。</div><div class=""entry-explanation"">名詞「轉換」。指空間功能的轉變。常用搭配 conversion into sth。</div></div></div><div class=""entry""><div class=""sentence-row""><div class=""sentence"">The teacher explained the <span class=""target-word"">conversion</span> <span class=""collocation"">of</span> Celsius to Fahrenheit, helping students calculate the temperature change more accurately.</div><button class=""tts-button"" data-tts=""The teacher explained the conversion of Celsius to Fahrenheit, helping students calculate the temperature change more accurately."" onclick=""window.playTTS(this.getAttribute('data-tts'))""><svg viewBox=""0 0 24 24"" fill=""none"" stroke=""currentColor"" stroke-width=""2""><polygon points=""5 3 19 12 5 21 5 3""></polygon></svg></button></div><div class=""meta-section""><div class=""translation"">老師解釋了攝氏度轉華氏度的轉換方式，幫助學生更準確地計算溫度變化。</div><div class=""entry-explanation"">名詞「轉換」。指測量單位的轉換。</div></div></div></div><div class=""related-forms""><span class=""label"">Related:</span> convert</div></div>"
convert	"<div class=""anki-card-content""><div class=""general-explanation"">動詞「轉換、轉變」。指將某物從一種形式、目的或信仰變更為另一種。名詞則指「改宗者、轉向者」。</div><div class=""entries-container""><div class=""entry""><div class=""sentence-row""><div class=""sentence"">The school decided to <span class=""target-word"">convert</span> the unused storage room <span class=""collocation"">into</span> a small library to provide students with more reading space.</div><button class=""tts-button"" data-tts=""The school decided to convert the unused storage room into a small library to provide students with more reading space."" onclick=""window.playTTS(this.getAttribute('data-tts'))""><svg viewBox=""0 0 24 24"" fill=""none"" stroke=""currentColor"" stroke-width=""2""><polygon points=""5 3 19 12 5 21 5 3""></polygon></svg></button></div><div class=""meta-section""><div class=""translation"">學校決定將不使用的儲藏室轉換成一座小圖書館，以提供學生更多閱讀空間。</div><div class=""entry-explanation"">動詞「轉換」。常用搭配 convert A into B。</div></div></div><div class=""entry""><div class=""sentence-row""><div class=""sentence"">Many homeowners <span class=""target-word"">convert</span> their old garages <span class=""collocation"">into</span> home offices to create a quiet environment for working from home.</div><button class=""tts-button"" data-tts=""Many homeowners convert their old garages into home offices to create a quiet environment for working from home."" onclick=""window.playTTS(this.getAttribute('data-tts'))""><svg viewBox=""0 0 24 24"" fill=""none"" stroke=""currentColor"" stroke-width=""2""><polygon points=""5 3 19 12 5 21 5 3""></polygon></svg></button></div><div class=""meta-section""><div class=""translation"">許多房主將他們的舊車庫轉換成家庭辦公室，以創造一個適合在家工作的安靜環境。</div><div class=""entry-explanation"">動詞「轉換」。常用搭配 convert A into B。</div></div></div><div class=""entry""><div class=""sentence-row""><div class=""sentence"">After reading several books on philosophy, the young man decided to <span class=""target-word"">convert</span> his beliefs and join a different religious group.</div><button class=""tts-button"" data-tts=""After reading several books on philosophy, the young man decided to convert his beliefs and join a different religious group."" onclick=""window.playTTS(this.getAttribute('data-tts'))""><svg viewBox=""0 0 24 24"" fill=""none"" stroke=""currentColor"" stroke-width=""2""><polygon points=""5 3 19 12 5 21 5 3""></polygon></svg></button></div><div class=""meta-section""><div class=""translation"">在閱讀了幾本關於哲學的書後，這個年輕人決定轉變他的信仰，加入另一個宗教團體。</div><div class=""entry-explanation"">動詞「轉變」。指信仰的改變。</div></div></div><div class=""entry""><div class=""sentence-row""><div class=""sentence"">The <span class=""target-word"">convert</span> spoke passionately about how his new faith had changed his life and given him a new sense of purpose.</div><button class=""tts-button"" data-tts=""The convert spoke passionately about how his new faith had changed his life and given him a new sense of purpose."" onclick=""window.playTTS(this.getAttribute('data-tts'))""><svg viewBox=""0 0 24 24"" fill=""none"" stroke=""currentColor"" stroke-width=""2""><polygon points=""5 3 19 12 5 21 5 3""></polygon></svg></button></div><div class=""meta-section""><div class=""translation"">這位改宗者熱情地談論他的新信仰如何改變了他的生活並給予他新的目標感。</div><div class=""entry-explanation"">名詞「改宗者」。指改變信仰的人。</div></div></div></div><div class=""related-forms""><span class=""label"">Related:</span> conversion</div></div>"
convict	"<div class=""anki-card-content""><div class=""general-explanation"">動詞「定罪、宣判有罪」。名詞「囚犯、被定罪者」。注意動詞與名詞的發音不同（動詞重音在第二音節，名詞重音在第一音節）。</div><div class=""entries-container""><div class=""entry""><div class=""sentence-row""><div class=""sentence"">The jury took three days to discuss the evidence before they finally <span class=""target-word"">convicted</span> the suspect <span class=""collocation"">of</span> theft and fraud.</div><button class=""tts-button"" data-tts=""The jury took three days to discuss the evidence before they finally convicted the suspect of theft and fraud."" onclick=""window.playTTS(this.getAttribute('data-tts'))""><svg viewBox=""0 0 24 24"" fill=""none"" stroke=""currentColor"" stroke-width=""2""><polygon points=""5 3 19 12 5 21 5 3""></polygon></svg></button></div><div class=""meta-section""><div class=""translation"">陪審團討論證據三天後，最終將該嫌疑人定為盜竊和詐騙罪。</div><div class=""entry-explanation"">動詞「定罪」。常用搭配 convict someone of a crime。</div></div></div><div class=""entry""><div class=""sentence-row""><div class=""sentence"">The lawyer tried to present new evidence to prove that the man had been <span class=""target-word"">convicted</span> <span class=""collocation"">wrongly</span>, but the court rejected it.</div><button class=""tts-button"" data-tts=""The lawyer tried to present new evidence to prove that the man had been convicted wrongly, but the court rejected it."" onclick=""window.playTTS(this.getAttribute('data-tts'))""><svg viewBox=""0 0 24 24"" fill=""none"" stroke=""currentColor"" stroke-width=""2""><polygon points=""5 3 19 12 5 21 5 3""></polygon></svg></button></div><div class=""meta-section""><div class=""translation"">律師試圖提供新證據證明該男子被錯誤定罪，但法院拒絕了。</div><div class=""entry-explanation"">動詞「定罪」。常用搭配 be convicted of sth。</div></div></div><div class=""entry""><div class=""sentence-row""><div class=""sentence"">The <span class=""target-word"">convict</span> was ordered to perform community service as part of his sentence after being found guilty of a minor offense.</div><button class=""tts-button"" data-tts=""The convict was ordered to perform community service as part of his sentence after being found guilty of a minor offense."" onclick=""window.playTTS(this.getAttribute('data-tts'))""><svg viewBox=""0 0 24 24"" fill=""none"" stroke=""currentColor"" stroke-width=""2""><polygon points=""5 3 19 12 5 21 5 3""></polygon></svg></button></div><div class=""meta-section""><div class=""translation"">這名囚犯在被判定犯有輕微罪行後，被命令執行社區服務作為其刑期的部分。</div><div class=""entry-explanation"">名詞「囚犯」。指被法律定罪的人。</div></div></div></div><div class=""related-forms""><span class=""label"">Related:</span> conviction</div></div>"
conviction	"<div class=""anki-card-content""><div class=""general-explanation"">名詞「定罪」或「堅定的信念」。指被法院判決有罪的行為或一種深植於心的強烈信念。注意區分這兩種截然不同的意義。</div><div class=""entries-container""><div class=""entry""><div class=""sentence-row""><div class=""sentence"">The man had no previous <span class=""target-word"">convictions</span> for any crimes, which led the judge to give him a lighter sentence for his first offense.</div><button class=""tts-button"" data-tts=""The man had no previous convictions for any crimes, which led the judge to give him a lighter sentence for his first offense."" onclick=""window.playTTS(this.getAttribute('data-tts'))""><svg viewBox=""0 0 24 24"" fill=""none"" stroke=""currentColor"" stroke-width=""2""><polygon points=""5 3 19 12 5 21 5 3""></polygon></svg></button></div><div class=""meta-section""><div class=""translation"">該男子此前沒有任何犯罪紀錄（定罪紀錄），這使得法官對其第一宗罪行給予較輕的刑期。</div><div class=""entry-explanation"">名詞「定罪」。指法律上的定罪紀錄。</div></div></div><div class=""entry""><div class=""sentence-row""><div class=""sentence"">She spoke with deep <span class=""target-word"">conviction</span>, making the audience believe that her plan to protect the environment was the only way to save the planet.</div><button class=""tts-button"" data-tts=""She spoke with deep conviction, making the audience believe that her plan to protect the environment was the only way to save the planet."" onclick=""window.playTTS(this.getAttribute('data-tts'))""><svg viewBox=""0 0 24 24"" fill=""none"" stroke=""currentColor"" stroke-width=""2""><polygon points=""5 3 19 12 5 21 5 3""></polygon></svg></button></div><div class=""meta-section""><div class=""translation"">她帶著深厚的信念地說話，使聽眾相信她保護環境的計畫是拯救地球的唯一方法。</div><div class=""entry-explanation"">名詞「信念」。指強烈且堅定的信念。</div></div></div><div class=""entry""><div class=""sentence-row""><div class=""sentence"">It is her <span class=""collocation"">firm</span> <span class=""target-word"">conviction</span> that every child in the world should have access to quality education regardless of their background.</div><button class=""tts-button"" data-tts=""It is her firm conviction that every child in the world should have access to quality education regardless of their background."" onclick=""window.playTTS(this.getAttribute('data-tts'))""><svg viewBox=""0 0 24 24"" fill=""none"" stroke=""currentColor"" stroke-width=""2""><polygon points=""5 3 19 12 5 21 5 3""></polygon></svg></button></div><div class=""meta-section""><div class=""translation"">她的堅定信念是，世界上每個孩子無論背景如何，都應該能夠獲得高品質的教育。</div><div class=""entry-explanation"">名詞「信念」。常用搭配 firm conviction。</div></div></div></div><div class=""related-forms""><span class=""label"">Related:</span> convict</div></div>"
coordinate	"<div class=""anki-card-content""><div class=""general-explanation"">動詞「協調、統籌」；名詞「座標」；形容詞「對等的、協調的」。在 GSAT 中，動詞用法最為常見，指安排多人或多個部分共同工作以達成目標。</div><div class=""entries-container""><div class=""entry""><div class=""sentence-row""><div class=""sentence"">The student council president had to <span class=""target-word"">coordinate</span> with the teachers and the school administration to organize the annual sports meet.</div><button class=""tts-button"" data-tts=""The student council president had to coordinate with the teachers and the school administration to organize the annual sports meet."" onclick=""window.playTTS(this.getAttribute('data-tts'))""><svg viewBox=""0 0 24 24"" fill=""none"" stroke=""currentColor"" stroke-width=""2""><polygon points=""5 3 19 12 5 21 5 3""></polygon></svg></button></div><div class=""meta-section""><div class=""translation"">學生會會長必須與老師和學校行政部門協調，以籌備年度運動會。</div><div class=""entry-explanation"">動詞「協調」。指安排多人共同工作。</div></div></div><div class=""entry""><div class=""sentence-row""><div class=""sentence"">To ensure the event ran smoothly, the volunteers <span class=""target-word"">coordinated</span> their efforts to manage the crowd and guide visitors to the rest rooms.</div><button class=""tts-button"" data-tts=""To ensure the event ran smoothly, the volunteers coordinated their efforts to manage the crowd and guide visitors to the rest rooms."" onclick=""window.playTTS(this.getAttribute('data-tts'))""><svg viewBox=""0 0 24 24"" fill=""none"" stroke=""currentColor"" stroke-width=""2""><polygon points=""5 3 19 12 5 21 5 3""></polygon></svg></button></div><div class=""meta-section""><div class=""translation"">為了確保活動順利進行，志工們協調他們的努力，以管理人群並引導遊客前往休息室。</div><div class=""entry-explanation"">動詞「協調」。指同步行動。</div></div></div><div class=""entry""><div class=""sentence-row""><div class=""sentence"">The geography teacher asked the students to mark the exact <span class=""target-word"">coordinates</span> of the ancient city on the map using their GPS devices.</div><button class=""tts-button"" data-tts=""The geography teacher asked the students to mark the exact coordinates of the ancient city on the map using their GPS devices."" onclick=""window.playTTS(this.getAttribute('data-tts'))""><svg viewBox=""0 0 24 24"" fill=""none"" stroke=""currentColor"" stroke-width=""2""><polygon points=""5 3 19 12 5 21 5 3""></polygon></svg></button></div><div class=""meta-section""><div class=""translation"">地理老師要求學生使用 GPS 設備在地圖上標記出古城的精確座標。</div><div class=""entry-explanation"">名詞「座標」。指地圖或數學上的位置。</div></div></div><div class=""entry""><div class=""sentence-row""><div class=""sentence"">She wore a <span class=""target-word"">coordinated</span> outfit of a white blouse and a grey skirt, which made her look professional and elegant for the interview.</div><button class=""tts-button"" data-tts=""She wore a coordinated outfit of a white blouse and a grey skirt, which made her look professional and elegant for the interview."" onclick=""window.playTTS(this.getAttribute('data-tts'))""><svg viewBox=""0 0 24 24"" fill=""none"" stroke=""currentColor"" stroke-width=""2""><polygon points=""5 3 19 12 5 21 5 3""></polygon></svg></button></div><div class=""meta-section""><div class=""translation"">她穿了一套協調的白色上衣和灰色裙子，讓她在面試時看起來專業且優雅。</div><div class=""entry-explanation"">形容詞「協調的」。指色彩或風格一致。</div></div></div></div><div class=""related-forms""><span class=""label"">Related:</span> coordination, coordinator</div></div>"
copyright	"<div class=""anki-card-content""><div class=""general-explanation"">名詞「版權、著作權」；動詞「為...取得版權」。指法律保護的創作物所有權。常用搭配：copyright law (版權法), violate copyright (侵犯版權)。</div><div class=""entries-container""><div class=""entry""><div class=""sentence-row""><div class=""sentence"">The author was shocked to find that his latest novel had been printed and sold without his permission, <span class=""collocation"">violating</span> the <span class=""target-word"">copyright</span> <span class=""collocation"">law</span>.</div><button class=""tts-button"" data-tts=""The author was shocked to find that his latest novel had been printed and sold without his permission, violating the copyright law."" onclick=""window.playTTS(this.getAttribute('data-tts'))""><svg viewBox=""0 0 24 24"" fill=""none"" stroke=""currentColor"" stroke-width=""2""><polygon points=""5 3 19 12 5 21 5 3""></polygon></svg></button></div><div class=""meta-section""><div class=""translation"">作者驚訝地發現他的最新小說在未經他許可的情況下被印刷並銷售，侵犯了版權法。</div><div class=""entry-explanation"">名詞「版權」。常用搭配 violate copyright law。</div></div></div><div class=""entry""><div class=""sentence-row""><div class=""sentence"">Many artists now use digital watermarks to protect their <span class=""target-word"">copyright</span> and prevent other people from stealing their original drawings.</div><button class=""tts-button"" data-tts=""Many artists now use digital watermarks to protect their copyright and prevent other people from stealing their original drawings."" onclick=""window.playTTS(this.getAttribute('data-tts'))""><svg viewBox=""0 0 24 24"" fill=""none"" stroke=""currentColor"" stroke-width=""2""><polygon points=""5 3 19 12 5 21 5 3""></polygon></svg></button></div><div class=""meta-section""><div class=""translation"">許多藝術家現在使用數位水印來保護他們的版權，防止他人盜用他們的原創繪畫。</div><div class=""entry-explanation"">名詞「版權」。</div></div></div><div class=""entry""><div class=""sentence-row""><div class=""sentence"">The software company decided to <span class=""target-word"">copyright</span> their new program to ensure that no other company could copy the source code without payment.</div><button class=""tts-button"" data-tts=""The software company decided to copyright their new program to ensure that no other company could copy the source code without payment."" onclick=""window.playTTS(this.getAttribute('data-tts'))""><svg viewBox=""0 0 24 24"" fill=""none"" stroke=""currentColor"" stroke-width=""2""><polygon points=""5 3 19 12 5 21 5 3""></polygon></svg></button></div><div class=""meta-section""><div class=""translation"">該軟體公司決定為其新程式取得版權，以確保沒有其他公司可以在不付費的情況下複製原始碼。</div><div class=""entry-explanation"">動詞「為...取得版權」。</div></div></div></div><div class=""related-forms""><span class=""label"">Related:</span> copyrighted</div></div>"
core	"<div class=""anki-card-content""><div class=""general-explanation"">名詞「核心、中心」。可指物體的中心部分（如水果的果核）或事情的最重要、最基礎的部分（如核心價值）。常用搭配：core value (核心價值), core subject (核心科目)。</div><div class=""entries-container""><div class=""entry""><div class=""sentence-row""><div class=""sentence"">The scientist explained that the <span class=""target-word"">core</span> of the Earth consists mainly of iron and nickel, creating a powerful magnetic field.</div><button class=""tts-button"" data-tts=""The scientist explained that the core of the Earth consists mainly of iron and nickel, creating a powerful magnetic field."" onclick=""window.playTTS(this.getAttribute('data-tts'))""><svg viewBox=""0 0 24 24"" fill=""none"" stroke=""currentColor"" stroke-width=""2""><polygon points=""5 3 19 12 5 21 5 3""></polygon></svg></button></div><div class=""meta-section""><div class=""translation"">科學家解釋說，地球的核心主要由鐵和鎳組成，創造了一個強大的磁場。</div><div class=""entry-explanation"">名詞「核心」。指物理上的中心。</div></div></div><div class=""entry""><div class=""sentence-row""><div class=""sentence"">English and Mathematics are considered <span class=""collocation"">core</span> <span class=""target-word"">subjects</span> in high school, as they provide the fundamental knowledge needed for almost every career.</div><button class=""tts-button"" data-tts=""English and Mathematics are considered core subjects in high school, as they provide the fundamental knowledge needed for almost every career."" onclick=""window.playTTS(this.getAttribute('data-tts'))""><svg viewBox=""0 0 24 24"" fill=""none"" stroke=""currentColor"" stroke-width=""2""><polygon points=""5 3 19 12 5 21 5 3""></polygon></svg></button></div><div class=""meta-section""><div class=""translation"">英文和數學被認為是高中的核心科目，因為它們提供了幾乎所有職業所需的基礎知識。</div><div class=""entry-explanation"">名詞（作形容詞用法）「核心」。常用搭配 core subject。</div></div></div><div class=""entry""><div class=""sentence-row""><div class=""sentence"">The company's <span class=""target-word"">core</span> <span class=""collocation"">values</span> emphasize honesty and teamwork, which helps them build trust with their customers over the long term.</div><button class=""tts-button"" data-tts=""The company&#x27;s core values emphasize honesty and teamwork, which helps them build trust with their customers over the long term."" onclick=""window.playTTS(this.getAttribute('data-tts'))""><svg viewBox=""0 0 24 24"" fill=""none"" stroke=""currentColor"" stroke-width=""2""><polygon points=""5 3 19 12 5 21 5 3""></polygon></svg></button></div><div class=""meta-section""><div class=""translation"">公司的核心價值觀強調誠實和團隊合作，這幫助他們與客戶建立長期的信任。</div><div class=""entry-explanation"">名詞（作形容詞用法）「核心」。常用搭配 core value。</div></div></div><div class=""entry""><div class=""sentence-row""><div class=""sentence"">After eating the apple, the boy threw the <span class=""target-word"">core</span> into the compost bin to help the garden's soil become more fertile.</div><button class=""tts-button"" data-tts=""After eating the apple, the boy threw the core into the compost bin to help the garden&#x27;s soil become more fertile."" onclick=""window.playTTS(this.getAttribute('data-tts'))""><svg viewBox=""0 0 24 24"" fill=""none"" stroke=""currentColor"" stroke-width=""2""><polygon points=""5 3 19 12 5 21 5 3""></polygon></svg></button></div><div class=""meta-section""><div class=""translation""></div><div class=""entry-explanation"">名詞「果核」。</div></div></div></div></div>"
corporate	"<div class=""anki-card-content""><div class=""general-explanation"">形容詞「公司的、法人的、企業的」。常用於描述與大公司或企業運作相關的事物。常見搭配：corporate culture (企業文化), corporate image (企業形象), corporate social responsibility (企業社會責任)。</div><div class=""entries-container""><div class=""entry""><div class=""sentence-row""><div class=""sentence"">The new employee spent the first week learning about the <span class=""target-word"">corporate</span> <span class=""collocation"">culture</span>, including how colleagues interact and how meetings are conducted.</div><button class=""tts-button"" data-tts=""The new employee spent the first week learning about the corporate culture, including how colleagues interact and how meetings are conducted."" onclick=""window.playTTS(this.getAttribute('data-tts'))""><svg viewBox=""0 0 24 24"" fill=""none"" stroke=""currentColor"" stroke-width=""2""><polygon points=""5 3 19 12 5 21 5 3""></polygon></svg></button></div><div class=""meta-section""><div class=""translation"">新員工在第一週學習企業文化，包括同事之間如何互動以及會議如何進行。</div><div class=""entry-explanation"">形容詞「公司的」。常用搭配 corporate culture。</div></div></div><div class=""entry""><div class=""sentence-row""><div class=""sentence"">Many large companies now focus on <target>corporate</pattern> <span class=""collocation"">social responsibility</span>, such as donating money to local charities to improve their public image.</div><button class=""tts-button"" data-tts=""Many large companies now focus on corporate social responsibility, such as donating money to local charities to improve their public image."" onclick=""window.playTTS(this.getAttribute('data-tts'))""><svg viewBox=""0 0 24 24"" fill=""none"" stroke=""currentColor"" stroke-width=""2""><polygon points=""5 3 19 12 5 21 5 3""></polygon></svg></button></div><div class=""meta-section""><div class=""translation"">許多大公司現在專注於企業社會責任，例如捐款給當地慈善機構以改善其公眾形象。</div><div class=""entry-explanation"">形容詞「公司的」。常用搭配 corporate social responsibility。</div></div></div><div class=""entry""><div class=""sentence-row""><div class=""sentence"">The marketing team worked hard to create a professional <span class=""target-word"">corporate</span> <span class=""collocation"">image</span> that would attract more investors and high-quality talent.</div><button class=""tts-button"" data-tts=""The marketing team worked hard to create a professional corporate image that would attract more investors and high-quality talent."" onclick=""window.playTTS(this.getAttribute('data-tts'))""><svg viewBox=""0 0 24 24"" fill=""none"" stroke=""currentColor"" stroke-width=""2""><polygon points=""5 3 19 12 5 21 5 3""></polygon></svg></button></div><div class=""meta-section""><div class=""translation"">行銷團隊努力塑造專業的企業形象，以吸引更多投資者和高質量的人才。</div><div class=""entry-explanation"">形容詞「公司的」。常用搭配 corporate image。</div></div></div></div><div class=""related-forms""><span class=""label"">Related:</span> corporation</div></div>"
corporation	"<div class=""anki-card-content""><div class=""general-explanation"">名詞，意為「公司、法人、企業體」。通常指規模較大的公司，尤其是那些法律上被視為單一實體的組織。常用搭配：multinational corporation (跨國公司), government corporation (政府法人)。</div><div class=""entries-container""><div class=""entry""><div class=""sentence-row""><div class=""sentence"">The multinational <span class=""target-word"">corporation</span> expanded its business to several Asian countries to reach more customers and increase its global profits.</div><button class=""tts-button"" data-tts=""The multinational corporation expanded its business to several Asian countries to reach more customers and increase its global profits."" onclick=""window.playTTS(this.getAttribute('data-tts'))""><svg viewBox=""0 0 24 24"" fill=""none"" stroke=""currentColor"" stroke-width=""2""><polygon points=""5 3 19 12 5 21 5 3""></polygon></svg></button></div><div class=""meta-section""><div class=""translation"">這家跨國公司將其業務擴展到幾個亞洲國家，以接觸更多客戶並增加其全球利潤。</div><div class=""entry-explanation"">名詞「公司」。指規模巨大的企業體。</div></div></div><div class=""entry""><div class=""sentence-row""><div class=""sentence"">Many young graduates hope to find a stable job in a large <span class=""target-word"">corporation</span> because of the better benefits and career growth opportunities.</div><button class=""tts-button"" data-tts=""Many young graduates hope to find a stable job in a large corporation because of the better benefits and career growth opportunities."" onclick=""window.playTTS(this.getAttribute('data-tts'))""><svg viewBox=""0 0 24 24"" fill=""none"" stroke=""currentColor"" stroke-width=""2""><polygon points=""5 3 19 12 5 21 5 3""></polygon></svg></button></div><div class=""meta-section""><div class=""translation"">許多年輕畢業生希望在大型公司中找到一份穩定的工作，因為那裡有更好的福利和職涯成長機會。</div><div class=""entry-explanation"">名詞「公司」。常用於描述大型企業。</div></div></div></div><div class=""related-forms""><span class=""label"">Related:</span> corporate</div></div>"
correlation	"<div class=""anki-card-content""><div class=""general-explanation"">名詞，意為「相關性、相互關係」。常用於學術、統計或科學語境，描述兩個變數之間是否存在聯繫。注意：correlation 不代表 causation (因果關係)，這是常見的邏輯謬誤。</div><div class=""entries-container""><div class=""entry""><div class=""sentence-row""><div class=""sentence"">Researchers found a strong <span class=""target-word"">correlation</span> <span class=""collocation"">between</span> the amount of time students spend studying and their final exam scores.</div><button class=""tts-button"" data-tts=""Researchers found a strong correlation between the amount of time students spend studying and their final exam scores."" onclick=""window.playTTS(this.getAttribute('data-tts'))""><svg viewBox=""0 0 24 24"" fill=""none"" stroke=""currentColor"" stroke-width=""2""><polygon points=""5 3 19 12 5 21 5 3""></polygon></svg></button></div><div class=""meta-section""><div class=""translation"">研究人員發現學生花在學習上的時間與其期末考分數之間存在強烈的相關性。</div><div class=""entry-explanation"">名詞「相關性」。常用搭配：correlation between A and B。</div></div></div><div class=""entry""><div class=""sentence-row""><div class=""sentence"">Although there is a <span class=""target-word"">correlation</span> <span class=""collocation"">between</span> ice cream sales and summer temperatures, it does not mean that ice cream causes the heat.</div><button class=""tts-button"" data-tts=""Although there is a correlation between ice cream sales and summer temperatures, it does not mean that ice cream causes the heat."" onclick=""window.playTTS(this.getAttribute('data-tts'))""><svg viewBox=""0 0 24 24"" fill=""none"" stroke=""currentColor"" stroke-width=""2""><polygon points=""5 3 19 12 5 21 5 3""></polygon></svg></button></div><div class=""meta-section""><div class=""translation"">雖然冰淇淋的銷售額與夏季溫度之間存在相關性，但這並不意味著冰淇淋導致了高溫。</div><div class=""entry-explanation"">名詞「相關性」。此處強調相關性不等於因果關係。</div></div></div></div></div>"
correspondent	"<div class=""anki-card-content""><div class=""general-explanation"">名詞，意為「通訊員、記者」。通常指被派駐在特定地點或專門報導特定領域的記者。常用搭配：foreign correspondent (駐外記者), war correspondent (戰地記者)。</div><div class=""entries-container""><div class=""entry""><div class=""sentence-row""><div class=""sentence"">The network's foreign <span class=""target-word"">correspondent</span> reported live from the capital city to provide updates on the political crisis in the region.</div><button class=""tts-button"" data-tts=""The network&#x27;s foreign correspondent reported live from the capital city to provide updates on the political crisis in the region."" onclick=""window.playTTS(this.getAttribute('data-tts'))""><svg viewBox=""0 0 24 24"" fill=""none"" stroke=""currentColor"" stroke-width=""2""><polygon points=""5 3 19 12 5 21 5 3""></polygon></svg></button></div><div class=""meta-section""><div class=""translation"">該電視台的駐外記者從首都進行現場報導，以提供該地區政治危機的最新進展。</div><div class=""entry-explanation"">名詞「駐外記者」。指派駐在國外的記者。</div></div></div><div class=""entry""><div class=""sentence-row""><div class=""sentence"">As a war <span class=""target-word"">correspondent</span>, he traveled to dangerous conflict zones to document the reality of the war and share the stories of the victims.</div><button class=""tts-button"" data-tts=""As a war correspondent, he traveled to dangerous conflict zones to document the reality of the war and share the stories of the victims."" onclick=""window.playTTS(this.getAttribute('data-tts'))""><svg viewBox=""0 0 24 24"" fill=""none"" stroke=""currentColor"" stroke-width=""2""><polygon points=""5 3 19 12 5 21 5 3""></polygon></svg></button></div><div class=""meta-section""><div class=""translation"">作為一名戰地記者，他前往危險的衝突地區記錄戰爭的現實並分享受害者的故事。</div><div class=""entry-explanation"">名詞「戰地記者」。指專門報導戰爭地區的記者。</div></div></div></div><div class=""related-forms""><span class=""label"">Related:</span> correspondence, correspondent</div></div>"
corridor	"<div class=""anki-card-content""><div class=""general-explanation"">名詞，意為「走廊、通道」。指建築物內連接不同房間的狹長空間。常用於學校、醫院或飯店等場景。</div><div class=""entries-container""><div class=""entry""><div class=""sentence-row""><div class=""sentence"">Students were told to walk quietly in the <span class=""target-word"">corridor</span> during the class change to avoid disturbing other students who were still studying.</div><button class=""tts-button"" data-tts=""Students were told to walk quietly in the corridor during the class change to avoid disturbing other students who were still studying."" onclick=""window.playTTS(this.getAttribute('data-tts'))""><svg viewBox=""0 0 24 24"" fill=""none"" stroke=""currentColor"" stroke-width=""2""><polygon points=""5 3 19 12 5 21 5 3""></polygon></svg></button></div><div class=""meta-section""><div class=""translation"">學生們被告知在換課期間在走廊上安靜行走，以避免打擾到仍在學習的其他學生。</div><div class=""entry-explanation"">名詞「走廊」。指建築物內部的通道。</div></div></div><div class=""entry""><div class=""sentence-row""><div class=""sentence"">The nurse hurried down the hospital <span class=""target-word"">corridor</span> to deliver the medicine to the patient in room 302 as quickly as possible.</div><button class=""tts-button"" data-tts=""The nurse hurried down the hospital corridor to deliver the medicine to the patient in room 302 as quickly as possible."" onclick=""window.playTTS(this.getAttribute('data-tts'))""><svg viewBox=""0 0 24 24"" fill=""none"" stroke=""currentColor"" stroke-width=""2""><polygon points=""5 3 19 12 5 21 5 3""></polygon></svg></button></div><div class=""meta-section""><div class=""translation"">護理師快步走在醫院走廊上，為了盡快將藥品送到 302 室的病人手中。</div><div class=""entry-explanation"">名詞「走廊」。指醫院內部的通道。</div></div></div></div><div class=""related-forms""><span class=""label"">Related:</span> corridors</div></div>"
corrupt	"<div class=""anki-card-content""><div class=""general-explanation"">形容詞「腐敗的、墮落的」；動詞「使腐敗、使墮落」。形容詞時常指官員收賄或不誠實；動詞時指使人失去道德或使數據損壞。常用搭配：corrupt official (腐敗官員), corrupt a file (損壞文件)。</div><div class=""entries-container""><div class=""entry""><div class=""sentence-row""><div class=""sentence"">The citizens protested against the <span class=""target-word"">corrupt</span> government, demanding transparency and honesty in the management of public funds.</div><button class=""tts-button"" data-tts=""The citizens protested against the corrupt government, demanding transparency and honesty in the management of public funds."" onclick=""window.playTTS(this.getAttribute('data-tts'))""><svg viewBox=""0 0 24 24"" fill=""none"" stroke=""currentColor"" stroke-width=""2""><polygon points=""5 3 19 12 5 21 5 3""></polygon></svg></button></div><div class=""meta-section""><div class=""translation"">公民們抗議腐敗的政府，要求在管理公共資金方面保持透明和誠實。</div><div class=""entry-explanation"">形容詞「腐敗的」。指官員不誠實、收賄。</div></div></div><div class=""entry""><div class=""sentence-row""><div class=""sentence"">He was accused of taking bribes to <span class=""target-word"">corrupt</span> the judicial process and ensure a favorable outcome for the wealthy businessman.</div><button class=""tts-button"" data-tts=""He was accused of taking bribes to corrupt the judicial process and ensure a favorable outcome for the wealthy businessman."" onclick=""window.playTTS(this.getAttribute('data-tts'))""><svg viewBox=""0 0 24 24"" fill=""none"" stroke=""currentColor"" stroke-width=""2""><polygon points=""5 3 19 12 5 21 5 3""></polygon></svg></button></div><div class=""meta-section""><div class=""translation"">他被指控收賄以使司法程序腐敗，並確保該富商獲得有利的結果。</div><div class=""entry-explanation"">動詞「使腐敗」。指使法律或制度失去公正性。</div></div></div><div class=""entry""><div class=""sentence-row""><div class=""sentence"">I tried to open the document, but the computer warned me that the file was <span class=""target-word"">corrupted</span>, making it impossible to recover the data.</div><button class=""tts-button"" data-tts=""I tried to open the document, but the computer warned me that the file was corrupted, making it impossible to recover the data."" onclick=""window.playTTS(this.getAttribute('data-tts'))""><svg viewBox=""0 0 24 24"" fill=""none"" stroke=""currentColor"" stroke-width=""2""><polygon points=""5 3 19 12 5 21 5 3""></polygon></svg></button></div><div class=""meta-section""><div class=""translation"">我想打開這份文件，但電腦警告我文件已損壞，導致無法恢復數據。</div><div class=""entry-explanation"">形容詞/分詞「損壞的」。用於描述電腦文件損壞。</div></div></div></div><div class=""related-forms""><span class=""label"">Related:</span> corruption, corruptly</div></div>"
corruption	"<div class=""anki-card-content""><div class=""general-explanation"">名詞，意為「腐敗、貪汙」。指一種不誠實或不道德的行為，特別是人們在權力位置上利用權力獲利。常用搭配：political corruption (政治腐敗), fight against corruption (打擊貪汙)。</div><div class=""entries-container""><div class=""entry""><div class=""sentence-row""><div class=""sentence"">The organization works tirelessly to fight against <span class=""target-word"">corruption</span> in the government, promoting fairness and equality for all citizens.</div><button class=""tts-button"" data-tts=""The organization works tirelessly to fight against corruption in the government, promoting fairness and equality for all citizens."" onclick=""window.playTTS(this.getAttribute('data-tts'))""><svg viewBox=""0 0 24 24"" fill=""none"" stroke=""currentColor"" stroke-width=""2""><polygon points=""5 3 19 12 5 21 5 3""></polygon></svg></button></div><div class=""meta-section""><div class=""translation"">該組織不懈地努力打擊政府中的腐敗，促進所有公民的公平與平等。</div><div class=""entry-explanation"">名詞「腐敗、貪汙」。指利用權力獲利的非法行為。</div></div></div><div class=""entry""><div class=""sentence-row""><div class=""sentence"">Many people believe that widespread <span class=""target-word"">corruption</span> within the police force can lead to a loss of public trust in the legal system.</div><button class=""tts-button"" data-tts=""Many people believe that widespread corruption within the police force can lead to a loss of public trust in the legal system."" onclick=""window.playTTS(this.getAttribute('data-tts'))""><svg viewBox=""0 0 24 24"" fill=""none"" stroke=""currentColor"" stroke-width=""2""><polygon points=""5 3 19 12 5 21 5 3""></polygon></svg></button></div><div class=""meta-section""><div class=""translation"">許多人認為警力內部的廣泛腐敗會導致公眾對法律系統的信任喪失。</div><div class=""entry-explanation"">名詞「腐敗」。指組織內部的不誠實行為。</div></div></div></div><div class=""related-forms""><span class=""label"">Related:</span> corrupt</div></div>"
counsel	"<div class=""anki-card-content""><div class=""general-explanation"">名詞「建議、法律顧問」；動詞「建議、勸導」。注意與 counselor (顧問/諮詢師) 的區別：counsel 作為名詞時可指建議本身，或指在法庭上的律師。動詞則是指提供建議的過程。</div><div class=""entries-container""><div class=""entry""><div class=""sentence-row""><div class=""sentence"">The student sought the <span class=""target-word"">counsel</span> <span class=""collocation"">of</span> her school counselor to decide which elective courses would best suit her future goals.</div><button class=""tts-button"" data-tts=""The student sought the counsel of her school counselor to decide which elective courses would best suit her future goals."" onclick=""window.playTTS(this.getAttribute('data-tts'))""><svg viewBox=""0 0 24 24"" fill=""none"" stroke=""currentColor"" stroke-width=""2""><polygon points=""5 3 19 12 5 21 5 3""></polygon></svg></button></div><div class=""meta-section""><div class=""translation"">這名學生尋求學校輔導員的建議，以決定哪些選修課程最適合她未來的目標。</div><div class=""entry-explanation"">名詞「建議」。指提供給他人的指導或意見。</div></div></div><div class=""entry""><div class=""sentence-row""><div class=""sentence"">The judge asked the defense <span class=""target-word"">counsel</span> to present their evidence before making a final decision on the case.</div><button class=""tts-button"" data-tts=""The judge asked the defense counsel to present their evidence before making a final decision on the case."" onclick=""window.playTTS(this.getAttribute('data-tts'))""><svg viewBox=""0 0 24 24"" fill=""none"" stroke=""currentColor"" stroke-width=""2""><polygon points=""5 3 19 12 5 21 5 3""></polygon></svg></button></div><div class=""meta-section""><div class=""translation"">法官要求辯護律師在做出案件最終決定前提交其證據。</div><div class=""entry-explanation"">名詞「法律顧問/律師」。在法律語境中，counsel 指律師。</div></div></div><div class=""entry""><div class=""sentence-row""><div class=""sentence"">The experienced teacher tried to <span class=""target-word"">counsel</span> the struggling student on how to manage his time and reduce stress during the exam period.</div><button class=""tts-button"" data-tts=""The experienced teacher tried to counsel the struggling student on how to manage his time and reduce stress during the exam period."" onclick=""window.playTTS(this.getAttribute('data-tts'))""><svg viewBox=""0 0 24 24"" fill=""none"" stroke=""currentColor"" stroke-width=""2""><polygon points=""5 3 19 12 5 21 5 3""></polygon></svg></button></div><div class=""meta-section""><div class=""translation"">經驗豐富的老師試圖勸導一名學習困難的學生，教他如何管理時間並在考試期間減輕壓力。</div><div class=""entry-explanation"">動詞「建議、勸導」。指提供專業的指導。</div></div></div></div><div class=""related-forms""><span class=""label"">Related:</span> counselor, counseling</div></div>"
counselor	"<div class=""anki-card-content""><div class=""general-explanation"">名詞，意為「顧問、諮詢師、輔導員」。指提供專業建議或指導的人。常用搭配：school counselor (學校輔導員), guidance counselor (指導顧問)。</div><div class=""entries-container""><div class=""entry""><div class=""sentence-row""><div class=""sentence"">If you are feeling overwhelmed by the pressure of the entrance exam, you should talk to the school <span class=""target-word"">counselor</span> for support.</div><button class=""tts-button"" data-tts=""If you are feeling overwhelmed by the pressure of the entrance exam, you should talk to the school counselor for support."" onclick=""window.playTTS(this.getAttribute('data-tts'))""><svg viewBox=""0 0 24 24"" fill=""none"" stroke=""currentColor"" stroke-width=""2""><polygon points=""5 3 19 12 5 21 5 3""></polygon></svg></button></div><div class=""meta-section""><div class=""translation"">如果你覺得入學考試的壓力太大，你應該找學校輔導員尋求支持。</div><div class=""entry-explanation"">名詞「輔導員」。指在學校提供心理或學業指導的人。</div></div></div><div class=""entry""><div class=""sentence-row""><div class=""sentence"">The guidance <span class=""target-word"">counselor</span> helped the student choose a college major that matched his interests and personal strengths.</div><button class=""tts-button"" data-tts=""The guidance counselor helped the student choose a college major that matched his interests and personal strengths."" onclick=""window.playTTS(this.getAttribute('data-tts'))""><svg viewBox=""0 0 24 24"" fill=""none"" stroke=""currentColor"" stroke-width=""2""><polygon points=""5 3 19 12 5 21 5 3""></polygon></svg></button></div><div class=""meta-section""><div class=""translation"">指導顧問幫助這名學生選擇了一個符合他興趣和個人強項的大學專業。</div><div class=""entry-explanation"">名詞「指導顧問」。指幫助學生規劃未來的專業人員。</div></div></div></div><div class=""related-forms""><span class=""label"">Related:</span> counsel</div></div>"
courteous	"<div class=""anki-card-content""><div class=""general-explanation"">形容詞，意為「有禮貌的、客氣的」。比 polite 更正式，強調一種教養良好、體貼他人的態度。常用搭配：courteous behavior (有禮貌的行為), courteous treatment (禮貌的對待)。</div><div class=""entries-container""><div class=""entry""><div class=""sentence-row""><div class=""sentence"">The hotel staff were extremely <span class=""target-word"">courteous</span> and helpful, making the guests feel welcome and comfortable during their entire stay.</div><button class=""tts-button"" data-tts=""The hotel staff were extremely courteous and helpful, making the guests feel welcome and comfortable during their entire stay."" onclick=""window.playTTS(this.getAttribute('data-tts'))""><svg viewBox=""0 0 24 24"" fill=""none"" stroke=""currentColor"" stroke-width=""2""><polygon points=""5 3 19 12 5 21 5 3""></polygon></svg></button></div><div class=""meta-section""><div class=""translation"">飯店員工非常有禮貌且樂於助人，讓客人整個入住期間感到受歡迎且舒適。</div><div class=""entry-explanation"">形容詞「有禮貌的」。指態度客氣且教養良好。</div></div></div><div class=""entry""><div class=""sentence-row""><div class=""sentence"">It is important for sales employees to be <span class=""target-word"">courteous</span> <span class=""collocation"">to</span> all customers, regardless of whether they decide to buy anything.</div><button class=""tts-button"" data-tts=""It is important for sales employees to be courteous to all customers, regardless of whether they decide to buy anything."" onclick=""window.playTTS(this.getAttribute('data-tts'))""><svg viewBox=""0 0 24 24"" fill=""none"" stroke=""currentColor"" stroke-width=""2""><polygon points=""5 3 19 12 5 21 5 3""></polygon></svg></button></div><div class=""meta-section""><div class=""translation"">銷售員對所有客戶保持禮貌是非常重要的，無論他們是否決定購買任何東西。</div><div class=""entry-explanation"">形容詞「有禮貌的」。常用搭配：courteous to someone。</div></div></div></div><div class=""related-forms""><span class=""label"">Related:</span> courteously, courtesy</div></div>"
coverage	"<div class=""anki-card-content""><div class=""general-explanation"">名詞，意為「報導、範圍」。在媒體語境中，指對某事件的報導；在保險語境中，指保險的承保範圍。常用搭配：media coverage (媒體報導), insurance coverage (保險承保範圍)。</div><div class=""entries-container""><div class=""entry""><div class=""sentence-row""><div class=""sentence"">The presidential election received extensive media <span class=""target-word"">coverage</span>, with news channels broadcasting the results every hour.</div><button class=""tts-button"" data-tts=""The presidential election received extensive media coverage, with news channels broadcasting the results every hour."" onclick=""window.playTTS(this.getAttribute('data-tts'))""><svg viewBox=""0 0 24 24"" fill=""none"" stroke=""currentColor"" stroke-width=""2""><polygon points=""5 3 19 12 5 21 5 3""></polygon></svg></button></div><div class=""meta-section""><div class=""translation"">總統大選獲得了廣泛的媒體報導，新聞頻道每小時播報一次結果。</div><div class=""entry-explanation"">名詞「報導」。指媒體對事件的描述和報導。</div></div></div><div class=""entry""><div class=""sentence-row""><div class=""sentence"">Before signing the contract, the traveler checked if his travel insurance provided enough <span class=""target-word"">coverage</span> <span class=""collocation"">for</span> medical emergencies abroad.</div><button class=""tts-button"" data-tts=""Before signing the contract, the traveler checked if his travel insurance provided enough coverage for medical emergencies abroad."" onclick=""window.playTTS(this.getAttribute('data-tts'))""><svg viewBox=""0 0 24 24"" fill=""none"" stroke=""currentColor"" stroke-width=""2""><polygon points=""5 3 19 12 5 21 5 3""></polygon></svg></button></div><div class=""meta-section""><div class=""translation"">在簽署合約前，旅行者檢查了他的旅遊保險是否為海外醫療緊急情況提供了足夠的承保範圍。</div><div class=""entry-explanation"">名詞「承保範圍」。指保險公司承保的項目和金額。</div></div></div><div class=""entry""><div class=""sentence-row""><div class=""sentence"">The remote mountain village suffered from a lack of mobile network <span class=""target-word"">coverage</span>, making it difficult for residents to contact the outside world.</div><button class=""tts-button"" data-tts=""The remote mountain village suffered from a lack of mobile network coverage, making it difficult for residents to contact the outside world."" onclick=""window.playTTS(this.getAttribute('data-tts'))""><svg viewBox=""0 0 24 24"" fill=""none"" stroke=""currentColor"" stroke-width=""2""><polygon points=""5 3 19 12 5 21 5 3""></polygon></svg></button></div><div class=""meta-section""><div class=""translation"">這個偏遠的山村缺乏行動網路訊號覆蓋範圍，導致居民很難與外界聯繫。</div><div class=""entry-explanation"">名詞「覆蓋範圍」。指訊號或服務的到達範圍。</div></div></div></div><div class=""related-forms""><span class=""label"">Related:</span> cover</div></div>"
credibility	"<div class=""anki-card-content""><div class=""general-explanation"">名詞「可信度、可信性」。常用於描述一個人、一家公司或一份報告的可靠程度。常考搭配：gain/lose credibility (獲得/失去可信度), establish credibility (建立可信度)。</div><div class=""entries-container""><div class=""entry""><div class=""sentence-row""><div class=""sentence"">The politician's <span class=""target-word"">credibility</span> <span class=""collocation"">was</span> <span class=""target-word"">damaged</span> after the media revealed that he had lied about his educational background.</div><button class=""tts-button"" data-tts=""The politician&#x27;s credibility was damaged after the media revealed that he had lied about his educational background."" onclick=""window.playTTS(this.getAttribute('data-tts'))""><svg viewBox=""0 0 24 24"" fill=""none"" stroke=""currentColor"" stroke-width=""2""><polygon points=""5 3 19 12 5 21 5 3""></polygon></svg></button></div><div class=""meta-section""><div class=""translation"">在媒體揭露該政治家謊報其教育背景後，他的可信度受損了。</div><div class=""entry-explanation"">名詞「可信度」。常用搭配 damage credibility (損害可信度)。</div></div></div><div class=""entry""><div class=""sentence-row""><div class=""sentence"">To <span class=""collocation"">establish</span> <span class=""target-word"">credibility</span> with the audience, the speaker cited several peer-reviewed studies from reputable universities.</div><button class=""tts-button"" data-tts=""To establish credibility with the audience, the speaker cited several peer-reviewed studies from reputable universities."" onclick=""window.playTTS(this.getAttribute('data-tts'))""><svg viewBox=""0 0 24 24"" fill=""none"" stroke=""currentColor"" stroke-width=""2""><polygon points=""5 3 19 12 5 21 5 3""></polygon></svg></button></div><div class=""meta-section""><div class=""translation"">為了在聽眾面前建立可信度，演講者引用了幾篇來自知名大學的同行評審研究。</div><div class=""entry-explanation"">名詞「可信度」。片語 establish credibility 表示「建立可信度」。</div></div></div><div class=""entry""><div class=""sentence-row""><div class=""sentence"">The witness's testimony lacked <span class=""target-word"">credibility</span> because his story changed multiple times during the police interrogation.</div><button class=""tts-button"" data-tts=""The witness&#x27;s testimony lacked credibility because his story changed multiple times during the police interrogation."" onclick=""window.playTTS(this.getAttribute('data-tts'))""><svg viewBox=""0 0 24 24"" fill=""none"" stroke=""currentColor"" stroke-width=""2""><polygon points=""5 3 19 12 5 21 5 3""></polygon></svg></button></div><div class=""meta-section""><div class=""translation"">證人的證詞缺乏可信度，因為他在警方審問期間的故事多次變動。</div><div class=""entry-explanation"">名詞「可信度」。常用搭配 lack credibility (缺乏可信度)。</div></div></div></div><div class=""related-forms""><span class=""label"">Related:</span> credible, credibly</div></div>"
creek	"<div class=""anki-card-content""><div class=""general-explanation"">名詞「小溪」。通常指比 river 小的河流，常用於自然景觀描述。</div><div class=""entries-container""><div class=""entry""><div class=""sentence-row""><div class=""sentence"">While hiking in the mountains, we found a peaceful <span class=""target-word"">creek</span> <span class=""collocation"">with</span> clear water flowing over smooth, grey stones.</div><button class=""tts-button"" data-tts=""While hiking in the mountains, we found a peaceful creek with clear water flowing over smooth, grey stones."" onclick=""window.playTTS(this.getAttribute('data-tts'))""><svg viewBox=""0 0 24 24"" fill=""none"" stroke=""currentColor"" stroke-width=""2""><polygon points=""5 3 19 12 5 21 5 3""></polygon></svg></button></div><div class=""meta-section""><div class=""translation"">在山中健行時，我們發現了一條寧靜的小溪，清澈的水流過光滑的灰色石頭。</div><div class=""entry-explanation"">名詞「小溪」。</div></div></div><div class=""entry""><div class=""sentence-row""><div class=""sentence"">The children spent the whole afternoon playing by the <span class=""target-word"">creek</span>, catching small fish and looking for colorful pebbles.</div><button class=""tts-button"" data-tts=""The children spent the whole afternoon playing by the creek, catching small fish and looking for colorful pebbles."" onclick=""window.playTTS(this.getAttribute('data-tts'))""><svg viewBox=""0 0 24 24"" fill=""none"" stroke=""currentColor"" stroke-width=""2""><polygon points=""5 3 19 12 5 21 5 3""></polygon></svg></button></div><div class=""meta-section""><div class=""translation"">孩子們整個下午都在小溪邊玩，捉小魚並尋找彩色的鵝卵石。</div><div class=""entry-explanation"">名詞「小溪」。</div></div></div></div><div class=""related-forms""><span class=""label"">Related:</span> creeks</div></div>"
cripple	"<div class=""anki-card-content""><div class=""general-explanation"">動詞「使殘廢；使癱瘓」；名詞「殘疾人」。注意：在現代英語中，將此詞作為名詞使用來指代殘疾人被認為是不禮貌的，建議使用 person with a disability。動詞用法在 GSAT 中更為常見，常用於描述系統或經濟受損。</div><div class=""entries-container""><div class=""entry""><div class=""sentence-row""><div class=""sentence"">The severe earthquake <span class=""target-word"">crippled</span> the city's transportation system, making it nearly impossible for emergency services to reach the injured.</div><button class=""tts-button"" data-tts=""The severe earthquake crippled the city&#x27;s transportation system, making it nearly impossible for emergency services to reach the injured."" onclick=""window.playTTS(this.getAttribute('data-tts'))""><svg viewBox=""0 0 24 24"" fill=""none"" stroke=""currentColor"" stroke-width=""2""><polygon points=""5 3 19 12 5 21 5 3""></polygon></svg></button></div><div class=""meta-section""><div class=""translation"">嚴重地震使城市的交通系統癱瘓，使得緊急救援服務幾乎不可能到達傷者身邊。</div><div class=""entry-explanation"">動詞「使癱瘓」。常用於描述基礎設施或系統失效。</div></div></div><div class=""entry""><div class=""sentence-row""><div class=""sentence"">A sudden increase in fuel prices <span class=""target-word"">crippled</span> the local shipping industry, forcing many small companies to go out of business.</div><button class=""tts-button"" data-tts=""A sudden increase in fuel prices crippled the local shipping industry, forcing many small companies to go out of business."" onclick=""window.playTTS(this.getAttribute('data-tts'))""><svg viewBox=""0 0 24 24"" fill=""none"" stroke=""currentColor"" stroke-width=""2""><polygon points=""5 3 19 12 5 21 5 3""></polygon></svg></button></div><div class=""meta-section""><div class=""translation"">突然的燃料價格上漲使當地航運業癱瘓，迫使許多小公司倒閉。</div><div class=""entry-explanation"">動詞「使癱瘓」。指導致某事物無法正常運作。</div></div></div><div class=""entry""><div class=""sentence-row""><div class=""sentence"">The athlete's career was <span class=""target-word"">crippled</span> <span class=""collocation"">by</span> a serious knee injury during the final match of the national championship.</div><button class=""tts-button"" data-tts=""The athlete&#x27;s career was crippled by a serious knee injury during the final match of the national championship."" onclick=""window.playTTS(this.getAttribute('data-tts'))""><svg viewBox=""0 0 24 24"" fill=""none"" stroke=""currentColor"" stroke-width=""2""><polygon points=""5 3 19 12 5 21 5 3""></polygon></svg></button></div><div class=""meta-section""><div class=""translation"">這位運動員的職業生涯因在全國錦標賽決賽中受重傷而受挫。</div><div class=""entry-explanation"">動詞「使殘廢/受挫」。常用搭配 be crippled by sth。</div></div></div></div><div class=""related-forms""><span class=""label"">Related:</span> crippled</div></div>"
criterion	"<div class=""anki-card-content""><div class=""general-explanation"">名詞「標準、準則」。注意其單複數形式：單數為 criterion，複數為 criteria。這是 GSAT 常考的文法陷阱，注意主詞與動詞的一致性。</div><div class=""entries-container""><div class=""entry""><div class=""sentence-row""><div class=""sentence"">The most important <span class=""target-word"">criterion</span> <span class=""collocation"">for</span> selecting the new manager was their ability to lead a diverse team effectively.</div><button class=""tts-button"" data-tts=""The most important criterion for selecting the new manager was their ability to lead a diverse team effectively."" onclick=""window.playTTS(this.getAttribute('data-tts'))""><svg viewBox=""0 0 24 24"" fill=""none"" stroke=""currentColor"" stroke-width=""2""><polygon points=""5 3 19 12 5 21 5 3""></polygon></svg></button></div><div class=""meta-section""><div class=""translation"">選擇新經理最重要的標準是他們能有效地領導一支多元化團隊的能力。</div><div class=""entry-explanation"">名詞「標準」（單數）。常用搭配 criterion for sth。</div></div></div><div class=""entry""><div class=""sentence-row""><div class=""sentence"">The university has established strict <span class=""target-word"">criteria</span> <span class=""collocation"">for</span> admission, requiring students to have both high grades and strong leadership skills.</div><button class=""tts-button"" data-tts=""The university has established strict criteria for admission, requiring students to have both high grades and strong leadership skills."" onclick=""window.playTTS(this.getAttribute('data-tts'))""><svg viewBox=""0 0 24 24"" fill=""none"" stroke=""currentColor"" stroke-width=""2""><polygon points=""5 3 19 12 5 21 5 3""></polygon></svg></button></div><div class=""meta-section""><div class=""translation"">這所大學制定了嚴格的入學標準，要求學生同時具備高分和強大的領導能力。</div><div class=""entry-explanation"">名詞「標準」（複數）。常用搭配 criteria for sth。</div></div></div><div class=""entry""><div class=""sentence-row""><div class=""sentence"">When evaluating the research paper, the professor used several <span class=""target-word"">criteria</span> to judge the accuracy of the data and the clarity of the arguments.</div><button class=""tts-button"" data-tts=""When evaluating the research paper, the professor used several criteria to judge the accuracy of the data and the clarity of the arguments."" onclick=""window.playTTS(this.getAttribute('data-tts'))""><svg viewBox=""0 0 24 24"" fill=""none"" stroke=""currentColor"" stroke-width=""2""><polygon points=""5 3 19 12 5 21 5 3""></polygon></svg></button></div><div class=""meta-section""><div class=""translation"">在評估研究論文時，教授使用多項標準來評判數據的準確性和論點的清晰度。</div><div class=""entry-explanation"">名詞「標準」（複數）。</div></div></div></div><div class=""related-forms""><span class=""label"">Related:</span> criteria</div></div>"
crucial	"<div class=""anki-card-content""><div class=""general-explanation"">形容詞「至關重要的」。常用於強調某事物對結果有決定性影響。常考搭配：play a crucial role in (在...中扮演至關重要的角色), it is crucial that... (至關重要地是...)。</div><div class=""entries-container""><div class=""entry""><div class=""sentence-row""><div class=""sentence"">Getting enough sleep is <span class=""target-word"">crucial</span> <span class=""collocation"">for</span> students to maintain their focus and perform well during the final exams.</div><button class=""tts-button"" data-tts=""Getting enough sleep is crucial for students to maintain their focus and perform well during the final exams."" onclick=""window.playTTS(this.getAttribute('data-tts'))""><svg viewBox=""0 0 24 24"" fill=""none"" stroke=""currentColor"" stroke-width=""2""><polygon points=""5 3 19 12 5 21 5 3""></polygon></svg></button></div><div class=""meta-section""><div class=""translation"">充足的睡眠對於學生在期末考期間保持專注並發揮良好至關重要。</div><div class=""entry-explanation"">形容詞「至關重要的」。常用搭配 crucial for sb/sth。</div></div></div><div class=""entry""><div class=""sentence-row""><div class=""sentence"">The teacher's encouragement <span class=""collocation"">played</span> a <span class=""target-word"">crucial</span> <span class=""collocation"">role</span> <span class=""collocation"">in</span> helping the shy student regain his confidence and participate in class.</div><button class=""tts-button"" data-tts=""The teacher&#x27;s encouragement played a crucial role in helping the shy student regain his confidence and participate in class."" onclick=""window.playTTS(this.getAttribute('data-tts'))""><svg viewBox=""0 0 24 24"" fill=""none"" stroke=""currentColor"" stroke-width=""2""><polygon points=""5 3 19 12 5 21 5 3""></polygon></svg></button></div><div class=""meta-section""><div class=""translation"">老師的鼓勵在幫助這位害羞的學生重新獲得自信並參與課堂上扮演了至關重要的角色。</div><div class=""entry-explanation"">形容詞「至關重要的」。片語 play a crucial role in... 表示「在...中扮演至關重要的角色」。</div></div></div><div class=""entry""><div class=""sentence-row""><div class=""sentence"">It is <span class=""target-word"">crucial</span> <span class=""collocation"">that</span> all participants sign the consent form before the experiment begins to ensure legal and ethical compliance.</div><button class=""tts-button"" data-tts=""It is crucial that all participants sign the consent form before the experiment begins to ensure legal and ethical compliance."" onclick=""window.playTTS(this.getAttribute('data-tts'))""><svg viewBox=""0 0 24 24"" fill=""none"" stroke=""currentColor"" stroke-width=""2""><polygon points=""5 3 19 12 5 21 5 3""></polygon></svg></button></div><div class=""meta-section""><div class=""translation"">所有參與者必須在實驗開始前簽署同意書，以確保符合法律和倫理規範，這一點至關重要。</div><div class=""entry-explanation"">形容詞「至關重要的」。句型 It is crucial that... (後接應接原形動詞或 should + 原形動詞)。</div></div></div></div><div class=""related-forms""><span class=""label"">Related:</span> crucially</div></div>"
crude	"<div class=""anki-card-content""><div class=""general-explanation"">形容詞「天然的、未經加工的」；「粗糙的、簡陋的」；「粗魯的」。在 GSAT 中，crude oil (原油) 是最常見的搭配，此外也常用於描述簡易的工具或設備。</div><div class=""entries-container""><div class=""entry""><div class=""sentence-row""><div class=""sentence"">The country's economy relies heavily on the export of <span class=""target-word"">crude</span> <span class=""collocation"">oil</span>, making it vulnerable to changes in global market prices.</div><button class=""tts-button"" data-tts=""The country&#x27;s economy relies heavily on the export of crude oil, making it vulnerable to changes in global market prices."" onclick=""window.playTTS(this.getAttribute('data-tts'))""><svg viewBox=""0 0 24 24"" fill=""none"" stroke=""currentColor"" stroke-width=""2""><polygon points=""5 3 19 12 5 21 5 3""></polygon></svg></button></div><div class=""meta-section""><div class=""translation"">該國經濟嚴重依賴原油出口，使其容易受到全球市場價格變動的影響。</div><div class=""entry-explanation"">形容詞「天然的、未經加工的」。常用搭配 crude oil (原油)。</div></div></div><div class=""entry""><div class=""sentence-row""><div class=""sentence"">During the survival training, the students built a <span class=""target-word"">crude</span> shelter using only branches and leaves to protect themselves from the rain.</div><button class=""tts-button"" data-tts=""During the survival training, the students built a crude shelter using only branches and leaves to protect themselves from the rain."" onclick=""window.playTTS(this.getAttribute('data-tts'))""><svg viewBox=""0 0 24 24"" fill=""none"" stroke=""currentColor"" stroke-width=""2""><polygon points=""5 3 19 12 5 21 5 3""></polygon></svg></button></div><div class=""meta-section""><div class=""translation"">在生存訓練期間，學生們僅使用樹枝和葉子搭建了一個簡陋的避難所，以保護自己免受雨淋。</div><div class=""entry-explanation"">形容詞「簡陋的」。指設備簡單且未經精細加工。</div></div></div><div class=""entry""><div class=""sentence-row""><div class=""sentence"">He made a <span class=""target-word"">crude</span> joke during the formal dinner, which made many of the guests feel uncomfortable and offended.</div><button class=""tts-button"" data-tts=""He made a crude joke during the formal dinner, which made many of the guests feel uncomfortable and offended."" onclick=""window.playTTS(this.getAttribute('data-tts'))""><svg viewBox=""0 0 24 24"" fill=""none"" stroke=""currentColor"" stroke-width=""2""><polygon points=""5 3 19 12 5 21 5 3""></polygon></svg></button></div><div class=""meta-section""><div class=""translation"">他在正式晚餐中開了一個粗魯的玩笑，這讓許多客人感到不適且被冒犯。</div><div class=""entry-explanation"">形容詞「粗魯的」。指言行缺乏禮貌或教養。</div></div></div></div><div class=""related-forms""><span class=""label"">Related:</span> crudely</div></div>"
cruise	"<div class=""anki-card-content""><div class=""general-explanation"">名詞「巡航、航遊」；動詞「巡航、航遊」。常用於度假旅遊（cruise ship）或速度恆定的移動。</div><div class=""entries-container""><div class=""entry""><div class=""sentence-row""><div class=""sentence"">After working hard all year, the couple decided to <span class=""target-word"">cruise</span> <span class=""collocation"">around</span> the Mediterranean, visiting several historic cities along the way.</div><button class=""tts-button"" data-tts=""After working hard all year, the couple decided to cruise around the Mediterranean, visiting several historic cities along the way."" onclick=""window.playTTS(this.getAttribute('data-tts'))""><svg viewBox=""0 0 24 24"" fill=""none"" stroke=""currentColor"" stroke-width=""2""><polygon points=""5 3 19 12 5 21 5 3""></polygon></svg></button></div><div class=""meta-section""><div class=""translation"">辛苦工作一年後，這對夫婦決定在地中海航遊，沿途訪問幾個歷史名城。</div><div class=""entry-explanation"">動詞「航遊」。常用搭配 cruise around sth。</div></div></div><div class=""entry""><div class=""sentence-row""><div class=""sentence"">The luxury <span class=""target-word"">cruise</span> <span class=""collocation"">ship</span> offers a wide variety of activities, including swimming pools, theaters, and fine dining restaurants for the passengers.</div><button class=""tts-button"" data-tts=""The luxury cruise ship offers a wide variety of activities, including swimming pools, theaters, and fine dining restaurants for the passengers."" onclick=""window.playTTS(this.getAttribute('data-tts'))""><svg viewBox=""0 0 24 24"" fill=""none"" stroke=""currentColor"" stroke-width=""2""><polygon points=""5 3 19 12 5 21 5 3""></polygon></svg></button></div><div class=""meta-section""><div class=""translation"">這艘豪華郵輪提供多種活動，包括游泳池、劇院和高級餐廳，供乘客享用。</div><div class=""entry-explanation"">名詞「航遊/郵輪」。常用搭配 cruise ship (郵輪)。</div></div></div><div class=""entry""><div class=""sentence-row""><div class=""sentence"">The pilot maintained a steady <span class=""target-word"">cruising</span> <span class=""collocation"">speed</span> to ensure the flight was smooth and the passengers remained comfortable throughout the journey.</div><button class=""tts-button"" data-tts=""The pilot maintained a steady cruising speed to ensure the flight was smooth and the passengers remained comfortable throughout the journey."" onclick=""window.playTTS(this.getAttribute('data-tts'))""><svg viewBox=""0 0 24 24"" fill=""none"" stroke=""currentColor"" stroke-width=""2""><polygon points=""5 3 19 12 5 21 5 3""></polygon></svg></button></div><div class=""meta-section""><div class=""translation"">飛行員保持穩定的巡航速度，以確保飛行平穩且乘客在整個旅程中感到舒適。</div><div class=""entry-explanation"">名詞/形容詞「巡航的」。常用搭配 cruising speed (巡航速度)。</div></div></div></div><div class=""related-forms""><span class=""label"">Related:</span> cruises, cruising</div></div>"
crystal	"<div class=""anki-card-content""><div class=""general-explanation"">名詞「水晶、晶體」；形容詞「透明的、清晰的」。常考片語：crystal clear (極其清晰的)。</div><div class=""entries-container""><div class=""entry""><div class=""sentence-row""><div class=""sentence"">The scientist examined the <span class=""target-word"">crystal</span> structure of the mineral under a microscope to understand its chemical properties and growth patterns.</div><button class=""tts-button"" data-tts=""The scientist examined the crystal structure of the mineral under a microscope to understand its chemical properties and growth patterns."" onclick=""window.playTTS(this.getAttribute('data-tts'))""><svg viewBox=""0 0 24 24"" fill=""none"" stroke=""currentColor"" stroke-width=""2""><polygon points=""5 3 19 12 5 21 5 3""></polygon></svg></button></div><div class=""meta-section""><div class=""translation"">科學家在顯微鏡下檢查礦物的晶體結構，以了解其化學性質和生長模式。</div><div class=""entry-explanation"">名詞「晶體」。</div></div></div><div class=""entry""><div class=""sentence-row""><div class=""sentence"">The mountain lake was so <span class=""target-word"">crystal</span> <span class=""collocation"">clear</span> that we could see the colorful fish swimming deep below the surface.</div><button class=""tts-button"" data-tts=""The mountain lake was so crystal clear that we could see the colorful fish swimming deep below the surface."" onclick=""window.playTTS(this.getAttribute('data-tts'))""><svg viewBox=""0 0 24 24"" fill=""none"" stroke=""currentColor"" stroke-width=""2""><polygon points=""5 3 19 12 5 21 5 3""></polygon></svg></button></div><div class=""meta-section""><div class=""translation"">山上的湖泊如此清澈，以至於我們可以看到五彩繽紛的魚在水面深處游動。</div><div class=""entry-explanation"">形容詞「透明的」。片語 crystal clear 表示「極其清晰的」。</div></div></div><div class=""entry""><div class=""sentence-row""><div class=""sentence"">She wore a beautiful necklace made of <span class=""target-word"">crystal</span> beads, which sparkled brightly under the lights of the ballroom.</div><button class=""tts-button"" data-tts=""She wore a beautiful necklace made of crystal beads, which sparkled brightly under the lights of the ballroom."" onclick=""window.playTTS(this.getAttribute('data-tts'))""><svg viewBox=""0 0 24 24"" fill=""none"" stroke=""currentColor"" stroke-width=""2""><polygon points=""5 3 19 12 5 21 5 3""></polygon></svg></button></div><div class=""meta-section""><div class=""translation"">她戴著一條由水晶珠子製成的美麗項鍊，在舞廳的燈光下閃閃發光。</div><div class=""entry-explanation"">名詞「水晶」。</div></div></div></div></div>"
cuisine	"<div class=""anki-card-content""><div class=""general-explanation"">名詞「烹飪、料理」。通常指特定地區或國家的烹飪風格。</div><div class=""entries-container""><div class=""entry""><div class=""sentence-row""><div class=""sentence"">The city is famous for its diverse <span class=""target-word"">cuisine</span>, allowing visitors to enjoy authentic dishes from all over the world in one place.</div><button class=""tts-button"" data-tts=""The city is famous for its diverse cuisine, allowing visitors to enjoy authentic dishes from all over the world in one place."" onclick=""window.playTTS(this.getAttribute('data-tts'))""><svg viewBox=""0 0 24 24"" fill=""none"" stroke=""currentColor"" stroke-width=""2""><polygon points=""5 3 19 12 5 21 5 3""></polygon></svg></button></div><div class=""meta-section""><div class=""translation"">這座城市以其多元的料理聞名，讓遊客能在同一地點享用來自世界各地的正宗菜餚。</div><div class=""entry-explanation"">名詞「料理」。</div></div></div><div class=""entry""><div class=""sentence-row""><div class=""sentence"">Many people prefer Italian <span class=""target-word"">cuisine</span> because of its focus on fresh ingredients and the perfect combination of pasta and tomato sauce.</div><button class=""tts-button"" data-tts=""Many people prefer Italian cuisine because of its focus on fresh ingredients and the perfect combination of pasta and tomato sauce."" onclick=""window.playTTS(this.getAttribute('data-tts'))""><svg viewBox=""0 0 24 24"" fill=""none"" stroke=""currentColor"" stroke-width=""2""><polygon points=""5 3 19 12 5 21 5 3""></polygon></svg></button></div><div class=""meta-section""><div class=""translation"">許多人偏好義大利料理，因為它注重新鮮食材以及義大利麵與番茄醬的完美結合。</div><div class=""entry-explanation"">名詞「料理」。通常搭配國家名稱，如 Italian cuisine。</div></div></div></div></div>"
currency	"<div class=""anki-card-content""><div class=""general-explanation"">名詞「貨幣、流通」。除了指金錢，有時也可用於描述目前流行的想法或趨勢。常考搭配：foreign currency (外幣), local currency (當地貨幣)。</div><div class=""entries-container""><div class=""entry""><div class=""sentence-row""><div class=""sentence"">When traveling to a foreign country, it is essential to exchange your money into the local <span class=""target-word"">currency</span> to pay for daily expenses.</div><button class=""tts-button"" data-tts=""When traveling to a foreign country, it is essential to exchange your money into the local currency to pay for daily expenses."" onclick=""window.playTTS(this.getAttribute('data-tts'))""><svg viewBox=""0 0 24 24"" fill=""none"" stroke=""currentColor"" stroke-width=""2""><polygon points=""5 3 19 12 5 21 5 3""></polygon></svg></button></div><div class=""meta-section""><div class=""translation"">前往外國旅行時，將錢換成當地貨幣以支付日常開支是非常必要的。</div><div class=""entry-explanation"">名詞「貨幣」。</div></div></div><div class=""entry""><div class=""sentence-row""><div class=""sentence"">The government implemented new policies to stabilize the value of the national <span class=""target-word"">currency</span> and prevent a sudden economic crisis.</div><button class=""tts-button"" data-tts=""The government implemented new policies to stabilize the value of the national currency and prevent a sudden economic crisis."" onclick=""window.playTTS(this.getAttribute('data-tts'))""><svg viewBox=""0 0 24 24"" fill=""none"" stroke=""currentColor"" stroke-width=""2""><polygon points=""5 3 19 12 5 21 5 3""></polygon></svg></button></div><div class=""meta-section""><div class=""translation"">政府實施了新政策以穩定國家貨幣的價值，防止突然的經濟危機。</div><div class=""entry-explanation"">名詞「貨幣」。</div></div></div><div class=""entry""><div class=""sentence-row""><div class=""sentence"">Many international businesses now accept digital <span class=""target-word"">currencies</span>, such as Bitcoin, as a modern alternative to traditional paper money.</div><button class=""tts-button"" data-tts=""Many international businesses now accept digital currencies, such as Bitcoin, as a modern alternative to traditional paper money."" onclick=""window.playTTS(this.getAttribute('data-tts'))""><svg viewBox=""0 0 24 24"" fill=""none"" stroke=""currentColor"" stroke-width=""2""><polygon points=""5 3 19 12 5 21 5 3""></polygon></svg></button></div><div class=""meta-section""><div class=""translation"">許多國際企業現在接受數位貨幣（如比特幣）作為傳統紙幣的現代替代方案。</div><div class=""entry-explanation"">名詞「貨幣」。</div></div></div></div></div>"
curriculum	"<div class=""anki-card-content""><div class=""general-explanation"">名詞「課程」。指學校、大學或教育計畫中所有課程的總體計畫。注意與 course (單門課程) 的區別：curriculum 側重於整個教育體系的課程安排，而 course 側重於單一的科目學習。</div><div class=""entries-container""><div class=""entry""><div class=""sentence-row""><div class=""sentence"">The school board decided to update the <span class=""target-word"">curriculum</span> to include more digital literacy skills, preparing students for the modern workforce.</div><button class=""tts-button"" data-tts=""The school board decided to update the curriculum to include more digital literacy skills, preparing students for the modern workforce."" onclick=""window.playTTS(this.getAttribute('data-tts'))""><svg viewBox=""0 0 24 24"" fill=""none"" stroke=""currentColor"" stroke-width=""2""><polygon points=""5 3 19 12 5 21 5 3""></polygon></svg></button></div><div class=""meta-section""><div class=""translation"">學校董事會決定更新課程，以納入更多數位素養技能，讓學生為現代職場做好準備。</div><div class=""entry-explanation"">名詞「課程」。指整個教育計畫的安排。</div></div></div><div class=""entry""><div class=""sentence-row""><div class=""sentence"">Teachers often work together to develop a <span class=""target-word"">curriculum</span> that balances academic knowledge with practical experience and social development.</div><button class=""tts-button"" data-tts=""Teachers often work together to develop a curriculum that balances academic knowledge with practical experience and social development."" onclick=""window.playTTS(this.getAttribute('data-tts'))""><svg viewBox=""0 0 24 24"" fill=""none"" stroke=""currentColor"" stroke-width=""2""><polygon points=""5 3 19 12 5 21 5 3""></polygon></svg></button></div><div class=""meta-section""><div class=""translation"">教師們經常一起制定一個能平衡學術知識、實作經驗與社交發展的課程。</div><div class=""entry-explanation"">名詞「課程」。</div></div></div><div class=""entry""><div class=""sentence-row""><div class=""sentence"">Some parents believe that the national <span class=""target-word"">curriculum</span> is too focused on testing, leaving little room for creative arts and physical education.</div><button class=""tts-button"" data-tts=""Some parents believe that the national curriculum is too focused on testing, leaving little room for creative arts and physical education."" onclick=""window.playTTS(this.getAttribute('data-tts'))""><svg viewBox=""0 0 24 24"" fill=""none"" stroke=""currentColor"" stroke-width=""2""><polygon points=""5 3 19 12 5 21 5 3""></polygon></svg></button></div><div class=""meta-section""><div class=""translation"">有些家長認為國家課程過於注重測試，導致創意藝術和體育課空間太少。</div><div class=""entry-explanation"">名詞「課程」。</div></div></div></div><div class=""related-forms""><span class=""label"">Related:</span> curricula</div></div>"
custody	"<div class=""anki-card-content""><div class=""general-explanation"">名詞「監護權；拘留」。在法律語境中，常用於指父母對孩子的照顧權 (child custody) 或警察對嫌疑人的拘留 (police custody)。</div><div class=""entries-container""><div class=""entry""><div class=""sentence-row""><div class=""sentence"">After the difficult divorce, the parents eventually agreed to share joint <span class=""target-word"">custody</span> <span class=""collocation"">of</span> their children to ensure their stability.</div><button class=""tts-button"" data-tts=""After the difficult divorce, the parents eventually agreed to share joint custody of their children to ensure their stability."" onclick=""window.playTTS(this.getAttribute('data-tts'))""><svg viewBox=""0 0 24 24"" fill=""none"" stroke=""currentColor"" stroke-width=""2""><polygon points=""5 3 19 12 5 21 5 3""></polygon></svg></button></div><div class=""meta-section""><div class=""translation"">在經歷艱難的離婚後，父母最終同意共同擁有孩子的監護權，以確保孩子的穩定。</div><div class=""entry-explanation"">名詞「監護權」。常用搭配 custody of someone。</div></div></div><div class=""entry""><div class=""sentence-row""><div class=""sentence"">The suspect was taken into police <span class=""target-word"">custody</span> last night and is expected to be questioned further about the robbery.</div><button class=""tts-button"" data-tts=""The suspect was taken into police custody last night and is expected to be questioned further about the robbery."" onclick=""window.playTTS(this.getAttribute('data-tts'))""><svg viewBox=""0 0 24 24"" fill=""none"" stroke=""currentColor"" stroke-width=""2""><polygon points=""5 3 19 12 5 21 5 3""></polygon></svg></button></div><div class=""meta-section""><div class=""translation"">嫌疑人昨晚被警方拘留，預計將針對搶劫案接受進一步審訊。</div><div class=""entry-explanation"">名詞「拘留」。片語 take into custody 表示「拘留」。</div></div></div><div class=""entry""><div class=""sentence-row""><div class=""sentence"">The museum's most valuable painting was kept in safe <span class=""target-word"">custody</span>, protected by high-tech security systems and armed guards.</div><button class=""tts-button"" data-tts=""The museum&#x27;s most valuable painting was kept in safe custody, protected by high-tech security systems and armed guards."" onclick=""window.playTTS(this.getAttribute('data-tts'))""><svg viewBox=""0 0 24 24"" fill=""none"" stroke=""currentColor"" stroke-width=""2""><polygon points=""5 3 19 12 5 21 5 3""></polygon></svg></button></div><div class=""meta-section""><div class=""translation"">博物館最珍貴的畫作被妥善保管，由高科技安全系統和武裝警衛保護。</div><div class=""entry-explanation"">名詞「保管」。指對某物持有並負責其安全。</div></div></div></div></div>"
customs	"<div class=""anki-card-content""><div class=""general-explanation"">名詞「海關」。注意此詞恆為複數形式且不可數（在指海關時），指負責檢查貨物和徵收關稅的政府部門。區分於 custom (單數，意為「習俗」)。</div><div class=""entries-container""><div class=""entry""><div class=""sentence-row""><div class=""sentence"">When arriving at the international airport, all passengers must pass through <span class=""target-word"">customs</span> and declare any restricted items they are carrying.</div><button class=""tts-button"" data-tts=""When arriving at the international airport, all passengers must pass through customs and declare any restricted items they are carrying."" onclick=""window.playTTS(this.getAttribute('data-tts'))""><svg viewBox=""0 0 24 24"" fill=""none"" stroke=""currentColor"" stroke-width=""2""><polygon points=""5 3 19 12 5 21 5 3""></polygon></svg></button></div><div class=""meta-section""><div class=""translation"">抵達國際機場時，所有乘客必須通過海關並申報他們攜帶的任何受限物品。</div><div class=""entry-explanation"">名詞「海關」。指進入國家時的檢查站。</div></div></div><div class=""entry""><div class=""sentence-row""><div class=""sentence"">The traveler was delayed at <span class=""target-word"">customs</span> because he had too many expensive electronics and failed to pay the necessary duties.</div><button class=""tts-button"" data-tts=""The traveler was delayed at customs because he had too many expensive electronics and failed to pay the necessary duties."" onclick=""window.playTTS(this.getAttribute('data-tts'))""><svg viewBox=""0 0 24 24"" fill=""none"" stroke=""currentColor"" stroke-width=""2""><polygon points=""5 3 19 12 5 21 5 3""></polygon></svg></button></div><div class=""meta-section""><div class=""translation"">這名旅客在海關被耽擱，因為他攜帶了太多昂貴的電子產品且未支付必要關稅。</div><div class=""entry-explanation"">名詞「海關」。</div></div></div><div class=""entry""><div class=""sentence-row""><div class=""sentence"">The <span class=""target-word"">customs</span> officer asked the woman to open her suitcase for a detailed inspection of the souvenirs she bought abroad.</div><button class=""tts-button"" data-tts=""The customs officer asked the woman to open her suitcase for a detailed inspection of the souvenirs she bought abroad."" onclick=""window.playTTS(this.getAttribute('data-tts'))""><svg viewBox=""0 0 24 24"" fill=""none"" stroke=""currentColor"" stroke-width=""2""><polygon points=""5 3 19 12 5 21 5 3""></polygon></svg></button></div><div class=""meta-section""><div class=""translation"">海關人員要求該女子打開手提箱，詳細檢查她在國外購買的紀念品。</div><div class=""entry-explanation"">名詞「海關」。常用搭配 customs officer (海關人員)。</div></div></div></div></div>"
deadly	"<div class=""anki-card-content""><div class=""general-explanation"">形容詞「致命的」；副詞「極其地」。形容詞用法最常見，指會導致死亡的事物。副詞用法較不正式，常用於強調程度。注意與 deathly (死一般的) 的區別：deadly 強調結果導致死亡，而 deathly (如 deathly pale) 強調像死人一樣的狀態。</div><div class=""entries-container""><div class=""entry""><div class=""sentence-row""><div class=""sentence"">The scientists discovered a <span class=""target-word"">deadly</span> virus that could spread quickly through the air, prompting the government to issue an emergency warning.</div><button class=""tts-button"" data-tts=""The scientists discovered a deadly virus that could spread quickly through the air, prompting the government to issue an emergency warning."" onclick=""window.playTTS(this.getAttribute('data-tts'))""><svg viewBox=""0 0 24 24"" fill=""none"" stroke=""currentColor"" stroke-width=""2""><polygon points=""5 3 19 12 5 21 5 3""></polygon></svg></button></div><div class=""meta-section""><div class=""translation"">科學家發現了一種能快速透過空氣傳播的致命病毒，促使政府發布緊急警告。</div><div class=""entry-explanation"">形容詞「致命的」。常用於描述疾病、病毒或武器。</div></div></div><div class=""entry""><div class=""sentence-row""><div class=""sentence"">The forest fire became <span class=""target-word"">deadly</span> when the strong wind pushed the flames toward the small village, forcing residents to evacuate quickly.</div><button class=""tts-button"" data-tts=""The forest fire became deadly when the strong wind pushed the flames toward the small village, forcing residents to evacuate quickly."" onclick=""window.playTTS(this.getAttribute('data-tts'))""><svg viewBox=""0 0 24 24"" fill=""none"" stroke=""currentColor"" stroke-width=""2""><polygon points=""5 3 19 12 5 21 5 3""></polygon></svg></button></div><div class=""meta-section""><div class=""translation"">森林大火在強風將火焰推向小村莊時變得致命，迫使居民迅速撤離。</div><div class=""entry-explanation"">形容詞「致命的」。</div></div></div><div class=""entry""><div class=""sentence-row""><div class=""sentence"">The athlete was <span class=""target-word"">deadly</span> <span class=""collocation"">serious</span> about his training, waking up at five every morning to practice his drills without fail.</div><button class=""tts-button"" data-tts=""The athlete was deadly serious about his training, waking up at five every morning to practice his drills without fail."" onclick=""window.playTTS(this.getAttribute('data-tts'))""><svg viewBox=""0 0 24 24"" fill=""none"" stroke=""currentColor"" stroke-width=""2""><polygon points=""5 3 19 12 5 21 5 3""></polygon></svg></button></div><div class=""meta-section""><div class=""translation"">這位運動員對他的訓練極其認真，每天早上五點準時起床練習，絕不間斷。</div><div class=""entry-explanation"">副詞「極其地」。在此處用來強調 serious 的程度。</div></div></div></div></div>"
debris	"<div class=""anki-card-content""><div class=""general-explanation"">名詞「碎片、殘骸」。指毀壞後留下的碎片或廢棄物。注意發音，末尾的 s 不發音 /dəˈbriː/。常用於描述自然災害或事故後的現場。</div><div class=""entries-container""><div class=""entry""><div class=""sentence-row""><div class=""sentence"">After the powerful earthquake, rescue teams spent days searching through the <span class=""target-word"">debris</span> to find survivors trapped under the collapsed buildings.</div><button class=""tts-button"" data-tts=""After the powerful earthquake, rescue teams spent days searching through the debris to find survivors trapped under the collapsed buildings."" onclick=""window.playTTS(this.getAttribute('data-tts'))""><svg viewBox=""0 0 24 24"" fill=""none"" stroke=""currentColor"" stroke-width=""2""><polygon points=""5 3 19 12 5 21 5 3""></polygon></svg></button></div><div class=""meta-section""><div class=""translation"">強震之後，救援隊花了好幾天在殘骸中搜尋被困在坍塌建築物下的倖存者。</div><div class=""entry-explanation"">名詞「碎片、殘骸」。常用於描述建築物坍塌後的碎片。</div></div></div><div class=""entry""><div class=""sentence-row""><div class=""sentence"">The beach was covered in <span class=""target-word"">debris</span> after the storm, so volunteers gathered to clean up the plastic and broken wood.</div><button class=""tts-button"" data-tts=""The beach was covered in debris after the storm, so volunteers gathered to clean up the plastic and broken wood."" onclick=""window.playTTS(this.getAttribute('data-tts'))""><svg viewBox=""0 0 24 24"" fill=""none"" stroke=""currentColor"" stroke-width=""2""><polygon points=""5 3 19 12 5 21 5 3""></polygon></svg></button></div><div class=""meta-section""><div class=""translation"">風暴後海灘上佈滿了碎片，因此志工們聚集在一起清理塑料和碎木頭。</div><div class=""entry-explanation"">名詞「碎片、殘骸」。指自然災害後留下的廢棄物。</div></div></div><div class=""entry""><div class=""sentence-row""><div class=""sentence"">Astronauts are concerned about space <span class=""target-word"">debris</span>, as small pieces of old satellites can damage the international space station at high speeds.</div><button class=""tts-button"" data-tts=""Astronauts are concerned about space debris, as small pieces of old satellites can damage the international space station at high speeds."" onclick=""window.playTTS(this.getAttribute('data-tts'))""><svg viewBox=""0 0 24 24"" fill=""none"" stroke=""currentColor"" stroke-width=""2""><polygon points=""5 3 19 12 5 21 5 3""></polygon></svg></button></div><div class=""meta-section""><div class=""translation"">太空人擔心太空碎片，因為舊衛星的小碎片在高速移動時可能會損壞國際太空站。</div><div class=""entry-explanation"">名詞「碎片、殘骸」。常用搭配 space debris (太空碎片)。</div></div></div></div></div>"
debut	"<div class=""anki-card-content""><div class=""general-explanation"">名詞/動詞「初次登場、出道」。指表演者、運動員或新產品第一次公開亮相。名詞常用搭配 make one&#x27;s debut (初次登場)。</div><div class=""entries-container""><div class=""entry""><div class=""sentence-row""><div class=""sentence"">The young pianist <span class=""collocation"">made</span> her <span class=""target-word"">debut</span> at the National Concert Hall, receiving a standing ovation from the audience for her skill.</div><button class=""tts-button"" data-tts=""The young pianist made her debut at the National Concert Hall, receiving a standing ovation from the audience for her skill."" onclick=""window.playTTS(this.getAttribute('data-tts'))""><svg viewBox=""0 0 24 24"" fill=""none"" stroke=""currentColor"" stroke-width=""2""><polygon points=""5 3 19 12 5 21 5 3""></polygon></svg></button></div><div class=""meta-section""><div class=""translation"">這位年輕的鋼琴家在國家音樂廳初次登場，因其精湛的技巧而贏得觀眾的起立鼓掌。</div><div class=""entry-explanation"">名詞「初次登場」。片語 make one&#x27;s debut 表示「初次亮相」。</div></div></div><div class=""entry""><div class=""sentence-row""><div class=""sentence"">The tech company is planning to <span class=""target-word"">debut</span> its new foldable smartphone next month during a global press conference in Tokyo.</div><button class=""tts-button"" data-tts=""The tech company is planning to debut its new foldable smartphone next month during a global press conference in Tokyo."" onclick=""window.playTTS(this.getAttribute('data-tts'))""><svg viewBox=""0 0 24 24"" fill=""none"" stroke=""currentColor"" stroke-width=""2""><polygon points=""5 3 19 12 5 21 5 3""></polygon></svg></button></div><div class=""meta-section""><div class=""translation"">這家科技公司計劃下個月在東京的一次全球新聞發布會上首次推出其新款摺疊手機。</div><div class=""entry-explanation"">動詞「初次登場」。指產品首次公開。</div></div></div><div class=""entry""><div class=""sentence-row""><div class=""sentence"">After years of training in secret, the pop idol finally <span class=""target-word"">debuted</span> with a catchy song that quickly topped the music charts.</div><button class=""tts-button"" data-tts=""After years of training in secret, the pop idol finally debuted with a catchy song that quickly topped the music charts."" onclick=""window.playTTS(this.getAttribute('data-tts'))""><svg viewBox=""0 0 24 24"" fill=""none"" stroke=""currentColor"" stroke-width=""2""><polygon points=""5 3 19 12 5 21 5 3""></polygon></svg></button></div><div class=""meta-section""><div class=""translation"">經過多年的秘密訓練，這位流行偶像終於以一首朗朗上口的歌曲出道，迅速登頂音樂排行榜。</div><div class=""entry-explanation"">動詞「出道」。指表演者正式開始職業生涯。</div></div></div></div></div>"
decay	"<div class=""anki-card-content""><div class=""general-explanation"">名詞「腐爛、衰敗」；動詞「腐爛、衰退」。指有機物分解或社會、制度的逐漸惡化。在牙科中常用於指蛀牙 (tooth decay)。</div><div class=""entries-container""><div class=""entry""><div class=""sentence-row""><div class=""sentence"">The smell of organic matter <span class=""target-word"">decaying</span> in the compost bin helps create rich soil for the garden's vegetables.</div><button class=""tts-button"" data-tts=""The smell of organic matter decaying in the compost bin helps create rich soil for the garden&#x27;s vegetables."" onclick=""window.playTTS(this.getAttribute('data-tts'))""><svg viewBox=""0 0 24 24"" fill=""none"" stroke=""currentColor"" stroke-width=""2""><polygon points=""5 3 19 12 5 21 5 3""></polygon></svg></button></div><div class=""meta-section""><div class=""translation"">堆肥箱中有機物質腐爛的味道有助於創造肥沃的土壤來種植花園裡的蔬菜。</div><div class=""entry-explanation"">動詞「腐爛」。指有機物分解過程。</div></div></div><div class=""entry""><div class=""sentence-row""><div class=""sentence"">Doctors warned the boy that too many sugary snacks would lead to tooth <span class=""target-word"">decay</span>, causing pain and expensive dental bills.</div><button class=""tts-button"" data-tts=""Doctors warned the boy that too many sugary snacks would lead to tooth decay, causing pain and expensive dental bills."" onclick=""window.playTTS(this.getAttribute('data-tts'))""><svg viewBox=""0 0 24 24"" fill=""none"" stroke=""currentColor"" stroke-width=""2""><polygon points=""5 3 19 12 5 21 5 3""></polygon></svg></button></div><div class=""meta-section""><div class=""translation"">醫生警告男孩，吃太多含糖零食會導致蛀牙，造成疼痛和昂貴的牙科費用。</div><div class=""entry-explanation"">名詞「腐爛」。常用搭配 tooth decay (蛀牙)。</div></div></div><div class=""entry""><div class=""sentence-row""><div class=""sentence"">The abandoned mansion had fallen into a state of <span class=""target-word"">decay</span> over the decades, with peeling paint and broken windows everywhere.</div><button class=""tts-button"" data-tts=""The abandoned mansion had fallen into a state of decay over the decades, with peeling paint and broken windows everywhere."" onclick=""window.playTTS(this.getAttribute('data-tts'))""><svg viewBox=""0 0 24 24"" fill=""none"" stroke=""currentColor"" stroke-width=""2""><polygon points=""5 3 19 12 5 21 5 3""></polygon></svg></button></div><div class=""meta-section""><div class=""translation"">這座廢棄的大宅在數十年間陷入了衰敗狀態，到處是剝落的油漆和破碎的窗戶。</div><div class=""entry-explanation"">名詞「衰敗」。指建築物或環境的逐漸損壞。</div></div></div><div class=""entry""><div class=""sentence-row""><div class=""sentence"">Some historians argue that the empire's moral <span class=""target-word"">decay</span> was more damaging than the external attacks from neighboring countries.</div><button class=""tts-button"" data-tts=""Some historians argue that the empire&#x27;s moral decay was more damaging than the external attacks from neighboring countries."" onclick=""window.playTTS(this.getAttribute('data-tts'))""><svg viewBox=""0 0 24 24"" fill=""none"" stroke=""currentColor"" stroke-width=""2""><polygon points=""5 3 19 12 5 21 5 3""></polygon></svg></button></div><div class=""meta-section""><div class=""translation"">一些歷史學家認為，該帝國的道德衰敗比來自鄰國的外部攻擊更具破壞性。</div><div class=""entry-explanation"">名詞「衰敗」。指抽象概念如道德或制度的惡化。</div></div></div></div><div class=""related-forms""><span class=""label"">Related:</span> decayed</div></div>"
deceive	"<div class=""anki-card-content""><div class=""general-explanation"">動詞「欺騙」。指刻意使他人相信不真實的事物。注意與 cheat 的區別：deceive 側重於使人產生錯誤的認知或相信謊言；cheat 側重於在比賽、考試或金錢交易中違反規則以獲利。</div><div class=""entries-container""><div class=""entry""><div class=""sentence-row""><div class=""sentence"">The clever criminal tried to <span class=""target-word"">deceive</span> the police by wearing a disguise and using a fake name during the investigation.</div><button class=""tts-button"" data-tts=""The clever criminal tried to deceive the police by wearing a disguise and using a fake name during the investigation."" onclick=""window.playTTS(this.getAttribute('data-tts'))""><svg viewBox=""0 0 24 24"" fill=""none"" stroke=""currentColor"" stroke-width=""2""><polygon points=""5 3 19 12 5 21 5 3""></polygon></svg></button></div><div class=""meta-section""><div class=""translation"">狡猾的罪犯試圖透過偽裝和在調查中使用假名來欺騙警察。</div><div class=""entry-explanation"">動詞「欺騙」。指使人相信錯誤的事實。</div></div></div><div class=""entry""><div class=""sentence-row""><div class=""sentence"">Companies that <span class=""target-word"">deceive</span> customers with false advertising can be fined heavily by the government to protect consumer rights.</div><button class=""tts-button"" data-tts=""Companies that deceive customers with false advertising can be fined heavily by the government to protect consumer rights."" onclick=""window.playTTS(this.getAttribute('data-tts'))""><svg viewBox=""0 0 24 24"" fill=""none"" stroke=""currentColor"" stroke-width=""2""><polygon points=""5 3 19 12 5 21 5 3""></polygon></svg></button></div><div class=""meta-section""><div class=""translation"">以虛假廣告欺騙消費者的公司可能會被政府處以重罰，以保護消費者權益。</div><div class=""entry-explanation"">動詞「欺騙」。</div></div></div><div class=""entry""><div class=""sentence-row""><div class=""sentence"">He felt betrayed when he discovered that his business partner had <span class=""target-word"">deceived</span> him for months regarding the company's actual profits.</div><button class=""tts-button"" data-tts=""He felt betrayed when he discovered that his business partner had deceived him for months regarding the company&#x27;s actual profits."" onclick=""window.playTTS(this.getAttribute('data-tts'))""><svg viewBox=""0 0 24 24"" fill=""none"" stroke=""currentColor"" stroke-width=""2""><polygon points=""5 3 19 12 5 21 5 3""></polygon></svg></button></div><div class=""meta-section""><div class=""translation"">當他發現他的商業夥伴在公司實際利潤方面欺騙了他好幾個月後，他感到被背叛了。</div><div class=""entry-explanation"">動詞「欺騙」。</div></div></div></div><div class=""related-forms""><span class=""label"">Related:</span> deception, deceptive</div></div>"
decent	"<div class=""anki-card-content""><div class=""general-explanation"">形容詞「像樣的、體面的、適度的」。常用於描述行為、品質或薪水符合社會標準且可接受的。例如 a decent salary (像樣的薪水), decent behavior (體面的行為)。</div><div class=""entries-container""><div class=""entry""><div class=""sentence-row""><div class=""sentence"">After working hard for several years, she finally found a <span class=""target-word"">decent</span> job with a fair salary and good health benefits.</div><button class=""tts-button"" data-tts=""After working hard for several years, she finally found a decent job with a fair salary and good health benefits."" onclick=""window.playTTS(this.getAttribute('data-tts'))""><svg viewBox=""0 0 24 24"" fill=""none"" stroke=""currentColor"" stroke-width=""2""><polygon points=""5 3 19 12 5 21 5 3""></polygon></svg></button></div><div class=""meta-section""><div class=""translation"">努力工作幾年後，她終於找到了一份薪水公正且有良好醫療福利的像樣工作。</div><div class=""entry-explanation"">形容詞「像樣的」。指符合基本期待且可接受的品質。</div></div></div><div class=""entry""><div class=""sentence-row""><div class=""sentence"">It is important for students to provide a <span class=""target-word"">decent</span> explanation for their absences, rather than just making up random excuses.</div><button class=""tts-button"" data-tts=""It is important for students to provide a decent explanation for their absences, rather than just making up random excuses."" onclick=""window.playTTS(this.getAttribute('data-tts'))""><svg viewBox=""0 0 24 24"" fill=""none"" stroke=""currentColor"" stroke-width=""2""><polygon points=""5 3 19 12 5 21 5 3""></polygon></svg></button></div><div class=""meta-section""><div class=""translation"">學生提供一個體面的缺席理由，而不是隨便編造藉口，是很重要的。</div><div class=""entry-explanation"">形容詞「體面的」。指合理且被社會接受的。</div></div></div><div class=""entry""><div class=""sentence-row""><div class=""sentence"">The hotel room was not luxurious, but it was <span class=""target-word"">decent</span> and clean enough for a short stay during the business trip.</div><button class=""tts-button"" data-tts=""The hotel room was not luxurious, but it was decent and clean enough for a short stay during the business trip."" onclick=""window.playTTS(this.getAttribute('data-tts'))""><svg viewBox=""0 0 24 24"" fill=""none"" stroke=""currentColor"" stroke-width=""2""><polygon points=""5 3 19 12 5 21 5 3""></polygon></svg></button></div><div class=""meta-section""><div class=""translation"">酒店房間雖然不豪華，但對於出差期間的短期停留來說，它是像樣且足夠乾淨的。</div><div class=""entry-explanation"">形容詞「像樣的」。指達到基本標準。</div></div></div></div><div class=""related-forms""><span class=""label"">Related:</span> decency, decently</div></div>"
declaration	"<div class=""anki-card-content""><div class=""general-explanation"">名詞「宣言、申報」。指正式地宣布某事，或在海關申報物品。常見搭配：declaration of independence (獨立宣言), customs declaration (海關申報)。</div><div class=""entries-container""><div class=""entry""><div class=""sentence-row""><div class=""sentence"">The signing of the <span class=""target-word"">declaration</span> of independence marked the beginning of a new era for the country and its people.</div><button class=""tts-button"" data-tts=""The signing of the declaration of independence marked the beginning of a new era for the country and its people."" onclick=""window.playTTS(this.getAttribute('data-tts'))""><svg viewBox=""0 0 24 24"" fill=""none"" stroke=""currentColor"" stroke-width=""2""><polygon points=""5 3 19 12 5 21 5 3""></polygon></svg></button></div><div class=""meta-section""><div class=""translation"">獨立宣言的簽署標誌著該國及其人民新時代的開始。</div><div class=""entry-explanation"">名詞「宣言」。指正式且公開的宣布。</div></div></div><div class=""entry""><div class=""sentence-row""><div class=""sentence"">Passengers are required to fill out a customs <span class=""target-word"">declaration</span> form before landing to list all the goods they are bringing into the country.</div><button class=""tts-button"" data-tts=""Passengers are required to fill out a customs declaration form before landing to list all the goods they are bringing into the country."" onclick=""window.playTTS(this.getAttribute('data-tts'))""><svg viewBox=""0 0 24 24"" fill=""none"" stroke=""currentColor"" stroke-width=""2""><polygon points=""5 3 19 12 5 21 5 3""></polygon></svg></button></div><div class=""meta-section""><div class=""translation"">乘客在降落前被要求填寫海關申報單，列出他們攜帶進入該國的所有貨物。</div><div class=""entry-explanation"">名詞「申報」。指在法律或行政程序中告知政府的行為。</div></div></div><div class=""entry""><div class=""sentence-row""><div class=""sentence"">The government's formal <span class=""target-word"">declaration</span> <span class=""collocation"">of</span> war against the enemy nation shocked the world and led to immediate military action.</div><button class=""tts-button"" data-tts=""The government&#x27;s formal declaration of war against the enemy nation shocked the world and led to immediate military action."" onclick=""window.playTTS(this.getAttribute('data-tts'))""><svg viewBox=""0 0 24 24"" fill=""none"" stroke=""currentColor"" stroke-width=""2""><polygon points=""5 3 19 12 5 21 5 3""></polygon></svg></button></div><div class=""meta-section""><div class=""translation"">政府對敵國發出的正式宣戰宣言震驚了世界，並導致了立即的軍事行動。</div><div class=""entry-explanation"">名詞「宣言」。常用搭配 declaration of war (宣戰)。</div></div></div></div><div class=""related-forms""><span class=""label"">Related:</span> declare</div></div>"
