abandon	"<div class=""anki-card-content""><div class=""general-explanation"">動詞「放棄、拋棄」。常用於指放棄某物、某地、某人或某種行為。注意其名詞形是 abandonment。在寫作中，常與 hope, plan, dream 等搭配。</div><div class=""entries-container""><div class=""entry""><div class=""sentence-row""><div class=""sentence"">The hikers had to <span class=""target-word"">abandon</span> their attempt to reach the summit due to the sudden severe weather conditions.</div><button class=""tts-button"" data-tts=""The hikers had to abandon their attempt to reach the summit due to the sudden severe weather conditions."" onclick=""window.playTTS(this.getAttribute('data-tts'))""><svg viewBox=""0 0 24 24"" fill=""none"" stroke=""currentColor"" stroke-width=""2""><polygon points=""5 3 19 12 5 21 5 3""></polygon></svg></button></div><div class=""meta-section""><div class=""translation"">由於突如其來的惡劣天氣，登山者不得不放棄登頂的嘗試。</div><div class=""entry-explanation"">動詞「放棄」。常用於放棄計畫、嘗試或希望。</div></div></div><div class=""entry""><div class=""sentence-row""><div class=""sentence"">Many people were forced to <span class=""target-word"">abandon</span> their homes and seek refuge in safer areas after the devastating earthquake.</div><button class=""tts-button"" data-tts=""Many people were forced to abandon their homes and seek refuge in safer areas after the devastating earthquake."" onclick=""window.playTTS(this.getAttribute('data-tts'))""><svg viewBox=""0 0 24 24"" fill=""none"" stroke=""currentColor"" stroke-width=""2""><polygon points=""5 3 19 12 5 21 5 3""></polygon></svg></button></div><div class=""meta-section""><div class=""translation"">在毀滅性的地震之後，許多人被迫拋棄家園，到更安全的地區尋求庇護。</div><div class=""entry-explanation"">動詞「拋棄」。指離開某地或某物，通常是因為危險或必要。</div></div></div><div class=""entry""><div class=""sentence-row""><div class=""sentence"">Despite facing numerous challenges, she refused to <span class=""target-word"">abandon</span> her dream of becoming a doctor and continued to study diligently.</div><button class=""tts-button"" data-tts=""Despite facing numerous challenges, she refused to abandon her dream of becoming a doctor and continued to study diligently."" onclick=""window.playTTS(this.getAttribute('data-tts'))""><svg viewBox=""0 0 24 24"" fill=""none"" stroke=""currentColor"" stroke-width=""2""><polygon points=""5 3 19 12 5 21 5 3""></polygon></svg></button></div><div class=""meta-section""><div class=""translation"">儘管面臨許多挑戰，她仍拒絕放棄成為醫生的夢想，並繼續努力學習。</div><div class=""entry-explanation"">動詞「放棄」。常用於放棄目標、理想或信念。</div></div></div></div><div class=""related-forms""><span class=""label"">Related:</span> abandonment</div></div>"
absolute	"<div class=""anki-card-content""><div class=""general-explanation"">形容詞「絕對的、完全的」。常用於強調某事物的程度或性質是完全的，沒有任何限制或例外。注意其副詞形是 absolutely。</div><div class=""entries-container""><div class=""entry""><div class=""sentence-row""><div class=""sentence"">The teacher demanded <span class=""target-word"">absolute</span> <span class=""collocation"">silence</span> from the students during the exam to ensure fairness and prevent cheating.</div><button class=""tts-button"" data-tts=""The teacher demanded absolute silence from the students during the exam to ensure fairness and prevent cheating."" onclick=""window.playTTS(this.getAttribute('data-tts'))""><svg viewBox=""0 0 24 24"" fill=""none"" stroke=""currentColor"" stroke-width=""2""><polygon points=""5 3 19 12 5 21 5 3""></polygon></svg></button></div><div class=""meta-section""><div class=""translation"">老師要求學生在考試期間保持絕對安靜，以確保公平並防止作弊。</div><div class=""entry-explanation"">形容詞「絕對的、完全的」。強調程度或狀態的完全性。</div></div></div><div class=""entry""><div class=""sentence-row""><div class=""sentence"">It's an <span class=""target-word"">absolute</span> <span class=""collocation"">necessity</span> for students to develop critical thinking skills to succeed in higher education and future careers.</div><button class=""tts-button"" data-tts=""It&#x27;s an absolute necessity for students to develop critical thinking skills to succeed in higher education and future careers."" onclick=""window.playTTS(this.getAttribute('data-tts'))""><svg viewBox=""0 0 24 24"" fill=""none"" stroke=""currentColor"" stroke-width=""2""><polygon points=""5 3 19 12 5 21 5 3""></polygon></svg></button></div><div class=""meta-section""><div class=""translation"">學生培養批判性思考能力是絕對必要的，以便在高等教育和未來職業中取得成功。</div><div class=""entry-explanation"">形容詞「絕對的、完全的」。常用於強調某事物的必要性或重要性。</div></div></div><div class=""entry""><div class=""sentence-row""><div class=""sentence"">The detective had <span class=""target-word"">absolute</span> <span class=""collocation"">proof</span> that the suspect was guilty, leaving no room for doubt in the court.</div><button class=""tts-button"" data-tts=""The detective had absolute proof that the suspect was guilty, leaving no room for doubt in the court."" onclick=""window.playTTS(this.getAttribute('data-tts'))""><svg viewBox=""0 0 24 24"" fill=""none"" stroke=""currentColor"" stroke-width=""2""><polygon points=""5 3 19 12 5 21 5 3""></polygon></svg></button></div><div class=""meta-section""><div class=""translation"">偵探有嫌疑人有罪的絕對證據，在法庭上沒有留下任何疑點。</div><div class=""entry-explanation"">形容詞「絕對的」。指證據或事實是確鑿無疑的。</div></div></div></div><div class=""related-forms""><span class=""label"">Related:</span> absolutely</div></div>"
absorb	"<div class=""anki-card-content""><div class=""general-explanation"">動詞「吸收」。可指物理上的吸收（如液體、光線），也可指精神上的吸收（如知識、資訊）。常用被動語態 be absorbed in 表示「專心於」。</div><div class=""entries-container""><div class=""entry""><div class=""sentence-row""><div class=""sentence"">Plants <span class=""target-word"">absorb</span> sunlight through their leaves to produce energy, a vital process for their growth and survival.</div><button class=""tts-button"" data-tts=""Plants absorb sunlight through their leaves to produce energy, a vital process for their growth and survival."" onclick=""window.playTTS(this.getAttribute('data-tts'))""><svg viewBox=""0 0 24 24"" fill=""none"" stroke=""currentColor"" stroke-width=""2""><polygon points=""5 3 19 12 5 21 5 3""></polygon></svg></button></div><div class=""meta-section""><div class=""translation"">植物透過葉子吸收陽光來產生能量，這是它們生長和生存的重要過程。</div><div class=""entry-explanation"">動詞「吸收」。指物理上的吸收，如液體、光線或能量。</div></div></div><div class=""entry""><div class=""sentence-row""><div class=""sentence"">The students were completely <span class=""target-word"">absorbed</span> <span class=""collocation"">in</span> the fascinating lecture about ancient civilizations, taking detailed notes.</div><button class=""tts-button"" data-tts=""The students were completely absorbed in the fascinating lecture about ancient civilizations, taking detailed notes."" onclick=""window.playTTS(this.getAttribute('data-tts'))""><svg viewBox=""0 0 24 24"" fill=""none"" stroke=""currentColor"" stroke-width=""2""><polygon points=""5 3 19 12 5 21 5 3""></polygon></svg></button></div><div class=""meta-section""><div class=""translation"">學生們完全專心於關於古代文明的精彩講座，並詳細記錄筆記。</div><div class=""entry-explanation"">動詞片語 be absorbed in sth「專心於某事」。常用於描述精神上的專注。</div></div></div><div class=""entry""><div class=""sentence-row""><div class=""sentence"">It takes time for the human body to <span class=""target-word"">absorb</span> all the nutrients from food, so a balanced diet is crucial.</div><button class=""tts-button"" data-tts=""It takes time for the human body to absorb all the nutrients from food, so a balanced diet is crucial."" onclick=""window.playTTS(this.getAttribute('data-tts'))""><svg viewBox=""0 0 24 24"" fill=""none"" stroke=""currentColor"" stroke-width=""2""><polygon points=""5 3 19 12 5 21 5 3""></polygon></svg></button></div><div class=""meta-section""><div class=""translation"">人體需要時間來吸收食物中的所有營養，因此均衡飲食至關重要。</div><div class=""entry-explanation"">動詞「吸收」。指身體吸收物質，如營養或藥物。</div></div></div></div><div class=""related-forms""><span class=""label"">Related:</span> absorbed, absorbing, absorption</div></div>"
abstract	"<div class=""anki-card-content""><div class=""general-explanation"">形容詞「抽象的」。指概念或想法，而非具體的實物。在學術寫作中常用來描述理論、藝術或哲學概念。</div><div class=""entries-container""><div class=""entry""><div class=""sentence-row""><div class=""sentence"">Many philosophical concepts are quite <span class=""target-word"">abstract</span>, requiring deep thought and discussion to fully grasp their meaning.</div><button class=""tts-button"" data-tts=""Many philosophical concepts are quite abstract, requiring deep thought and discussion to fully grasp their meaning."" onclick=""window.playTTS(this.getAttribute('data-tts'))""><svg viewBox=""0 0 24 24"" fill=""none"" stroke=""currentColor"" stroke-width=""2""><polygon points=""5 3 19 12 5 21 5 3""></polygon></svg></button></div><div class=""meta-section""><div class=""translation"">許多哲學概念都相當抽象，需要深入思考和討論才能完全理解其意義。</div><div class=""entry-explanation"">形容詞「抽象的」。指非具體的概念或想法。</div></div></div><div class=""entry""><div class=""sentence-row""><div class=""sentence"">The artist's latest exhibition featured <span class=""target-word"">abstract</span> <span class=""collocation"">paintings</span> that explored emotions through colors and shapes rather than realistic figures.</div><button class=""tts-button"" data-tts=""The artist&#x27;s latest exhibition featured abstract paintings that explored emotions through colors and shapes rather than realistic figures."" onclick=""window.playTTS(this.getAttribute('data-tts'))""><svg viewBox=""0 0 24 24"" fill=""none"" stroke=""currentColor"" stroke-width=""2""><polygon points=""5 3 19 12 5 21 5 3""></polygon></svg></button></div><div class=""meta-section""><div class=""translation"">這位藝術家最新的展覽展出了抽象畫作，透過色彩和形狀而非寫實人物來探索情感。</div><div class=""entry-explanation"">形容詞「抽象的」。常用於描述藝術風格，與具象(concrete)相對。</div></div></div><div class=""entry""><div class=""sentence-row""><div class=""sentence"">It can be challenging for young children to understand <span class=""target-word"">abstract</span> <span class=""collocation"">ideas</span> like justice or freedom without concrete examples.</div><button class=""tts-button"" data-tts=""It can be challenging for young children to understand abstract ideas like justice or freedom without concrete examples."" onclick=""window.playTTS(this.getAttribute('data-tts'))""><svg viewBox=""0 0 24 24"" fill=""none"" stroke=""currentColor"" stroke-width=""2""><polygon points=""5 3 19 12 5 21 5 3""></polygon></svg></button></div><div class=""meta-section""><div class=""translation"">對於年幼的孩子來說，沒有具體例子很難理解正義或自由等抽象概念。</div><div class=""entry-explanation"">形容詞「抽象的」。強調概念的非物質性。</div></div></div></div><div class=""related-forms""><span class=""label"">Related:</span> abstraction</div></div>"
academic	"<div class=""anki-card-content""><div class=""general-explanation"">形容詞「學術的」。常用於描述與學校、大學、研究或學習相關的事物。注意其名詞形是 academician (院士) 或 academics (學術界人士/學術科目)。</div><div class=""entries-container""><div class=""entry""><div class=""sentence-row""><div class=""sentence"">The university encourages students to participate in <span class=""target-word"">academic</span> <span class=""collocation"">research</span> projects to enhance their critical thinking skills.</div><button class=""tts-button"" data-tts=""The university encourages students to participate in academic research projects to enhance their critical thinking skills."" onclick=""window.playTTS(this.getAttribute('data-tts'))""><svg viewBox=""0 0 24 24"" fill=""none"" stroke=""currentColor"" stroke-width=""2""><polygon points=""5 3 19 12 5 21 5 3""></polygon></svg></button></div><div class=""meta-section""><div class=""translation"">大學鼓勵學生參與學術研究計畫，以提升他們的批判性思考能力。</div><div class=""entry-explanation"">形容詞「學術的」。指與學術領域相關的活動或工作。</div></div></div><div class=""entry""><div class=""sentence-row""><div class=""sentence"">Despite facing personal challenges, she maintained an excellent <span class=""target-word"">academic</span> <span class=""collocation"">record</span> throughout her high school years.</div><button class=""tts-button"" data-tts=""Despite facing personal challenges, she maintained an excellent academic record throughout her high school years."" onclick=""window.playTTS(this.getAttribute('data-tts'))""><svg viewBox=""0 0 24 24"" fill=""none"" stroke=""currentColor"" stroke-width=""2""><polygon points=""5 3 19 12 5 21 5 3""></polygon></svg></button></div><div class=""meta-section""><div class=""translation"">儘管面臨個人挑戰，她在高中時期仍保持著優異的學業成績。</div><div class=""entry-explanation"">形容詞「學術的」。常用於描述學業表現或記錄。</div></div></div><div class=""entry""><div class=""sentence-row""><div class=""sentence"">The professor published several <span class=""target-word"">academic</span> <span class=""collocation"">papers</span> in prestigious journals, contributing significantly to his field of study.</div><button class=""tts-button"" data-tts=""The professor published several academic papers in prestigious journals, contributing significantly to his field of study."" onclick=""window.playTTS(this.getAttribute('data-tts'))""><svg viewBox=""0 0 24 24"" fill=""none"" stroke=""currentColor"" stroke-width=""2""><polygon points=""5 3 19 12 5 21 5 3""></polygon></svg></button></div><div class=""meta-section""><div class=""translation"">這位教授在著名期刊上發表了數篇學術論文，對其研究領域做出了重大貢獻。</div><div class=""entry-explanation"">形容詞「學術的」。指與學術寫作或出版物相關。</div></div></div></div><div class=""related-forms""><span class=""label"">Related:</span> academically, academy, academician</div></div>"
accent	"<div class=""anki-card-content""><div class=""general-explanation"">名詞「口音、腔調」。指說話時特有的發音方式，常與地區或語言背景有關。也可指「重音」。</div><div class=""entries-container""><div class=""entry""><div class=""sentence-row""><div class=""sentence"">Her strong British <span class=""target-word"">accent</span> made her stand out among the American students during the international exchange program.</div><button class=""tts-button"" data-tts=""Her strong British accent made her stand out among the American students during the international exchange program."" onclick=""window.playTTS(this.getAttribute('data-tts'))""><svg viewBox=""0 0 24 24"" fill=""none"" stroke=""currentColor"" stroke-width=""2""><polygon points=""5 3 19 12 5 21 5 3""></polygon></svg></button></div><div class=""meta-section""><div class=""translation"">她濃厚的英國口音使她在國際交換計畫中，在美國學生中顯得格外突出。</div><div class=""entry-explanation"">名詞「口音、腔調」。指說話時特有的發音方式。</div></div></div><div class=""entry""><div class=""sentence-row""><div class=""sentence"">Learning to imitate a native speaker's <span class=""target-word"">accent</span> can significantly improve one's pronunciation in a foreign language.</div><button class=""tts-button"" data-tts=""Learning to imitate a native speaker&#x27;s accent can significantly improve one&#x27;s pronunciation in a foreign language."" onclick=""window.playTTS(this.getAttribute('data-tts'))""><svg viewBox=""0 0 24 24"" fill=""none"" stroke=""currentColor"" stroke-width=""2""><polygon points=""5 3 19 12 5 21 5 3""></polygon></svg></button></div><div class=""meta-section""><div class=""translation"">學習模仿母語人士的口音可以顯著提高外語發音。</div><div class=""entry-explanation"">名詞「口音」。強調發音的特徵。</div></div></div><div class=""entry""><div class=""sentence-row""><div class=""sentence"">The teacher asked the students to place the <span class=""target-word"">accent</span> on the first syllable of the word 'beautiful' when pronouncing it.</div><button class=""tts-button"" data-tts=""The teacher asked the students to place the accent on the first syllable of the word &#x27;beautiful&#x27; when pronouncing it."" onclick=""window.playTTS(this.getAttribute('data-tts'))""><svg viewBox=""0 0 24 24"" fill=""none"" stroke=""currentColor"" stroke-width=""2""><polygon points=""5 3 19 12 5 21 5 3""></polygon></svg></button></div><div class=""meta-section""><div class=""translation"">老師要求學生在發音「beautiful」這個詞時，將重音放在第一個音節上。</div><div class=""entry-explanation"">名詞「重音」。指單詞中發音較強的音節。</div></div></div></div><div class=""related-forms""><span class=""label"">Related:</span> accented</div></div>"
acceptance	"<div class=""anki-card-content""><div class=""general-explanation"">名詞「接受、認可」。指對某事物的同意、接納或承認。動詞是 accept。常用於指社會的認可、大學的錄取通知或對現實的接受。</div><div class=""entries-container""><div class=""entry""><div class=""sentence-row""><div class=""sentence"">Receiving an <span class=""target-word"">acceptance</span> <span class=""collocation"">letter</span> from her dream university brought immense joy and relief to the hardworking student.</div><button class=""tts-button"" data-tts=""Receiving an acceptance letter from her dream university brought immense joy and relief to the hardworking student."" onclick=""window.playTTS(this.getAttribute('data-tts'))""><svg viewBox=""0 0 24 24"" fill=""none"" stroke=""currentColor"" stroke-width=""2""><polygon points=""5 3 19 12 5 21 5 3""></polygon></svg></button></div><div class=""meta-section""><div class=""translation"">收到夢想大學的錄取通知書，給這位努力學習的學生帶來了巨大的喜悅和寬慰。</div><div class=""entry-explanation"">名詞「接受、錄取」。常用於指大學或工作錄取。</div></div></div><div class=""entry""><div class=""sentence-row""><div class=""sentence"">The new policy faced initial resistance but eventually gained widespread <span class=""target-word"">acceptance</span> among the community members.</div><button class=""tts-button"" data-tts=""The new policy faced initial resistance but eventually gained widespread acceptance among the community members."" onclick=""window.playTTS(this.getAttribute('data-tts'))""><svg viewBox=""0 0 24 24"" fill=""none"" stroke=""currentColor"" stroke-width=""2""><polygon points=""5 3 19 12 5 21 5 3""></polygon></svg></button></div><div class=""meta-section""><div class=""translation"">這項新政策最初遭到抵制，但最終在社區成員中獲得了廣泛的接受。</div><div class=""entry-explanation"">名詞「接受、認可」。指社會或群體對某事物的接納。</div></div></div><div class=""entry""><div class=""sentence-row""><div class=""sentence"">Learning to find <span class=""target-word"">acceptance</span> <span class=""collocation"">of</span> oneself, including flaws and imperfections, is crucial for mental well-being.</div><button class=""tts-button"" data-tts=""Learning to find acceptance of oneself, including flaws and imperfections, is crucial for mental well-being."" onclick=""window.playTTS(this.getAttribute('data-tts'))""><svg viewBox=""0 0 24 24"" fill=""none"" stroke=""currentColor"" stroke-width=""2""><polygon points=""5 3 19 12 5 21 5 3""></polygon></svg></button></div><div class=""meta-section""><div class=""translation"">學會接受自己，包括缺點和不完美，對心理健康至關重要。</div><div class=""entry-explanation"">名詞「接受」。指對現實或自身狀況的接納。</div></div></div></div><div class=""related-forms""><span class=""label"">Related:</span> accept, acceptable</div></div>"
access	"<div class=""anki-card-content""><div class=""general-explanation"">名詞「使用權、進入權」或動詞「取得、進入」。作為名詞時，通常不可數，常與 to 搭配。作為動詞時，是及物動詞，後面直接加受詞。</div><div class=""entries-container""><div class=""entry""><div class=""sentence-row""><div class=""sentence"">Students need a password to gain <span class=""target-word"">access</span> <span class=""collocation"">to</span> the online learning platform and its extensive digital resources.</div><button class=""tts-button"" data-tts=""Students need a password to gain access to the online learning platform and its extensive digital resources."" onclick=""window.playTTS(this.getAttribute('data-tts'))""><svg viewBox=""0 0 24 24"" fill=""none"" stroke=""currentColor"" stroke-width=""2""><polygon points=""5 3 19 12 5 21 5 3""></polygon></svg></button></div><div class=""meta-section""><div class=""translation"">學生需要密碼才能使用線上學習平台及其豐富的數位資源。</div><div class=""entry-explanation"">名詞「使用權、進入權」。通常不可數，常與 to 搭配。</div></div></div><div class=""entry""><div class=""sentence-row""><div class=""sentence"">The researchers were able to <span class=""target-word"">access</span> a vast amount of historical data from the national archives for their study.</div><button class=""tts-button"" data-tts=""The researchers were able to access a vast amount of historical data from the national archives for their study."" onclick=""window.playTTS(this.getAttribute('data-tts'))""><svg viewBox=""0 0 24 24"" fill=""none"" stroke=""currentColor"" stroke-width=""2""><polygon points=""5 3 19 12 5 21 5 3""></polygon></svg></button></div><div class=""meta-section""><div class=""translation"">研究人員能夠從國家檔案館取得大量的歷史數據用於他們的研究。</div><div class=""entry-explanation"">動詞「取得、進入」。作為及物動詞，直接加受詞。</div></div></div><div class=""entry""><div class=""sentence-row""><div class=""sentence"">Public libraries provide free <span class=""target-word"">access</span> <span class=""collocation"">to</span> books and computers, ensuring that everyone can learn and gather information.</div><button class=""tts-button"" data-tts=""Public libraries provide free access to books and computers, ensuring that everyone can learn and gather information."" onclick=""window.playTTS(this.getAttribute('data-tts'))""><svg viewBox=""0 0 24 24"" fill=""none"" stroke=""currentColor"" stroke-width=""2""><polygon points=""5 3 19 12 5 21 5 3""></polygon></svg></button></div><div class=""meta-section""><div class=""translation"">公立圖書館提供免費使用書籍和電腦的權利，確保每個人都能學習和獲取資訊。</div><div class=""entry-explanation"">名詞「使用權」。強調提供使用的機會。</div></div></div></div><div class=""related-forms""><span class=""label"">Related:</span> accessible</div></div>"
accidental	"<div class=""anki-card-content""><div class=""general-explanation"">形容詞「意外的、偶然的」。指非計畫中或非故意的事件。注意其副詞形是 accidentally。</div><div class=""entries-container""><div class=""entry""><div class=""sentence-row""><div class=""sentence"">The discovery of penicillin was an <span class=""target-word"">accidental</span> <span class=""collocation"">breakthrough</span> that revolutionized medicine and saved countless lives.</div><button class=""tts-button"" data-tts=""The discovery of penicillin was an accidental breakthrough that revolutionized medicine and saved countless lives."" onclick=""window.playTTS(this.getAttribute('data-tts'))""><svg viewBox=""0 0 24 24"" fill=""none"" stroke=""currentColor"" stroke-width=""2""><polygon points=""5 3 19 12 5 21 5 3""></polygon></svg></button></div><div class=""meta-section""><div class=""translation"">青黴素的發現是一項意外的突破，它徹底改變了醫學並拯救了無數生命。</div><div class=""entry-explanation"">形容詞「意外的、偶然的」。指非預期或非故意的事件。</div></div></div><div class=""entry""><div class=""sentence-row""><div class=""sentence"">He made an <span class=""target-word"">accidental</span> <span class=""collocation"">discovery</span> while experimenting in the lab, leading to a new understanding of the chemical reaction.</div><button class=""tts-button"" data-tts=""He made an accidental discovery while experimenting in the lab, leading to a new understanding of the chemical reaction."" onclick=""window.playTTS(this.getAttribute('data-tts'))""><svg viewBox=""0 0 24 24"" fill=""none"" stroke=""currentColor"" stroke-width=""2""><polygon points=""5 3 19 12 5 21 5 3""></polygon></svg></button></div><div class=""meta-section""><div class=""translation"">他在實驗室做實驗時有了一個意外的發現，導致對化學反應有了新的理解。</div><div class=""entry-explanation"">形容詞「意外的」。強調事件的偶然性。</div></div></div><div class=""entry""><div class=""sentence-row""><div class=""sentence"">An <span class=""target-word"">accidental</span> <span class=""collocation"">encounter</span> with an old friend at the airport led to a delightful reunion and shared memories.</div><button class=""tts-button"" data-tts=""An accidental encounter with an old friend at the airport led to a delightful reunion and shared memories."" onclick=""window.playTTS(this.getAttribute('data-tts'))""><svg viewBox=""0 0 24 24"" fill=""none"" stroke=""currentColor"" stroke-width=""2""><polygon points=""5 3 19 12 5 21 5 3""></polygon></svg></button></div><div class=""meta-section""><div class=""translation"">在機場與一位老朋友的偶然相遇，促成了一次愉快的重逢和共同的回憶。</div><div class=""entry-explanation"">形容詞「偶然的」。指非計畫中的相遇。</div></div></div></div><div class=""related-forms""><span class=""label"">Related:</span> accidentally, accident</div></div>"
accompany	"<div class=""anki-card-content""><div class=""general-explanation"">動詞「陪伴、伴隨」。指與某人同行或某事物與另一事物同時發生。常用於描述人與人之間的陪伴，或事件、現象的伴隨。</div><div class=""entries-container""><div class=""entry""><div class=""sentence-row""><div class=""sentence"">The principal will <span class=""target-word"">accompany</span> the students on their field trip to the science museum to ensure their safety.</div><button class=""tts-button"" data-tts=""The principal will accompany the students on their field trip to the science museum to ensure their safety."" onclick=""window.playTTS(this.getAttribute('data-tts'))""><svg viewBox=""0 0 24 24"" fill=""none"" stroke=""currentColor"" stroke-width=""2""><polygon points=""5 3 19 12 5 21 5 3""></polygon></svg></button></div><div class=""meta-section""><div class=""translation"">校長將陪同學生們前往科學博物館進行戶外教學，以確保他們的安全。</div><div class=""entry-explanation"">動詞「陪伴」。指與某人同行。</div></div></div><div class=""entry""><div class=""sentence-row""><div class=""sentence"">A sense of excitement and anticipation <span class=""target-word"">accompanied</span> the announcement of the school's annual sports day.</div><button class=""tts-button"" data-tts=""A sense of excitement and anticipation accompanied the announcement of the school&#x27;s annual sports day."" onclick=""window.playTTS(this.getAttribute('data-tts'))""><svg viewBox=""0 0 24 24"" fill=""none"" stroke=""currentColor"" stroke-width=""2""><polygon points=""5 3 19 12 5 21 5 3""></polygon></svg></button></div><div class=""meta-section""><div class=""translation"">學校年度運動會的宣布伴隨著興奮和期待感。</div><div class=""entry-explanation"">動詞「伴隨」。指某事物與另一事物同時發生。</div></div></div><div class=""entry""><div class=""sentence-row""><div class=""sentence"">The famous singer will be <span class=""target-word"">accompanied</span> <span class=""collocation"">by</span> a live orchestra during her upcoming concert tour.</div><button class=""tts-button"" data-tts=""The famous singer will be accompanied by a live orchestra during her upcoming concert tour."" onclick=""window.playTTS(this.getAttribute('data-tts'))""><svg viewBox=""0 0 24 24"" fill=""none"" stroke=""currentColor"" stroke-width=""2""><polygon points=""5 3 19 12 5 21 5 3""></polygon></svg></button></div><div class=""meta-section""><div class=""translation"">這位著名歌手在即將到來的巡迴演唱會中將由現場管弦樂團伴奏。</div><div class=""entry-explanation"">動詞「伴奏」。常用被動語態 be accompanied by。</div></div></div></div><div class=""related-forms""><span class=""label"">Related:</span> accompaniment</div></div>"
accomplish	"<div class=""anki-card-content""><div class=""general-explanation"">動詞「達成、完成」；名詞為 accomplishment「成就、完成」。注意兩者的詞性與用法。</div><div class=""entries-container""><div class=""entry""><div class=""sentence-row""><div class=""sentence"">Despite numerous challenges, the research team managed to <span class=""target-word"">accomplish</span> their goal of developing a new vaccine within a year.</div><button class=""tts-button"" data-tts=""Despite numerous challenges, the research team managed to accomplish their goal of developing a new vaccine within a year."" onclick=""window.playTTS(this.getAttribute('data-tts'))""><svg viewBox=""0 0 24 24"" fill=""none"" stroke=""currentColor"" stroke-width=""2""><polygon points=""5 3 19 12 5 21 5 3""></polygon></svg></button></div><div class=""meta-section""><div class=""translation"">儘管面臨許多挑戰，研究團隊仍設法在一年內達成開發新疫苗的目標。</div><div class=""entry-explanation"">動詞「達成、完成」。常用搭配：accomplish a goal/task/mission。主詞通常是人或組織。</div></div></div><div class=""entry""><div class=""sentence-row""><div class=""sentence"">Graduating with honors was a significant <span class=""target-word"">accomplishment</span> for her, reflecting years of hard work and dedication to her studies.</div><button class=""tts-button"" data-tts=""Graduating with honors was a significant accomplishment for her, reflecting years of hard work and dedication to her studies."" onclick=""window.playTTS(this.getAttribute('data-tts'))""><svg viewBox=""0 0 24 24"" fill=""none"" stroke=""currentColor"" stroke-width=""2""><polygon points=""5 3 19 12 5 21 5 3""></polygon></svg></button></div><div class=""meta-section""><div class=""translation"">以優異成績畢業對她來說是一項重要的成就，反映了她多年來的努力和對學業的投入。</div><div class=""entry-explanation"">名詞「成就、完成」。常用搭配：a sense of accomplishment (成就感)。</div></div></div></div><div class=""related-forms""><span class=""label"">Related:</span> accomplishment, accomplished</div></div>"
accountant	"<div class=""anki-card-content""><div class=""general-explanation"">名詞「會計師」。指負責處理財務記錄、稅務等專業人員。</div><div class=""entries-container""><div class=""entry""><div class=""sentence-row""><div class=""sentence"">The company hired a new <span class=""target-word"">accountant</span> to <span class=""collocation"">manage</span> their financial records and ensure compliance with tax regulations.</div><button class=""tts-button"" data-tts=""The company hired a new accountant to manage their financial records and ensure compliance with tax regulations."" onclick=""window.playTTS(this.getAttribute('data-tts'))""><svg viewBox=""0 0 24 24"" fill=""none"" stroke=""currentColor"" stroke-width=""2""><polygon points=""5 3 19 12 5 21 5 3""></polygon></svg></button></div><div class=""meta-section""><div class=""translation"">公司聘請了一位新會計師來管理財務記錄並確保符合稅務法規。</div><div class=""entry-explanation"">名詞「會計師」。負責公司的財務管理和稅務申報。</div></div></div></div><div class=""related-forms""><span class=""label"">Related:</span> account, accounting</div></div>"
accuracy	"<div class=""anki-card-content""><div class=""general-explanation"">名詞「準確性、精確度」。動詞是 be accurate，形容詞是 accurate。</div><div class=""entries-container""><div class=""entry""><div class=""sentence-row""><div class=""sentence"">Scientists must ensure the <span class=""target-word"">accuracy</span> <span class=""collocation"">of</span> their data to avoid misleading conclusions in their research findings.</div><button class=""tts-button"" data-tts=""Scientists must ensure the accuracy of their data to avoid misleading conclusions in their research findings."" onclick=""window.playTTS(this.getAttribute('data-tts'))""><svg viewBox=""0 0 24 24"" fill=""none"" stroke=""currentColor"" stroke-width=""2""><polygon points=""5 3 19 12 5 21 5 3""></polygon></svg></button></div><div class=""meta-section""><div class=""translation"">科學家必須確保數據的準確性，以避免研究結果出現誤導性結論。</div><div class=""entry-explanation"">名詞「準確性、精確度」。常用搭配：the accuracy of sth。在學術寫作中非常重要。</div></div></div></div><div class=""related-forms""><span class=""label"">Related:</span> accurate, accurately</div></div>"
accuse	"<div class=""anki-card-content""><div class=""general-explanation"">動詞「指控、控告」。固定搭配為 accuse sb of sth。注意介係詞 of。</div><div class=""entries-container""><div class=""entry""><div class=""sentence-row""><div class=""sentence"">The principal decided to <span class=""target-word"">accuse</span> the student <span class=""collocation"">of</span> cheating on the final exam after reviewing the surveillance footage.</div><button class=""tts-button"" data-tts=""The principal decided to accuse the student of cheating on the final exam after reviewing the surveillance footage."" onclick=""window.playTTS(this.getAttribute('data-tts'))""><svg viewBox=""0 0 24 24"" fill=""none"" stroke=""currentColor"" stroke-width=""2""><polygon points=""5 3 19 12 5 21 5 3""></polygon></svg></button></div><div class=""meta-section""><div class=""translation"">校長在審查監控錄影後，決定指控該學生在期末考作弊。</div><div class=""entry-explanation"">動詞「指控、控告」。固定搭配：accuse sb of sth。常在克漏字測驗中考介係詞 of。</div></div></div></div><div class=""related-forms""><span class=""label"">Related:</span> accusation, accused</div></div>"
acid	"<div class=""anki-card-content""><div class=""general-explanation"">可作名詞「酸」或形容詞「酸性的」。注意其在化學或食物語境中的用法。</div><div class=""entries-container""><div class=""entry""><div class=""sentence-row""><div class=""sentence"">Lemon juice contains citric <span class=""target-word"">acid</span>, which gives it its distinctive sour taste and is often used in cooking.</div><button class=""tts-button"" data-tts=""Lemon juice contains citric acid, which gives it its distinctive sour taste and is often used in cooking."" onclick=""window.playTTS(this.getAttribute('data-tts'))""><svg viewBox=""0 0 24 24"" fill=""none"" stroke=""currentColor"" stroke-width=""2""><polygon points=""5 3 19 12 5 21 5 3""></polygon></svg></button></div><div class=""meta-section""><div class=""translation"">檸檬汁含有檸檬酸，這賦予它獨特的酸味，並常用於烹飪。</div><div class=""entry-explanation"">名詞「酸」。指一種化學物質，如檸檬酸、硫酸等。</div></div></div><div class=""entry""><div class=""sentence-row""><div class=""sentence"">The scientist warned that the factory's wastewater was highly <span class=""target-word"">acid</span> and could severely damage the local ecosystem.</div><button class=""tts-button"" data-tts=""The scientist warned that the factory&#x27;s wastewater was highly acid and could severely damage the local ecosystem."" onclick=""window.playTTS(this.getAttribute('data-tts'))""><svg viewBox=""0 0 24 24"" fill=""none"" stroke=""currentColor"" stroke-width=""2""><polygon points=""5 3 19 12 5 21 5 3""></polygon></svg></button></div><div class=""meta-section""><div class=""translation"">科學家警告說，工廠的廢水酸性很高，可能會嚴重損害當地生態系統。</div><div class=""entry-explanation"">形容詞「酸性的」。描述物質的性質，通常指pH值低於7。</div></div></div></div><div class=""related-forms""><span class=""label"">Related:</span> acidic</div></div>"
acquaintance	"<div class=""anki-card-content""><div class=""general-explanation"">名詞「熟人」。指認識但不親近的人。常用片語 make one&#x27;s acquaintance (與某人結識)。</div><div class=""entries-container""><div class=""entry""><div class=""sentence-row""><div class=""sentence"">Although they were not close friends, he considered her a pleasant <span class=""target-word"">acquaintance</span> whom he often saw at community events.</div><button class=""tts-button"" data-tts=""Although they were not close friends, he considered her a pleasant acquaintance whom he often saw at community events."" onclick=""window.playTTS(this.getAttribute('data-tts'))""><svg viewBox=""0 0 24 24"" fill=""none"" stroke=""currentColor"" stroke-width=""2""><polygon points=""5 3 19 12 5 21 5 3""></polygon></svg></button></div><div class=""meta-section""><div class=""translation"">儘管他們不是親密的朋友，但他認為她是一位愉快的熟人，他經常在社區活動中見到她。</div><div class=""entry-explanation"">名詞「熟人」。與 friend (朋友) 不同，acquaintance 指的是認識但關係不深的人。</div></div></div></div><div class=""related-forms""><span class=""label"">Related:</span> acquaint</div></div>"
acquire	"<div class=""anki-card-content""><div class=""general-explanation"">動詞「獲得、習得」。通常指透過努力、學習或購買而得到某物或某種能力。</div><div class=""entries-container""><div class=""entry""><div class=""sentence-row""><div class=""sentence"">Through diligent study and practice, students can <span class=""target-word"">acquire</span> new knowledge and essential skills for their future careers.</div><button class=""tts-button"" data-tts=""Through diligent study and practice, students can acquire new knowledge and essential skills for their future careers."" onclick=""window.playTTS(this.getAttribute('data-tts'))""><svg viewBox=""0 0 24 24"" fill=""none"" stroke=""currentColor"" stroke-width=""2""><polygon points=""5 3 19 12 5 21 5 3""></polygon></svg></button></div><div class=""meta-section""><div class=""translation"">透過勤奮學習和練習，學生可以習得新知識和未來職業所需的基本技能。</div><div class=""entry-explanation"">動詞「獲得、習得」。常用搭配：acquire knowledge/skills/property。強調過程中的努力。</div></div></div></div><div class=""related-forms""><span class=""label"">Related:</span> acquisition</div></div>"
adapt	"<div class=""anki-card-content""><div class=""general-explanation"">動詞「適應；改編」。常用片語 adapt to sth (適應某事) 和 adapt sth for sth (為某目的改編某物)。</div><div class=""entries-container""><div class=""entry""><div class=""sentence-row""><div class=""sentence"">After moving to a new country, it took the exchange student some time to <span class=""target-word"">adapt</span> <span class=""collocation"">to</span> the local culture and different educational system.</div><button class=""tts-button"" data-tts=""After moving to a new country, it took the exchange student some time to adapt to the local culture and different educational system."" onclick=""window.playTTS(this.getAttribute('data-tts'))""><svg viewBox=""0 0 24 24"" fill=""none"" stroke=""currentColor"" stroke-width=""2""><polygon points=""5 3 19 12 5 21 5 3""></polygon></svg></button></div><div class=""meta-section""><div class=""translation"">搬到新國家後，這位交換學生花了一些時間才適應當地文化和不同的教育體系。</div><div class=""entry-explanation"">動詞「適應」。固定搭配：adapt to sth。強調調整自己以符合新環境。</div></div></div><div class=""entry""><div class=""sentence-row""><div class=""sentence"">The director decided to <span class=""target-word"">adapt</span> the popular novel <span class=""collocation"">for</span> the big screen, hoping to attract a wider audience.</div><button class=""tts-button"" data-tts=""The director decided to adapt the popular novel for the big screen, hoping to attract a wider audience."" onclick=""window.playTTS(this.getAttribute('data-tts'))""><svg viewBox=""0 0 24 24"" fill=""none"" stroke=""currentColor"" stroke-width=""2""><polygon points=""5 3 19 12 5 21 5 3""></polygon></svg></button></div><div class=""meta-section""><div class=""translation"">導演決定將這部受歡迎的小說改編成電影，希望能吸引更廣泛的觀眾。</div><div class=""entry-explanation"">動詞「改編」。固定搭配：adapt sth for sth。指將作品形式轉換以適應不同媒介。</div></div></div></div><div class=""related-forms""><span class=""label"">Related:</span> adaptation, adaptable</div></div>"
addict	"<div class=""anki-card-content""><div class=""general-explanation"">可作名詞「上癮者」或動詞「使...上癮」。動詞常用於被動語態 be addicted to sth (對...上癮)。</div><div class=""entries-container""><div class=""entry""><div class=""sentence-row""><div class=""sentence"">The support group helps former drug <span class=""target-word"">addicts</span> reintegrate into society and maintain a healthy, drug-free lifestyle.</div><button class=""tts-button"" data-tts=""The support group helps former drug addicts reintegrate into society and maintain a healthy, drug-free lifestyle."" onclick=""window.playTTS(this.getAttribute('data-tts'))""><svg viewBox=""0 0 24 24"" fill=""none"" stroke=""currentColor"" stroke-width=""2""><polygon points=""5 3 19 12 5 21 5 3""></polygon></svg></button></div><div class=""meta-section""><div class=""translation"">這個支持團體幫助前吸毒者重新融入社會，並維持健康、無毒的生活方式。</div><div class=""entry-explanation"">名詞「上癮者」。通常指對藥物、酒精或某種行為有強烈依賴的人。</div></div></div><div class=""entry""><div class=""sentence-row""><div class=""sentence"">Excessive use of social media can gradually <span class=""target-word"">addict</span> young people <span class=""collocation"">to</span> their phones, affecting their studies and social interactions.</div><button class=""tts-button"" data-tts=""Excessive use of social media can gradually addict young people to their phones, affecting their studies and social interactions."" onclick=""window.playTTS(this.getAttribute('data-tts'))""><svg viewBox=""0 0 24 24"" fill=""none"" stroke=""currentColor"" stroke-width=""2""><polygon points=""5 3 19 12 5 21 5 3""></polygon></svg></button></div><div class=""meta-section""><div class=""translation"">過度使用社群媒體會逐漸使年輕人沉迷於手機，影響他們的學業和社交互動。</div><div class=""entry-explanation"">動詞「使...上癮」。常用於被動語態：be addicted to sth。強調某事物導致上癮的狀態。</div></div></div></div><div class=""related-forms""><span class=""label"">Related:</span> addiction, addicted</div></div>"
adequate	"<div class=""anki-card-content""><div class=""general-explanation"">形容詞「足夠的、適當的」。指數量或品質達到所需標準。反義詞為 inadequate。</div><div class=""entries-container""><div class=""entry""><div class=""sentence-row""><div class=""sentence"">The school ensures that all students have <span class=""target-word"">adequate</span> resources and support to succeed academically and personally.</div><button class=""tts-button"" data-tts=""The school ensures that all students have adequate resources and support to succeed academically and personally."" onclick=""window.playTTS(this.getAttribute('data-tts'))""><svg viewBox=""0 0 24 24"" fill=""none"" stroke=""currentColor"" stroke-width=""2""><polygon points=""5 3 19 12 5 21 5 3""></polygon></svg></button></div><div class=""meta-section""><div class=""translation"">學校確保所有學生都有足夠的資源和支持，以便在學業和個人方面取得成功。</div><div class=""entry-explanation"">形容詞「足夠的、適當的」。常用搭配：adequate supply/resources/time。強調滿足需求。</div></div></div></div><div class=""related-forms""><span class=""label"">Related:</span> adequacy, adequately</div></div>"
adjust	"<div class=""anki-card-content""><div class=""general-explanation"">動詞「調整」指為了適應新情況或改善而改變某物。常考搭配為 *adjust to* (適應)，後面接名詞或動名詞。名詞 *adjustment* 指「調整」或「適應」，常用片語為 *make an adjustment*。</div><div class=""entries-container""><div class=""entry""><div class=""sentence-row""><div class=""sentence"">Students often need time to <span class=""target-word"">adjust</span> <span class=""collocation"">to</span> the demanding academic schedule and new social environment in college.</div><button class=""tts-button"" data-tts=""Students often need time to adjust to the demanding academic schedule and new social environment in college."" onclick=""window.playTTS(this.getAttribute('data-tts'))""><svg viewBox=""0 0 24 24"" fill=""none"" stroke=""currentColor"" stroke-width=""2""><polygon points=""5 3 19 12 5 21 5 3""></polygon></svg></button></div><div class=""meta-section""><div class=""translation"">大學生通常需要時間來適應大學裡要求嚴格的學術課程和新的社交環境。</div><div class=""entry-explanation"">動詞「適應」。片語 adjust to sth/doing sth 表示「適應某事」。</div></div></div><div class=""entry""><div class=""sentence-row""><div class=""sentence"">The company decided to <span class=""target-word"">adjust</span> its marketing strategy to better <span class=""collocation"">meet</span> the changing demands of the younger generation.</div><button class=""tts-button"" data-tts=""The company decided to adjust its marketing strategy to better meet the changing demands of the younger generation."" onclick=""window.playTTS(this.getAttribute('data-tts'))""><svg viewBox=""0 0 24 24"" fill=""none"" stroke=""currentColor"" stroke-width=""2""><polygon points=""5 3 19 12 5 21 5 3""></polygon></svg></button></div><div class=""meta-section""><div class=""translation"">該公司決定調整其行銷策略，以更好地滿足年輕一代不斷變化的需求。</div><div class=""entry-explanation"">動詞「調整」。此用法指對某物進行微調或改變。</div></div></div><div class=""entry""><div class=""sentence-row""><div class=""sentence"">Making an <span class=""target-word"">adjustment</span> <span class=""collocation"">to</span> the new work-from-home policy was challenging for many employees at first.</div><button class=""tts-button"" data-tts=""Making an adjustment to the new work-from-home policy was challenging for many employees at first."" onclick=""window.playTTS(this.getAttribute('data-tts'))""><svg viewBox=""0 0 24 24"" fill=""none"" stroke=""currentColor"" stroke-width=""2""><polygon points=""5 3 19 12 5 21 5 3""></polygon></svg></button></div><div class=""meta-section""><div class=""translation"">對許多員工來說，一開始要適應新的居家辦公政策是很有挑戰性的。</div><div class=""entry-explanation"">名詞「調整；適應」。片語 make an adjustment to sth 表示「對某事做出調整/適應」。</div></div></div></div><div class=""related-forms""><span class=""label"">Related:</span> adjustment, adjustable</div></div>"
admirable	"<div class=""anki-card-content""><div class=""general-explanation"">形容詞「令人欽佩的」，指某人或某事值得尊敬或讚揚。常用來描述品格、行為或成就。</div><div class=""entries-container""><div class=""entry""><div class=""sentence-row""><div class=""sentence"">Her <span class=""target-word"">admirable</span> <span class=""collocation"">dedication to</span> community service inspired many young people to volunteer their time.</div><button class=""tts-button"" data-tts=""Her admirable dedication to community service inspired many young people to volunteer their time."" onclick=""window.playTTS(this.getAttribute('data-tts'))""><svg viewBox=""0 0 24 24"" fill=""none"" stroke=""currentColor"" stroke-width=""2""><polygon points=""5 3 19 12 5 21 5 3""></polygon></svg></button></div><div class=""meta-section""><div class=""translation"">她對社區服務令人欽佩的奉獻精神激勵了許多年輕人志願貢獻他們的時間。</div><div class=""entry-explanation"">形容詞「令人欽佩的」。常修飾品格、努力或成就。</div></div></div><div class=""entry""><div class=""sentence-row""><div class=""sentence"">The scientist's <span class=""target-word"">admirable</span> <span class=""collocation"">persistence in</span> research eventually led to a significant breakthrough in medical technology.</div><button class=""tts-button"" data-tts=""The scientist&#x27;s admirable persistence in research eventually led to a significant breakthrough in medical technology."" onclick=""window.playTTS(this.getAttribute('data-tts'))""><svg viewBox=""0 0 24 24"" fill=""none"" stroke=""currentColor"" stroke-width=""2""><polygon points=""5 3 19 12 5 21 5 3""></polygon></svg></button></div><div class=""meta-section""><div class=""translation"">這位科學家在研究中令人欽佩的堅持最終導致了醫學技術的重大突破。</div><div class=""entry-explanation"">形容詞「值得讚揚的」。強調其值得尊敬的特質。</div></div></div></div><div class=""related-forms""><span class=""label"">Related:</span> admire, admiration, admirably</div></div>"
admiration	"<div class=""anki-card-content""><div class=""general-explanation"">名詞「欽佩；讚賞」，指對某人或某事感到尊敬和喜愛。常考搭配為 *have admiration for* 或 *express admiration for*。</div><div class=""entries-container""><div class=""entry""><div class=""sentence-row""><div class=""sentence"">The students <span class=""collocation"">expressed</span> their deep <span class=""target-word"">admiration</span> <span class=""collocation"">for</span> their teacher's patience and innovative teaching methods.</div><button class=""tts-button"" data-tts=""The students expressed their deep admiration for their teacher&#x27;s patience and innovative teaching methods."" onclick=""window.playTTS(this.getAttribute('data-tts'))""><svg viewBox=""0 0 24 24"" fill=""none"" stroke=""currentColor"" stroke-width=""2""><polygon points=""5 3 19 12 5 21 5 3""></polygon></svg></button></div><div class=""meta-section""><div class=""translation"">學生們表達了他們對老師的耐心和創新教學方法的深深欽佩。</div><div class=""entry-explanation"">名詞「欽佩」。片語 express admiration for sth/sb 表示「表達對…的欽佩」。</div></div></div><div class=""entry""><div class=""sentence-row""><div class=""sentence"">She <span class=""collocation"">had</span> great <span class=""target-word"">admiration</span> <span class=""collocation"">for</span> her grandmother, who overcame many difficulties to achieve her dreams.</div><button class=""tts-button"" data-tts=""She had great admiration for her grandmother, who overcame many difficulties to achieve her dreams."" onclick=""window.playTTS(this.getAttribute('data-tts'))""><svg viewBox=""0 0 24 24"" fill=""none"" stroke=""currentColor"" stroke-width=""2""><polygon points=""5 3 19 12 5 21 5 3""></polygon></svg></button></div><div class=""meta-section""><div class=""translation"">她對她的祖母懷有極大的欽佩，祖母克服了許多困難才實現了夢想。</div><div class=""entry-explanation"">名詞「欽佩」。片語 have admiration for sth/sb 表示「對…懷有欽佩」。</div></div></div></div><div class=""related-forms""><span class=""label"">Related:</span> admire, admirable, admirably</div></div>"
admission	"<div class=""anki-card-content""><div class=""general-explanation"">名詞「入場許可；入學許可；承認」。(1) 「入場許可」或「入學許可」常搭配介係詞 *to*。(2) 「承認」指承認錯誤或事實，常用片語 *make an admission*。(3) 注意與動詞 *admit* 的區別。</div><div class=""entries-container""><div class=""entry""><div class=""sentence-row""><div class=""sentence"">The university announced that <span class=""target-word"">admission</span> <span class=""collocation"">to</span> its highly competitive engineering program would require excellent grades.</div><button class=""tts-button"" data-tts=""The university announced that admission to its highly competitive engineering program would require excellent grades."" onclick=""window.playTTS(this.getAttribute('data-tts'))""><svg viewBox=""0 0 24 24"" fill=""none"" stroke=""currentColor"" stroke-width=""2""><polygon points=""5 3 19 12 5 21 5 3""></polygon></svg></button></div><div class=""meta-section""><div class=""translation"">該大學宣布，其競爭激烈的工程學程入學將需要優異的成績。</div><div class=""entry-explanation"">名詞「入學許可」。片語 admission to sth 表示「進入某處的許可」。</div></div></div><div class=""entry""><div class=""sentence-row""><div class=""sentence"">After hours of questioning, the suspect finally <span class=""collocation"">made an</span> <span class=""target-word"">admission</span> <span class=""collocation"">of</span> guilt regarding the theft.</div><button class=""tts-button"" data-tts=""After hours of questioning, the suspect finally made an admission of guilt regarding the theft."" onclick=""window.playTTS(this.getAttribute('data-tts'))""><svg viewBox=""0 0 24 24"" fill=""none"" stroke=""currentColor"" stroke-width=""2""><polygon points=""5 3 19 12 5 21 5 3""></polygon></svg></button></div><div class=""meta-section""><div class=""translation"">經過數小時的審問，嫌疑犯最終承認了盜竊的罪行。</div><div class=""entry-explanation"">名詞「承認」。片語 make an admission of sth 表示「承認某事」。</div></div></div><div class=""entry""><div class=""sentence-row""><div class=""sentence"">The museum charges a small <span class=""target-word"">admission</span> <span class=""collocation"">fee</span> to help maintain its exhibits and support educational programs.</div><button class=""tts-button"" data-tts=""The museum charges a small admission fee to help maintain its exhibits and support educational programs."" onclick=""window.playTTS(this.getAttribute('data-tts'))""><svg viewBox=""0 0 24 24"" fill=""none"" stroke=""currentColor"" stroke-width=""2""><polygon points=""5 3 19 12 5 21 5 3""></polygon></svg></button></div><div class=""meta-section""><div class=""translation"">博物館收取少量入場費，以幫助維護其展品並支持教育計畫。</div><div class=""entry-explanation"">名詞「入場費」。常與 fee 搭配。</div></div></div></div><div class=""related-forms""><span class=""label"">Related:</span> admit</div></div>"
adopt	"<div class=""anki-card-content""><div class=""general-explanation"">動詞「採納；領養」。(1) 「採納」指接受並開始使用某種方法、政策或觀點。(2) 「領養」指合法地收養一個孩子或動物。(3) 注意與 *adapt* (適應) 的拼寫和意義區別。</div><div class=""entries-container""><div class=""entry""><div class=""sentence-row""><div class=""sentence"">The couple decided to <span class=""target-word"">adopt</span> a child from an orphanage, providing a loving home for the young boy.</div><button class=""tts-button"" data-tts=""The couple decided to adopt a child from an orphanage, providing a loving home for the young boy."" onclick=""window.playTTS(this.getAttribute('data-tts'))""><svg viewBox=""0 0 24 24"" fill=""none"" stroke=""currentColor"" stroke-width=""2""><polygon points=""5 3 19 12 5 21 5 3""></polygon></svg></button></div><div class=""meta-section""><div class=""translation"">這對夫婦決定從孤兒院領養一個孩子，為這個小男孩提供一個充滿愛的家。</div><div class=""entry-explanation"">動詞「領養」。指合法地收養孩子或動物。</div></div></div><div class=""entry""><div class=""sentence-row""><div class=""sentence"">Our school decided to <span class=""target-word"">adopt</span> a new grading system to provide students with more comprehensive feedback on their performance.</div><button class=""tts-button"" data-tts=""Our school decided to adopt a new grading system to provide students with more comprehensive feedback on their performance."" onclick=""window.playTTS(this.getAttribute('data-tts'))""><svg viewBox=""0 0 24 24"" fill=""none"" stroke=""currentColor"" stroke-width=""2""><polygon points=""5 3 19 12 5 21 5 3""></polygon></svg></button></div><div class=""meta-section""><div class=""translation"">我們學校決定採納新的評分制度，為學生提供更全面的表現回饋。</div><div class=""entry-explanation"">動詞「採納」。指接受並開始使用某種方法或政策。</div></div></div></div><div class=""related-forms""><span class=""label"">Related:</span> adoption, adoptive</div></div>"
agency	"<div class=""anki-card-content""><div class=""general-explanation"">名詞「機構；代理處」。指提供特定服務的組織或公司。常見搭配如 *travel agency* (旅行社)、*advertising agency* (廣告公司)。另有「作用；效力」之意，但較少在GSAT中出現。</div><div class=""entries-container""><div class=""entry""><div class=""sentence-row""><div class=""sentence"">She found her dream job through a reputable <span class=""collocation"">recruitment</span> <span class=""target-word"">agency</span> that specializes in IT professionals.</div><button class=""tts-button"" data-tts=""She found her dream job through a reputable recruitment agency that specializes in IT professionals."" onclick=""window.playTTS(this.getAttribute('data-tts'))""><svg viewBox=""0 0 24 24"" fill=""none"" stroke=""currentColor"" stroke-width=""2""><polygon points=""5 3 19 12 5 21 5 3""></polygon></svg></button></div><div class=""meta-section""><div class=""translation"">她透過一家專門從事資訊科技專業人才的知名招聘機構找到了她的理想工作。</div><div class=""entry-explanation"">名詞「機構；代理處」。指提供特定服務的組織。</div></div></div><div class=""entry""><div class=""sentence-row""><div class=""sentence"">The government <span class=""target-word"">agency</span> is responsible for regulating food safety and ensuring public health standards.</div><button class=""tts-button"" data-tts=""The government agency is responsible for regulating food safety and ensuring public health standards."" onclick=""window.playTTS(this.getAttribute('data-tts'))""><svg viewBox=""0 0 24 24"" fill=""none"" stroke=""currentColor"" stroke-width=""2""><polygon points=""5 3 19 12 5 21 5 3""></polygon></svg></button></div><div class=""meta-section""><div class=""translation"">該政府機構負責規範食品安全並確保公共衛生標準。</div><div class=""entry-explanation"">名詞「機構」。指政府部門或組織。</div></div></div></div><div class=""related-forms""><span class=""label"">Related:</span> agent</div></div>"
agent	"<div class=""anki-card-content""><div class=""general-explanation"">名詞「代理人；經紀人；作用劑」。(1) 「代理人」指代表他人行事的人。(2) 「作用劑」指能產生特定效果的物質。</div><div class=""entries-container""><div class=""entry""><div class=""sentence-row""><div class=""sentence"">The real estate <span class=""target-word"">agent</span> helped the young couple find their ideal apartment in the bustling city center.</div><button class=""tts-button"" data-tts=""The real estate agent helped the young couple find their ideal apartment in the bustling city center."" onclick=""window.playTTS(this.getAttribute('data-tts'))""><svg viewBox=""0 0 24 24"" fill=""none"" stroke=""currentColor"" stroke-width=""2""><polygon points=""5 3 19 12 5 21 5 3""></polygon></svg></button></div><div class=""meta-section""><div class=""translation"">這位房地產經紀人幫助這對年輕夫婦在繁華的市中心找到了他們理想的公寓。</div><div class=""entry-explanation"">名詞「代理人；經紀人」。指代表客戶處理事務的人。</div></div></div><div class=""entry""><div class=""sentence-row""><div class=""sentence"">Bleach is a powerful cleaning <span class=""target-word"">agent</span> that can effectively remove stains and disinfect surfaces.</div><button class=""tts-button"" data-tts=""Bleach is a powerful cleaning agent that can effectively remove stains and disinfect surfaces."" onclick=""window.playTTS(this.getAttribute('data-tts'))""><svg viewBox=""0 0 24 24"" fill=""none"" stroke=""currentColor"" stroke-width=""2""><polygon points=""5 3 19 12 5 21 5 3""></polygon></svg></button></div><div class=""meta-section""><div class=""translation"">漂白水是一種強效的清潔劑，可以有效去除污漬並消毒表面。</div><div class=""entry-explanation"">名詞「作用劑」。指能產生特定效果的物質。</div></div></div></div><div class=""related-forms""><span class=""label"">Related:</span> agency</div></div>"
aggressive	"<div class=""anki-card-content""><div class=""general-explanation"">形容詞「好鬥的；積極進取的」。(1) 「好鬥的」指傾向於攻擊或爭吵。(2) 「積極進取的」指有決心且精力充沛地追求目標，通常帶有強勢的意味。(3) 注意其雙重含義，需根據語境判斷。</div><div class=""entries-container""><div class=""entry""><div class=""sentence-row""><div class=""sentence"">The coach warned the team against <span class=""target-word"">aggressive</span> <span class=""collocation"">behavior</span> on the field, emphasizing fair play and sportsmanship.</div><button class=""tts-button"" data-tts=""The coach warned the team against aggressive behavior on the field, emphasizing fair play and sportsmanship."" onclick=""window.playTTS(this.getAttribute('data-tts'))""><svg viewBox=""0 0 24 24"" fill=""none"" stroke=""currentColor"" stroke-width=""2""><polygon points=""5 3 19 12 5 21 5 3""></polygon></svg></button></div><div class=""meta-section""><div class=""translation"">教練警告球隊不要在場上表現出攻擊性行為，強調公平競爭和運動家精神。</div><div class=""entry-explanation"">形容詞「好鬥的；具攻擊性的」。指傾向於攻擊或爭吵的行為。</div></div></div><div class=""entry""><div class=""sentence-row""><div class=""sentence"">The startup launched an <span class=""target-word"">aggressive</span> <span class=""collocation"">marketing campaign</span> to quickly gain market share in the competitive industry.</div><button class=""tts-button"" data-tts=""The startup launched an aggressive marketing campaign to quickly gain market share in the competitive industry."" onclick=""window.playTTS(this.getAttribute('data-tts'))""><svg viewBox=""0 0 24 24"" fill=""none"" stroke=""currentColor"" stroke-width=""2""><polygon points=""5 3 19 12 5 21 5 3""></polygon></svg></button></div><div class=""meta-section""><div class=""translation"">這家新創公司發起了一項積極進取的行銷活動，以在競爭激烈的行業中迅速搶佔市場份額。</div><div class=""entry-explanation"">形容詞「積極進取的」。指有決心且精力充沛地追求目標。</div></div></div></div><div class=""related-forms""><span class=""label"">Related:</span> aggression, aggressively</div></div>"
agreeable	"<div class=""anki-card-content""><div class=""general-explanation"">形容詞「令人愉快的；欣然同意的」。(1) 「令人愉快的」指令人感到舒適或喜歡。(2) 「欣然同意的」指樂意接受或同意某事，常搭配介係詞 *to*。</div><div class=""entries-container""><div class=""entry""><div class=""sentence-row""><div class=""sentence"">The weather was quite <span class=""target-word"">agreeable</span> for an outdoor picnic, with clear skies and a gentle breeze.</div><button class=""tts-button"" data-tts=""The weather was quite agreeable for an outdoor picnic, with clear skies and a gentle breeze."" onclick=""window.playTTS(this.getAttribute('data-tts'))""><svg viewBox=""0 0 24 24"" fill=""none"" stroke=""currentColor"" stroke-width=""2""><polygon points=""5 3 19 12 5 21 5 3""></polygon></svg></button></div><div class=""meta-section""><div class=""translation"">天氣非常宜人，適合戶外野餐，天空晴朗，微風輕拂。</div><div class=""entry-explanation"">形容詞「令人愉快的；宜人的」。指讓人感到舒適或喜歡。</div></div></div><div class=""entry""><div class=""sentence-row""><div class=""sentence"">The committee was <span class=""target-word"">agreeable</span> <span class=""collocation"">to</span> the proposal, as it offered a practical solution to the budget problem.</div><button class=""tts-button"" data-tts=""The committee was agreeable to the proposal, as it offered a practical solution to the budget problem."" onclick=""window.playTTS(this.getAttribute('data-tts'))""><svg viewBox=""0 0 24 24"" fill=""none"" stroke=""currentColor"" stroke-width=""2""><polygon points=""5 3 19 12 5 21 5 3""></polygon></svg></button></div><div class=""meta-section""><div class=""translation"">委員會欣然同意這項提案，因為它為預算問題提供了一個實用的解決方案。</div><div class=""entry-explanation"">形容詞「欣然同意的」。片語 agreeable to sth 表示「樂意接受或同意某事」。</div></div></div></div><div class=""related-forms""><span class=""label"">Related:</span> agree, agreement, agreeably</div></div>"
alcohol	"<div class=""anki-card-content""><div class=""general-explanation"">名詞「酒精；酒」。指含有酒精的飲料或化學物質。常用於討論健康、法律或社交場合。注意其不可數名詞的特性。</div><div class=""entries-container""><div class=""entry""><div class=""sentence-row""><div class=""sentence"">Many universities have strict policies regarding the consumption of <span class=""target-word"">alcohol</span> on campus, especially for underage students.</div><button class=""tts-button"" data-tts=""Many universities have strict policies regarding the consumption of alcohol on campus, especially for underage students."" onclick=""window.playTTS(this.getAttribute('data-tts'))""><svg viewBox=""0 0 24 24"" fill=""none"" stroke=""currentColor"" stroke-width=""2""><polygon points=""5 3 19 12 5 21 5 3""></polygon></svg></button></div><div class=""meta-section""><div class=""translation"">許多大學對校園內飲酒有嚴格的規定，特別是針對未成年學生。</div><div class=""entry-explanation"">名詞「酒精；酒」。指含有酒精的飲料。</div></div></div><div class=""entry""><div class=""sentence-row""><div class=""sentence"">The doctor advised the patient to avoid <span class=""target-word"">alcohol</span> <span class=""collocation"">consumption</span> while taking the prescribed medication.</div><button class=""tts-button"" data-tts=""The doctor advised the patient to avoid alcohol consumption while taking the prescribed medication."" onclick=""window.playTTS(this.getAttribute('data-tts'))""><svg viewBox=""0 0 24 24"" fill=""none"" stroke=""currentColor"" stroke-width=""2""><polygon points=""5 3 19 12 5 21 5 3""></polygon></svg></button></div><div class=""meta-section""><div class=""translation"">醫生建議病患在服用處方藥期間避免飲酒。</div><div class=""entry-explanation"">名詞「酒精」。常與 consumption 搭配，指「飲酒」。</div></div></div></div><div class=""related-forms""><span class=""label"">Related:</span> alcoholic</div></div>"
alert	"<div class=""anki-card-content""><div class=""general-explanation"">此字可作形容詞、動詞和名詞。形容詞「警覺的」常與 be, remain, stay 等動詞連用，表示對危險或重要事物保持警覺。動詞「提醒/使警覺」常搭配介係詞 to，表示提醒某人注意某事。名詞「警報/警覺」常與 on, give, sound 等動詞搭配。</div><div class=""entries-container""><div class=""entry""><div class=""sentence-row""><div class=""sentence"">The security guard remained <span class=""target-word"">alert</span> <span class=""collocation"">for</span> any suspicious activity near the entrance, ensuring everyone's safety during the event.</div><button class=""tts-button"" data-tts=""The security guard remained alert for any suspicious activity near the entrance, ensuring everyone&#x27;s safety during the event."" onclick=""window.playTTS(this.getAttribute('data-tts'))""><svg viewBox=""0 0 24 24"" fill=""none"" stroke=""currentColor"" stroke-width=""2""><polygon points=""5 3 19 12 5 21 5 3""></polygon></svg></button></div><div class=""meta-section""><div class=""translation"">保全人員對入口附近的任何可疑活動保持警覺，確保活動期間每個人的安全。</div><div class=""entry-explanation"">形容詞「警覺的」。常與介係詞 for 連用，表示對...保持警覺。</div></div></div><div class=""entry""><div class=""sentence-row""><div class=""sentence"">The weather forecast <span class=""target-word"">alerted</span> residents <span class=""collocation"">to</span> the possibility of heavy thunderstorms, advising them to stay indoors for safety.</div><button class=""tts-button"" data-tts=""The weather forecast alerted residents to the possibility of heavy thunderstorms, advising them to stay indoors for safety."" onclick=""window.playTTS(this.getAttribute('data-tts'))""><svg viewBox=""0 0 24 24"" fill=""none"" stroke=""currentColor"" stroke-width=""2""><polygon points=""5 3 19 12 5 21 5 3""></polygon></svg></button></div><div class=""meta-section""><div class=""translation"">天氣預報提醒居民注意可能發生的強雷雨，建議他們為了安全待在室內。</div><div class=""entry-explanation"">動詞「提醒/使警覺」。常用句型 alert sb to sth。</div></div></div><div class=""entry""><div class=""sentence-row""><div class=""sentence"">The sudden fire alarm <span class=""collocation"">sounded</span> an <span class=""target-word"">alert</span> throughout the building, prompting everyone to evacuate quickly and calmly.</div><button class=""tts-button"" data-tts=""The sudden fire alarm sounded an alert throughout the building, prompting everyone to evacuate quickly and calmly."" onclick=""window.playTTS(this.getAttribute('data-tts'))""><svg viewBox=""0 0 24 24"" fill=""none"" stroke=""currentColor"" stroke-width=""2""><polygon points=""5 3 19 12 5 21 5 3""></polygon></svg></button></div><div class=""meta-section""><div class=""translation"">突然響起的火災警報聲響徹整棟大樓，促使每個人迅速而平靜地疏散。</div><div class=""entry-explanation"">名詞「警報」。常用搭配 sound an alert 或 be on alert (保持警覺)。</div></div></div></div><div class=""related-forms""><span class=""label"">Related:</span> alertness</div></div>"
allowance	"<div class=""anki-card-content""><div class=""general-explanation"">名詞「零用錢」或「津貼」。也指在特定情況下允許的數量或限度，如行李限額。注意此字與動詞 allow (允許) 意義不同，不可混淆。</div><div class=""entries-container""><div class=""entry""><div class=""sentence-row""><div class=""sentence"">My parents give me a weekly <span class=""target-word"">allowance</span> to manage my personal expenses, teaching me the importance of budgeting.</div><button class=""tts-button"" data-tts=""My parents give me a weekly allowance to manage my personal expenses, teaching me the importance of budgeting."" onclick=""window.playTTS(this.getAttribute('data-tts'))""><svg viewBox=""0 0 24 24"" fill=""none"" stroke=""currentColor"" stroke-width=""2""><polygon points=""5 3 19 12 5 21 5 3""></polygon></svg></button></div><div class=""meta-section""><div class=""translation"">我的父母每週給我零用錢來管理我的個人開支，教導我預算的重要性。</div><div class=""entry-explanation"">名詞「零用錢」。常用搭配 give/receive an allowance。</div></div></div><div class=""entry""><div class=""sentence-row""><div class=""sentence"">The airline has a strict baggage <span class=""target-word"">allowance</span>, so passengers must ensure their luggage doesn't exceed the weight limit.</div><button class=""tts-button"" data-tts=""The airline has a strict baggage allowance, so passengers must ensure their luggage doesn&#x27;t exceed the weight limit."" onclick=""window.playTTS(this.getAttribute('data-tts'))""><svg viewBox=""0 0 24 24"" fill=""none"" stroke=""currentColor"" stroke-width=""2""><polygon points=""5 3 19 12 5 21 5 3""></polygon></svg></button></div><div class=""meta-section""><div class=""translation"">該航空公司有嚴格的行李限額，因此乘客必須確保他們的行李沒有超過重量限制。</div><div class=""entry-explanation"">名詞「限額/津貼」。常用搭配 baggage allowance, travel allowance。</div></div></div></div></div>"
alternative	"<div class=""anki-card-content""><div class=""general-explanation"">此字可作形容詞和名詞。形容詞「替代的」指可供選擇的方案或方法。名詞「替代方案」指可供選擇的事物或方案，常與介係詞 to 連用。注意其單複數形。</div><div class=""entries-container""><div class=""entry""><div class=""sentence-row""><div class=""sentence"">Faced with a traffic jam, the driver decided to take an <span class=""target-word"">alternative</span> <span class=""collocation"">route</span> to reach his destination on time.</div><button class=""tts-button"" data-tts=""Faced with a traffic jam, the driver decided to take an alternative route to reach his destination on time."" onclick=""window.playTTS(this.getAttribute('data-tts'))""><svg viewBox=""0 0 24 24"" fill=""none"" stroke=""currentColor"" stroke-width=""2""><polygon points=""5 3 19 12 5 21 5 3""></polygon></svg></button></div><div class=""meta-section""><div class=""translation"">面對交通堵塞，司機決定走一條替代路線，以便準時到達目的地。</div><div class=""entry-explanation"">形容詞「替代的」。常用搭配 alternative route/method/energy。</div></div></div><div class=""entry""><div class=""sentence-row""><div class=""sentence"">Since public transportation was on strike, cycling became the only viable <span class=""target-word"">alternative</span> <span class=""collocation"">to</span> getting to work that day.</div><button class=""tts-button"" data-tts=""Since public transportation was on strike, cycling became the only viable alternative to getting to work that day."" onclick=""window.playTTS(this.getAttribute('data-tts'))""><svg viewBox=""0 0 24 24"" fill=""none"" stroke=""currentColor"" stroke-width=""2""><polygon points=""5 3 19 12 5 21 5 3""></polygon></svg></button></div><div class=""meta-section""><div class=""translation"">由於大眾運輸罷工，騎自行車成了那天上班唯一可行的替代方案。</div><div class=""entry-explanation"">名詞「替代方案」。常用搭配 alternative to sth。</div></div></div></div><div class=""related-forms""><span class=""label"">Related:</span> alternatively</div></div>"
amateur	"<div class=""anki-card-content""><div class=""general-explanation"">此字可作形容詞和名詞。形容詞「業餘的」指非專業的。名詞「業餘愛好者」指非專業人士，常與 professional (專業人士) 對比。注意其發音與拼寫。</div><div class=""entries-container""><div class=""entry""><div class=""sentence-row""><div class=""sentence"">Despite being an <span class=""target-word"">amateur</span> <span class=""collocation"">photographer</span>, her stunning landscape pictures won first prize in the local competition.</div><button class=""tts-button"" data-tts=""Despite being an amateur photographer, her stunning landscape pictures won first prize in the local competition."" onclick=""window.playTTS(this.getAttribute('data-tts'))""><svg viewBox=""0 0 24 24"" fill=""none"" stroke=""currentColor"" stroke-width=""2""><polygon points=""5 3 19 12 5 21 5 3""></polygon></svg></button></div><div class=""meta-section""><div class=""translation"">儘管她是一名業餘攝影師，她令人驚嘆的風景照片在當地比賽中贏得了第一名。</div><div class=""entry-explanation"">形容詞「業餘的」。常用搭配 amateur photographer/athlete/artist。</div></div></div><div class=""entry""><div class=""sentence-row""><div class=""sentence"">The concert featured several talented <span class=""target-word"">amateurs</span> who performed alongside professional musicians, showcasing their passion for music.</div><button class=""tts-button"" data-tts=""The concert featured several talented amateurs who performed alongside professional musicians, showcasing their passion for music."" onclick=""window.playTTS(this.getAttribute('data-tts'))""><svg viewBox=""0 0 24 24"" fill=""none"" stroke=""currentColor"" stroke-width=""2""><polygon points=""5 3 19 12 5 21 5 3""></polygon></svg></button></div><div class=""meta-section""><div class=""translation"">這場音樂會邀請了幾位才華橫溢的業餘愛好者與專業音樂家一同表演，展現他們對音樂的熱情。</div><div class=""entry-explanation"">名詞「業餘愛好者」。常與 professional (專業人士) 對比。</div></div></div></div></div>"
ambiguous	"<div class=""anki-card-content""><div class=""general-explanation"">形容詞「模稜兩可的」、「不明確的」。常因有多種解釋而造成困惑或不確定性。注意其名詞形式 ambiguity。</div><div class=""entries-container""><div class=""entry""><div class=""sentence-row""><div class=""sentence"">The politician's statement was so <span class=""target-word"">ambiguous</span> that both supporters and opponents interpreted it differently, causing confusion.</div><button class=""tts-button"" data-tts=""The politician&#x27;s statement was so ambiguous that both supporters and opponents interpreted it differently, causing confusion."" onclick=""window.playTTS(this.getAttribute('data-tts'))""><svg viewBox=""0 0 24 24"" fill=""none"" stroke=""currentColor"" stroke-width=""2""><polygon points=""5 3 19 12 5 21 5 3""></polygon></svg></button></div><div class=""meta-section""><div class=""translation"">這位政治家的聲明如此模稜兩可，以至於支持者和反對者對其有不同的解讀，造成了混亂。</div><div class=""entry-explanation"">形容詞「模稜兩可的」。常用搭配 ambiguous statement/meaning/answer。</div></div></div></div><div class=""related-forms""><span class=""label"">Related:</span> ambiguity, ambiguously</div></div>"
ambitious	"<div class=""anki-card-content""><div class=""general-explanation"">形容詞「有抱負的」、「雄心勃勃的」。描述一個人有強烈的願望去實現某個目標，通常是困難或宏大的目標。注意其名詞形式 ambition。</div><div class=""entries-container""><div class=""entry""><div class=""sentence-row""><div class=""sentence"">The young entrepreneur had <span class=""target-word"">ambitious</span> <span class=""collocation"">goals</span> to expand her startup globally within five years, requiring significant effort.</div><button class=""tts-button"" data-tts=""The young entrepreneur had ambitious goals to expand her startup globally within five years, requiring significant effort."" onclick=""window.playTTS(this.getAttribute('data-tts'))""><svg viewBox=""0 0 24 24"" fill=""none"" stroke=""currentColor"" stroke-width=""2""><polygon points=""5 3 19 12 5 21 5 3""></polygon></svg></button></div><div class=""meta-section""><div class=""translation"">這位年輕的企業家有雄心勃勃的目標，要在五年內將她的新創公司擴展到全球，這需要付出巨大的努力。</div><div class=""entry-explanation"">形容詞「有抱負的/雄心勃勃的」。常用搭配 ambitious goals/plans/project。</div></div></div></div><div class=""related-forms""><span class=""label"">Related:</span> ambition, ambitiously</div></div>"
amuse	"<div class=""anki-card-content""><div class=""general-explanation"">動詞「使發笑/娛樂」。常用於被動語態 be amused by/at，表示被逗樂或感到有趣。其名詞形式 amusement 指「娛樂/樂趣」，常用於 amusement park (遊樂園)。</div><div class=""entries-container""><div class=""entry""><div class=""sentence-row""><div class=""sentence"">The comedian's witty jokes never failed to <span class=""target-word"">amuse</span> the audience, making everyone laugh throughout the entire show.</div><button class=""tts-button"" data-tts=""The comedian&#x27;s witty jokes never failed to amuse the audience, making everyone laugh throughout the entire show."" onclick=""window.playTTS(this.getAttribute('data-tts'))""><svg viewBox=""0 0 24 24"" fill=""none"" stroke=""currentColor"" stroke-width=""2""><polygon points=""5 3 19 12 5 21 5 3""></polygon></svg></button></div><div class=""meta-section""><div class=""translation"">這位喜劇演員機智的笑話總能逗樂觀眾，讓大家在整個表演中笑聲不斷。</div><div class=""entry-explanation"">動詞「使發笑/娛樂」。常用句型 amuse sb。</div></div></div><div class=""entry""><div class=""sentence-row""><div class=""sentence"">We were greatly <span class=""target-word"">amused</span> <span class=""collocation"">by</span> the children's spontaneous dance performance during the school talent show.</div><button class=""tts-button"" data-tts=""We were greatly amused by the children&#x27;s spontaneous dance performance during the school talent show."" onclick=""window.playTTS(this.getAttribute('data-tts'))""><svg viewBox=""0 0 24 24"" fill=""none"" stroke=""currentColor"" stroke-width=""2""><polygon points=""5 3 19 12 5 21 5 3""></polygon></svg></button></div><div class=""meta-section""><div class=""translation"">我們被孩子們在學校才藝表演中自發的舞蹈表演逗樂了。</div><div class=""entry-explanation"">動詞「被逗樂」。常用被動語態 be amused by/at sth。</div></div></div><div class=""entry""><div class=""sentence-row""><div class=""sentence"">The new theme park offers a wide range of rides and attractions for everyone's <span class=""target-word"">amusement</span>, from toddlers to adults.</div><button class=""tts-button"" data-tts=""The new theme park offers a wide range of rides and attractions for everyone&#x27;s amusement, from toddlers to adults."" onclick=""window.playTTS(this.getAttribute('data-tts'))""><svg viewBox=""0 0 24 24"" fill=""none"" stroke=""currentColor"" stroke-width=""2""><polygon points=""5 3 19 12 5 21 5 3""></polygon></svg></button></div><div class=""meta-section""><div class=""translation"">這個新的主題公園提供各種遊樂設施和景點，供從幼兒到成人所有人的娛樂。</div><div class=""entry-explanation"">名詞「娛樂/樂趣」。常用搭配 for amusement 或 amusement park。</div></div></div></div><div class=""related-forms""><span class=""label"">Related:</span> amusing, amused, amusement</div></div>"
analysis	"<div class=""anki-card-content""><div class=""general-explanation"">名詞「分析」。指對事物進行詳細檢視以理解其組成、結構或原因。常與介係詞 of 連用。注意其動詞形式為 analyze。</div><div class=""entries-container""><div class=""entry""><div class=""sentence-row""><div class=""sentence"">The scientist's detailed <span class=""target-word"">analysis</span> <span class=""collocation"">of</span> the soil samples revealed unexpected levels of pollution in the agricultural area.</div><button class=""tts-button"" data-tts=""The scientist&#x27;s detailed analysis of the soil samples revealed unexpected levels of pollution in the agricultural area."" onclick=""window.playTTS(this.getAttribute('data-tts'))""><svg viewBox=""0 0 24 24"" fill=""none"" stroke=""currentColor"" stroke-width=""2""><polygon points=""5 3 19 12 5 21 5 3""></polygon></svg></button></div><div class=""meta-section""><div class=""translation"">科學家對土壤樣本的詳細分析揭示了農業區意想不到的污染程度。</div><div class=""entry-explanation"">名詞「分析」。常用搭配 analysis of sth。</div></div></div></div><div class=""related-forms""><span class=""label"">Related:</span> analyze, analytical</div></div>"
analyze	"<div class=""anki-card-content""><div class=""general-explanation"">動詞「分析」。指對事物進行詳細檢視以理解其組成、結構或原因。常搭配 data, results, information 等。注意其名詞形式為 analysis。</div><div class=""entries-container""><div class=""entry""><div class=""sentence-row""><div class=""sentence"">Researchers will <span class=""target-word"">analyze</span> the collected data to identify patterns and draw conclusions about the effectiveness of the new teaching method.</div><button class=""tts-button"" data-tts=""Researchers will analyze the collected data to identify patterns and draw conclusions about the effectiveness of the new teaching method."" onclick=""window.playTTS(this.getAttribute('data-tts'))""><svg viewBox=""0 0 24 24"" fill=""none"" stroke=""currentColor"" stroke-width=""2""><polygon points=""5 3 19 12 5 21 5 3""></polygon></svg></button></div><div class=""meta-section""><div class=""translation"">研究人員將分析收集到的數據，以識別模式並就新教學方法的有效性得出結論。</div><div class=""entry-explanation"">動詞「分析」。常用搭配 analyze data/results/information。</div></div></div></div><div class=""related-forms""><span class=""label"">Related:</span> analysis, analytical</div></div>"
ancestor	"<div class=""anki-card-content""><div class=""general-explanation"">名詞「祖先」、「祖宗」。指某人或某群體在過去的血緣關係中的前輩。注意其複數形為 ancestors。</div><div class=""entries-container""><div class=""entry""><div class=""sentence-row""><div class=""sentence"">Many people research their family history to learn more about their <span class=""target-word"">ancestors</span> and understand their cultural heritage.</div><button class=""tts-button"" data-tts=""Many people research their family history to learn more about their ancestors and understand their cultural heritage."" onclick=""window.playTTS(this.getAttribute('data-tts'))""><svg viewBox=""0 0 24 24"" fill=""none"" stroke=""currentColor"" stroke-width=""2""><polygon points=""5 3 19 12 5 21 5 3""></polygon></svg></button></div><div class=""meta-section""><div class=""translation"">許多人研究他們的家族歷史，以了解更多關於他們的祖先並理解他們的文化遺產。</div><div class=""entry-explanation"">名詞「祖先」。常用搭配 common ancestor, direct ancestor。</div></div></div></div><div class=""related-forms""><span class=""label"">Related:</span> ancestry</div></div>"
anniversary	"<div class=""anki-card-content""><div class=""general-explanation"">名詞「週年紀念日」。常用於結婚紀念日 (wedding anniversary)、公司成立紀念日 (company anniversary) 等。注意其單複數變化。</div><div class=""entries-container""><div class=""entry""><div class=""sentence-row""><div class=""sentence"">The couple celebrated their tenth wedding <span class=""target-word"">anniversary</span> <span class=""collocation"">with</span> a romantic dinner and a weekend getaway to a quiet beach resort.</div><button class=""tts-button"" data-tts=""The couple celebrated their tenth wedding anniversary with a romantic dinner and a weekend getaway to a quiet beach resort."" onclick=""window.playTTS(this.getAttribute('data-tts'))""><svg viewBox=""0 0 24 24"" fill=""none"" stroke=""currentColor"" stroke-width=""2""><polygon points=""5 3 19 12 5 21 5 3""></polygon></svg></button></div><div class=""meta-section""><div class=""translation"">這對夫妻以浪漫晚餐和週末到寧靜海灘度假的方式，慶祝他們的結婚十週年紀念日。</div><div class=""entry-explanation"">名詞「週年紀念日」。常用搭配：celebrate an anniversary, wedding anniversary。介係詞常用 with。</div></div></div><div class=""entry""><div class=""sentence-row""><div class=""sentence"">Our school will host a grand event next month to mark its 50th <span class=""target-word"">anniversary</span>, inviting alumni from all over the world.</div><button class=""tts-button"" data-tts=""Our school will host a grand event next month to mark its 50th anniversary, inviting alumni from all over the world."" onclick=""window.playTTS(this.getAttribute('data-tts'))""><svg viewBox=""0 0 24 24"" fill=""none"" stroke=""currentColor"" stroke-width=""2""><polygon points=""5 3 19 12 5 21 5 3""></polygon></svg></button></div><div class=""meta-section""><div class=""translation"">我們學校下個月將舉辦一場盛大活動來慶祝其50週年校慶，邀請來自世界各地的校友。</div><div class=""entry-explanation"">名詞「週年紀念日」。mark an anniversary (慶祝/紀念週年)。</div></div></div></div><div class=""related-forms""><span class=""label"">Related:</span> anniversaries</div></div>"
annoy	"<div class=""anki-card-content""><div class=""general-explanation"">動詞「使惱怒，使煩躁」。常用於描述某人或某事引起的不悅情緒。注意其形容詞形式 annoying (令人惱怒的) 和 annoyed (感到惱怒的)。</div><div class=""entries-container""><div class=""entry""><div class=""sentence-row""><div class=""sentence"">The constant noise from the construction site next door began to <span class=""target-word"">annoy</span> the residents, who eventually filed a complaint.</div><button class=""tts-button"" data-tts=""The constant noise from the construction site next door began to annoy the residents, who eventually filed a complaint."" onclick=""window.playTTS(this.getAttribute('data-tts'))""><svg viewBox=""0 0 24 24"" fill=""none"" stroke=""currentColor"" stroke-width=""2""><polygon points=""5 3 19 12 5 21 5 3""></polygon></svg></button></div><div class=""meta-section""><div class=""translation"">隔壁工地持續不斷的噪音開始使居民感到惱怒，他們最終提出了投訴。</div><div class=""entry-explanation"">動詞「使惱怒」。主詞是造成惱怒的事物。</div></div></div><div class=""entry""><div class=""sentence-row""><div class=""sentence"">It really <span class=""target-word"">annoys</span> me when people talk loudly on their phones in public places, especially during quiet study hours.</div><button class=""tts-button"" data-tts=""It really annoys me when people talk loudly on their phones in public places, especially during quiet study hours."" onclick=""window.playTTS(this.getAttribute('data-tts'))""><svg viewBox=""0 0 24 24"" fill=""none"" stroke=""currentColor"" stroke-width=""2""><polygon points=""5 3 19 12 5 21 5 3""></polygon></svg></button></div><div class=""meta-section""><div class=""translation"">當人們在公共場所大聲講電話時，尤其是在安靜的自習時間，這真的讓我很惱火。</div><div class=""entry-explanation"">動詞「使惱怒」。常用句型：It annoys me when...。</div></div></div></div><div class=""related-forms""><span class=""label"">Related:</span> annoys, annoyed, annoying, annoyance</div></div>"
annual	"<div class=""anki-card-content""><div class=""general-explanation"">形容詞「每年的，一年一度的」。常用於描述定期發生的事件或報告。注意與 yearly (形容詞/副詞) 的區別，annual 語氣較正式。</div><div class=""entries-container""><div class=""entry""><div class=""sentence-row""><div class=""sentence"">The company holds its <span class=""target-word"">annual</span> <span class=""collocation"">meeting</span> in December to review the year's performance and plan for the next fiscal year.</div><button class=""tts-button"" data-tts=""The company holds its annual meeting in December to review the year&#x27;s performance and plan for the next fiscal year."" onclick=""window.playTTS(this.getAttribute('data-tts'))""><svg viewBox=""0 0 24 24"" fill=""none"" stroke=""currentColor"" stroke-width=""2""><polygon points=""5 3 19 12 5 21 5 3""></polygon></svg></button></div><div class=""meta-section""><div class=""translation"">該公司在十二月舉行年度會議，以檢討當年的績效並規劃下一個財政年度。</div><div class=""entry-explanation"">形容詞「每年的，年度的」。常用搭配：annual meeting, annual report, annual leave。</div></div></div><div class=""entry""><div class=""sentence-row""><div class=""sentence"">Students eagerly anticipate the <span class=""target-word"">annual</span> <span class=""collocation"">sports</span> day, where they compete in various events and show great team spirit.</div><button class=""tts-button"" data-tts=""Students eagerly anticipate the annual sports day, where they compete in various events and show great team spirit."" onclick=""window.playTTS(this.getAttribute('data-tts'))""><svg viewBox=""0 0 24 24"" fill=""none"" stroke=""currentColor"" stroke-width=""2""><polygon points=""5 3 19 12 5 21 5 3""></polygon></svg></button></div><div class=""meta-section""><div class=""translation"">學生們熱切期待一年一度的運動會，他們在各種項目中競爭並展現出很棒的團隊精神。</div><div class=""entry-explanation"">形容詞「一年一度的」。</div></div></div></div><div class=""related-forms""><span class=""label"">Related:</span> annually</div></div>"
anxiety	"<div class=""anki-card-content""><div class=""general-explanation"">名詞「焦慮，不安」。指對未來或不確定情況的擔憂。注意其形容詞形式 anxious (焦慮的)。常與介係詞 about 搭配。</div><div class=""entries-container""><div class=""entry""><div class=""sentence-row""><div class=""sentence"">Many students experience <span class=""target-word"">anxiety</span> <span class=""collocation"">about</span> final exams, which can sometimes affect their concentration and performance.</div><button class=""tts-button"" data-tts=""Many students experience anxiety about final exams, which can sometimes affect their concentration and performance."" onclick=""window.playTTS(this.getAttribute('data-tts'))""><svg viewBox=""0 0 24 24"" fill=""none"" stroke=""currentColor"" stroke-width=""2""><polygon points=""5 3 19 12 5 21 5 3""></polygon></svg></button></div><div class=""meta-section""><div class=""translation"">許多學生對期末考感到焦慮，這有時會影響他們的專注力和表現。</div><div class=""entry-explanation"">名詞「焦慮」。常用搭配：anxiety about sth。</div></div></div><div class=""entry""><div class=""sentence-row""><div class=""sentence"">The sudden economic downturn caused widespread <span class=""target-word"">anxiety</span> among investors, who feared losing their savings.</div><button class=""tts-button"" data-tts=""The sudden economic downturn caused widespread anxiety among investors, who feared losing their savings."" onclick=""window.playTTS(this.getAttribute('data-tts'))""><svg viewBox=""0 0 24 24"" fill=""none"" stroke=""currentColor"" stroke-width=""2""><polygon points=""5 3 19 12 5 21 5 3""></polygon></svg></button></div><div class=""meta-section""><div class=""translation"">突如其來的經濟衰退在投資者中引起了普遍的焦慮，他們擔心會失去積蓄。</div><div class=""entry-explanation"">名詞「焦慮」。widespread anxiety (普遍的焦慮)。</div></div></div></div><div class=""related-forms""><span class=""label"">Related:</span> anxious</div></div>"
apology	"<div class=""anki-card-content""><div class=""general-explanation"">名詞「道歉」。常用片語 make an apology (道歉)。注意其動詞形式 apologize (道歉)。常與介係詞 for 搭配，表示為某事道歉。</div><div class=""entries-container""><div class=""entry""><div class=""sentence-row""><div class=""sentence"">The student offered a sincere <span class=""target-word"">apology</span> <span class=""collocation"">for</span> being late to class, explaining that his bus had broken down on the way.</div><button class=""tts-button"" data-tts=""The student offered a sincere apology for being late to class, explaining that his bus had broken down on the way."" onclick=""window.playTTS(this.getAttribute('data-tts'))""><svg viewBox=""0 0 24 24"" fill=""none"" stroke=""currentColor"" stroke-width=""2""><polygon points=""5 3 19 12 5 21 5 3""></polygon></svg></button></div><div class=""meta-section""><div class=""translation"">這名學生為上課遲到真誠地道歉，解釋說他的公車在路上拋錨了。</div><div class=""entry-explanation"">名詞「道歉」。常用搭配：make an apology for sth。</div></div></div><div class=""entry""><div class=""sentence-row""><div class=""sentence"">After realizing her mistake, she immediately sent an email to express her <span class=""target-word"">apology</span> to her colleague for the misunderstanding.</div><button class=""tts-button"" data-tts=""After realizing her mistake, she immediately sent an email to express her apology to her colleague for the misunderstanding."" onclick=""window.playTTS(this.getAttribute('data-tts'))""><svg viewBox=""0 0 24 24"" fill=""none"" stroke=""currentColor"" stroke-width=""2""><polygon points=""5 3 19 12 5 21 5 3""></polygon></svg></button></div><div class=""meta-section""><div class=""translation"">意識到自己的錯誤後，她立即發送了一封電子郵件，向同事表達她的歉意，以消除誤會。</div><div class=""entry-explanation"">名詞「道歉」。express one&#x27;s apology (表達歉意)。</div></div></div></div><div class=""related-forms""><span class=""label"">Related:</span> apologies, apologize</div></div>"
apparent	"<div class=""anki-card-content""><div class=""general-explanation"">形容詞「顯而易見的，明顯的」。常用於描述容易被看見或理解的事物。注意其副詞形式 apparently (顯然地)。常與 it is apparent that... 句型搭配。</div><div class=""entries-container""><div class=""entry""><div class=""sentence-row""><div class=""sentence"">It was <span class=""target-word"">apparent</span> <span class=""collocation"">to</span> everyone that the new policy would have a significant impact on the company's future operations.</div><button class=""tts-button"" data-tts=""It was apparent to everyone that the new policy would have a significant impact on the company&#x27;s future operations."" onclick=""window.playTTS(this.getAttribute('data-tts'))""><svg viewBox=""0 0 24 24"" fill=""none"" stroke=""currentColor"" stroke-width=""2""><polygon points=""5 3 19 12 5 21 5 3""></polygon></svg></button></div><div class=""meta-section""><div class=""translation"">對所有人來說，新政策將對公司未來的營運產生重大影響是顯而易見的。</div><div class=""entry-explanation"">形容詞「顯而易見的」。常用句型：It is apparent to sb that...。</div></div></div><div class=""entry""><div class=""sentence-row""><div class=""sentence"">Despite his efforts to hide it, his nervousness became <span class=""target-word"">apparent</span> during the job interview when he started to stammer.</div><button class=""tts-button"" data-tts=""Despite his efforts to hide it, his nervousness became apparent during the job interview when he started to stammer."" onclick=""window.playTTS(this.getAttribute('data-tts'))""><svg viewBox=""0 0 24 24"" fill=""none"" stroke=""currentColor"" stroke-width=""2""><polygon points=""5 3 19 12 5 21 5 3""></polygon></svg></button></div><div class=""meta-section""><div class=""translation"">儘管他努力隱藏，但在面試時他開始口吃，他的緊張就變得顯而易見了。</div><div class=""entry-explanation"">形容詞「明顯的」。become apparent (變得明顯)。</div></div></div></div><div class=""related-forms""><span class=""label"">Related:</span> apparently</div></div>"
applicant	"<div class=""anki-card-content""><div class=""general-explanation"">名詞「申請人」。指提出申請的人，例如求職者、入學者等。注意其動詞形式 apply (申請) 和名詞形式 application (申請書/應用)。</div><div class=""entries-container""><div class=""entry""><div class=""sentence-row""><div class=""sentence"">Each <span class=""target-word"">applicant</span> for the scholarship must submit a personal statement and two letters of recommendation by the deadline.</div><button class=""tts-button"" data-tts=""Each applicant for the scholarship must submit a personal statement and two letters of recommendation by the deadline."" onclick=""window.playTTS(this.getAttribute('data-tts'))""><svg viewBox=""0 0 24 24"" fill=""none"" stroke=""currentColor"" stroke-width=""2""><polygon points=""5 3 19 12 5 21 5 3""></polygon></svg></button></div><div class=""meta-section""><div class=""translation"">每位獎學金申請者都必須在截止日期前提交一份個人陳述和兩封推薦信。</div><div class=""entry-explanation"">名詞「申請人」。常用搭配：applicant for sth。</div></div></div><div class=""entry""><div class=""sentence-row""><div class=""sentence"">The company received hundreds of resumes, but only a few <span class=""target-word"">applicants</span> were invited for a second round of interviews.</div><button class=""tts-button"" data-tts=""The company received hundreds of resumes, but only a few applicants were invited for a second round of interviews."" onclick=""window.playTTS(this.getAttribute('data-tts'))""><svg viewBox=""0 0 24 24"" fill=""none"" stroke=""currentColor"" stroke-width=""2""><polygon points=""5 3 19 12 5 21 5 3""></polygon></svg></button></div><div class=""meta-section""><div class=""translation"">該公司收到了數百份履歷，但只有少數申請者被邀請參加第二輪面試。</div><div class=""entry-explanation"">名詞「申請人」。</div></div></div></div><div class=""related-forms""><span class=""label"">Related:</span> applicants, apply, application</div></div>"
application	"<div class=""anki-card-content""><div class=""general-explanation"">名詞「申請書；應用」。指提出申請的行為或文件，或指某物的使用方式。注意其動詞形式 apply (申請/應用)。</div><div class=""entries-container""><div class=""entry""><div class=""sentence-row""><div class=""sentence"">Students must complete the online <span class=""target-word"">application</span> <span class=""collocation"">form</span> and submit it before the university's admission deadline.</div><button class=""tts-button"" data-tts=""Students must complete the online application form and submit it before the university&#x27;s admission deadline."" onclick=""window.playTTS(this.getAttribute('data-tts'))""><svg viewBox=""0 0 24 24"" fill=""none"" stroke=""currentColor"" stroke-width=""2""><polygon points=""5 3 19 12 5 21 5 3""></polygon></svg></button></div><div class=""meta-section""><div class=""translation"">學生必須填寫線上申請表並在大學入學截止日期前提交。</div><div class=""entry-explanation"">名詞「申請書」。常用搭配：application form, submit an application。</div></div></div><div class=""entry""><div class=""sentence-row""><div class=""sentence"">The new software has many practical <span class=""target-word"">applications</span> in various fields, from scientific research to daily business operations.</div><button class=""tts-button"" data-tts=""The new software has many practical applications in various fields, from scientific research to daily business operations."" onclick=""window.playTTS(this.getAttribute('data-tts'))""><svg viewBox=""0 0 24 24"" fill=""none"" stroke=""currentColor"" stroke-width=""2""><polygon points=""5 3 19 12 5 21 5 3""></polygon></svg></button></div><div class=""meta-section""><div class=""translation"">這款新軟體在各個領域都有許多實用的應用，從科學研究到日常商業營運。</div><div class=""entry-explanation"">名詞「應用」。practical applications (實際應用)。</div></div></div></div><div class=""related-forms""><span class=""label"">Related:</span> applications, apply, applicant</div></div>"
appoint	"<div class=""anki-card-content""><div class=""general-explanation"">動詞「任命，指派」。指正式選定某人擔任職位。名詞 appointment (約會；任命)。注意動詞與名詞的詞性與用法。</div><div class=""entries-container""><div class=""entry""><div class=""sentence-row""><div class=""sentence"">The board of directors decided to <span class=""target-word"">appoint</span> a new CEO to lead the company through its challenging period of transformation.</div><button class=""tts-button"" data-tts=""The board of directors decided to appoint a new CEO to lead the company through its challenging period of transformation."" onclick=""window.playTTS(this.getAttribute('data-tts'))""><svg viewBox=""0 0 24 24"" fill=""none"" stroke=""currentColor"" stroke-width=""2""><polygon points=""5 3 19 12 5 21 5 3""></polygon></svg></button></div><div class=""meta-section""><div class=""translation"">董事會決定任命一位新的執行長，帶領公司度過轉型期的挑戰。</div><div class=""entry-explanation"">動詞「任命」。常用句型：appoint sb (as) sth。</div></div></div><div class=""entry""><div class=""sentence-row""><div class=""sentence"">I have a dental <span class=""target-word"">appointment</span> tomorrow morning, so I won't be able to attend the early team meeting.</div><button class=""tts-button"" data-tts=""I have a dental appointment tomorrow morning, so I won&#x27;t be able to attend the early team meeting."" onclick=""window.playTTS(this.getAttribute('data-tts'))""><svg viewBox=""0 0 24 24"" fill=""none"" stroke=""currentColor"" stroke-width=""2""><polygon points=""5 3 19 12 5 21 5 3""></polygon></svg></button></div><div class=""meta-section""><div class=""translation"">我明天早上有一個牙醫預約，所以我無法參加早上的團隊會議。</div><div class=""entry-explanation"">名詞「約會」。常用搭配：make an appointment, have an appointment。</div></div></div><div class=""entry""><div class=""sentence-row""><div class=""sentence"">The government announced the <span class=""target-word"">appointment</span> <span class=""collocation"">of</span> a special committee to investigate the recent scandal and propose solutions.</div><button class=""tts-button"" data-tts=""The government announced the appointment of a special committee to investigate the recent scandal and propose solutions."" onclick=""window.playTTS(this.getAttribute('data-tts'))""><svg viewBox=""0 0 24 24"" fill=""none"" stroke=""currentColor"" stroke-width=""2""><polygon points=""5 3 19 12 5 21 5 3""></polygon></svg></button></div><div class=""meta-section""><div class=""translation"">政府宣布任命一個特別委員會，調查最近的醜聞並提出解決方案。</div><div class=""entry-explanation"">名詞「任命」。常用搭配：appointment of sb (任命某人)。</div></div></div></div><div class=""related-forms""><span class=""label"">Related:</span> appointed, appointing, appointment, appointments</div></div>"
appreciation	"<div class=""anki-card-content""><div class=""general-explanation"">名詞「欣賞；感謝」。指對某事物的價值或優點的認識，或對幫助的感激。注意其動詞形式 appreciate (欣賞/感謝)。常與介係詞 for 搭配。</div><div class=""entries-container""><div class=""entry""><div class=""sentence-row""><div class=""sentence"">We would like to express our sincere <span class=""target-word"">appreciation</span> <span class=""collocation"">for</span> your generous donation, which will greatly support our charity.</div><button class=""tts-button"" data-tts=""We would like to express our sincere appreciation for your generous donation, which will greatly support our charity."" onclick=""window.playTTS(this.getAttribute('data-tts'))""><svg viewBox=""0 0 24 24"" fill=""none"" stroke=""currentColor"" stroke-width=""2""><polygon points=""5 3 19 12 5 21 5 3""></polygon></svg></button></div><div class=""meta-section""><div class=""translation"">我們想對您的慷慨捐款表達誠摯的感謝，這將大大支持我們的慈善機構。</div><div class=""entry-explanation"">名詞「感謝」。常用搭配：express appreciation for sth。</div></div></div><div class=""entry""><div class=""sentence-row""><div class=""sentence"">His deep <span class=""target-word"">appreciation</span> <span class=""collocation"">of</span> classical music led him to attend every symphony concert held in the city.</div><button class=""tts-button"" data-tts=""His deep appreciation of classical music led him to attend every symphony concert held in the city."" onclick=""window.playTTS(this.getAttribute('data-tts'))""><svg viewBox=""0 0 24 24"" fill=""none"" stroke=""currentColor"" stroke-width=""2""><polygon points=""5 3 19 12 5 21 5 3""></polygon></svg></button></div><div class=""meta-section""><div class=""translation"">他對古典音樂的深刻欣賞使他參加了城市裡舉辦的每一場交響音樂會。</div><div class=""entry-explanation"">名詞「欣賞」。常用搭配：appreciation of sth。</div></div></div></div><div class=""related-forms""><span class=""label"">Related:</span> appreciate, appreciative</div></div>"
appropriate	"<div class=""anki-card-content""><div class=""general-explanation"">形容詞「適當的」，常接介係詞 for 或 to。動詞用法（較少見）指「挪用/撥款」。注意與 proper 的細微差異，appropriate 強調符合情境。</div><div class=""entries-container""><div class=""entry""><div class=""sentence-row""><div class=""sentence"">It is not <span class=""target-word"">appropriate</span> <span class=""collocation"">to</span> make jokes during such a solemn memorial service for the victims of the natural disaster.</div><button class=""tts-button"" data-tts=""It is not appropriate to make jokes during such a solemn memorial service for the victims of the natural disaster."" onclick=""window.playTTS(this.getAttribute('data-tts'))""><svg viewBox=""0 0 24 24"" fill=""none"" stroke=""currentColor"" stroke-width=""2""><polygon points=""5 3 19 12 5 21 5 3""></polygon></svg></button></div><div class=""meta-section""><div class=""translation"">在為自然災害受害者舉行的莊嚴追悼會上開玩笑是不適當的。</div><div class=""entry-explanation"">形容詞用法，搭配介係詞 to，表示對某場合適當。</div></div></div><div class=""entry""><div class=""sentence-row""><div class=""sentence"">The teacher selected <span class=""target-word"">appropriate</span> <span class=""collocation"">materials</span> for the students to read, ensuring the content matched their current English proficiency level.</div><button class=""tts-button"" data-tts=""The teacher selected appropriate materials for the students to read, ensuring the content matched their current English proficiency level."" onclick=""window.playTTS(this.getAttribute('data-tts'))""><svg viewBox=""0 0 24 24"" fill=""none"" stroke=""currentColor"" stroke-width=""2""><polygon points=""5 3 19 12 5 21 5 3""></polygon></svg></button></div><div class=""meta-section""><div class=""translation"">老師為學生挑選了適當的教材，確保內容符合他們目前的英語能力水準。</div><div class=""entry-explanation"">形容詞用法，修飾名詞 materials，表示合適的。</div></div></div></div><div class=""related-forms""><span class=""label"">Related:</span> appropriately, appropriateness</div></div>"
approval	"<div class=""anki-card-content""><div class=""general-explanation"">名詞「批准/贊同」。常見搭配：seek/gain/win approval (獲得批准)；express/show one&#x27;s approval (表示贊同)。</div><div class=""entries-container""><div class=""entry""><div class=""sentence-row""><div class=""sentence"">The school board finally gave its <span class=""target-word"">approval</span> <span class=""collocation"">for</span> the construction of a new library building on the campus next year.</div><button class=""tts-button"" data-tts=""The school board finally gave its approval for the construction of a new library building on the campus next year."" onclick=""window.playTTS(this.getAttribute('data-tts'))""><svg viewBox=""0 0 24 24"" fill=""none"" stroke=""currentColor"" stroke-width=""2""><polygon points=""5 3 19 12 5 21 5 3""></polygon></svg></button></div><div class=""meta-section""><div class=""translation"">校董會終於批准了明年在校園內興建新圖書館大樓的計畫。</div><div class=""entry-explanation"">名詞「批准」，give approval for sth 為常見用法。</div></div></div><div class=""entry""><div class=""sentence-row""><div class=""sentence"">She looked at her father with a smile, hoping to see his <span class=""target-word"">approval</span> <span class=""collocation"">of</span> her decision to study abroad after graduation.</div><button class=""tts-button"" data-tts=""She looked at her father with a smile, hoping to see his approval of her decision to study abroad after graduation."" onclick=""window.playTTS(this.getAttribute('data-tts'))""><svg viewBox=""0 0 24 24"" fill=""none"" stroke=""currentColor"" stroke-width=""2""><polygon points=""5 3 19 12 5 21 5 3""></polygon></svg></button></div><div class=""meta-section""><div class=""translation"">她微笑著看著父親，希望能看到他贊同她畢業後出國留學的決定。</div><div class=""entry-explanation"">名詞「贊同」，approval of sth 表示對某事的認可。</div></div></div></div><div class=""related-forms""><span class=""label"">Related:</span> approve</div></div>"
aquarium	"<div class=""anki-card-content""><div class=""general-explanation"">名詞「水族館/魚缸」。複數形式為 aquariums 或 aquaria。</div><div class=""entries-container""><div class=""entry""><div class=""sentence-row""><div class=""sentence"">We visited the local <span class=""target-word"">aquarium</span> to observe various marine creatures and learn about the importance of ocean conservation efforts.</div><button class=""tts-button"" data-tts=""We visited the local aquarium to observe various marine creatures and learn about the importance of ocean conservation efforts."" onclick=""window.playTTS(this.getAttribute('data-tts'))""><svg viewBox=""0 0 24 24"" fill=""none"" stroke=""currentColor"" stroke-width=""2""><polygon points=""5 3 19 12 5 21 5 3""></polygon></svg></button></div><div class=""meta-section""><div class=""translation"">我們參觀了當地的水族館，觀察各種海洋生物並了解海洋保育工作的重要性。</div><div class=""entry-explanation"">指大型公共水族館。</div></div></div><div class=""entry""><div class=""sentence-row""><div class=""sentence"">The small <span class=""target-word"">aquarium</span> <span class=""collocation"">in</span> the living room is filled with colorful tropical fish that require careful maintenance and regular feeding.</div><button class=""tts-button"" data-tts=""The small aquarium in the living room is filled with colorful tropical fish that require careful maintenance and regular feeding."" onclick=""window.playTTS(this.getAttribute('data-tts'))""><svg viewBox=""0 0 24 24"" fill=""none"" stroke=""currentColor"" stroke-width=""2""><polygon points=""5 3 19 12 5 21 5 3""></polygon></svg></button></div><div class=""meta-section""><div class=""translation"">客廳裡的小魚缸裝滿了色彩鮮豔的熱帶魚，需要細心的維護和定期的餵食。</div><div class=""entry-explanation"">指家庭用的小型魚缸。</div></div></div></div><div class=""related-forms""><span class=""label"">Related:</span> aquariums, aquaria</div></div>"
arch	"<div class=""anki-card-content""><div class=""general-explanation"">名詞「拱門/拱形結構」；動詞「使成拱形」。常與建築或身體部位（如腳背）相關。</div><div class=""entries-container""><div class=""entry""><div class=""sentence-row""><div class=""sentence"">The ancient stone <span class=""target-word"">arch</span> <span class=""collocation"">at</span> the entrance of the park has stood for centuries, serving as a symbol of the city.</div><button class=""tts-button"" data-tts=""The ancient stone arch at the entrance of the park has stood for centuries, serving as a symbol of the city."" onclick=""window.playTTS(this.getAttribute('data-tts'))""><svg viewBox=""0 0 24 24"" fill=""none"" stroke=""currentColor"" stroke-width=""2""><polygon points=""5 3 19 12 5 21 5 3""></polygon></svg></button></div><div class=""meta-section""><div class=""translation"">公園入口處的古老石拱門已經矗立了幾個世紀，成為這座城市的象徵。</div><div class=""entry-explanation"">名詞「拱門」。</div></div></div><div class=""entry""><div class=""sentence-row""><div class=""sentence"">The cat <span class=""target-word"">arched</span> <span class=""collocation"">its</span> back in fear when it encountered a large, barking dog on the quiet suburban street.</div><button class=""tts-button"" data-tts=""The cat arched its back in fear when it encountered a large, barking dog on the quiet suburban street."" onclick=""window.playTTS(this.getAttribute('data-tts'))""><svg viewBox=""0 0 24 24"" fill=""none"" stroke=""currentColor"" stroke-width=""2""><polygon points=""5 3 19 12 5 21 5 3""></polygon></svg></button></div><div class=""meta-section""><div class=""translation"">當貓在安靜的郊區街道上遇到一隻大聲吠叫的狗時，牠因恐懼而拱起了背。</div><div class=""entry-explanation"">動詞「使成拱形」，arch one&#x27;s back 為常見搭配。</div></div></div></div><div class=""related-forms""><span class=""label"">Related:</span> arched, arching</div></div>"
arise	"<div class=""anki-card-content""><div class=""general-explanation"">動詞「發生/出現/產生」。為不規則動詞 (arise-arose-arisen)。常與問題、困難搭配，類似 occur 或 happen。</div><div class=""entries-container""><div class=""entry""><div class=""sentence-row""><div class=""sentence"">Should any unexpected problems <span class=""target-word"">arise</span> <span class=""collocation"">during</span> the project, please report them to the team leader immediately for further assistance.</div><button class=""tts-button"" data-tts=""Should any unexpected problems arise during the project, please report them to the team leader immediately for further assistance."" onclick=""window.playTTS(this.getAttribute('data-tts'))""><svg viewBox=""0 0 24 24"" fill=""none"" stroke=""currentColor"" stroke-width=""2""><polygon points=""5 3 19 12 5 21 5 3""></polygon></svg></button></div><div class=""meta-section""><div class=""translation"">如果在專案期間出現任何意外問題，請立即向組長報告以尋求進一步協助。</div><div class=""entry-explanation"">動詞「出現/發生」，常用於正式場合。</div></div></div><div class=""entry""><div class=""sentence-row""><div class=""sentence"">The conflict between the two departments <span class=""target-word"">arose</span> <span class=""collocation"">from</span> a misunderstanding regarding the distribution of the limited annual budget resources.</div><button class=""tts-button"" data-tts=""The conflict between the two departments arose from a misunderstanding regarding the distribution of the limited annual budget resources."" onclick=""window.playTTS(this.getAttribute('data-tts'))""><svg viewBox=""0 0 24 24"" fill=""none"" stroke=""currentColor"" stroke-width=""2""><polygon points=""5 3 19 12 5 21 5 3""></polygon></svg></button></div><div class=""meta-section""><div class=""translation"">這兩個部門之間的衝突源於對有限年度預算資源分配的誤解。</div><div class=""entry-explanation"">動詞片語 arise from = result from，表示起因於。</div></div></div></div><div class=""related-forms""><span class=""label"">Related:</span> arose, arisen</div></div>"
arms	"<div class=""anki-card-content""><div class=""general-explanation"">名詞「武器/軍備」。常用複數形。片語：up in arms (憤怒抗議)；lay down one&#x27;s arms (放下武器/投降)。</div><div class=""entries-container""><div class=""entry""><div class=""sentence-row""><div class=""sentence"">The government decided to limit the trade of <span class=""target-word"">arms</span> <span class=""collocation"">to</span> maintain regional stability and prevent further escalation of the ongoing conflict.</div><button class=""tts-button"" data-tts=""The government decided to limit the trade of arms to maintain regional stability and prevent further escalation of the ongoing conflict."" onclick=""window.playTTS(this.getAttribute('data-tts'))""><svg viewBox=""0 0 24 24"" fill=""none"" stroke=""currentColor"" stroke-width=""2""><polygon points=""5 3 19 12 5 21 5 3""></polygon></svg></button></div><div class=""meta-section""><div class=""translation"">政府決定限制武器貿易，以維持區域穩定並防止持續的衝突進一步升級。</div><div class=""entry-explanation"">名詞「武器」，常與 trade, control 等字連用。</div></div></div><div class=""entry""><div class=""sentence-row""><div class=""sentence"">Local residents were up in <span class=""target-word"">arms</span> <span class=""collocation"">about</span> the new factory plan, fearing that it would cause severe pollution in their neighborhood.</div><button class=""tts-button"" data-tts=""Local residents were up in arms about the new factory plan, fearing that it would cause severe pollution in their neighborhood."" onclick=""window.playTTS(this.getAttribute('data-tts'))""><svg viewBox=""0 0 24 24"" fill=""none"" stroke=""currentColor"" stroke-width=""2""><polygon points=""5 3 19 12 5 21 5 3""></polygon></svg></button></div><div class=""meta-section""><div class=""translation"">當地居民對新的工廠計畫感到憤怒抗議，擔心這會對他們的社區造成嚴重的污染。</div><div class=""entry-explanation"">片語 up in arms about sth，表示對某事極度憤怒並強烈反對。</div></div></div></div><div class=""related-forms""><span class=""label"">Related:</span> arm</div></div>"
artificial	"<div class=""anki-card-content""><div class=""general-explanation"">形容詞「人工的/人造的/虛假的」。與 natural 相對。常用於 artificial intelligence (AI) 或 artificial light。</div><div class=""entries-container""><div class=""entry""><div class=""sentence-row""><div class=""sentence"">Many scientists believe that <span class=""target-word"">artificial</span> <span class=""collocation"">intelligence</span> will fundamentally change the way we work and interact with each other in society.</div><button class=""tts-button"" data-tts=""Many scientists believe that artificial intelligence will fundamentally change the way we work and interact with each other in society."" onclick=""window.playTTS(this.getAttribute('data-tts'))""><svg viewBox=""0 0 24 24"" fill=""none"" stroke=""currentColor"" stroke-width=""2""><polygon points=""5 3 19 12 5 21 5 3""></polygon></svg></button></div><div class=""meta-section""><div class=""translation"">許多科學家認為人工智慧將從根本上改變我們在社會中工作和互動的方式。</div><div class=""entry-explanation"">常用搭配 artificial intelligence (AI)。</div></div></div><div class=""entry""><div class=""sentence-row""><div class=""sentence"">The flowers in the vase are <span class=""target-word"">artificial</span>, yet they look so realistic that most visitors cannot tell they are not real.</div><button class=""tts-button"" data-tts=""The flowers in the vase are artificial, yet they look so realistic that most visitors cannot tell they are not real."" onclick=""window.playTTS(this.getAttribute('data-tts'))""><svg viewBox=""0 0 24 24"" fill=""none"" stroke=""currentColor"" stroke-width=""2""><polygon points=""5 3 19 12 5 21 5 3""></polygon></svg></button></div><div class=""meta-section""><div class=""translation"">花瓶裡的花是人造的，但它們看起來非常逼真，大多數訪客都無法分辨它們不是真的。</div><div class=""entry-explanation"">形容詞「人造的」，與 real 相對。</div></div></div></div><div class=""related-forms""><span class=""label"">Related:</span> artificially</div></div>"
artistic	"<div class=""anki-card-content""><div class=""general-explanation"">形容詞「藝術的/有藝術天份的」。指與藝術相關的，或形容人具有藝術氣質。</div><div class=""entries-container""><div class=""entry""><div class=""sentence-row""><div class=""sentence"">The student showed great <span class=""target-word"">artistic</span> <span class=""collocation"">talent</span> by creating a stunning painting that won the first prize in the national competition.</div><button class=""tts-button"" data-tts=""The student showed great artistic talent by creating a stunning painting that won the first prize in the national competition."" onclick=""window.playTTS(this.getAttribute('data-tts'))""><svg viewBox=""0 0 24 24"" fill=""none"" stroke=""currentColor"" stroke-width=""2""><polygon points=""5 3 19 12 5 21 5 3""></polygon></svg></button></div><div class=""meta-section""><div class=""translation"">這位學生展現了極高的藝術天份，創作了一幅令人驚豔的畫作，贏得了全國比賽的第一名。</div><div class=""entry-explanation"">形容詞「藝術的」，常修飾 talent, ability 等字。</div></div></div><div class=""entry""><div class=""sentence-row""><div class=""sentence"">She has an <span class=""target-word"">artistic</span> <span class=""collocation"">eye</span> for interior design, which allows her to transform simple rooms into beautiful and comfortable living spaces.</div><button class=""tts-button"" data-tts=""She has an artistic eye for interior design, which allows her to transform simple rooms into beautiful and comfortable living spaces."" onclick=""window.playTTS(this.getAttribute('data-tts'))""><svg viewBox=""0 0 24 24"" fill=""none"" stroke=""currentColor"" stroke-width=""2""><polygon points=""5 3 19 12 5 21 5 3""></polygon></svg></button></div><div class=""meta-section""><div class=""translation"">她對室內設計有藝術眼光，這使她能夠將簡單的房間轉變為美麗舒適的居住空間。</div><div class=""entry-explanation"">形容詞「有藝術感的」，artistic eye 為常見搭配。</div></div></div></div><div class=""related-forms""><span class=""label"">Related:</span> artist, artistry</div></div>"
ashamed	"<div class=""anki-card-content""><div class=""general-explanation"">形容詞「感到羞恥的/慚愧的」。常見搭配：be ashamed of sth/sb；be ashamed to do sth。</div><div class=""entries-container""><div class=""entry""><div class=""sentence-row""><div class=""sentence"">He felt deeply <span class=""target-word"">ashamed</span> <span class=""collocation"">of</span> his behavior at the party and decided to apologize to his friends for his rude actions.</div><button class=""tts-button"" data-tts=""He felt deeply ashamed of his behavior at the party and decided to apologize to his friends for his rude actions."" onclick=""window.playTTS(this.getAttribute('data-tts'))""><svg viewBox=""0 0 24 24"" fill=""none"" stroke=""currentColor"" stroke-width=""2""><polygon points=""5 3 19 12 5 21 5 3""></polygon></svg></button></div><div class=""meta-section""><div class=""translation"">他對自己在派對上的行為感到非常羞愧，並決定為自己的粗魯舉動向朋友們道歉。</div><div class=""entry-explanation"">形容詞用法，搭配介係詞 of，表示對某事感到羞恥。</div></div></div><div class=""entry""><div class=""sentence-row""><div class=""sentence"">She was too <span class=""target-word"">ashamed</span> <span class=""collocation"">to</span> admit that she had failed the exam, so she kept the truth from her worried parents.</div><button class=""tts-button"" data-tts=""She was too ashamed to admit that she had failed the exam, so she kept the truth from her worried parents."" onclick=""window.playTTS(this.getAttribute('data-tts'))""><svg viewBox=""0 0 24 24"" fill=""none"" stroke=""currentColor"" stroke-width=""2""><polygon points=""5 3 19 12 5 21 5 3""></polygon></svg></button></div><div class=""meta-section""><div class=""translation"">她感到太羞愧而不敢承認自己考試不及格，所以對擔心的父母隱瞞了真相。</div><div class=""entry-explanation"">形容詞用法，搭配不定詞 to do sth，表示因羞愧而不願做某事。</div></div></div></div><div class=""related-forms""><span class=""label"">Related:</span> shame</div></div>"
aspect	"<div class=""anki-card-content""><div class=""general-explanation"">名詞「層面/觀點」。常用於探討問題的各個面向。搭配介係詞 of。</div><div class=""entries-container""><div class=""entry""><div class=""sentence-row""><div class=""sentence"">We need to consider every <span class=""target-word"">aspect</span> <span class=""collocation"">of</span> the plan before making a final decision to ensure that nothing is overlooked.</div><button class=""tts-button"" data-tts=""We need to consider every aspect of the plan before making a final decision to ensure that nothing is overlooked."" onclick=""window.playTTS(this.getAttribute('data-tts'))""><svg viewBox=""0 0 24 24"" fill=""none"" stroke=""currentColor"" stroke-width=""2""><polygon points=""5 3 19 12 5 21 5 3""></polygon></svg></button></div><div class=""meta-section""><div class=""translation"">在做出最終決定之前，我們需要考慮該計畫的每一個層面，以確保沒有任何遺漏。</div><div class=""entry-explanation"">名詞「層面」，every aspect of 為常見用法。</div></div></div><div class=""entry""><div class=""sentence-row""><div class=""sentence"">The most challenging <span class=""target-word"">aspect</span> <span class=""collocation"">of</span> learning a new language is mastering the complex grammar rules and the vast vocabulary range.</div><button class=""tts-button"" data-tts=""The most challenging aspect of learning a new language is mastering the complex grammar rules and the vast vocabulary range."" onclick=""window.playTTS(this.getAttribute('data-tts'))""><svg viewBox=""0 0 24 24"" fill=""none"" stroke=""currentColor"" stroke-width=""2""><polygon points=""5 3 19 12 5 21 5 3""></polygon></svg></button></div><div class=""meta-section""><div class=""translation"">學習新語言最具挑戰性的層面是掌握複雜的語法規則和龐大的詞彙量。</div><div class=""entry-explanation"">名詞「層面/面向」，指問題的某一部分。</div></div></div></div><div class=""related-forms""><span class=""label"">Related:</span> aspects</div></div>"
aspirin	"<div class=""anki-card-content""><div class=""general-explanation"">名詞「阿斯匹靈」。不可數名詞，指藥物本身。</div><div class=""entries-container""><div class=""entry""><div class=""sentence-row""><div class=""sentence"">The doctor suggested taking an <span class=""target-word"">aspirin</span> <span class=""collocation"">to</span> relieve the mild headache she had been experiencing since early this morning.</div><button class=""tts-button"" data-tts=""The doctor suggested taking an aspirin to relieve the mild headache she had been experiencing since early this morning."" onclick=""window.playTTS(this.getAttribute('data-tts'))""><svg viewBox=""0 0 24 24"" fill=""none"" stroke=""currentColor"" stroke-width=""2""><polygon points=""5 3 19 12 5 21 5 3""></polygon></svg></button></div><div class=""meta-section""><div class=""translation"">醫生建議服用一顆阿斯匹靈來緩解她從今天清晨開始出現的輕微頭痛。</div><div class=""entry-explanation"">名詞「阿斯匹靈」，常用於緩解疼痛。</div></div></div><div class=""entry""><div class=""sentence-row""><div class=""sentence"">It is important to check the expiration date on the bottle of <span class=""target-word"">aspirin</span> before consuming any medication for your health.</div><button class=""tts-button"" data-tts=""It is important to check the expiration date on the bottle of aspirin before consuming any medication for your health."" onclick=""window.playTTS(this.getAttribute('data-tts'))""><svg viewBox=""0 0 24 24"" fill=""none"" stroke=""currentColor"" stroke-width=""2""><polygon points=""5 3 19 12 5 21 5 3""></polygon></svg></button></div><div class=""meta-section""><div class=""translation"">在服用任何藥物以維護健康之前，檢查阿斯匹靈瓶上的有效期限是很重要的。</div><div class=""entry-explanation"">名詞「阿斯匹靈」，指藥物。</div></div></div></div></div>"
assemble	"<div class=""anki-card-content""><div class=""general-explanation"">動詞「組裝/集合」。指將零件拼湊起來，或指人聚集在一起。</div><div class=""entries-container""><div class=""entry""><div class=""sentence-row""><div class=""sentence"">The workers spent several hours <span class=""target-word"">assembling</span> <span class=""collocation"">the</span> furniture pieces according to the instructions provided in the manual by the manufacturer.</div><button class=""tts-button"" data-tts=""The workers spent several hours assembling the furniture pieces according to the instructions provided in the manual by the manufacturer."" onclick=""window.playTTS(this.getAttribute('data-tts'))""><svg viewBox=""0 0 24 24"" fill=""none"" stroke=""currentColor"" stroke-width=""2""><polygon points=""5 3 19 12 5 21 5 3""></polygon></svg></button></div><div class=""meta-section""><div class=""translation"">工人們花了幾個小時按照製造商手冊中提供的說明組裝家具零件。</div><div class=""entry-explanation"">動詞「組裝」，常用於組裝機器或家具。</div></div></div><div class=""entry""><div class=""sentence-row""><div class=""sentence"">Students were asked to <span class=""target-word"">assemble</span> <span class=""collocation"">in</span> the school auditorium for a special announcement regarding the upcoming annual sports competition.</div><button class=""tts-button"" data-tts=""Students were asked to assemble in the school auditorium for a special announcement regarding the upcoming annual sports competition."" onclick=""window.playTTS(this.getAttribute('data-tts'))""><svg viewBox=""0 0 24 24"" fill=""none"" stroke=""currentColor"" stroke-width=""2""><polygon points=""5 3 19 12 5 21 5 3""></polygon></svg></button></div><div class=""meta-section""><div class=""translation"">學生們被要求在學校禮堂集合，聽取關於即將到來的年度運動比賽的特別公告。</div><div class=""entry-explanation"">動詞「集合」，指人聚集。</div></div></div></div><div class=""related-forms""><span class=""label"">Related:</span> assembly</div></div>"
assembly	"<div class=""anki-card-content""><div class=""general-explanation"">名詞「集會/組裝」。指學校的早會或集體會議，也指製造過程中的裝配線。</div><div class=""entries-container""><div class=""entry""><div class=""sentence-row""><div class=""sentence"">The principal gave a speech during the morning <span class=""target-word"">assembly</span> to encourage students to participate actively in various extracurricular school activities.</div><button class=""tts-button"" data-tts=""The principal gave a speech during the morning assembly to encourage students to participate actively in various extracurricular school activities."" onclick=""window.playTTS(this.getAttribute('data-tts'))""><svg viewBox=""0 0 24 24"" fill=""none"" stroke=""currentColor"" stroke-width=""2""><polygon points=""5 3 19 12 5 21 5 3""></polygon></svg></button></div><div class=""meta-section""><div class=""translation"">校長在早會期間發表了演講，鼓勵學生積極參與各種課外學校活動。</div><div class=""entry-explanation"">名詞「集會」，指學校的集體會議。</div></div></div><div class=""entry""><div class=""sentence-row""><div class=""sentence"">The car <span class=""target-word"">assembly</span> <span class=""collocation"">line</span> is highly automated, allowing for the efficient production of thousands of vehicles every single month.</div><button class=""tts-button"" data-tts=""The car assembly line is highly automated, allowing for the efficient production of thousands of vehicles every single month."" onclick=""window.playTTS(this.getAttribute('data-tts'))""><svg viewBox=""0 0 24 24"" fill=""none"" stroke=""currentColor"" stroke-width=""2""><polygon points=""5 3 19 12 5 21 5 3""></polygon></svg></button></div><div class=""meta-section""><div class=""translation"">汽車裝配線高度自動化，使每個月都能有效率地生產數千輛汽車。</div><div class=""entry-explanation"">名詞「組裝」，assembly line 為固定搭配。</div></div></div></div><div class=""related-forms""><span class=""label"">Related:</span> assemble</div></div>"
assign	"<div class=""anki-card-content""><div class=""general-explanation"">動詞「分配/指派」。名詞為 assignment。常見搭配：assign sb sth 或 assign sth to sb。</div><div class=""entries-container""><div class=""entry""><div class=""sentence-row""><div class=""sentence"">The manager decided to <span class=""target-word"">assign</span> <span class=""collocation"">the</span> most difficult task to the new employee to test his problem-solving skills and patience.</div><button class=""tts-button"" data-tts=""The manager decided to assign the most difficult task to the new employee to test his problem-solving skills and patience."" onclick=""window.playTTS(this.getAttribute('data-tts'))""><svg viewBox=""0 0 24 24"" fill=""none"" stroke=""currentColor"" stroke-width=""2""><polygon points=""5 3 19 12 5 21 5 3""></polygon></svg></button></div><div class=""meta-section""><div class=""translation"">經理決定將最困難的任務指派給新員工，以測試他的解決問題能力和耐心。</div><div class=""entry-explanation"">動詞「指派」，assign sth to sb 為常見用法。</div></div></div><div class=""entry""><div class=""sentence-row""><div class=""sentence"">The teacher gave us a challenging writing <span class=""target-word"">assignment</span> <span class=""collocation"">on</span> the topic of environmental protection to complete by next Friday.</div><button class=""tts-button"" data-tts=""The teacher gave us a challenging writing assignment on the topic of environmental protection to complete by next Friday."" onclick=""window.playTTS(this.getAttribute('data-tts'))""><svg viewBox=""0 0 24 24"" fill=""none"" stroke=""currentColor"" stroke-width=""2""><polygon points=""5 3 19 12 5 21 5 3""></polygon></svg></button></div><div class=""meta-section""><div class=""translation"">老師給了我們一份關於環境保護主題的挑戰性寫作作業，要在下週五前完成。</div><div class=""entry-explanation"">名詞「作業/任務」，assignment on sth 為常見搭配。</div></div></div></div><div class=""related-forms""><span class=""label"">Related:</span> assignment</div></div>"
assistance	"<div class=""anki-card-content""><div class=""general-explanation"">名詞「協助/援助」。不可數名詞。常見搭配：provide/offer assistance；seek assistance。</div><div class=""entries-container""><div class=""entry""><div class=""sentence-row""><div class=""sentence"">If you require any <span class=""target-word"">assistance</span> <span class=""collocation"">with</span> your research project, please feel free to contact the library staff for further guidance.</div><button class=""tts-button"" data-tts=""If you require any assistance with your research project, please feel free to contact the library staff for further guidance."" onclick=""window.playTTS(this.getAttribute('data-tts'))""><svg viewBox=""0 0 24 24"" fill=""none"" stroke=""currentColor"" stroke-width=""2""><polygon points=""5 3 19 12 5 21 5 3""></polygon></svg></button></div><div class=""meta-section""><div class=""translation"">如果您在研究專案上需要任何協助，請隨時聯繫圖書館工作人員以獲得進一步指導。</div><div class=""entry-explanation"">名詞「協助」，assistance with sth 為常見用法。</div></div></div><div class=""entry""><div class=""sentence-row""><div class=""sentence"">The international organization provided financial <span class=""target-word"">assistance</span> <span class=""collocation"">to</span> the developing countries to help them improve their basic education systems.</div><button class=""tts-button"" data-tts=""The international organization provided financial assistance to the developing countries to help them improve their basic education systems."" onclick=""window.playTTS(this.getAttribute('data-tts'))""><svg viewBox=""0 0 24 24"" fill=""none"" stroke=""currentColor"" stroke-width=""2""><polygon points=""5 3 19 12 5 21 5 3""></polygon></svg></button></div><div class=""meta-section""><div class=""translation"">該國際組織向開發中國家提供了經濟援助，以幫助他們改善基礎教育系統。</div><div class=""entry-explanation"">名詞「援助」，provide assistance to sb 為常見用法。</div></div></div></div><div class=""related-forms""><span class=""label"">Related:</span> assist, assistant</div></div>"
associate	"<div class=""anki-card-content""><div class=""general-explanation"">動詞「聯想/結交」；名詞「夥伴/同事」。常見搭配：associate A with B (將A與B聯想在一起)。</div><div class=""entries-container""><div class=""entry""><div class=""sentence-row""><div class=""sentence"">Many people <span class=""target-word"">associate</span> <span class=""collocation"">the</span> color red <span class=""collocation"">with</span> passion, energy, and excitement in various cultures around the world today.</div><button class=""tts-button"" data-tts=""Many people associate the color red with passion, energy, and excitement in various cultures around the world today."" onclick=""window.playTTS(this.getAttribute('data-tts'))""><svg viewBox=""0 0 24 24"" fill=""none"" stroke=""currentColor"" stroke-width=""2""><polygon points=""5 3 19 12 5 21 5 3""></polygon></svg></button></div><div class=""meta-section""><div class=""translation"">在當今世界各地的多種文化中，許多人將紅色與熱情、活力和興奮聯想在一起。</div><div class=""entry-explanation"">動詞用法，associate A with B 為固定搭配。</div></div></div><div class=""entry""><div class=""sentence-row""><div class=""sentence"">He is a close business <span class=""target-word"">associate</span> <span class=""collocation"">of</span> mine, and we have been working together on several successful projects for years.</div><button class=""tts-button"" data-tts=""He is a close business associate of mine, and we have been working together on several successful projects for years."" onclick=""window.playTTS(this.getAttribute('data-tts'))""><svg viewBox=""0 0 24 24"" fill=""none"" stroke=""currentColor"" stroke-width=""2""><polygon points=""5 3 19 12 5 21 5 3""></polygon></svg></button></div><div class=""meta-section""><div class=""translation"">他是我的親密商業夥伴，我們多年來一直合作進行幾個成功的專案。</div><div class=""entry-explanation"">名詞「夥伴/同事」，指工作上的合作關係。</div></div></div></div><div class=""related-forms""><span class=""label"">Related:</span> association</div></div>"
association	"<div class=""anki-card-content""><div class=""general-explanation"">名詞「協會/關聯」。指組織或事物之間的連結。</div><div class=""entries-container""><div class=""entry""><div class=""sentence-row""><div class=""sentence"">She joined the local teachers' <span class=""target-word"">association</span> to network with other educators and share innovative teaching methods with them.</div><button class=""tts-button"" data-tts=""She joined the local teachers&#x27; association to network with other educators and share innovative teaching methods with them."" onclick=""window.playTTS(this.getAttribute('data-tts'))""><svg viewBox=""0 0 24 24"" fill=""none"" stroke=""currentColor"" stroke-width=""2""><polygon points=""5 3 19 12 5 21 5 3""></polygon></svg></button></div><div class=""meta-section""><div class=""translation"">她加入了當地的教師協會，以便與其他教育工作者建立聯繫，並與他們分享創新的教學方法。</div><div class=""entry-explanation"">名詞「協會」，指組織。</div></div></div><div class=""entry""><div class=""sentence-row""><div class=""sentence"">There is a strong <span class=""target-word"">association</span> <span class=""collocation"">between</span> regular physical exercise and improved mental health in people of all age groups.</div><button class=""tts-button"" data-tts=""There is a strong association between regular physical exercise and improved mental health in people of all age groups."" onclick=""window.playTTS(this.getAttribute('data-tts'))""><svg viewBox=""0 0 24 24"" fill=""none"" stroke=""currentColor"" stroke-width=""2""><polygon points=""5 3 19 12 5 21 5 3""></polygon></svg></button></div><div class=""meta-section""><div class=""translation"">在各個年齡層的人群中，規律的體育鍛鍊與改善心理健康之間有著強烈的關聯。</div><div class=""entry-explanation"">名詞「關聯」，association between A and B 為常見用法。</div></div></div></div><div class=""related-forms""><span class=""label"">Related:</span> associate</div></div>"
assurance	"<div class=""anki-card-content""><div class=""general-explanation"">名詞「保證/自信」。常用於給予他人信心或承諾。常見搭配：give/receive an assurance。</div><div class=""entries-container""><div class=""entry""><div class=""sentence-row""><div class=""sentence"">The company gave us an <span class=""target-word"">assurance</span> <span class=""collocation"">that</span> the new product would be delivered to our office before the end of this month.</div><button class=""tts-button"" data-tts=""The company gave us an assurance that the new product would be delivered to our office before the end of this month."" onclick=""window.playTTS(this.getAttribute('data-tts'))""><svg viewBox=""0 0 24 24"" fill=""none"" stroke=""currentColor"" stroke-width=""2""><polygon points=""5 3 19 12 5 21 5 3""></polygon></svg></button></div><div class=""meta-section""><div class=""translation"">公司向我們保證新產品將會在月底前送到我們的辦公室。</div><div class=""entry-explanation"">名詞「保證」，後接 that 子句。</div></div></div><div class=""entry""><div class=""sentence-row""><div class=""sentence"">Despite the difficult circumstances, she spoke with great <span class=""target-word"">assurance</span>, convincing everyone that the team could overcome the upcoming challenges.</div><button class=""tts-button"" data-tts=""Despite the difficult circumstances, she spoke with great assurance, convincing everyone that the team could overcome the upcoming challenges."" onclick=""window.playTTS(this.getAttribute('data-tts'))""><svg viewBox=""0 0 24 24"" fill=""none"" stroke=""currentColor"" stroke-width=""2""><polygon points=""5 3 19 12 5 21 5 3""></polygon></svg></button></div><div class=""meta-section""><div class=""translation"">儘管情況困難，她說話時充滿自信，說服了每個人團隊能夠克服即將到來的挑戰。</div><div class=""entry-explanation"">名詞「自信」，with assurance 表示自信地。</div></div></div></div><div class=""related-forms""><span class=""label"">Related:</span> assure</div></div>"
assure	"<div class=""anki-card-content""><div class=""general-explanation"">動詞「向...保證」。常見用法：assure sb (that) ...；assure sb of sth。</div><div class=""entries-container""><div class=""entry""><div class=""sentence-row""><div class=""sentence"">The tour guide <span class=""target-word"">assured</span> <span class=""collocation"">us</span> that the weather would be perfect for our hiking trip to the mountains tomorrow morning.</div><button class=""tts-button"" data-tts=""The tour guide assured us that the weather would be perfect for our hiking trip to the mountains tomorrow morning."" onclick=""window.playTTS(this.getAttribute('data-tts'))""><svg viewBox=""0 0 24 24"" fill=""none"" stroke=""currentColor"" stroke-width=""2""><polygon points=""5 3 19 12 5 21 5 3""></polygon></svg></button></div><div class=""meta-section""><div class=""translation"">導遊向我們保證，明早去山上的健行之旅天氣會非常完美。</div><div class=""entry-explanation"">動詞「向...保證」，assure sb that... 為常見用法。</div></div></div><div class=""entry""><div class=""sentence-row""><div class=""sentence"">I want to <span class=""target-word"">assure</span> <span class=""collocation"">you</span> of my full support regarding your decision to pursue a career in the field of medicine.</div><button class=""tts-button"" data-tts=""I want to assure you of my full support regarding your decision to pursue a career in the field of medicine."" onclick=""window.playTTS(this.getAttribute('data-tts'))""><svg viewBox=""0 0 24 24"" fill=""none"" stroke=""currentColor"" stroke-width=""2""><polygon points=""5 3 19 12 5 21 5 3""></polygon></svg></button></div><div class=""meta-section""><div class=""translation"">我想向你保證，我完全支持你決定從事醫學領域的職業。</div><div class=""entry-explanation"">動詞「向...保證」，assure sb of sth 為常見用法。</div></div></div></div><div class=""related-forms""><span class=""label"">Related:</span> assurance</div></div>"
athletic	"<div class=""anki-card-content""><div class=""general-explanation"">形容詞「運動的/體育的」。指擅長運動或與運動相關的。</div><div class=""entries-container""><div class=""entry""><div class=""sentence-row""><div class=""sentence"">The school provides excellent <span class=""target-word"">athletic</span> <span class=""collocation"">facilities</span>, including a large swimming pool and a well-equipped gym for all the students.</div><button class=""tts-button"" data-tts=""The school provides excellent athletic facilities, including a large swimming pool and a well-equipped gym for all the students."" onclick=""window.playTTS(this.getAttribute('data-tts'))""><svg viewBox=""0 0 24 24"" fill=""none"" stroke=""currentColor"" stroke-width=""2""><polygon points=""5 3 19 12 5 21 5 3""></polygon></svg></button></div><div class=""meta-section""><div class=""translation"">學校提供優良的運動設施，包括一個大型游泳池和設備齊全的健身房供所有學生使用。</div><div class=""entry-explanation"">形容詞「運動的」，athletic facilities 為常見搭配。</div></div></div><div class=""entry""><div class=""sentence-row""><div class=""sentence"">He has always been very <span class=""target-word"">athletic</span>, participating in various sports competitions since he was a young boy in elementary school.</div><button class=""tts-button"" data-tts=""He has always been very athletic, participating in various sports competitions since he was a young boy in elementary school."" onclick=""window.playTTS(this.getAttribute('data-tts'))""><svg viewBox=""0 0 24 24"" fill=""none"" stroke=""currentColor"" stroke-width=""2""><polygon points=""5 3 19 12 5 21 5 3""></polygon></svg></button></div><div class=""meta-section""><div class=""translation"">他一直很有運動天份，從小學時起就參加各種體育比賽。</div><div class=""entry-explanation"">形容詞「擅長運動的」，指人的體能狀態。</div></div></div></div><div class=""related-forms""><span class=""label"">Related:</span> athlete, athletics</div></div>"
atmosphere	"<div class=""anki-card-content""><div class=""general-explanation"">名詞「氣氛/大氣層」。(1) 指環境氛圍時，常搭配 tense, relaxed, friendly 等形容詞。(2) 指科學上的大氣層時，常與 earth 搭配。</div><div class=""entries-container""><div class=""entry""><div class=""sentence-row""><div class=""sentence"">The <span class=""target-word"">atmosphere</span> in the classroom was <span class=""collocation"">tense</span> as students waited for the final results of the difficult mathematics examination.</div><button class=""tts-button"" data-tts=""The atmosphere in the classroom was tense as students waited for the final results of the difficult mathematics examination."" onclick=""window.playTTS(this.getAttribute('data-tts'))""><svg viewBox=""0 0 24 24"" fill=""none"" stroke=""currentColor"" stroke-width=""2""><polygon points=""5 3 19 12 5 21 5 3""></polygon></svg></button></div><div class=""meta-section""><div class=""translation"">當學生們等待困難數學考試的最終結果時，教室裡的氣氛很緊張。</div><div class=""entry-explanation"">指環境氛圍。搭配形容詞 tense 描述緊張感。</div></div></div><div class=""entry""><div class=""sentence-row""><div class=""sentence"">Scientists are studying how the Earth's <span class=""target-word"">atmosphere</span> <span class=""collocation"">protects</span> us from harmful solar radiation by filtering out dangerous ultraviolet rays.</div><button class=""tts-button"" data-tts=""Scientists are studying how the Earth&#x27;s atmosphere protects us from harmful solar radiation by filtering out dangerous ultraviolet rays."" onclick=""window.playTTS(this.getAttribute('data-tts'))""><svg viewBox=""0 0 24 24"" fill=""none"" stroke=""currentColor"" stroke-width=""2""><polygon points=""5 3 19 12 5 21 5 3""></polygon></svg></button></div><div class=""meta-section""><div class=""translation"">科學家們正在研究地球的大氣層如何透過過濾危險的紫外線來保護我們免受有害太陽輻射的傷害。</div><div class=""entry-explanation"">指科學上的大氣層。動詞 protect 與介係詞 from 是常見搭配。</div></div></div></div><div class=""related-forms""><span class=""label"">Related:</span> atmospheres</div></div>"
atom	"<div class=""anki-card-content""><div class=""general-explanation"">名詞「原子」。指物質的基本組成單位。常見於科學文章，強調微小結構。</div><div class=""entries-container""><div class=""entry""><div class=""sentence-row""><div class=""sentence"">Every physical object in the universe is <span class=""collocation"">composed</span> of tiny particles known as <span class=""target-word"">atoms</span>, which form the building blocks of matter.</div><button class=""tts-button"" data-tts=""Every physical object in the universe is composed of tiny particles known as atoms, which form the building blocks of matter."" onclick=""window.playTTS(this.getAttribute('data-tts'))""><svg viewBox=""0 0 24 24"" fill=""none"" stroke=""currentColor"" stroke-width=""2""><polygon points=""5 3 19 12 5 21 5 3""></polygon></svg></button></div><div class=""meta-section""><div class=""translation"">宇宙中的每個實體物體都由稱為原子的微小粒子組成，它們構成了物質的基本單元。</div><div class=""entry-explanation"">指科學上的原子。片語 be composed of 為常見用法。</div></div></div><div class=""entry""><div class=""sentence-row""><div class=""sentence"">The scientist explained that the <span class=""target-word"">atom</span> <span class=""collocation"">consists</span> of a nucleus surrounded by electrons, which is a fundamental concept in chemistry.</div><button class=""tts-button"" data-tts=""The scientist explained that the atom consists of a nucleus surrounded by electrons, which is a fundamental concept in chemistry."" onclick=""window.playTTS(this.getAttribute('data-tts'))""><svg viewBox=""0 0 24 24"" fill=""none"" stroke=""currentColor"" stroke-width=""2""><polygon points=""5 3 19 12 5 21 5 3""></polygon></svg></button></div><div class=""meta-section""><div class=""translation"">科學家解釋說原子由原子核和周圍的電子組成，這是化學中的一個基本概念。</div><div class=""entry-explanation"">指原子的結構。動詞 consist of 常用於描述組成成分。</div></div></div></div><div class=""related-forms""><span class=""label"">Related:</span> atoms</div></div>"
atomic	"<div class=""anki-card-content""><div class=""general-explanation"">形容詞「原子的/原子能的」。多用於科學或軍事領域，如 atomic energy, atomic bomb。</div><div class=""entries-container""><div class=""entry""><div class=""sentence-row""><div class=""sentence"">The country decided to invest more in <span class=""target-word"">atomic</span> <span class=""collocation"">energy</span> as a cleaner alternative to traditional fossil fuels for power generation.</div><button class=""tts-button"" data-tts=""The country decided to invest more in atomic energy as a cleaner alternative to traditional fossil fuels for power generation."" onclick=""window.playTTS(this.getAttribute('data-tts'))""><svg viewBox=""0 0 24 24"" fill=""none"" stroke=""currentColor"" stroke-width=""2""><polygon points=""5 3 19 12 5 21 5 3""></polygon></svg></button></div><div class=""meta-section""><div class=""translation"">該國決定投資更多原子能，作為發電時傳統化石燃料的更清潔替代方案。</div><div class=""entry-explanation"">指原子能。搭配 energy 形成固定用法。</div></div></div><div class=""entry""><div class=""sentence-row""><div class=""sentence"">Researchers are using <span class=""target-word"">atomic</span> <span class=""collocation"">clocks</span> to measure time with extreme precision, which is essential for modern global positioning systems.</div><button class=""tts-button"" data-tts=""Researchers are using atomic clocks to measure time with extreme precision, which is essential for modern global positioning systems."" onclick=""window.playTTS(this.getAttribute('data-tts'))""><svg viewBox=""0 0 24 24"" fill=""none"" stroke=""currentColor"" stroke-width=""2""><polygon points=""5 3 19 12 5 21 5 3""></polygon></svg></button></div><div class=""meta-section""><div class=""translation"">研究人員正在使用原子鐘來極其精確地測量時間，這對於現代全球定位系統至關重要。</div><div class=""entry-explanation"">指與原子相關的技術。atomic clock 為專有名詞。</div></div></div></div></div>"
attach	"<div class=""anki-card-content""><div class=""general-explanation"">動詞「附加/連接」。(1) attach A to B 將A連接到B。(2) 心理上的依戀 (be attached to)。</div><div class=""entries-container""><div class=""entry""><div class=""sentence-row""><div class=""sentence"">Please <span class=""target-word"">attach</span> the <span class=""collocation"">required</span> documents to your application form before you submit it to the human resources department today.</div><button class=""tts-button"" data-tts=""Please attach the required documents to your application form before you submit it to the human resources department today."" onclick=""window.playTTS(this.getAttribute('data-tts'))""><svg viewBox=""0 0 24 24"" fill=""none"" stroke=""currentColor"" stroke-width=""2""><polygon points=""5 3 19 12 5 21 5 3""></polygon></svg></button></div><div class=""meta-section""><div class=""translation"">請在今天將所需文件附加到申請表上，再提交給人力資源部門。</div><div class=""entry-explanation"">指附加文件。搭配介係詞 to。</div></div></div><div class=""entry""><div class=""sentence-row""><div class=""sentence"">Children often become deeply <span class=""target-word"">attached</span> <span class=""collocation"">to</span> their favorite toys, which provide them with a sense of security and comfort.</div><button class=""tts-button"" data-tts=""Children often become deeply attached to their favorite toys, which provide them with a sense of security and comfort."" onclick=""window.playTTS(this.getAttribute('data-tts'))""><svg viewBox=""0 0 24 24"" fill=""none"" stroke=""currentColor"" stroke-width=""2""><polygon points=""5 3 19 12 5 21 5 3""></polygon></svg></button></div><div class=""meta-section""><div class=""translation"">孩子們通常會對他們最喜歡的玩具產生深厚的依戀，這給了他們安全感和安慰。</div><div class=""entry-explanation"">指心理上的依戀。be attached to 為固定用法。</div></div></div></div><div class=""related-forms""><span class=""label"">Related:</span> attachment, attached</div></div>"
attraction	"<div class=""anki-card-content""><div class=""general-explanation"">名詞「吸引力/景點」。(1) 抽象的吸引力 (attraction to)。(2) 觀光景點 (tourist attraction)。</div><div class=""entries-container""><div class=""entry""><div class=""sentence-row""><div class=""sentence"">The ancient castle is the main tourist <span class=""target-word"">attraction</span> in this small town, <span class=""collocation"">drawing</span> thousands of visitors from all over the world.</div><button class=""tts-button"" data-tts=""The ancient castle is the main tourist attraction in this small town, drawing thousands of visitors from all over the world."" onclick=""window.playTTS(this.getAttribute('data-tts'))""><svg viewBox=""0 0 24 24"" fill=""none"" stroke=""currentColor"" stroke-width=""2""><polygon points=""5 3 19 12 5 21 5 3""></polygon></svg></button></div><div class=""meta-section""><div class=""translation"">這座古老的城堡是這個小鎮的主要觀光景點，吸引了來自世界各地的數千名遊客。</div><div class=""entry-explanation"">指觀光景點。常與 tourist 搭配。</div></div></div><div class=""entry""><div class=""sentence-row""><div class=""sentence"">There is a strong mutual <span class=""target-word"">attraction</span> <span class=""collocation"">between</span> the two characters, which makes their relationship the focus of the romantic novel.</div><button class=""tts-button"" data-tts=""There is a strong mutual attraction between the two characters, which makes their relationship the focus of the romantic novel."" onclick=""window.playTTS(this.getAttribute('data-tts'))""><svg viewBox=""0 0 24 24"" fill=""none"" stroke=""currentColor"" stroke-width=""2""><polygon points=""5 3 19 12 5 21 5 3""></polygon></svg></button></div><div class=""meta-section""><div class=""translation"">這兩個角色之間有強烈的相互吸引力，這使得他們的關係成為這部浪漫小說的焦點。</div><div class=""entry-explanation"">指人與人之間的吸引力。搭配介係詞 between 或 to。</div></div></div></div><div class=""related-forms""><span class=""label"">Related:</span> attractions, attractive</div></div>"
audio	"<div class=""anki-card-content""><div class=""general-explanation"">形容詞「聲音的/音頻的」。指與聽覺或錄音相關的技術或設備。</div><div class=""entries-container""><div class=""entry""><div class=""sentence-row""><div class=""sentence"">The language lab provides high-quality <span class=""target-word"">audio</span> <span class=""collocation"">equipment</span> to help students improve their listening skills through daily practice and repetition.</div><button class=""tts-button"" data-tts=""The language lab provides high-quality audio equipment to help students improve their listening skills through daily practice and repetition."" onclick=""window.playTTS(this.getAttribute('data-tts'))""><svg viewBox=""0 0 24 24"" fill=""none"" stroke=""currentColor"" stroke-width=""2""><polygon points=""5 3 19 12 5 21 5 3""></polygon></svg></button></div><div class=""meta-section""><div class=""translation"">語言實驗室提供高品質的音頻設備，幫助學生透過日常練習和重複來提高聽力技巧。</div><div class=""entry-explanation"">指音頻設備。audio equipment 為常見搭配。</div></div></div><div class=""entry""><div class=""sentence-row""><div class=""sentence"">You can download the <span class=""target-word"">audio</span> <span class=""collocation"">version</span> of this textbook if you prefer listening to the lessons while commuting to school.</div><button class=""tts-button"" data-tts=""You can download the audio version of this textbook if you prefer listening to the lessons while commuting to school."" onclick=""window.playTTS(this.getAttribute('data-tts'))""><svg viewBox=""0 0 24 24"" fill=""none"" stroke=""currentColor"" stroke-width=""2""><polygon points=""5 3 19 12 5 21 5 3""></polygon></svg></button></div><div class=""meta-section""><div class=""translation"">如果你喜歡在通勤上學時聽課程，你可以下載這本教科書的音頻版本。</div><div class=""entry-explanation"">指聲音格式。audio version 指有聲書或錄音版本。</div></div></div></div></div>"
authentic	"<div class=""anki-card-content""><div class=""general-explanation"">形容詞「真實的/道地的」。指物品是真的，非仿冒品，或指食物口味非常道地。</div><div class=""entries-container""><div class=""entry""><div class=""sentence-row""><div class=""sentence"">The museum curator confirmed that the painting is an <span class=""target-word"">authentic</span> <span class=""collocation"">work</span> by the famous artist, not a copy made later.</div><button class=""tts-button"" data-tts=""The museum curator confirmed that the painting is an authentic work by the famous artist, not a copy made later."" onclick=""window.playTTS(this.getAttribute('data-tts'))""><svg viewBox=""0 0 24 24"" fill=""none"" stroke=""currentColor"" stroke-width=""2""><polygon points=""5 3 19 12 5 21 5 3""></polygon></svg></button></div><div class=""meta-section""><div class=""translation"">博物館館長證實這幅畫是那位著名藝術家的真跡，而不是後來製作的複製品。</div><div class=""entry-explanation"">指真實的藝術品。authentic work 指真跡。</div></div></div><div class=""entry""><div class=""sentence-row""><div class=""sentence"">We visited a small restaurant in Italy to enjoy <span class=""target-word"">authentic</span> <span class=""collocation"">Italian</span> pasta, which tasted much better than the local versions.</div><button class=""tts-button"" data-tts=""We visited a small restaurant in Italy to enjoy authentic Italian pasta, which tasted much better than the local versions."" onclick=""window.playTTS(this.getAttribute('data-tts'))""><svg viewBox=""0 0 24 24"" fill=""none"" stroke=""currentColor"" stroke-width=""2""><polygon points=""5 3 19 12 5 21 5 3""></polygon></svg></button></div><div class=""meta-section""><div class=""translation"">我們造訪了義大利的一家小餐館，品嚐了道地的義大利麵，味道比當地的版本好多了。</div><div class=""entry-explanation"">指道地的食物。authentic Italian 指道地的義大利風味。</div></div></div></div><div class=""related-forms""><span class=""label"">Related:</span> authenticity</div></div>"
authority	"<div class=""anki-card-content""><div class=""general-explanation"">名詞「權威/當局」。(1) 權力/職權 (have the authority to)。(2) 政府當局 (the authorities)。</div><div class=""entries-container""><div class=""entry""><div class=""sentence-row""><div class=""sentence"">The school principal has the <span class=""target-word"">authority</span> <span class=""collocation"">to</span> make final decisions regarding student discipline and the enforcement of campus rules.</div><button class=""tts-button"" data-tts=""The school principal has the authority to make final decisions regarding student discipline and the enforcement of campus rules."" onclick=""window.playTTS(this.getAttribute('data-tts'))""><svg viewBox=""0 0 24 24"" fill=""none"" stroke=""currentColor"" stroke-width=""2""><polygon points=""5 3 19 12 5 21 5 3""></polygon></svg></button></div><div class=""meta-section""><div class=""translation"">校長有權對學生紀律和校規的執行做出最終決定。</div><div class=""entry-explanation"">指職權。have the authority to V 為固定用法。</div></div></div><div class=""entry""><div class=""sentence-row""><div class=""sentence"">Local <span class=""target-word"">authorities</span> <span class=""collocation"">issued</span> a warning to residents about the approaching typhoon and advised them to stay indoors for safety.</div><button class=""tts-button"" data-tts=""Local authorities issued a warning to residents about the approaching typhoon and advised them to stay indoors for safety."" onclick=""window.playTTS(this.getAttribute('data-tts'))""><svg viewBox=""0 0 24 24"" fill=""none"" stroke=""currentColor"" stroke-width=""2""><polygon points=""5 3 19 12 5 21 5 3""></polygon></svg></button></div><div class=""meta-section""><div class=""translation"">地方當局向居民發布了關於颱風逼近的警告，並建議他們待在室內以策安全。</div><div class=""entry-explanation"">指政府當局。常用複數 the authorities。</div></div></div></div><div class=""related-forms""><span class=""label"">Related:</span> authorities, authoritative</div></div>"
autobiography	"<div class=""anki-card-content""><div class=""general-explanation"">名詞「自傳」。指作者親自撰寫的個人生平故事。</div><div class=""entries-container""><div class=""entry""><div class=""sentence-row""><div class=""sentence"">In his moving <span class=""target-word"">autobiography</span>, the former president <span class=""collocation"">shares</span> his personal struggles and the challenges he faced during his political career.</div><button class=""tts-button"" data-tts=""In his moving autobiography, the former president shares his personal struggles and the challenges he faced during his political career."" onclick=""window.playTTS(this.getAttribute('data-tts'))""><svg viewBox=""0 0 24 24"" fill=""none"" stroke=""currentColor"" stroke-width=""2""><polygon points=""5 3 19 12 5 21 5 3""></polygon></svg></button></div><div class=""meta-section""><div class=""translation"">在前總統感人的自傳中，他分享了他在政治生涯中所面臨的個人掙扎與挑戰。</div><div class=""entry-explanation"">指自傳。動詞 share 常用於描述書中內容。</div></div></div><div class=""entry""><div class=""sentence-row""><div class=""sentence"">Writing an <span class=""target-word"">autobiography</span> <span class=""collocation"">requires</span> a great deal of reflection, as the author must look back on their life experiences honestly.</div><button class=""tts-button"" data-tts=""Writing an autobiography requires a great deal of reflection, as the author must look back on their life experiences honestly."" onclick=""window.playTTS(this.getAttribute('data-tts'))""><svg viewBox=""0 0 24 24"" fill=""none"" stroke=""currentColor"" stroke-width=""2""><polygon points=""5 3 19 12 5 21 5 3""></polygon></svg></button></div><div class=""meta-section""><div class=""translation"">撰寫自傳需要大量的反思，因為作者必須誠實地回顧他們的人生經歷。</div><div class=""entry-explanation"">指撰寫自傳的過程。動詞 require 搭配名詞 reflection。</div></div></div></div><div class=""related-forms""><span class=""label"">Related:</span> autobiographies</div></div>"
autograph	"<div class=""anki-card-content""><div class=""general-explanation"">名詞/動詞「親筆簽名」。指名人親手簽下的名字。</div><div class=""entries-container""><div class=""entry""><div class=""sentence-row""><div class=""sentence"">The excited fans waited for hours outside the theater, hoping to get an <span class=""target-word"">autograph</span> <span class=""collocation"">from</span> their favorite movie star after the show.</div><button class=""tts-button"" data-tts=""The excited fans waited for hours outside the theater, hoping to get an autograph from their favorite movie star after the show."" onclick=""window.playTTS(this.getAttribute('data-tts'))""><svg viewBox=""0 0 24 24"" fill=""none"" stroke=""currentColor"" stroke-width=""2""><polygon points=""5 3 19 12 5 21 5 3""></polygon></svg></button></div><div class=""meta-section""><div class=""translation"">興奮的粉絲在劇院外等了幾個小時，希望演出結束後能得到他們最喜歡的電影明星的親筆簽名。</div><div class=""entry-explanation"">指名詞簽名。搭配介係詞 from。</div></div></div><div class=""entry""><div class=""sentence-row""><div class=""sentence"">The famous athlete kindly <span class=""target-word"">autographed</span> <span class=""collocation"">a</span> baseball for the young boy, making his dream of meeting his hero come true.</div><button class=""tts-button"" data-tts=""The famous athlete kindly autographed a baseball for the young boy, making his dream of meeting his hero come true."" onclick=""window.playTTS(this.getAttribute('data-tts'))""><svg viewBox=""0 0 24 24"" fill=""none"" stroke=""currentColor"" stroke-width=""2""><polygon points=""5 3 19 12 5 21 5 3""></polygon></svg></button></div><div class=""meta-section""><div class=""translation"">那位著名的運動員親切地為小男孩在棒球上簽名，實現了他見到偶像的夢想。</div><div class=""entry-explanation"">指動詞簽名。autograph a [thing] 為常見用法。</div></div></div></div><div class=""related-forms""><span class=""label"">Related:</span> autographs, autographed</div></div>"
await	"<div class=""anki-card-content""><div class=""general-explanation"">動詞「等待」。與 wait 不同，await 為及物動詞，後面直接接名詞，不需加 for。</div><div class=""entries-container""><div class=""entry""><div class=""sentence-row""><div class=""sentence"">The graduates <span class=""target-word"">await</span> <span class=""collocation"">the</span> results of their final exams with great anxiety, hoping to get into their dream universities this year.</div><button class=""tts-button"" data-tts=""The graduates await the results of their final exams with great anxiety, hoping to get into their dream universities this year."" onclick=""window.playTTS(this.getAttribute('data-tts'))""><svg viewBox=""0 0 24 24"" fill=""none"" stroke=""currentColor"" stroke-width=""2""><polygon points=""5 3 19 12 5 21 5 3""></polygon></svg></button></div><div class=""meta-section""><div class=""translation"">畢業生們焦急地等待期末考試的結果，希望今年能進入他們夢想中的大學。</div><div class=""entry-explanation"">及物動詞，後面直接接名詞，不可加 for。</div></div></div><div class=""entry""><div class=""sentence-row""><div class=""sentence"">A bright future <span class=""target-word"">awaits</span> <span class=""collocation"">those</span> who are willing to work hard and never give up on their goals despite many difficulties.</div><button class=""tts-button"" data-tts=""A bright future awaits those who are willing to work hard and never give up on their goals despite many difficulties."" onclick=""window.playTTS(this.getAttribute('data-tts'))""><svg viewBox=""0 0 24 24"" fill=""none"" stroke=""currentColor"" stroke-width=""2""><polygon points=""5 3 19 12 5 21 5 3""></polygon></svg></button></div><div class=""meta-section""><div class=""translation"">光明的未來等待著那些願意努力工作，儘管困難重重也不放棄目標的人。</div><div class=""entry-explanation"">及物動詞，表示某事正等待著某人。</div></div></div></div><div class=""related-forms""><span class=""label"">Related:</span> awaited, awaiting</div></div>"
bald	"<div class=""anki-card-content""><div class=""general-explanation"">形容詞「禿頭的」。可用於描述人，也可用於描述輪胎磨損。</div><div class=""entries-container""><div class=""entry""><div class=""sentence-row""><div class=""sentence"">The man decided to shave his head completely <span class=""target-word"">bald</span> because he felt it was easier to maintain than having thinning hair.</div><button class=""tts-button"" data-tts=""The man decided to shave his head completely bald because he felt it was easier to maintain than having thinning hair."" onclick=""window.playTTS(this.getAttribute('data-tts'))""><svg viewBox=""0 0 24 24"" fill=""none"" stroke=""currentColor"" stroke-width=""2""><polygon points=""5 3 19 12 5 21 5 3""></polygon></svg></button></div><div class=""meta-section""><div class=""translation"">那個男人決定把頭剃成全禿，因為他覺得這比留著稀疏的頭髮更容易打理。</div><div class=""entry-explanation"">描述人的狀態。常用 shave one&#x27;s head bald。</div></div></div><div class=""entry""><div class=""sentence-row""><div class=""sentence"">Driving with <span class=""target-word"">bald</span> <span class=""collocation"">tires</span> is extremely dangerous, especially on wet roads, as they lack the grip needed for safe braking.</div><button class=""tts-button"" data-tts=""Driving with bald tires is extremely dangerous, especially on wet roads, as they lack the grip needed for safe braking."" onclick=""window.playTTS(this.getAttribute('data-tts'))""><svg viewBox=""0 0 24 24"" fill=""none"" stroke=""currentColor"" stroke-width=""2""><polygon points=""5 3 19 12 5 21 5 3""></polygon></svg></button></div><div class=""meta-section""><div class=""translation"">使用磨損的輪胎開車非常危險，尤其是在濕滑的道路上，因為它們缺乏安全煞車所需的抓地力。</div><div class=""entry-explanation"">描述輪胎磨損。bald tires 指胎紋磨平的輪胎。</div></div></div></div></div>"
ballet	"<div class=""anki-card-content""><div class=""general-explanation"">名詞「芭蕾舞」。指一種古典舞蹈藝術形式。</div><div class=""entries-container""><div class=""entry""><div class=""sentence-row""><div class=""sentence"">She has been taking <span class=""target-word"">ballet</span> <span class=""collocation"">lessons</span> since she was five years old, dreaming of becoming a professional dancer in the future.</div><button class=""tts-button"" data-tts=""She has been taking ballet lessons since she was five years old, dreaming of becoming a professional dancer in the future."" onclick=""window.playTTS(this.getAttribute('data-tts'))""><svg viewBox=""0 0 24 24"" fill=""none"" stroke=""currentColor"" stroke-width=""2""><polygon points=""5 3 19 12 5 21 5 3""></polygon></svg></button></div><div class=""meta-section""><div class=""translation"">她從五歲起就開始上芭蕾舞課，夢想著未來能成為一名專業舞者。</div><div class=""entry-explanation"">指芭蕾舞課程。搭配 lessons。</div></div></div><div class=""entry""><div class=""sentence-row""><div class=""sentence"">The performance of the classic <span class=""target-word"">ballet</span> <span class=""collocation"">Swan</span> Lake was so breathtaking that the entire audience stood up to applaud at the end.</div><button class=""tts-button"" data-tts=""The performance of the classic ballet Swan Lake was so breathtaking that the entire audience stood up to applaud at the end."" onclick=""window.playTTS(this.getAttribute('data-tts'))""><svg viewBox=""0 0 24 24"" fill=""none"" stroke=""currentColor"" stroke-width=""2""><polygon points=""5 3 19 12 5 21 5 3""></polygon></svg></button></div><div class=""meta-section""><div class=""translation"">經典芭蕾舞劇《天鵝湖》的演出令人嘆為觀止，以至於演出結束時全場觀眾都起立鼓掌。</div><div class=""entry-explanation"">指芭蕾舞劇。Swan Lake 為經典劇目。</div></div></div></div><div class=""related-forms""><span class=""label"">Related:</span> ballets</div></div>"
bandage	"<div class=""anki-card-content""><div class=""general-explanation"">名詞/動詞「繃帶/包紮」。指醫療用的繃帶或用繃帶纏繞傷口。</div><div class=""entries-container""><div class=""entry""><div class=""sentence-row""><div class=""sentence"">The nurse applied a clean <span class=""target-word"">bandage</span> <span class=""collocation"">to</span> the patient's wound to prevent infection and help the skin heal more quickly.</div><button class=""tts-button"" data-tts=""The nurse applied a clean bandage to the patient&#x27;s wound to prevent infection and help the skin heal more quickly."" onclick=""window.playTTS(this.getAttribute('data-tts'))""><svg viewBox=""0 0 24 24"" fill=""none"" stroke=""currentColor"" stroke-width=""2""><polygon points=""5 3 19 12 5 21 5 3""></polygon></svg></button></div><div class=""meta-section""><div class=""translation"">護士在病人的傷口上貼了一塊乾淨的繃帶，以防止感染並幫助皮膚更快癒合。</div><div class=""entry-explanation"">名詞用法。搭配介係詞 to。</div></div></div><div class=""entry""><div class=""sentence-row""><div class=""sentence"">After the accident, the doctor <span class=""target-word"">bandaged</span> <span class=""collocation"">up</span> the injured arm carefully to ensure that the bone could heal properly over time.</div><button class=""tts-button"" data-tts=""After the accident, the doctor bandaged up the injured arm carefully to ensure that the bone could heal properly over time."" onclick=""window.playTTS(this.getAttribute('data-tts'))""><svg viewBox=""0 0 24 24"" fill=""none"" stroke=""currentColor"" stroke-width=""2""><polygon points=""5 3 19 12 5 21 5 3""></polygon></svg></button></div><div class=""meta-section""><div class=""translation"">事故發生後，醫生小心地包紮了受傷的手臂，以確保骨頭能隨著時間適當地癒合。</div><div class=""entry-explanation"">動詞用法。常搭配 up。</div></div></div></div><div class=""related-forms""><span class=""label"">Related:</span> bandages, bandaged</div></div>"
bankrupt	"<div class=""anki-card-content""><div class=""general-explanation"">形容詞/動詞/名詞「破產」。指個人或公司失去償債能力。</div><div class=""entries-container""><div class=""entry""><div class=""sentence-row""><div class=""sentence"">The small company went <span class=""target-word"">bankrupt</span> <span class=""collocation"">after</span> facing severe financial losses and failing to secure a loan from the local bank.</div><button class=""tts-button"" data-tts=""The small company went bankrupt after facing severe financial losses and failing to secure a loan from the local bank."" onclick=""window.playTTS(this.getAttribute('data-tts'))""><svg viewBox=""0 0 24 24"" fill=""none"" stroke=""currentColor"" stroke-width=""2""><polygon points=""5 3 19 12 5 21 5 3""></polygon></svg></button></div><div class=""meta-section""><div class=""translation"">這家小公司在面臨嚴重的財務損失且未能從當地銀行獲得貸款後破產了。</div><div class=""entry-explanation"">形容詞用法。go bankrupt 為固定搭配。</div></div></div><div class=""entry""><div class=""sentence-row""><div class=""sentence"">The sudden economic crisis <span class=""target-word"">bankrupted</span> <span class=""collocation"">many</span> small businesses that were already struggling to survive in a highly competitive market environment.</div><button class=""tts-button"" data-tts=""The sudden economic crisis bankrupted many small businesses that were already struggling to survive in a highly competitive market environment."" onclick=""window.playTTS(this.getAttribute('data-tts'))""><svg viewBox=""0 0 24 24"" fill=""none"" stroke=""currentColor"" stroke-width=""2""><polygon points=""5 3 19 12 5 21 5 3""></polygon></svg></button></div><div class=""meta-section""><div class=""translation"">突如其來的經濟危機使許多在競爭激烈的市場環境中苦苦掙扎的小企業破產了。</div><div class=""entry-explanation"">動詞用法。指導致破產。</div></div></div></div><div class=""related-forms""><span class=""label"">Related:</span> bankruptcy</div></div>"
bargain	"<div class=""anki-card-content""><div class=""general-explanation"">名詞/動詞「交易/討價還價」。(1) 名詞指划算的交易 (a good bargain)。(2) 動詞指討價還價 (bargain with)。</div><div class=""entries-container""><div class=""entry""><div class=""sentence-row""><div class=""sentence"">This high-quality camera was a real <span class=""target-word"">bargain</span> <span class=""collocation"">at</span> half the original price, so I decided to buy it immediately.</div><button class=""tts-button"" data-tts=""This high-quality camera was a real bargain at half the original price, so I decided to buy it immediately."" onclick=""window.playTTS(this.getAttribute('data-tts'))""><svg viewBox=""0 0 24 24"" fill=""none"" stroke=""currentColor"" stroke-width=""2""><polygon points=""5 3 19 12 5 21 5 3""></polygon></svg></button></div><div class=""meta-section""><div class=""translation"">這台高品質相機以原價的一半買到真是太划算了，所以我決定馬上買下它。</div><div class=""entry-explanation"">名詞用法。指划算的交易。搭配介係詞 at。</div></div></div><div class=""entry""><div class=""sentence-row""><div class=""sentence"">In some traditional markets, you can <span class=""target-word"">bargain</span> <span class=""collocation"">with</span> the vendors to get a lower price if you buy several items together.</div><button class=""tts-button"" data-tts=""In some traditional markets, you can bargain with the vendors to get a lower price if you buy several items together."" onclick=""window.playTTS(this.getAttribute('data-tts'))""><svg viewBox=""0 0 24 24"" fill=""none"" stroke=""currentColor"" stroke-width=""2""><polygon points=""5 3 19 12 5 21 5 3""></polygon></svg></button></div><div class=""meta-section""><div class=""translation"">在一些傳統市場，如果你一次買幾樣東西，你可以和攤販討價還價以獲得更低的價格。</div><div class=""entry-explanation"">動詞用法。指討價還價。搭配介係詞 with。</div></div></div></div><div class=""related-forms""><span class=""label"">Related:</span> bargains, bargained</div></div>"
barrier	"<div class=""anki-card-content""><div class=""general-explanation"">名詞「障礙/隔閡」。(1) 實體障礙 (road barrier)。(2) 抽象障礙 (language barrier)。</div><div class=""entries-container""><div class=""entry""><div class=""sentence-row""><div class=""sentence"">The language <span class=""target-word"">barrier</span> <span class=""collocation"">made</span> it difficult for the international students to communicate effectively with their local classmates during the group project.</div><button class=""tts-button"" data-tts=""The language barrier made it difficult for the international students to communicate effectively with their local classmates during the group project."" onclick=""window.playTTS(this.getAttribute('data-tts'))""><svg viewBox=""0 0 24 24"" fill=""none"" stroke=""currentColor"" stroke-width=""2""><polygon points=""5 3 19 12 5 21 5 3""></polygon></svg></button></div><div class=""meta-section""><div class=""translation"">語言障礙使得國際學生在小組專題中很難與當地同學進行有效溝通。</div><div class=""entry-explanation"">抽象障礙。language barrier 為常見搭配。</div></div></div><div class=""entry""><div class=""sentence-row""><div class=""sentence"">The police set up a road <span class=""target-word"">barrier</span> <span class=""collocation"">to</span> block traffic and ensure the safety of the pedestrians during the annual parade.</div><button class=""tts-button"" data-tts=""The police set up a road barrier to block traffic and ensure the safety of the pedestrians during the annual parade."" onclick=""window.playTTS(this.getAttribute('data-tts'))""><svg viewBox=""0 0 24 24"" fill=""none"" stroke=""currentColor"" stroke-width=""2""><polygon points=""5 3 19 12 5 21 5 3""></polygon></svg></button></div><div class=""meta-section""><div class=""translation"">警方設置了路障來阻擋交通，並確保年度遊行期間行人的安全。</div><div class=""entry-explanation"">實體障礙。搭配介係詞 to。</div></div></div></div><div class=""related-forms""><span class=""label"">Related:</span> barriers</div></div>"
basin	"<div class=""anki-card-content""><div class=""general-explanation"">名詞「盆地/洗臉盆」。(1) 地理上的盆地。 (2) 浴室裡的洗臉盆。</div><div class=""entries-container""><div class=""entry""><div class=""sentence-row""><div class=""sentence"">The city is located in a large <span class=""target-word"">basin</span> <span class=""collocation"">surrounded</span> by high mountains, which often causes air pollution to get trapped inside.</div><button class=""tts-button"" data-tts=""The city is located in a large basin surrounded by high mountains, which often causes air pollution to get trapped inside."" onclick=""window.playTTS(this.getAttribute('data-tts'))""><svg viewBox=""0 0 24 24"" fill=""none"" stroke=""currentColor"" stroke-width=""2""><polygon points=""5 3 19 12 5 21 5 3""></polygon></svg></button></div><div class=""meta-section""><div class=""translation"">這座城市位於一個被高山環繞的大盆地中，這常導致空氣污染被困在裡面。</div><div class=""entry-explanation"">地理盆地。常用 surrounded by 描述其地形。</div></div></div><div class=""entry""><div class=""sentence-row""><div class=""sentence"">Please wash your hands in the <span class=""target-word"">basin</span> <span class=""collocation"">in</span> the bathroom before we start preparing the meal for the dinner party.</div><button class=""tts-button"" data-tts=""Please wash your hands in the basin in the bathroom before we start preparing the meal for the dinner party."" onclick=""window.playTTS(this.getAttribute('data-tts'))""><svg viewBox=""0 0 24 24"" fill=""none"" stroke=""currentColor"" stroke-width=""2""><polygon points=""5 3 19 12 5 21 5 3""></polygon></svg></button></div><div class=""meta-section""><div class=""translation"">在我們開始為晚宴準備餐點之前，請先在浴室的洗臉盆洗手。</div><div class=""entry-explanation"">指洗臉盆。搭配介係詞 in。</div></div></div></div><div class=""related-forms""><span class=""label"">Related:</span> basins</div></div>"
battery	"<div class=""anki-card-content""><div class=""general-explanation"">名詞「電池」。指儲存電能的裝置。</div><div class=""entries-container""><div class=""entry""><div class=""sentence-row""><div class=""sentence"">My laptop <span class=""target-word"">battery</span> <span class=""collocation"">ran</span> out of power during the meeting, so I had to find a charger to continue my presentation.</div><button class=""tts-button"" data-tts=""My laptop battery ran out of power during the meeting, so I had to find a charger to continue my presentation."" onclick=""window.playTTS(this.getAttribute('data-tts'))""><svg viewBox=""0 0 24 24"" fill=""none"" stroke=""currentColor"" stroke-width=""2""><polygon points=""5 3 19 12 5 21 5 3""></polygon></svg></button></div><div class=""meta-section""><div class=""translation"">我的筆電電池在會議期間沒電了，所以我必須找個充電器來繼續我的簡報。</div><div class=""entry-explanation"">指電池。run out of power 為常見搭配。</div></div></div><div class=""entry""><div class=""sentence-row""><div class=""sentence"">It is important to recycle used <span class=""target-word"">batteries</span> <span class=""collocation"">properly</span> because they contain chemicals that can be harmful to the environment if discarded.</div><button class=""tts-button"" data-tts=""It is important to recycle used batteries properly because they contain chemicals that can be harmful to the environment if discarded."" onclick=""window.playTTS(this.getAttribute('data-tts'))""><svg viewBox=""0 0 24 24"" fill=""none"" stroke=""currentColor"" stroke-width=""2""><polygon points=""5 3 19 12 5 21 5 3""></polygon></svg></button></div><div class=""meta-section""><div class=""translation"">正確回收廢電池很重要，因為它們含有如果隨意丟棄會對環境有害的化學物質。</div><div class=""entry-explanation"">指電池。常用複數 batteries。</div></div></div></div><div class=""related-forms""><span class=""label"">Related:</span> batteries</div></div>"
beggar	"<div class=""anki-card-content""><div class=""general-explanation"">名詞「乞丐」。指在街頭乞討的人。</div><div class=""entries-container""><div class=""entry""><div class=""sentence-row""><div class=""sentence"">The kind woman gave some money to the <span class=""target-word"">beggar</span> <span class=""collocation"">on</span> the street corner, hoping to help him buy a warm meal today.</div><button class=""tts-button"" data-tts=""The kind woman gave some money to the beggar on the street corner, hoping to help him buy a warm meal today."" onclick=""window.playTTS(this.getAttribute('data-tts'))""><svg viewBox=""0 0 24 24"" fill=""none"" stroke=""currentColor"" stroke-width=""2""><polygon points=""5 3 19 12 5 21 5 3""></polygon></svg></button></div><div class=""meta-section""><div class=""translation"">那位善良的女士給了街角的乞丐一些錢，希望能幫助他今天買到一頓熱騰騰的飯菜。</div><div class=""entry-explanation"">指乞丐。搭配介係詞 on。</div></div></div><div class=""entry""><div class=""sentence-row""><div class=""sentence"">Society should find ways to support the homeless and the <span class=""target-word"">beggars</span> <span class=""collocation"">rather</span> than simply ignoring their presence in public spaces.</div><button class=""tts-button"" data-tts=""Society should find ways to support the homeless and the beggars rather than simply ignoring their presence in public spaces."" onclick=""window.playTTS(this.getAttribute('data-tts'))""><svg viewBox=""0 0 24 24"" fill=""none"" stroke=""currentColor"" stroke-width=""2""><polygon points=""5 3 19 12 5 21 5 3""></polygon></svg></button></div><div class=""meta-section""><div class=""translation"">社會應該想辦法支持無家可歸者和乞丐，而不是僅僅忽視他們在公共場所的存在。</div><div class=""entry-explanation"">指乞丐群體。常用複數 beggars。</div></div></div></div><div class=""related-forms""><span class=""label"">Related:</span> beggars</div></div>"
behavior	"<div class=""anki-card-content""><div class=""general-explanation"">名詞「行為/舉止」。注意拼字，美式拼法為 behavior，英式為 behaviour。常見搭配包括 good/bad behavior 以及 behavioral (形容詞)。</div><div class=""entries-container""><div class=""entry""><div class=""sentence-row""><div class=""sentence"">The teacher praised the students for their <span class=""collocation"">exemplary</span> <span class=""target-word"">behavior</span> during the school assembly, noting how quietly they listened to the guest speaker.</div><button class=""tts-button"" data-tts=""The teacher praised the students for their exemplary behavior during the school assembly, noting how quietly they listened to the guest speaker."" onclick=""window.playTTS(this.getAttribute('data-tts'))""><svg viewBox=""0 0 24 24"" fill=""none"" stroke=""currentColor"" stroke-width=""2""><polygon points=""5 3 19 12 5 21 5 3""></polygon></svg></button></div><div class=""meta-section""><div class=""translation"">老師稱讚學生在學校集會期間的模範行為，並提到他們多麼安靜地聆聽演講者的發言。</div><div class=""entry-explanation"">指個人的品行或舉止。exemplary behavior 是常見的高級搭配。</div></div></div><div class=""entry""><div class=""sentence-row""><div class=""sentence"">Scientists are studying the <span class=""collocation"">social</span> <span class=""target-word"">behavior</span> of dolphins in the wild to better understand how they communicate and hunt in groups.</div><button class=""tts-button"" data-tts=""Scientists are studying the social behavior of dolphins in the wild to better understand how they communicate and hunt in groups."" onclick=""window.playTTS(this.getAttribute('data-tts'))""><svg viewBox=""0 0 24 24"" fill=""none"" stroke=""currentColor"" stroke-width=""2""><polygon points=""5 3 19 12 5 21 5 3""></polygon></svg></button></div><div class=""meta-section""><div class=""translation"">科學家們正在研究野生海豚的社會行為，以更了解牠們如何在群體中溝通和狩獵。</div><div class=""entry-explanation"">指動物或系統的運作模式。social behavior 是生物學與社會學常見詞彙。</div></div></div></div><div class=""related-forms""><span class=""label"">Related:</span> behave, behavioral</div></div>"
bin	"<div class=""anki-card-content""><div class=""general-explanation"">名詞「垃圾桶/容器」。在英式英語中常用於指垃圾桶，美式英語則較常使用 trash can 或 garbage can。注意雙寫 n。</div><div class=""entries-container""><div class=""entry""><div class=""sentence-row""><div class=""sentence"">Please make sure to <span class=""collocation"">sort</span> your recyclable waste and place it into the correct <span class=""target-word"">bin</span> before leaving the cafeteria after lunch.</div><button class=""tts-button"" data-tts=""Please make sure to sort your recyclable waste and place it into the correct bin before leaving the cafeteria after lunch."" onclick=""window.playTTS(this.getAttribute('data-tts'))""><svg viewBox=""0 0 24 24"" fill=""none"" stroke=""currentColor"" stroke-width=""2""><polygon points=""5 3 19 12 5 21 5 3""></polygon></svg></button></div><div class=""meta-section""><div class=""translation"">午餐後離開餐廳前，請務必將可回收垃圾分類並放入正確的垃圾桶中。</div><div class=""entry-explanation"">指放置垃圾的容器。sort... into the correct bin 是環保教育常見用語。</div></div></div><div class=""entry""><div class=""sentence-row""><div class=""sentence"">The librarian asked the students to <span class=""collocation"">empty</span> the paper <span class=""target-word"">bin</span> at the end of the day to keep the study room tidy.</div><button class=""tts-button"" data-tts=""The librarian asked the students to empty the paper bin at the end of the day to keep the study room tidy."" onclick=""window.playTTS(this.getAttribute('data-tts'))""><svg viewBox=""0 0 24 24"" fill=""none"" stroke=""currentColor"" stroke-width=""2""><polygon points=""5 3 19 12 5 21 5 3""></polygon></svg></button></div><div class=""meta-section""><div class=""translation"">圖書管理員要求學生在一天結束時清空紙張回收桶，以保持自習室整潔。</div><div class=""entry-explanation"">指特定用途的容器。empty the bin 是常見的動詞搭配。</div></div></div></div><div class=""related-forms""><span class=""label"">Related:</span> bins</div></div>"
biography	"<div class=""anki-card-content""><div class=""general-explanation"">名詞「傳記」。指對某人一生的紀錄。若作者寫的是自己的生平，則稱為 autobiography (自傳)。</div><div class=""entries-container""><div class=""entry""><div class=""sentence-row""><div class=""sentence"">I just finished reading a <span class=""collocation"">fascinating</span> <span class=""target-word"">biography</span> of Steve Jobs, which details his journey from a college dropout to a tech visionary.</div><button class=""tts-button"" data-tts=""I just finished reading a fascinating biography of Steve Jobs, which details his journey from a college dropout to a tech visionary."" onclick=""window.playTTS(this.getAttribute('data-tts'))""><svg viewBox=""0 0 24 24"" fill=""none"" stroke=""currentColor"" stroke-width=""2""><polygon points=""5 3 19 12 5 21 5 3""></polygon></svg></button></div><div class=""meta-section""><div class=""translation"">我剛讀完一本關於史蒂夫·賈伯斯的精彩傳記，書中詳細描述了他從大學輟學生到科技遠見者的歷程。</div><div class=""entry-explanation"">指關於某人一生的書。fascinating biography 是常見的形容詞搭配。</div></div></div><div class=""entry""><div class=""sentence-row""><div class=""sentence"">The author spent five years <span class=""collocation"">researching</span> for the <span class=""target-word"">biography</span> of the famous historical figure, interviewing many people who knew him well.</div><button class=""tts-button"" data-tts=""The author spent five years researching for the biography of the famous historical figure, interviewing many people who knew him well."" onclick=""window.playTTS(this.getAttribute('data-tts'))""><svg viewBox=""0 0 24 24"" fill=""none"" stroke=""currentColor"" stroke-width=""2""><polygon points=""5 3 19 12 5 21 5 3""></polygon></svg></button></div><div class=""meta-section""><div class=""translation"">作者花了五年時間研究這位歷史名人的傳記，並採訪了許多了解他的人。</div><div class=""entry-explanation"">指傳記的撰寫過程。researching for the biography 顯示了寫作的嚴謹性。</div></div></div></div><div class=""related-forms""><span class=""label"">Related:</span> biographical, biographer</div></div>"
biology	"<div class=""anki-card-content""><div class=""general-explanation"">名詞「生物學」。指研究生命現象的科學。注意其形容詞形式為 biological，相關從業人員為 biologist。</div><div class=""entries-container""><div class=""entry""><div class=""sentence-row""><div class=""sentence"">In our <span class=""target-word"">biology</span> class today, we <span class=""collocation"">examined</span> the structure of plant cells under a microscope to see how they function in nature.</div><button class=""tts-button"" data-tts=""In our biology class today, we examined the structure of plant cells under a microscope to see how they function in nature."" onclick=""window.playTTS(this.getAttribute('data-tts'))""><svg viewBox=""0 0 24 24"" fill=""none"" stroke=""currentColor"" stroke-width=""2""><polygon points=""5 3 19 12 5 21 5 3""></polygon></svg></button></div><div class=""meta-section""><div class=""translation"">在今天的生物課上，我們用顯微鏡觀察了植物細胞的結構，以了解它們在自然界中如何運作。</div><div class=""entry-explanation"">指學科名稱。biology class 是常見的校園場景。</div></div></div><div class=""entry""><div class=""sentence-row""><div class=""sentence"">Advances in modern <span class=""target-word"">biology</span> have <span class=""collocation"">enabled</span> scientists to develop new vaccines that can effectively prevent the spread of infectious diseases worldwide.</div><button class=""tts-button"" data-tts=""Advances in modern biology have enabled scientists to develop new vaccines that can effectively prevent the spread of infectious diseases worldwide."" onclick=""window.playTTS(this.getAttribute('data-tts'))""><svg viewBox=""0 0 24 24"" fill=""none"" stroke=""currentColor"" stroke-width=""2""><polygon points=""5 3 19 12 5 21 5 3""></polygon></svg></button></div><div class=""meta-section""><div class=""translation"">現代生物學的進步使科學家能夠開發出能有效預防傳染病在全球傳播的新疫苗。</div><div class=""entry-explanation"">指科學領域。advances in biology 是學術寫作中的常見用法。</div></div></div></div><div class=""related-forms""><span class=""label"">Related:</span> biological, biologist</div></div>"
blade	"<div class=""anki-card-content""><div class=""general-explanation"">名詞「刀刃/葉片」。可用於指刀具的鋒利部分，或草葉、螺旋槳葉片等形狀扁平的物體。</div><div class=""entries-container""><div class=""entry""><div class=""sentence-row""><div class=""sentence"">The chef carefully sharpened the <span class=""target-word"">blade</span> of his knife to ensure he could <span class=""collocation"">slice</span> the vegetables with precision and ease.</div><button class=""tts-button"" data-tts=""The chef carefully sharpened the blade of his knife to ensure he could slice the vegetables with precision and ease."" onclick=""window.playTTS(this.getAttribute('data-tts'))""><svg viewBox=""0 0 24 24"" fill=""none"" stroke=""currentColor"" stroke-width=""2""><polygon points=""5 3 19 12 5 21 5 3""></polygon></svg></button></div><div class=""meta-section""><div class=""translation"">廚師小心地磨利他的刀刃，以確保他能精確且輕鬆地切開蔬菜。</div><div class=""entry-explanation"">指刀具的鋒利部分。sharpen the blade 是常見動作。</div></div></div><div class=""entry""><div class=""sentence-row""><div class=""sentence"">As the wind picked up, the <span class=""target-word"">blade</span> of the windmill began to <span class=""collocation"">spin</span> rapidly, generating clean energy for the small village nearby.</div><button class=""tts-button"" data-tts=""As the wind picked up, the blade of the windmill began to spin rapidly, generating clean energy for the small village nearby."" onclick=""window.playTTS(this.getAttribute('data-tts'))""><svg viewBox=""0 0 24 24"" fill=""none"" stroke=""currentColor"" stroke-width=""2""><polygon points=""5 3 19 12 5 21 5 3""></polygon></svg></button></div><div class=""meta-section""><div class=""translation"">隨著風勢增強，風車的葉片開始快速旋轉，為附近的小村莊產生清潔能源。</div><div class=""entry-explanation"">指風車或螺旋槳的葉片。spin rapidly 是描述其運作的常見搭配。</div></div></div></div><div class=""related-forms""><span class=""label"">Related:</span> blades</div></div>"
blend	"<div class=""anki-card-content""><div class=""general-explanation"">動詞「混合」；名詞「混合物」。強調將不同成分融合在一起，使其難以分辨個別部分。</div><div class=""entries-container""><div class=""entry""><div class=""sentence-row""><div class=""sentence"">You should <span class=""target-word"">blend</span> the ingredients <span class=""collocation"">thoroughly</span> until the mixture becomes smooth, which is the secret to making a perfect chocolate cake.</div><button class=""tts-button"" data-tts=""You should blend the ingredients thoroughly until the mixture becomes smooth, which is the secret to making a perfect chocolate cake."" onclick=""window.playTTS(this.getAttribute('data-tts'))""><svg viewBox=""0 0 24 24"" fill=""none"" stroke=""currentColor"" stroke-width=""2""><polygon points=""5 3 19 12 5 21 5 3""></polygon></svg></button></div><div class=""meta-section""><div class=""translation"">你應該將材料徹底混合直到變得滑順，這是做出完美巧克力蛋糕的秘訣。</div><div class=""entry-explanation"">動詞用法。blend thoroughly 是強調混合程度的常見搭配。</div></div></div><div class=""entry""><div class=""sentence-row""><div class=""sentence"">The new building features a unique <span class=""target-word"">blend</span> of <span class=""collocation"">modern</span> architecture and traditional design, making it a landmark in the city center.</div><button class=""tts-button"" data-tts=""The new building features a unique blend of modern architecture and traditional design, making it a landmark in the city center."" onclick=""window.playTTS(this.getAttribute('data-tts'))""><svg viewBox=""0 0 24 24"" fill=""none"" stroke=""currentColor"" stroke-width=""2""><polygon points=""5 3 19 12 5 21 5 3""></polygon></svg></button></div><div class=""meta-section""><div class=""translation"">這棟新建築結合了現代建築與傳統設計的獨特風格，使其成為市中心的標誌性建築。</div><div class=""entry-explanation"">名詞用法。a blend of A and B 是固定句型。</div></div></div></div><div class=""related-forms""><span class=""label"">Related:</span> blended, blender</div></div>"
blessing	"<div class=""anki-card-content""><div class=""general-explanation"">名詞「祝福/幸運的事」。常指來自神或長輩的祝福，也可用於指一件雖然起初看起來不好，但結果卻是好事的情況 (a blessing in disguise)。</div><div class=""entries-container""><div class=""entry""><div class=""sentence-row""><div class=""sentence"">Receiving a scholarship was a true <span class=""target-word"">blessing</span> for the student, as it <span class=""collocation"">relieved</span> the financial burden on his family during his studies.</div><button class=""tts-button"" data-tts=""Receiving a scholarship was a true blessing for the student, as it relieved the financial burden on his family during his studies."" onclick=""window.playTTS(this.getAttribute('data-tts'))""><svg viewBox=""0 0 24 24"" fill=""none"" stroke=""currentColor"" stroke-width=""2""><polygon points=""5 3 19 12 5 21 5 3""></polygon></svg></button></div><div class=""meta-section""><div class=""translation"">獲得獎學金對這名學生來說真是個祝福，因為這減輕了他求學期間家庭的經濟負擔。</div><div class=""entry-explanation"">指幸運的事。a true blessing 強調其重要性。</div></div></div><div class=""entry""><div class=""sentence-row""><div class=""sentence"">Losing his job turned out to be a <span class=""target-word"">blessing</span> in <span class=""collocation"">disguise</span> because it gave him the opportunity to pursue his dream career.</div><button class=""tts-button"" data-tts=""Losing his job turned out to be a blessing in disguise because it gave him the opportunity to pursue his dream career."" onclick=""window.playTTS(this.getAttribute('data-tts'))""><svg viewBox=""0 0 24 24"" fill=""none"" stroke=""currentColor"" stroke-width=""2""><polygon points=""5 3 19 12 5 21 5 3""></polygon></svg></button></div><div class=""meta-section""><div class=""translation"">失去工作結果竟是因禍得福，因為這給了他追求夢想職業的機會。</div><div class=""entry-explanation"">固定片語 a blessing in disguise (因禍得福)。</div></div></div></div><div class=""related-forms""><span class=""label"">Related:</span> bless</div></div>"
blink	"<div class=""anki-card-content""><div class=""general-explanation"">動詞「眨眼」；名詞「眨眼」。指眼睛快速開合。常見片語 in the blink of an eye (轉眼間)。</div><div class=""entries-container""><div class=""entry""><div class=""sentence-row""><div class=""sentence"">The bright light caused everyone in the room to <span class=""target-word"">blink</span> <span class=""collocation"">repeatedly</span> as they tried to adjust their eyes to the sudden change.</div><button class=""tts-button"" data-tts=""The bright light caused everyone in the room to blink repeatedly as they tried to adjust their eyes to the sudden change."" onclick=""window.playTTS(this.getAttribute('data-tts'))""><svg viewBox=""0 0 24 24"" fill=""none"" stroke=""currentColor"" stroke-width=""2""><polygon points=""5 3 19 12 5 21 5 3""></polygon></svg></button></div><div class=""meta-section""><div class=""translation"">強光導致房間裡的每個人都不停地眨眼，因為他們試圖讓眼睛適應這突如其來的變化。</div><div class=""entry-explanation"">動詞用法。blink repeatedly 描述持續的動作。</div></div></div><div class=""entry""><div class=""sentence-row""><div class=""sentence"">Everything changed in the <span class=""target-word"">blink</span> of an <span class=""collocation"">eye</span>, leaving the spectators in complete shock as the underdog team won the championship.</div><button class=""tts-button"" data-tts=""Everything changed in the blink of an eye, leaving the spectators in complete shock as the underdog team won the championship."" onclick=""window.playTTS(this.getAttribute('data-tts'))""><svg viewBox=""0 0 24 24"" fill=""none"" stroke=""currentColor"" stroke-width=""2""><polygon points=""5 3 19 12 5 21 5 3""></polygon></svg></button></div><div class=""meta-section""><div class=""translation"">一切都在轉眼間改變了，當弱勢隊伍贏得冠軍時，觀眾們感到無比震驚。</div><div class=""entry-explanation"">固定片語 in the blink of an eye，意指極短的時間內。</div></div></div></div><div class=""related-forms""><span class=""label"">Related:</span> blinks, blinked</div></div>"
bloom	"<div class=""anki-card-content""><div class=""general-explanation"">名詞「花/開花期」；動詞「開花」。強調植物盛開的狀態，也可用於比喻人的才華或美貌展現。</div><div class=""entries-container""><div class=""entry""><div class=""sentence-row""><div class=""sentence"">The cherry trees are in full <span class=""target-word"">bloom</span> this week, <span class=""collocation"">attracting</span> thousands of tourists who want to take photos of the beautiful pink flowers.</div><button class=""tts-button"" data-tts=""The cherry trees are in full bloom this week, attracting thousands of tourists who want to take photos of the beautiful pink flowers."" onclick=""window.playTTS(this.getAttribute('data-tts'))""><svg viewBox=""0 0 24 24"" fill=""none"" stroke=""currentColor"" stroke-width=""2""><polygon points=""5 3 19 12 5 21 5 3""></polygon></svg></button></div><div class=""meta-section""><div class=""translation"">櫻花樹這週正值盛開期，吸引了成千上萬想要拍攝美麗粉紅色花朵的遊客。</div><div class=""entry-explanation"">名詞用法。in full bloom 是描述花朵盛開的固定搭配。</div></div></div><div class=""entry""><div class=""sentence-row""><div class=""sentence"">These flowers usually <span class=""target-word"">bloom</span> in <span class=""collocation"">early</span> spring when the temperature begins to rise and the days become longer and warmer.</div><button class=""tts-button"" data-tts=""These flowers usually bloom in early spring when the temperature begins to rise and the days become longer and warmer."" onclick=""window.playTTS(this.getAttribute('data-tts'))""><svg viewBox=""0 0 24 24"" fill=""none"" stroke=""currentColor"" stroke-width=""2""><polygon points=""5 3 19 12 5 21 5 3""></polygon></svg></button></div><div class=""meta-section""><div class=""translation"">這些花通常在初春時開花，那時氣溫開始回升，白天也變得更長、更溫暖。</div><div class=""entry-explanation"">動詞用法。描述植物的生長週期。</div></div></div></div><div class=""related-forms""><span class=""label"">Related:</span> blooms, bloomed</div></div>"
blossom	"<div class=""anki-card-content""><div class=""general-explanation"">名詞「花/開花」；動詞「開花/發展」。與 bloom 意思相近，但 blossom 常指果樹的花，或比喻關係、才華的發展。</div><div class=""entries-container""><div class=""entry""><div class=""sentence-row""><div class=""sentence"">The apple trees are covered in white <span class=""target-word"">blossom</span>, <span class=""collocation"">promising</span> a bountiful harvest of fresh fruit for the farmers later this autumn.</div><button class=""tts-button"" data-tts=""The apple trees are covered in white blossom, promising a bountiful harvest of fresh fruit for the farmers later this autumn."" onclick=""window.playTTS(this.getAttribute('data-tts'))""><svg viewBox=""0 0 24 24"" fill=""none"" stroke=""currentColor"" stroke-width=""2""><polygon points=""5 3 19 12 5 21 5 3""></polygon></svg></button></div><div class=""meta-section""><div class=""translation"">蘋果樹上開滿了白色的花朵，預示著農民今年秋天將會有豐碩的水果收成。</div><div class=""entry-explanation"">名詞用法。指果樹的花。</div></div></div><div class=""entry""><div class=""sentence-row""><div class=""sentence"">Their friendship began to <span class=""target-word"">blossom</span> during the summer camp, as they <span class=""collocation"">shared</span> many common interests and spent time talking every single day.</div><button class=""tts-button"" data-tts=""Their friendship began to blossom during the summer camp, as they shared many common interests and spent time talking every single day."" onclick=""window.playTTS(this.getAttribute('data-tts'))""><svg viewBox=""0 0 24 24"" fill=""none"" stroke=""currentColor"" stroke-width=""2""><polygon points=""5 3 19 12 5 21 5 3""></polygon></svg></button></div><div class=""meta-section""><div class=""translation"">他們的友誼在夏令營期間開始發展，因為他們分享了許多共同興趣，並且每天都花時間聊天。</div><div class=""entry-explanation"">動詞用法。比喻關係的發展。</div></div></div></div><div class=""related-forms""><span class=""label"">Related:</span> blossoms, blossomed</div></div>"
boast	"<div class=""anki-card-content""><div class=""general-explanation"">動詞「吹噓/擁有(引以為傲的事物)」；名詞「吹噓」。注意 boast of/about sth 的用法。</div><div class=""entries-container""><div class=""entry""><div class=""sentence-row""><div class=""sentence"">He likes to <span class=""target-word"">boast</span> <span class=""collocation"">about</span> his academic achievements, which often makes his classmates feel uncomfortable during group discussions and study sessions.</div><button class=""tts-button"" data-tts=""He likes to boast about his academic achievements, which often makes his classmates feel uncomfortable during group discussions and study sessions."" onclick=""window.playTTS(this.getAttribute('data-tts'))""><svg viewBox=""0 0 24 24"" fill=""none"" stroke=""currentColor"" stroke-width=""2""><polygon points=""5 3 19 12 5 21 5 3""></polygon></svg></button></div><div class=""meta-section""><div class=""translation"">他喜歡吹噓自己的學業成就，這常讓同學在小組討論和讀書會時感到不自在。</div><div class=""entry-explanation"">動詞用法。boast about/of sth 指自誇。</div></div></div><div class=""entry""><div class=""sentence-row""><div class=""sentence"">The university <span class=""target-word"">boasts</span> a <span class=""collocation"">state-of-the-art</span> library that provides students with access to millions of books and digital research resources.</div><button class=""tts-button"" data-tts=""The university boasts a state-of-the-art library that provides students with access to millions of books and digital research resources."" onclick=""window.playTTS(this.getAttribute('data-tts'))""><svg viewBox=""0 0 24 24"" fill=""none"" stroke=""currentColor"" stroke-width=""2""><polygon points=""5 3 19 12 5 21 5 3""></polygon></svg></button></div><div class=""meta-section""><div class=""translation"">這所大學引以為傲地擁有一座最先進的圖書館，為學生提供數百萬冊書籍和數位研究資源的管道。</div><div class=""entry-explanation"">動詞用法。指某地擁有值得驕傲的設施。</div></div></div></div><div class=""related-forms""><span class=""label"">Related:</span> boasts, boasted</div></div>"
bond	"<div class=""anki-card-content""><div class=""general-explanation"">名詞「連結/羈絆/債券」；動詞「建立連結」。指人與人之間的情感聯繫，或化學上的鍵結。</div><div class=""entries-container""><div class=""entry""><div class=""sentence-row""><div class=""sentence"">The shared experience of overcoming challenges helped to <span class=""collocation"">strengthen</span> the <span class=""target-word"">bond</span> between the two teammates, creating a lifelong friendship.</div><button class=""tts-button"" data-tts=""The shared experience of overcoming challenges helped to strengthen the bond between the two teammates, creating a lifelong friendship."" onclick=""window.playTTS(this.getAttribute('data-tts'))""><svg viewBox=""0 0 24 24"" fill=""none"" stroke=""currentColor"" stroke-width=""2""><polygon points=""5 3 19 12 5 21 5 3""></polygon></svg></button></div><div class=""meta-section""><div class=""translation"">共同克服挑戰的經歷有助於加強兩位隊友之間的羈絆，建立起終身的友誼。</div><div class=""entry-explanation"">名詞用法。strengthen the bond 是常見搭配。</div></div></div><div class=""entry""><div class=""sentence-row""><div class=""sentence"">New mothers often <span class=""target-word"">bond</span> with their babies through <span class=""collocation"">physical</span> contact and constant care during the first few months of life.</div><button class=""tts-button"" data-tts=""New mothers often bond with their babies through physical contact and constant care during the first few months of life."" onclick=""window.playTTS(this.getAttribute('data-tts'))""><svg viewBox=""0 0 24 24"" fill=""none"" stroke=""currentColor"" stroke-width=""2""><polygon points=""5 3 19 12 5 21 5 3""></polygon></svg></button></div><div class=""meta-section""><div class=""translation"">新手媽媽通常在寶寶出生後的最初幾個月，透過身體接觸和持續的照顧與寶寶建立連結。</div><div class=""entry-explanation"">動詞用法。指建立情感連結。</div></div></div></div><div class=""related-forms""><span class=""label"">Related:</span> bonds, bonded</div></div>"
bounce	"<div class=""anki-card-content""><div class=""general-explanation"">動詞「彈跳」；名詞「彈跳」。指物體撞擊表面後反彈，也可用於形容人的活力 (bouncy)。</div><div class=""entries-container""><div class=""entry""><div class=""sentence-row""><div class=""sentence"">The basketball started to <span class=""target-word"">bounce</span> <span class=""collocation"">erratically</span> on the uneven ground, making it difficult for the player to maintain control of the ball.</div><button class=""tts-button"" data-tts=""The basketball started to bounce erratically on the uneven ground, making it difficult for the player to maintain control of the ball."" onclick=""window.playTTS(this.getAttribute('data-tts'))""><svg viewBox=""0 0 24 24"" fill=""none"" stroke=""currentColor"" stroke-width=""2""><polygon points=""5 3 19 12 5 21 5 3""></polygon></svg></button></div><div class=""meta-section""><div class=""translation"">籃球開始在不平的地面上不規則地彈跳，使得球員很難保持對球的控制。</div><div class=""entry-explanation"">動詞用法。bounce erratically 描述彈跳不穩定。</div></div></div><div class=""entry""><div class=""sentence-row""><div class=""sentence"">The child watched the colorful ball <span class=""target-word"">bounce</span> <span class=""collocation"">off</span> the wall and roll across the room toward the open door in the hallway.</div><button class=""tts-button"" data-tts=""The child watched the colorful ball bounce off the wall and roll across the room toward the open door in the hallway."" onclick=""window.playTTS(this.getAttribute('data-tts'))""><svg viewBox=""0 0 24 24"" fill=""none"" stroke=""currentColor"" stroke-width=""2""><polygon points=""5 3 19 12 5 21 5 3""></polygon></svg></button></div><div class=""meta-section""><div class=""translation"">孩子看著彩色的球從牆上彈開，滾過房間朝走廊上敞開的門滾去。</div><div class=""entry-explanation"">動詞用法。bounce off sth 是固定搭配。</div></div></div></div><div class=""related-forms""><span class=""label"">Related:</span> bounces, bounced</div></div>"
bracelet	"<div class=""anki-card-content""><div class=""general-explanation"">名詞「手鍊/手鐲」。指戴在手腕上的裝飾品。</div><div class=""entries-container""><div class=""entry""><div class=""sentence-row""><div class=""sentence"">She received a beautiful silver <span class=""target-word"">bracelet</span> as a <span class=""collocation"">birthday</span> gift from her best friend, and she wears it every single day.</div><button class=""tts-button"" data-tts=""She received a beautiful silver bracelet as a birthday gift from her best friend, and she wears it every single day."" onclick=""window.playTTS(this.getAttribute('data-tts'))""><svg viewBox=""0 0 24 24"" fill=""none"" stroke=""currentColor"" stroke-width=""2""><polygon points=""5 3 19 12 5 21 5 3""></polygon></svg></button></div><div class=""meta-section""><div class=""translation"">她從最好的朋友那裡收到一條美麗的銀手鍊作為生日禮物，而且她每天都戴著它。</div><div class=""entry-explanation"">名詞用法。birthday gift 是常見的搭配。</div></div></div><div class=""entry""><div class=""sentence-row""><div class=""sentence"">The antique <span class=""target-word"">bracelet</span> was <span class=""collocation"">decorated</span> with small diamonds, making it a very valuable piece of jewelry in her collection.</div><button class=""tts-button"" data-tts=""The antique bracelet was decorated with small diamonds, making it a very valuable piece of jewelry in her collection."" onclick=""window.playTTS(this.getAttribute('data-tts'))""><svg viewBox=""0 0 24 24"" fill=""none"" stroke=""currentColor"" stroke-width=""2""><polygon points=""5 3 19 12 5 21 5 3""></polygon></svg></button></div><div class=""meta-section""><div class=""translation"">這條古董手鍊裝飾著小鑽石，使它成為她收藏中非常有價值的一件珠寶。</div><div class=""entry-explanation"">名詞用法。decorated with 是描述飾品的常見用法。</div></div></div></div><div class=""related-forms""><span class=""label"">Related:</span> bracelets</div></div>"
breed	"<div class=""anki-card-content""><div class=""general-explanation"">名詞「品種」；動詞「繁殖/飼養」。指動物的種類，或指培育動物的行為。</div><div class=""entries-container""><div class=""entry""><div class=""sentence-row""><div class=""sentence"">This specific <span class=""target-word"">breed</span> of dog is known for its <span class=""collocation"">friendly</span> nature and high intelligence, making it a popular choice for families.</div><button class=""tts-button"" data-tts=""This specific breed of dog is known for its friendly nature and high intelligence, making it a popular choice for families."" onclick=""window.playTTS(this.getAttribute('data-tts'))""><svg viewBox=""0 0 24 24"" fill=""none"" stroke=""currentColor"" stroke-width=""2""><polygon points=""5 3 19 12 5 21 5 3""></polygon></svg></button></div><div class=""meta-section""><div class=""translation"">這種特定的狗品種以其友善的天性和高智商而聞名，這使它成為家庭的熱門選擇。</div><div class=""entry-explanation"">名詞用法。指動物品種。</div></div></div><div class=""entry""><div class=""sentence-row""><div class=""sentence"">Farmers often <span class=""target-word"">breed</span> cattle to <span class=""collocation"">improve</span> the quality of their meat and milk, ensuring they can meet the market demand efficiently.</div><button class=""tts-button"" data-tts=""Farmers often breed cattle to improve the quality of their meat and milk, ensuring they can meet the market demand efficiently."" onclick=""window.playTTS(this.getAttribute('data-tts'))""><svg viewBox=""0 0 24 24"" fill=""none"" stroke=""currentColor"" stroke-width=""2""><polygon points=""5 3 19 12 5 21 5 3""></polygon></svg></button></div><div class=""meta-section""><div class=""translation"">農民經常飼養牛隻以提高肉和奶的品質，確保他們能有效地滿足市場需求。</div><div class=""entry-explanation"">動詞用法。指培育動物。</div></div></div></div><div class=""related-forms""><span class=""label"">Related:</span> breeds, bred</div></div>"
bridegroom	"<div class=""anki-card-content""><div class=""general-explanation"">名詞「新郎」。通常簡稱為 groom。指婚禮當天結婚的男性。</div><div class=""entries-container""><div class=""entry""><div class=""sentence-row""><div class=""sentence"">The <span class=""target-word"">bridegroom</span> stood at the altar, waiting <span class=""collocation"">anxiously</span> for his bride to walk down the aisle in her beautiful white wedding dress.</div><button class=""tts-button"" data-tts=""The bridegroom stood at the altar, waiting anxiously for his bride to walk down the aisle in her beautiful white wedding dress."" onclick=""window.playTTS(this.getAttribute('data-tts'))""><svg viewBox=""0 0 24 24"" fill=""none"" stroke=""currentColor"" stroke-width=""2""><polygon points=""5 3 19 12 5 21 5 3""></polygon></svg></button></div><div class=""meta-section""><div class=""translation"">新郎站在祭壇前，焦急地等待著他的新娘穿著美麗的白色婚紗走過紅毯。</div><div class=""entry-explanation"">名詞用法。指婚禮中的男性角色。</div></div></div><div class=""entry""><div class=""sentence-row""><div class=""sentence"">All the guests cheered as the <span class=""target-word"">bridegroom</span> and his bride <span class=""collocation"">exchanged</span> their wedding vows during the emotional ceremony in the garden.</div><button class=""tts-button"" data-tts=""All the guests cheered as the bridegroom and his bride exchanged their wedding vows during the emotional ceremony in the garden."" onclick=""window.playTTS(this.getAttribute('data-tts'))""><svg viewBox=""0 0 24 24"" fill=""none"" stroke=""currentColor"" stroke-width=""2""><polygon points=""5 3 19 12 5 21 5 3""></polygon></svg></button></div><div class=""meta-section""><div class=""translation"">當新郎和新娘在花園裡感人的儀式中交換結婚誓詞時，所有的客人都歡呼起來。</div><div class=""entry-explanation"">名詞用法。exchanged vows 是婚禮常見搭配。</div></div></div></div><div class=""related-forms""><span class=""label"">Related:</span> groom</div></div>"
broke	"<div class=""anki-card-content""><div class=""general-explanation"">形容詞「身無分文的」。為 break 的過去式，但在此作為形容詞使用，意指沒錢。注意不可與 broken (損壞的) 混淆。</div><div class=""entries-container""><div class=""entry""><div class=""sentence-row""><div class=""sentence"">After paying for his tuition and rent, he was completely <span class=""target-word"">broke</span> and had to <span class=""collocation"">rely</span> on instant noodles for the rest of the month.</div><button class=""tts-button"" data-tts=""After paying for his tuition and rent, he was completely broke and had to rely on instant noodles for the rest of the month."" onclick=""window.playTTS(this.getAttribute('data-tts'))""><svg viewBox=""0 0 24 24"" fill=""none"" stroke=""currentColor"" stroke-width=""2""><polygon points=""5 3 19 12 5 21 5 3""></polygon></svg></button></div><div class=""meta-section""><div class=""translation"">在支付學費和房租後，他完全身無分文，不得不靠泡麵度過這個月的剩餘時間。</div><div class=""entry-explanation"">形容詞用法。be broke 是口語中表示沒錢的常見說法。</div></div></div><div class=""entry""><div class=""sentence-row""><div class=""sentence"">Many students find themselves <span class=""target-word"">broke</span> by the end of the semester because they <span class=""collocation"">spend</span> too much money on social activities and dining out.</div><button class=""tts-button"" data-tts=""Many students find themselves broke by the end of the semester because they spend too much money on social activities and dining out."" onclick=""window.playTTS(this.getAttribute('data-tts'))""><svg viewBox=""0 0 24 24"" fill=""none"" stroke=""currentColor"" stroke-width=""2""><polygon points=""5 3 19 12 5 21 5 3""></polygon></svg></button></div><div class=""meta-section""><div class=""translation"">許多學生發現自己在學期末時身無分文，因為他們在社交活動和外食上花太多錢了。</div><div class=""entry-explanation"">形容詞用法。描述經濟拮据的狀態。</div></div></div></div><div class=""related-forms""><span class=""label"">Related:</span> break</div></div>"
broom	"<div class=""anki-card-content""><div class=""general-explanation"">名詞「掃帚」。用於清掃地面的工具。</div><div class=""entries-container""><div class=""entry""><div class=""sentence-row""><div class=""sentence"">The janitor used a long-handled <span class=""target-word"">broom</span> to <span class=""collocation"">sweep</span> the dust and fallen leaves off the school playground before the students arrived.</div><button class=""tts-button"" data-tts=""The janitor used a long-handled broom to sweep the dust and fallen leaves off the school playground before the students arrived."" onclick=""window.playTTS(this.getAttribute('data-tts'))""><svg viewBox=""0 0 24 24"" fill=""none"" stroke=""currentColor"" stroke-width=""2""><polygon points=""5 3 19 12 5 21 5 3""></polygon></svg></button></div><div class=""meta-section""><div class=""translation"">清潔工在學生到達之前，用長柄掃帚清掃學校操場上的灰塵和落葉。</div><div class=""entry-explanation"">名詞用法。sweep with a broom 是常見動作。</div></div></div><div class=""entry""><div class=""sentence-row""><div class=""sentence"">Please put the <span class=""target-word"">broom</span> back in the <span class=""collocation"">storage</span> closet after you finish cleaning the classroom so that it stays organized.</div><button class=""tts-button"" data-tts=""Please put the broom back in the storage closet after you finish cleaning the classroom so that it stays organized."" onclick=""window.playTTS(this.getAttribute('data-tts'))""><svg viewBox=""0 0 24 24"" fill=""none"" stroke=""currentColor"" stroke-width=""2""><polygon points=""5 3 19 12 5 21 5 3""></polygon></svg></button></div><div class=""meta-section""><div class=""translation"">請在清掃完教室後將掃帚放回儲藏室，以便保持整潔。</div><div class=""entry-explanation"">名詞用法。指工具的存放。</div></div></div></div><div class=""related-forms""><span class=""label"">Related:</span> brooms</div></div>"
brutal	"<div class=""anki-card-content""><div class=""general-explanation"">形容詞「殘忍的/嚴酷的」。可用於形容暴力行為，或形容天氣、競爭等極端嚴苛的情況。</div><div class=""entries-container""><div class=""entry""><div class=""sentence-row""><div class=""sentence"">The soldiers faced <span class=""target-word"">brutal</span> conditions during the winter, with <span class=""collocation"">freezing</span> temperatures and very little food to survive the harsh environment.</div><button class=""tts-button"" data-tts=""The soldiers faced brutal conditions during the winter, with freezing temperatures and very little food to survive the harsh environment."" onclick=""window.playTTS(this.getAttribute('data-tts'))""><svg viewBox=""0 0 24 24"" fill=""none"" stroke=""currentColor"" stroke-width=""2""><polygon points=""5 3 19 12 5 21 5 3""></polygon></svg></button></div><div class=""meta-section""><div class=""translation"">士兵們在冬天面臨嚴酷的條件，氣溫極低，且幾乎沒有食物能在惡劣的環境中生存。</div><div class=""entry-explanation"">形容詞用法。指環境或天氣極端嚴苛。</div></div></div><div class=""entry""><div class=""sentence-row""><div class=""sentence"">The competition for the limited number of scholarships was <span class=""target-word"">brutal</span>, as all the applicants were <span class=""collocation"">highly</span> qualified and motivated students.</div><button class=""tts-button"" data-tts=""The competition for the limited number of scholarships was brutal, as all the applicants were highly qualified and motivated students."" onclick=""window.playTTS(this.getAttribute('data-tts'))""><svg viewBox=""0 0 24 24"" fill=""none"" stroke=""currentColor"" stroke-width=""2""><polygon points=""5 3 19 12 5 21 5 3""></polygon></svg></button></div><div class=""meta-section""><div class=""translation"">有限獎學金的競爭非常殘酷，因為所有的申請者都是高素質且積極進取的學生。</div><div class=""entry-explanation"">形容詞用法。指競爭非常激烈。</div></div></div></div><div class=""related-forms""><span class=""label"">Related:</span> brutality</div></div>"
bulletin	"<div class=""anki-card-content""><div class=""general-explanation"">名詞「公告/簡報」。指發布重要消息的短文或看板。</div><div class=""entries-container""><div class=""entry""><div class=""sentence-row""><div class=""sentence"">The school posted a <span class=""target-word"">bulletin</span> on the notice board to <span class=""collocation"">inform</span> students about the upcoming changes to the library's opening hours.</div><button class=""tts-button"" data-tts=""The school posted a bulletin on the notice board to inform students about the upcoming changes to the library&#x27;s opening hours."" onclick=""window.playTTS(this.getAttribute('data-tts'))""><svg viewBox=""0 0 24 24"" fill=""none"" stroke=""currentColor"" stroke-width=""2""><polygon points=""5 3 19 12 5 21 5 3""></polygon></svg></button></div><div class=""meta-section""><div class=""translation"">學校在佈告欄上張貼了一則公告，通知學生關於圖書館開放時間即將變動的消息。</div><div class=""entry-explanation"">名詞用法。post a bulletin 是常見搭配。</div></div></div><div class=""entry""><div class=""sentence-row""><div class=""sentence"">We receive a weekly <span class=""target-word"">bulletin</span> from the department that <span class=""collocation"">highlights</span> important events, deadlines, and news for all the students enrolled.</div><button class=""tts-button"" data-tts=""We receive a weekly bulletin from the department that highlights important events, deadlines, and news for all the students enrolled."" onclick=""window.playTTS(this.getAttribute('data-tts'))""><svg viewBox=""0 0 24 24"" fill=""none"" stroke=""currentColor"" stroke-width=""2""><polygon points=""5 3 19 12 5 21 5 3""></polygon></svg></button></div><div class=""meta-section""><div class=""translation"">我們每週會收到系上發出的簡報，重點介紹所有註冊學生的重要活動、截止日期和新聞。</div><div class=""entry-explanation"">名詞用法。指定期發布的資訊。</div></div></div></div><div class=""related-forms""><span class=""label"">Related:</span> bulletins</div></div>"
burglar	"<div class=""anki-card-content""><div class=""general-explanation"">指「竊賊」，特別指闖入建築物行竊的人。與 thief（泛指小偷）不同，burglar 強調非法侵入住宅或建築物。</div><div class=""entries-container""><div class=""entry""><div class=""sentence-row""><div class=""sentence"">The <span class=""target-word"">burglar</span> <span class=""collocation"">broke into</span> the house through the back window while the family was away on their summer vacation.</div><button class=""tts-button"" data-tts=""The burglar broke into the house through the back window while the family was away on their summer vacation."" onclick=""window.playTTS(this.getAttribute('data-tts'))""><svg viewBox=""0 0 24 24"" fill=""none"" stroke=""currentColor"" stroke-width=""2""><polygon points=""5 3 19 12 5 21 5 3""></polygon></svg></button></div><div class=""meta-section""><div class=""translation"">竊賊趁這家人去暑假度假時，從後窗闖入了房子。</div><div class=""entry-explanation"">描述闖入行為，搭配動詞 break into。</div></div></div><div class=""entry""><div class=""sentence-row""><div class=""sentence"">Police are searching for the <span class=""target-word"">burglar</span> who <span class=""collocation"">stole</span> valuable jewelry from several homes in this quiet residential neighborhood last night.</div><button class=""tts-button"" data-tts=""Police are searching for the burglar who stole valuable jewelry from several homes in this quiet residential neighborhood last night."" onclick=""window.playTTS(this.getAttribute('data-tts'))""><svg viewBox=""0 0 24 24"" fill=""none"" stroke=""currentColor"" stroke-width=""2""><polygon points=""5 3 19 12 5 21 5 3""></polygon></svg></button></div><div class=""meta-section""><div class=""translation"">警方正在搜尋昨晚從這個安靜住宅區幾戶人家中偷走貴重珠寶的竊賊。</div><div class=""entry-explanation"">描述竊賊的犯罪行為，搭配動詞 steal。</div></div></div></div><div class=""related-forms""><span class=""label"">Related:</span> burglary</div></div>"
cabinet	"<div class=""anki-card-content""><div class=""general-explanation"">用法包括：(1) 名詞「櫥櫃」，如 kitchen cabinet；(2) 名詞「內閣」，指政府的高級官員會議。</div><div class=""entries-container""><div class=""entry""><div class=""sentence-row""><div class=""sentence"">Please put the dishes back into the kitchen <span class=""target-word"">cabinet</span> after you have finished washing and drying them this evening.</div><button class=""tts-button"" data-tts=""Please put the dishes back into the kitchen cabinet after you have finished washing and drying them this evening."" onclick=""window.playTTS(this.getAttribute('data-tts'))""><svg viewBox=""0 0 24 24"" fill=""none"" stroke=""currentColor"" stroke-width=""2""><polygon points=""5 3 19 12 5 21 5 3""></polygon></svg></button></div><div class=""meta-section""><div class=""translation"">今晚洗完碗盤並擦乾後，請將它們放回廚房櫥櫃裡。</div><div class=""entry-explanation"">指家具櫥櫃，常見於居家生活場景。</div></div></div><div class=""entry""><div class=""sentence-row""><div class=""sentence"">The Prime Minister held an emergency meeting with the <span class=""target-word"">cabinet</span> to discuss the <span class=""collocation"">economic crisis</span> facing the entire nation.</div><button class=""tts-button"" data-tts=""The Prime Minister held an emergency meeting with the cabinet to discuss the economic crisis facing the entire nation."" onclick=""window.playTTS(this.getAttribute('data-tts'))""><svg viewBox=""0 0 24 24"" fill=""none"" stroke=""currentColor"" stroke-width=""2""><polygon points=""5 3 19 12 5 21 5 3""></polygon></svg></button></div><div class=""meta-section""><div class=""translation"">總理與內閣召開了緊急會議，討論全國面臨的經濟危機。</div><div class=""entry-explanation"">指政府內閣，常與 meeting, minister 等字連用。</div></div></div></div></div>"
calculate	"<div class=""anki-card-content""><div class=""general-explanation"">動詞「計算」，指透過數學運算得出結果，或指「估計、推測」。</div><div class=""entries-container""><div class=""entry""><div class=""sentence-row""><div class=""sentence"">Students are required to <span class=""target-word"">calculate</span> the <span class=""collocation"">total cost</span> of the project by adding up all the expenses incurred during the process.</div><button class=""tts-button"" data-tts=""Students are required to calculate the total cost of the project by adding up all the expenses incurred during the process."" onclick=""window.playTTS(this.getAttribute('data-tts'))""><svg viewBox=""0 0 24 24"" fill=""none"" stroke=""currentColor"" stroke-width=""2""><polygon points=""5 3 19 12 5 21 5 3""></polygon></svg></button></div><div class=""meta-section""><div class=""translation"">學生必須透過加總過程中產生的所有費用，來計算該專案的總成本。</div><div class=""entry-explanation"">指數學上的計算，搭配 total cost。</div></div></div><div class=""entry""><div class=""sentence-row""><div class=""sentence"">It is difficult to <span class=""target-word"">calculate</span> the <span class=""collocation"">exact impact</span> of climate change on local agriculture over the next few decades.</div><button class=""tts-button"" data-tts=""It is difficult to calculate the exact impact of climate change on local agriculture over the next few decades."" onclick=""window.playTTS(this.getAttribute('data-tts'))""><svg viewBox=""0 0 24 24"" fill=""none"" stroke=""currentColor"" stroke-width=""2""><polygon points=""5 3 19 12 5 21 5 3""></polygon></svg></button></div><div class=""meta-section""><div class=""translation"">很難計算氣候變遷在未來幾十年對當地農業造成的確切影響。</div><div class=""entry-explanation"">指估計或預測，常用於學術討論。</div></div></div></div><div class=""related-forms""><span class=""label"">Related:</span> calculation, calculator</div></div>"
calculation	"<div class=""anki-card-content""><div class=""general-explanation"">名詞「計算」，指運算的過程或結果，也可用於指「深思熟慮的計畫」。</div><div class=""entries-container""><div class=""entry""><div class=""sentence-row""><div class=""sentence"">After a quick <span class=""target-word"">calculation</span>, the accountant realized that the company had <span class=""collocation"">exceeded its budget</span> for the first quarter of the year.</div><button class=""tts-button"" data-tts=""After a quick calculation, the accountant realized that the company had exceeded its budget for the first quarter of the year."" onclick=""window.playTTS(this.getAttribute('data-tts'))""><svg viewBox=""0 0 24 24"" fill=""none"" stroke=""currentColor"" stroke-width=""2""><polygon points=""5 3 19 12 5 21 5 3""></polygon></svg></button></div><div class=""meta-section""><div class=""translation"">經過快速計算後，會計師意識到公司第一季的預算超支了。</div><div class=""entry-explanation"">指數學運算過程，搭配動詞 realize。</div></div></div><div class=""entry""><div class=""sentence-row""><div class=""sentence"">His decision to resign was based on a careful <span class=""target-word"">calculation</span> of his <span class=""collocation"">future career</span> prospects in the competitive tech industry.</div><button class=""tts-button"" data-tts=""His decision to resign was based on a careful calculation of his future career prospects in the competitive tech industry."" onclick=""window.playTTS(this.getAttribute('data-tts'))""><svg viewBox=""0 0 24 24"" fill=""none"" stroke=""currentColor"" stroke-width=""2""><polygon points=""5 3 19 12 5 21 5 3""></polygon></svg></button></div><div class=""meta-section""><div class=""translation"">他辭職的決定是基於對自己在競爭激烈的科技產業中未來職涯前景的審慎評估。</div><div class=""entry-explanation"">指深思熟慮的評估或盤算。</div></div></div></div><div class=""related-forms""><span class=""label"">Related:</span> calculate, calculator</div></div>"
calorie	"<div class=""anki-card-content""><div class=""general-explanation"">名詞「卡路里」，指熱量單位。在健康議題中，常與 intake（攝取量）或 burn（消耗）搭配。</div><div class=""entries-container""><div class=""entry""><div class=""sentence-row""><div class=""sentence"">To maintain a healthy weight, you should pay attention to your daily <span class=""target-word"">calorie</span> <span class=""collocation"">intake</span> and engage in regular physical exercise.</div><button class=""tts-button"" data-tts=""To maintain a healthy weight, you should pay attention to your daily calorie intake and engage in regular physical exercise."" onclick=""window.playTTS(this.getAttribute('data-tts'))""><svg viewBox=""0 0 24 24"" fill=""none"" stroke=""currentColor"" stroke-width=""2""><polygon points=""5 3 19 12 5 21 5 3""></polygon></svg></button></div><div class=""meta-section""><div class=""translation"">為了維持健康體重，你應該注意每日的卡路里攝取量，並進行規律的體育鍛鍊。</div><div class=""entry-explanation"">指熱量攝取，搭配 intake。</div></div></div><div class=""entry""><div class=""sentence-row""><div class=""sentence"">Running for thirty minutes can help you <span class=""target-word"">burn</span> a significant number of <span class=""target-word"">calories</span>, which is beneficial for your overall fitness level.</div><button class=""tts-button"" data-tts=""Running for thirty minutes can help you burn a significant number of calories, which is beneficial for your overall fitness level."" onclick=""window.playTTS(this.getAttribute('data-tts'))""><svg viewBox=""0 0 24 24"" fill=""none"" stroke=""currentColor"" stroke-width=""2""><polygon points=""5 3 19 12 5 21 5 3""></polygon></svg></button></div><div class=""meta-section""><div class=""translation"">跑步三十分鐘可以幫助你消耗大量的卡路里，這對你的整體健康水準很有幫助。</div><div class=""entry-explanation"">指消耗熱量，常用動詞 burn。</div></div></div></div><div class=""related-forms""><span class=""label"">Related:</span> caloric</div></div>"
campaign	"<div class=""anki-card-content""><div class=""general-explanation"">用法包括：(1) 名詞「活動/運動」，如 political campaign, advertising campaign；(2) 動詞「發起運動/參與競選」。</div><div class=""entries-container""><div class=""entry""><div class=""sentence-row""><div class=""sentence"">The environmental group launched a nationwide <span class=""target-word"">campaign</span> to <span class=""collocation"">raise awareness</span> about the importance of reducing plastic waste in our oceans.</div><button class=""tts-button"" data-tts=""The environmental group launched a nationwide campaign to raise awareness about the importance of reducing plastic waste in our oceans."" onclick=""window.playTTS(this.getAttribute('data-tts'))""><svg viewBox=""0 0 24 24"" fill=""none"" stroke=""currentColor"" stroke-width=""2""><polygon points=""5 3 19 12 5 21 5 3""></polygon></svg></button></div><div class=""meta-section""><div class=""translation"">環保團體發起了一項全國性的運動，以提高人們對減少海洋塑膠垃圾重要性的認識。</div><div class=""entry-explanation"">名詞，指為了特定目的發起的活動，搭配 raise awareness。</div></div></div><div class=""entry""><div class=""sentence-row""><div class=""sentence"">The senator spent several months <span class=""target-word"">campaigning</span> across the country to <span class=""collocation"">gain support</span> from voters before the upcoming general election.</div><button class=""tts-button"" data-tts=""The senator spent several months campaigning across the country to gain support from voters before the upcoming general election."" onclick=""window.playTTS(this.getAttribute('data-tts'))""><svg viewBox=""0 0 24 24"" fill=""none"" stroke=""currentColor"" stroke-width=""2""><polygon points=""5 3 19 12 5 21 5 3""></polygon></svg></button></div><div class=""meta-section""><div class=""translation"">在即將到來的大選前，這位參議員花了幾個月在全國各地競選，以爭取選民的支持。</div><div class=""entry-explanation"">動詞，指參與競選或推動運動，搭配 gain support。</div></div></div></div><div class=""related-forms""><span class=""label"">Related:</span> campaigner</div></div>"
candidate	"<div class=""anki-card-content""><div class=""general-explanation"">名詞「候選人」或「應徵者」。指參加選舉的人，或申請職位的人。</div><div class=""entries-container""><div class=""entry""><div class=""sentence-row""><div class=""sentence"">Each <span class=""target-word"">candidate</span> for the student council president must deliver a speech to <span class=""collocation"">present their vision</span> for the school's future development.</div><button class=""tts-button"" data-tts=""Each candidate for the student council president must deliver a speech to present their vision for the school&#x27;s future development."" onclick=""window.playTTS(this.getAttribute('data-tts'))""><svg viewBox=""0 0 24 24"" fill=""none"" stroke=""currentColor"" stroke-width=""2""><polygon points=""5 3 19 12 5 21 5 3""></polygon></svg></button></div><div class=""meta-section""><div class=""translation"">每位學生會會長候選人都必須發表一場演說，以呈現他們對學校未來發展的願景。</div><div class=""entry-explanation"">指選舉候選人，搭配 present their vision。</div></div></div><div class=""entry""><div class=""sentence-row""><div class=""sentence"">The human resources manager interviewed every qualified <span class=""target-word"">candidate</span> to find the best person for the <span class=""collocation"">challenging position</span> in the marketing department.</div><button class=""tts-button"" data-tts=""The human resources manager interviewed every qualified candidate to find the best person for the challenging position in the marketing department."" onclick=""window.playTTS(this.getAttribute('data-tts'))""><svg viewBox=""0 0 24 24"" fill=""none"" stroke=""currentColor"" stroke-width=""2""><polygon points=""5 3 19 12 5 21 5 3""></polygon></svg></button></div><div class=""meta-section""><div class=""translation"">人力資源經理面試了每一位合格的應徵者，以找到最適合行銷部門這個挑戰性職位的人選。</div><div class=""entry-explanation"">指求職者，搭配 interview。</div></div></div></div><div class=""related-forms""><span class=""label"">Related:</span> candidacy</div></div>"
cane	"<div class=""anki-card-content""><div class=""general-explanation"">名詞「手杖」或「藤條」。指輔助行走用的杖，或植物的莖。</div><div class=""entries-container""><div class=""entry""><div class=""sentence-row""><div class=""sentence"">The elderly man walked slowly down the street, leaning heavily on his wooden <span class=""target-word"">cane</span> to <span class=""collocation"">maintain his balance</span> on the uneven sidewalk.</div><button class=""tts-button"" data-tts=""The elderly man walked slowly down the street, leaning heavily on his wooden cane to maintain his balance on the uneven sidewalk."" onclick=""window.playTTS(this.getAttribute('data-tts'))""><svg viewBox=""0 0 24 24"" fill=""none"" stroke=""currentColor"" stroke-width=""2""><polygon points=""5 3 19 12 5 21 5 3""></polygon></svg></button></div><div class=""meta-section""><div class=""translation"">那位老先生緩慢地走在街上，沉重地倚靠著他的木製手杖，以在不平的人行道上保持平衡。</div><div class=""entry-explanation"">指輔助行走的手杖，搭配 lean on。</div></div></div><div class=""entry""><div class=""sentence-row""><div class=""sentence"">Sugar <span class=""target-word"">cane</span> is widely grown in tropical regions and is the <span class=""collocation"">primary source</span> of sugar production for many countries around the world.</div><button class=""tts-button"" data-tts=""Sugar cane is widely grown in tropical regions and is the primary source of sugar production for many countries around the world."" onclick=""window.playTTS(this.getAttribute('data-tts'))""><svg viewBox=""0 0 24 24"" fill=""none"" stroke=""currentColor"" stroke-width=""2""><polygon points=""5 3 19 12 5 21 5 3""></polygon></svg></button></div><div class=""meta-section""><div class=""translation"">甘蔗在熱帶地區廣泛種植，是世界上許多國家生產糖的主要來源。</div><div class=""entry-explanation"">指植物的莖，如 sugar cane。</div></div></div></div></div>"
canoe	"<div class=""anki-card-content""><div class=""general-explanation"">名詞「獨木舟」；動詞「划獨木舟」。</div><div class=""entries-container""><div class=""entry""><div class=""sentence-row""><div class=""sentence"">We rented a <span class=""target-word"">canoe</span> and paddled across the calm lake to explore the <span class=""collocation"">hidden island</span> located in the middle of the water.</div><button class=""tts-button"" data-tts=""We rented a canoe and paddled across the calm lake to explore the hidden island located in the middle of the water."" onclick=""window.playTTS(this.getAttribute('data-tts'))""><svg viewBox=""0 0 24 24"" fill=""none"" stroke=""currentColor"" stroke-width=""2""><polygon points=""5 3 19 12 5 21 5 3""></polygon></svg></button></div><div class=""meta-section""><div class=""translation"">我們租了一艘獨木舟，划過平靜的湖面，去探索位於水中央的隱密小島。</div><div class=""entry-explanation"">名詞，指交通工具，搭配 paddle。</div></div></div><div class=""entry""><div class=""sentence-row""><div class=""sentence"">During our summer camp, we had the opportunity to <span class=""target-word"">canoe</span> down the river and enjoy the <span class=""collocation"">breathtaking scenery</span> along the riverbanks.</div><button class=""tts-button"" data-tts=""During our summer camp, we had the opportunity to canoe down the river and enjoy the breathtaking scenery along the riverbanks."" onclick=""window.playTTS(this.getAttribute('data-tts'))""><svg viewBox=""0 0 24 24"" fill=""none"" stroke=""currentColor"" stroke-width=""2""><polygon points=""5 3 19 12 5 21 5 3""></polygon></svg></button></div><div class=""meta-section""><div class=""translation"">在夏令營期間，我們有機會沿著河流划獨木舟，並欣賞河岸邊令人屏息的景色。</div><div class=""entry-explanation"">動詞，指划船的動作。</div></div></div></div><div class=""related-forms""><span class=""label"">Related:</span> canoeing</div></div>"
capacity	"<div class=""anki-card-content""><div class=""general-explanation"">名詞「容量」、「能力」或「職位」。指能容納的空間，或某人能做某事的能力。</div><div class=""entries-container""><div class=""entry""><div class=""sentence-row""><div class=""sentence"">The stadium has a seating <span class=""target-word"">capacity</span> of fifty thousand people, making it the perfect venue for <span class=""collocation"">large-scale concerts</span> and sports events.</div><button class=""tts-button"" data-tts=""The stadium has a seating capacity of fifty thousand people, making it the perfect venue for large-scale concerts and sports events."" onclick=""window.playTTS(this.getAttribute('data-tts'))""><svg viewBox=""0 0 24 24"" fill=""none"" stroke=""currentColor"" stroke-width=""2""><polygon points=""5 3 19 12 5 21 5 3""></polygon></svg></button></div><div class=""meta-section""><div class=""translation"">這座體育場有五萬人的座位容量，使其成為舉辦大型演唱會和體育賽事的完美場地。</div><div class=""entry-explanation"">指容量，搭配 seating capacity。</div></div></div><div class=""entry""><div class=""sentence-row""><div class=""sentence"">She has the amazing <span class=""target-word"">capacity</span> to <span class=""collocation"">stay calm</span> under pressure, which makes her an excellent leader in times of crisis.</div><button class=""tts-button"" data-tts=""She has the amazing capacity to stay calm under pressure, which makes her an excellent leader in times of crisis."" onclick=""window.playTTS(this.getAttribute('data-tts'))""><svg viewBox=""0 0 24 24"" fill=""none"" stroke=""currentColor"" stroke-width=""2""><polygon points=""5 3 19 12 5 21 5 3""></polygon></svg></button></div><div class=""meta-section""><div class=""translation"">她有在壓力下保持冷靜的驚人能力，這使她成為危機時刻中優秀的領導者。</div><div class=""entry-explanation"">指能力，搭配 stay calm。</div></div></div></div><div class=""related-forms""><span class=""label"">Related:</span> capacitate</div></div>"
capital	"<div class=""anki-card-content""><div class=""general-explanation"">用法包括：(1) 名詞「首都」；(2) 名詞「資本/資金」；(3) 名詞「大寫字母」。注意 capitalism 為「資本主義」。</div><div class=""entries-container""><div class=""entry""><div class=""sentence-row""><div class=""sentence"">Taipei is the <span class=""target-word"">capital</span> of Taiwan and serves as the <span class=""collocation"">political and economic center</span> of the entire island nation.</div><button class=""tts-button"" data-tts=""Taipei is the capital of Taiwan and serves as the political and economic center of the entire island nation."" onclick=""window.playTTS(this.getAttribute('data-tts'))""><svg viewBox=""0 0 24 24"" fill=""none"" stroke=""currentColor"" stroke-width=""2""><polygon points=""5 3 19 12 5 21 5 3""></polygon></svg></button></div><div class=""meta-section""><div class=""translation"">台北是台灣的首都，也是整個島國的政治與經濟中心。</div><div class=""entry-explanation"">指首都，常與 city 搭配。</div></div></div><div class=""entry""><div class=""sentence-row""><div class=""sentence"">The startup company needs to raise more <span class=""target-word"">capital</span> from investors to <span class=""collocation"">expand its business</span> and develop new products for the market.</div><button class=""tts-button"" data-tts=""The startup company needs to raise more capital from investors to expand its business and develop new products for the market."" onclick=""window.playTTS(this.getAttribute('data-tts'))""><svg viewBox=""0 0 24 24"" fill=""none"" stroke=""currentColor"" stroke-width=""2""><polygon points=""5 3 19 12 5 21 5 3""></polygon></svg></button></div><div class=""meta-section""><div class=""translation"">這家新創公司需要從投資者那裡籌集更多資金，以擴展業務並開發市場新產品。</div><div class=""entry-explanation"">指資金，搭配 raise capital。</div></div></div></div><div class=""related-forms""><span class=""label"">Related:</span> capitalism, capitalist</div></div>"
capitalist	"<div class=""anki-card-content""><div class=""general-explanation"">名詞「資本家」或「資本主義者」。指支持資本主義制度的人，或擁有大量資本的人。</div><div class=""entries-container""><div class=""entry""><div class=""sentence-row""><div class=""sentence"">The <span class=""target-word"">capitalist</span> argued that <span class=""collocation"">free market</span> competition is the most effective way to drive innovation and economic growth in society.</div><button class=""tts-button"" data-tts=""The capitalist argued that free market competition is the most effective way to drive innovation and economic growth in society."" onclick=""window.playTTS(this.getAttribute('data-tts'))""><svg viewBox=""0 0 24 24"" fill=""none"" stroke=""currentColor"" stroke-width=""2""><polygon points=""5 3 19 12 5 21 5 3""></polygon></svg></button></div><div class=""meta-section""><div class=""translation"">那位資本家主張，自由市場競爭是推動社會創新與經濟成長最有效的方式。</div><div class=""entry-explanation"">指支持資本主義的人，搭配 free market。</div></div></div><div class=""entry""><div class=""sentence-row""><div class=""sentence"">Many critics of the <span class=""target-word"">capitalist</span> system believe that it often leads to <span class=""collocation"">wealth inequality</span> and social division among different groups of people.</div><button class=""tts-button"" data-tts=""Many critics of the capitalist system believe that it often leads to wealth inequality and social division among different groups of people."" onclick=""window.playTTS(this.getAttribute('data-tts'))""><svg viewBox=""0 0 24 24"" fill=""none"" stroke=""currentColor"" stroke-width=""2""><polygon points=""5 3 19 12 5 21 5 3""></polygon></svg></button></div><div class=""meta-section""><div class=""translation"">許多資本主義制度的批評者認為，它往往會導致財富不均以及不同群體之間的社會分裂。</div><div class=""entry-explanation"">形容詞用法，指與資本主義相關的。</div></div></div></div><div class=""related-forms""><span class=""label"">Related:</span> capital, capitalism</div></div>"
cargo	"<div class=""anki-card-content""><div class=""general-explanation"">名詞「貨物」，指船隻、飛機或車輛運載的貨物。</div><div class=""entries-container""><div class=""entry""><div class=""sentence-row""><div class=""sentence"">The ship was carrying a heavy <span class=""target-word"">cargo</span> of electronic goods that were <span class=""collocation"">destined for</span> major ports across the European continent.</div><button class=""tts-button"" data-tts=""The ship was carrying a heavy cargo of electronic goods that were destined for major ports across the European continent."" onclick=""window.playTTS(this.getAttribute('data-tts'))""><svg viewBox=""0 0 24 24"" fill=""none"" stroke=""currentColor"" stroke-width=""2""><polygon points=""5 3 19 12 5 21 5 3""></polygon></svg></button></div><div class=""meta-section""><div class=""translation"">這艘船載運著大批電子產品貨物，目的地是歐洲大陸各個主要港口。</div><div class=""entry-explanation"">指運載的貨物，搭配 carry。</div></div></div><div class=""entry""><div class=""sentence-row""><div class=""sentence"">The airport has a special terminal dedicated to handling air <span class=""target-word"">cargo</span> to ensure <span class=""collocation"">efficient delivery</span> of international packages and mail.</div><button class=""tts-button"" data-tts=""The airport has a special terminal dedicated to handling air cargo to ensure efficient delivery of international packages and mail."" onclick=""window.playTTS(this.getAttribute('data-tts'))""><svg viewBox=""0 0 24 24"" fill=""none"" stroke=""currentColor"" stroke-width=""2""><polygon points=""5 3 19 12 5 21 5 3""></polygon></svg></button></div><div class=""meta-section""><div class=""translation"">機場設有專門處理航空貨物的航廈，以確保國際包裹與郵件的高效遞送。</div><div class=""entry-explanation"">指航空貨物，搭配 air cargo。</div></div></div></div></div>"
carrier	"<div class=""anki-card-content""><div class=""general-explanation"">名詞「運輸工具」、「電信業者」或「帶原者」。</div><div class=""entries-container""><div class=""entry""><div class=""sentence-row""><div class=""sentence"">The airline is a major <span class=""target-word"">carrier</span> that provides <span class=""collocation"">international flights</span> connecting many cities around the world on a daily basis.</div><button class=""tts-button"" data-tts=""The airline is a major carrier that provides international flights connecting many cities around the world on a daily basis."" onclick=""window.playTTS(this.getAttribute('data-tts'))""><svg viewBox=""0 0 24 24"" fill=""none"" stroke=""currentColor"" stroke-width=""2""><polygon points=""5 3 19 12 5 21 5 3""></polygon></svg></button></div><div class=""meta-section""><div class=""translation"">這家航空公司是一家主要的運輸業者，提供連接世界各地許多城市的國際航班。</div><div class=""entry-explanation"">指運輸業者，如航空公司。</div></div></div><div class=""entry""><div class=""sentence-row""><div class=""sentence"">Some people can be a <span class=""target-word"">carrier</span> of the virus without showing any <span class=""collocation"">obvious symptoms</span>, which makes disease prevention more difficult.</div><button class=""tts-button"" data-tts=""Some people can be a carrier of the virus without showing any obvious symptoms, which makes disease prevention more difficult."" onclick=""window.playTTS(this.getAttribute('data-tts'))""><svg viewBox=""0 0 24 24"" fill=""none"" stroke=""currentColor"" stroke-width=""2""><polygon points=""5 3 19 12 5 21 5 3""></polygon></svg></button></div><div class=""meta-section""><div class=""translation"">有些人可能是病毒的帶原者卻沒有表現出任何明顯症狀，這使得疾病預防更加困難。</div><div class=""entry-explanation"">指疾病帶原者，搭配 virus。</div></div></div></div><div class=""related-forms""><span class=""label"">Related:</span> carry</div></div>"
carve	"<div class=""anki-card-content""><div class=""general-explanation"">動詞「雕刻」或「切（肉）」。</div><div class=""entries-container""><div class=""entry""><div class=""sentence-row""><div class=""sentence"">The artist spent months trying to <span class=""target-word"">carve</span> a beautiful statue out of a <span class=""collocation"">large block</span> of marble for the museum exhibition.</div><button class=""tts-button"" data-tts=""The artist spent months trying to carve a beautiful statue out of a large block of marble for the museum exhibition."" onclick=""window.playTTS(this.getAttribute('data-tts'))""><svg viewBox=""0 0 24 24"" fill=""none"" stroke=""currentColor"" stroke-width=""2""><polygon points=""5 3 19 12 5 21 5 3""></polygon></svg></button></div><div class=""meta-section""><div class=""translation"">藝術家花了幾個月的時間，試圖從一大塊大理石中雕刻出一座美麗的雕像，以供博物館展覽。</div><div class=""entry-explanation"">指雕刻藝術品，搭配 marble。</div></div></div><div class=""entry""><div class=""sentence-row""><div class=""sentence"">It is a tradition for the father to <span class=""target-word"">carve</span> the turkey during the <span class=""collocation"">Thanksgiving dinner</span> while the whole family gathers around.</div><button class=""tts-button"" data-tts=""It is a tradition for the father to carve the turkey during the Thanksgiving dinner while the whole family gathers around."" onclick=""window.playTTS(this.getAttribute('data-tts'))""><svg viewBox=""0 0 24 24"" fill=""none"" stroke=""currentColor"" stroke-width=""2""><polygon points=""5 3 19 12 5 21 5 3""></polygon></svg></button></div><div class=""meta-section""><div class=""translation"">在感恩節晚餐時，由父親負責切火雞是一項傳統，全家人都會圍聚在一起。</div><div class=""entry-explanation"">指切肉，特別指節慶食物。</div></div></div></div><div class=""related-forms""><span class=""label"">Related:</span> carving</div></div>"
catalogue	"<div class=""anki-card-content""><div class=""general-explanation"">名詞「目錄」；動詞「將...編入目錄」。</div><div class=""entries-container""><div class=""entry""><div class=""sentence-row""><div class=""sentence"">I looked through the university <span class=""target-word"">catalogue</span> to find a list of <span class=""collocation"">required courses</span> for my major in the upcoming semester.</div><button class=""tts-button"" data-tts=""I looked through the university catalogue to find a list of required courses for my major in the upcoming semester."" onclick=""window.playTTS(this.getAttribute('data-tts'))""><svg viewBox=""0 0 24 24"" fill=""none"" stroke=""currentColor"" stroke-width=""2""><polygon points=""5 3 19 12 5 21 5 3""></polygon></svg></button></div><div class=""meta-section""><div class=""translation"">我瀏覽了大學目錄，以找到下學期主修課程的必修清單。</div><div class=""entry-explanation"">指課程或商品目錄。</div></div></div><div class=""entry""><div class=""sentence-row""><div class=""sentence"">The librarian spent the entire morning <span class=""target-word"">cataloguing</span> the <span class=""collocation"">new books</span> that had just arrived at the library from the publisher.</div><button class=""tts-button"" data-tts=""The librarian spent the entire morning cataloguing the new books that had just arrived at the library from the publisher."" onclick=""window.playTTS(this.getAttribute('data-tts'))""><svg viewBox=""0 0 24 24"" fill=""none"" stroke=""currentColor"" stroke-width=""2""><polygon points=""5 3 19 12 5 21 5 3""></polygon></svg></button></div><div class=""meta-section""><div class=""translation"">圖書館員花了一整個早上將剛從出版社送到圖書館的新書編入目錄。</div><div class=""entry-explanation"">動詞，指編目作業。</div></div></div></div></div>"
category	"<div class=""anki-card-content""><div class=""general-explanation"">名詞「類別」或「範疇」。</div><div class=""entries-container""><div class=""entry""><div class=""sentence-row""><div class=""sentence"">The bookstore organizes its books into different <span class=""target-word"">categories</span> so that customers can easily find their <span class=""collocation"">favorite genres</span> of literature.</div><button class=""tts-button"" data-tts=""The bookstore organizes its books into different categories so that customers can easily find their favorite genres of literature."" onclick=""window.playTTS(this.getAttribute('data-tts'))""><svg viewBox=""0 0 24 24"" fill=""none"" stroke=""currentColor"" stroke-width=""2""><polygon points=""5 3 19 12 5 21 5 3""></polygon></svg></button></div><div class=""meta-section""><div class=""translation"">書店將書籍分類，以便顧客能輕鬆找到他們喜愛的文學類型。</div><div class=""entry-explanation"">指分類，常用複數 categories。</div></div></div><div class=""entry""><div class=""sentence-row""><div class=""sentence"">Athletes are divided into different weight <span class=""target-word"">categories</span> to ensure that the <span class=""collocation"">competitive environment</span> remains fair for everyone involved.</div><button class=""tts-button"" data-tts=""Athletes are divided into different weight categories to ensure that the competitive environment remains fair for everyone involved."" onclick=""window.playTTS(this.getAttribute('data-tts'))""><svg viewBox=""0 0 24 24"" fill=""none"" stroke=""currentColor"" stroke-width=""2""><polygon points=""5 3 19 12 5 21 5 3""></polygon></svg></button></div><div class=""meta-section""><div class=""translation"">運動員被分為不同的體重級別，以確保對所有參與者而言，競爭環境保持公平。</div><div class=""entry-explanation"">指比賽級別或範疇。</div></div></div></div><div class=""related-forms""><span class=""label"">Related:</span> categorize</div></div>"
cease	"<div class=""anki-card-content""><div class=""general-explanation"">動詞「停止/終止」。較 formal 的用法，常指停止某種狀態或行為。</div><div class=""entries-container""><div class=""entry""><div class=""sentence-row""><div class=""sentence"">The heavy rain finally <span class=""target-word"">ceased</span> after three days, allowing the rescue team to <span class=""collocation"">resume their search</span> for the missing hikers.</div><button class=""tts-button"" data-tts=""The heavy rain finally ceased after three days, allowing the rescue team to resume their search for the missing hikers."" onclick=""window.playTTS(this.getAttribute('data-tts'))""><svg viewBox=""0 0 24 24"" fill=""none"" stroke=""currentColor"" stroke-width=""2""><polygon points=""5 3 19 12 5 21 5 3""></polygon></svg></button></div><div class=""meta-section""><div class=""translation"">大雨在三天後終於停止，讓搜救隊得以恢復對失蹤登山客的搜尋。</div><div class=""entry-explanation"">指停止狀態，搭配 resume。</div></div></div><div class=""entry""><div class=""sentence-row""><div class=""sentence"">Both countries agreed to <span class=""target-word"">cease</span> fire immediately to <span class=""collocation"">prevent further casualties</span> and seek a peaceful solution to the conflict.</div><button class=""tts-button"" data-tts=""Both countries agreed to cease fire immediately to prevent further casualties and seek a peaceful solution to the conflict."" onclick=""window.playTTS(this.getAttribute('data-tts'))""><svg viewBox=""0 0 24 24"" fill=""none"" stroke=""currentColor"" stroke-width=""2""><polygon points=""5 3 19 12 5 21 5 3""></polygon></svg></button></div><div class=""meta-section""><div class=""translation"">兩國同意立即停火，以防止更多傷亡並尋求衝突的和平解決方案。</div><div class=""entry-explanation"">指停止行為，如 cease fire（停火）。</div></div></div></div><div class=""related-forms""><span class=""label"">Related:</span> ceaseless</div></div>"
celebration	"<div class=""anki-card-content""><div class=""general-explanation"">名詞「慶祝」或「慶祝活動」。</div><div class=""entries-container""><div class=""entry""><div class=""sentence-row""><div class=""sentence"">The entire city was filled with joy during the <span class=""target-word"">celebration</span> of the <span class=""collocation"">national holiday</span>, with fireworks lighting up the night sky.</div><button class=""tts-button"" data-tts=""The entire city was filled with joy during the celebration of the national holiday, with fireworks lighting up the night sky."" onclick=""window.playTTS(this.getAttribute('data-tts'))""><svg viewBox=""0 0 24 24"" fill=""none"" stroke=""currentColor"" stroke-width=""2""><polygon points=""5 3 19 12 5 21 5 3""></polygon></svg></button></div><div class=""meta-section""><div class=""translation"">在國定假日的慶祝活動期間，整座城市充滿了歡樂，煙火照亮了夜空。</div><div class=""entry-explanation"">指慶祝活動，搭配 national holiday。</div></div></div><div class=""entry""><div class=""sentence-row""><div class=""sentence"">We organized a small party in <span class=""target-word"">celebration</span> of our team's <span class=""collocation"">great achievement</span> in the national science competition last week.</div><button class=""tts-button"" data-tts=""We organized a small party in celebration of our team&#x27;s great achievement in the national science competition last week."" onclick=""window.playTTS(this.getAttribute('data-tts'))""><svg viewBox=""0 0 24 24"" fill=""none"" stroke=""currentColor"" stroke-width=""2""><polygon points=""5 3 19 12 5 21 5 3""></polygon></svg></button></div><div class=""meta-section""><div class=""translation"">我們舉辦了一個小型派對，以慶祝我們團隊上週在全國科學競賽中的重大成就。</div><div class=""entry-explanation"">片語 in celebration of，表「為了慶祝...」。</div></div></div></div><div class=""related-forms""><span class=""label"">Related:</span> celebrate, celebrity</div></div>"
chamber	"<div class=""anki-card-content""><div class=""general-explanation"">名詞「房間」、「議事廳」或「腔室」。</div><div class=""entries-container""><div class=""entry""><div class=""sentence-row""><div class=""sentence"">The members of the parliament gathered in the main <span class=""target-word"">chamber</span> to <span class=""collocation"">debate the new law</span> that would affect the entire country.</div><button class=""tts-button"" data-tts=""The members of the parliament gathered in the main chamber to debate the new law that would affect the entire country."" onclick=""window.playTTS(this.getAttribute('data-tts'))""><svg viewBox=""0 0 24 24"" fill=""none"" stroke=""currentColor"" stroke-width=""2""><polygon points=""5 3 19 12 5 21 5 3""></polygon></svg></button></div><div class=""meta-section""><div class=""translation"">國會議員聚集在主議事廳，辯論將影響全國的新法律。</div><div class=""entry-explanation"">指議事廳，搭配 debate。</div></div></div><div class=""entry""><div class=""sentence-row""><div class=""sentence"">The heart has four <span class=""target-word"">chambers</span> that work together to <span class=""collocation"">pump blood</span> throughout the human body efficiently every single second.</div><button class=""tts-button"" data-tts=""The heart has four chambers that work together to pump blood throughout the human body efficiently every single second."" onclick=""window.playTTS(this.getAttribute('data-tts'))""><svg viewBox=""0 0 24 24"" fill=""none"" stroke=""currentColor"" stroke-width=""2""><polygon points=""5 3 19 12 5 21 5 3""></polygon></svg></button></div><div class=""meta-section""><div class=""translation"">心臟有四個腔室，它們共同運作，每一秒都有效地將血液輸送到全身。</div><div class=""entry-explanation"">指生物學上的腔室，搭配 pump blood。</div></div></div></div></div>"
championship	"<div class=""anki-card-content""><div class=""general-explanation"">名詞「冠軍賽/錦標賽」或「冠軍頭銜」。常與 win, hold, defend 等動詞連用。注意拼字，中間有 &#x27;p&#x27;。</div><div class=""entries-container""><div class=""entry""><div class=""sentence-row""><div class=""sentence"">The school basketball team practiced hard for months and finally won the national <span class=""target-word"">championship</span> <span class=""collocation"">in</span> a thrilling final game.</div><button class=""tts-button"" data-tts=""The school basketball team practiced hard for months and finally won the national championship in a thrilling final game."" onclick=""window.playTTS(this.getAttribute('data-tts'))""><svg viewBox=""0 0 24 24"" fill=""none"" stroke=""currentColor"" stroke-width=""2""><polygon points=""5 3 19 12 5 21 5 3""></polygon></svg></button></div><div class=""meta-section""><div class=""translation"">學校籃球隊努力練習了數月，最終在一場激動人心的決賽中贏得了全國冠軍。</div><div class=""entry-explanation"">指贏得比賽的頭銜。搭配介係詞 in 或 of。</div></div></div><div class=""entry""><div class=""sentence-row""><div class=""sentence"">The professional tennis player is currently defending her <span class=""target-word"">championship</span> <span class=""collocation"">title</span> against a talented young challenger from another country.</div><button class=""tts-button"" data-tts=""The professional tennis player is currently defending her championship title against a talented young challenger from another country."" onclick=""window.playTTS(this.getAttribute('data-tts'))""><svg viewBox=""0 0 24 24"" fill=""none"" stroke=""currentColor"" stroke-width=""2""><polygon points=""5 3 19 12 5 21 5 3""></polygon></svg></button></div><div class=""meta-section""><div class=""translation"">這位職業網球選手目前正在捍衛她的冠軍頭銜，對手是來自另一個國家的天才年輕挑戰者。</div><div class=""entry-explanation"">指冠軍頭銜。常與 title 連用。</div></div></div></div><div class=""related-forms""><span class=""label"">Related:</span> championships</div></div>"
characteristic	"<div class=""anki-card-content""><div class=""general-explanation"">名詞「特徵/特色」；形容詞「典型的/特有的」。名詞常與 feature, trait 互換。形容詞常搭配介係詞 of。</div><div class=""entries-container""><div class=""entry""><div class=""sentence-row""><div class=""sentence"">One of the most important <span class=""target-word"">characteristic</span>s <span class=""collocation"">of</span> a good leader is the ability to listen to others' opinions patiently.</div><button class=""tts-button"" data-tts=""One of the most important characteristics of a good leader is the ability to listen to others&#x27; opinions patiently."" onclick=""window.playTTS(this.getAttribute('data-tts'))""><svg viewBox=""0 0 24 24"" fill=""none"" stroke=""currentColor"" stroke-width=""2""><polygon points=""5 3 19 12 5 21 5 3""></polygon></svg></button></div><div class=""meta-section""><div class=""translation"">好領導者最重要的特徵之一，就是能夠耐心地傾聽他人的意見。</div><div class=""entry-explanation"">名詞「特徵」。常搭配 of 說明屬於某人或某物的特徵。</div></div></div><div class=""entry""><div class=""sentence-row""><div class=""sentence"">It is <span class=""target-word"">characteristic</span> <span class=""collocation"">of</span> him to arrive early for every meeting, as he is known for being extremely punctual.</div><button class=""tts-button"" data-tts=""It is characteristic of him to arrive early for every meeting, as he is known for being extremely punctual."" onclick=""window.playTTS(this.getAttribute('data-tts'))""><svg viewBox=""0 0 24 24"" fill=""none"" stroke=""currentColor"" stroke-width=""2""><polygon points=""5 3 19 12 5 21 5 3""></polygon></svg></button></div><div class=""meta-section""><div class=""translation"">每次會議都提早到達是他的典型作風，因為他以極度準時而聞名。</div><div class=""entry-explanation"">形容詞「典型的」。句型 It is characteristic of sb to V。</div></div></div></div><div class=""related-forms""><span class=""label"">Related:</span> characteristics, characterize</div></div>"
charity	"<div class=""anki-card-content""><div class=""general-explanation"">名詞「慈善/慈善機構」。常用於慈善捐款或活動。注意複數形為 charities。</div><div class=""entries-container""><div class=""entry""><div class=""sentence-row""><div class=""sentence"">The wealthy businessman decided to donate a large portion of his fortune <span class=""collocation"">to</span> local <span class=""target-word"">charity</span> organizations to help the poor.</div><button class=""tts-button"" data-tts=""The wealthy businessman decided to donate a large portion of his fortune to local charity organizations to help the poor."" onclick=""window.playTTS(this.getAttribute('data-tts'))""><svg viewBox=""0 0 24 24"" fill=""none"" stroke=""currentColor"" stroke-width=""2""><polygon points=""5 3 19 12 5 21 5 3""></polygon></svg></button></div><div class=""meta-section""><div class=""translation"">這位富有的商人決定將他財富的一大部分捐給當地的慈善機構，以幫助窮人。</div><div class=""entry-explanation"">指慈善機構。常搭配 donate to。</div></div></div><div class=""entry""><div class=""sentence-row""><div class=""sentence"">They organized a <span class=""target-word"">charity</span> <span class=""collocation"">event</span> to raise money for children who lack access to proper education in remote areas.</div><button class=""tts-button"" data-tts=""They organized a charity event to raise money for children who lack access to proper education in remote areas."" onclick=""window.playTTS(this.getAttribute('data-tts'))""><svg viewBox=""0 0 24 24"" fill=""none"" stroke=""currentColor"" stroke-width=""2""><polygon points=""5 3 19 12 5 21 5 3""></polygon></svg></button></div><div class=""meta-section""><div class=""translation"">他們舉辦了一場慈善活動，為偏遠地區缺乏適當教育機會的兒童募款。</div><div class=""entry-explanation"">形容詞用法，修飾名詞 event。</div></div></div></div><div class=""related-forms""><span class=""label"">Related:</span> charities, charitable</div></div>"
chemistry	"<div class=""anki-card-content""><div class=""general-explanation"">名詞「化學」或「人與人之間的默契/化學反應」。在人際關係中指相處融洽。</div><div class=""entries-container""><div class=""entry""><div class=""sentence-row""><div class=""sentence"">The student found <span class=""target-word"">chemistry</span> to be a challenging subject, especially when it came to memorizing the complex periodic table.</div><button class=""tts-button"" data-tts=""The student found chemistry to be a challenging subject, especially when it came to memorizing the complex periodic table."" onclick=""window.playTTS(this.getAttribute('data-tts'))""><svg viewBox=""0 0 24 24"" fill=""none"" stroke=""currentColor"" stroke-width=""2""><polygon points=""5 3 19 12 5 21 5 3""></polygon></svg></button></div><div class=""meta-section""><div class=""translation"">這名學生發現化學是一門具有挑戰性的學科，特別是在背誦複雜的元素週期表時。</div><div class=""entry-explanation"">指學科。常與 subject 連用。</div></div></div><div class=""entry""><div class=""sentence-row""><div class=""sentence"">The two actors had great <span class=""target-word"">chemistry</span> <span class=""collocation"">on</span> screen, which made their romantic scenes look incredibly natural and convincing to viewers.</div><button class=""tts-button"" data-tts=""The two actors had great chemistry on screen, which made their romantic scenes look incredibly natural and convincing to viewers."" onclick=""window.playTTS(this.getAttribute('data-tts'))""><svg viewBox=""0 0 24 24"" fill=""none"" stroke=""currentColor"" stroke-width=""2""><polygon points=""5 3 19 12 5 21 5 3""></polygon></svg></button></div><div class=""meta-section""><div class=""translation"">這兩位演員在螢幕上有很好的默契，這使得他們的浪漫場景看起來非常自然，且令觀眾信服。</div><div class=""entry-explanation"">指人與人之間的默契。常搭配 have chemistry with/between。</div></div></div></div><div class=""related-forms""><span class=""label"">Related:</span> chemical, chemist</div></div>"
cherish	"<div class=""anki-card-content""><div class=""general-explanation"">動詞「珍愛/懷念」。常用於珍視回憶、友情或時光。為及物動詞。</div><div class=""entries-container""><div class=""entry""><div class=""sentence-row""><div class=""sentence"">I will always <span class=""target-word"">cherish</span> the <span class=""collocation"">memories</span> of the summer we spent volunteering together at the local animal shelter.</div><button class=""tts-button"" data-tts=""I will always cherish the memories of the summer we spent volunteering together at the local animal shelter."" onclick=""window.playTTS(this.getAttribute('data-tts'))""><svg viewBox=""0 0 24 24"" fill=""none"" stroke=""currentColor"" stroke-width=""2""><polygon points=""5 3 19 12 5 21 5 3""></polygon></svg></button></div><div class=""meta-section""><div class=""translation"">我將永遠珍藏我們一起在當地動物收容所擔任志工的那個夏天的回憶。</div><div class=""entry-explanation"">珍視回憶。常搭配 memories。</div></div></div><div class=""entry""><div class=""sentence-row""><div class=""sentence"">We should <span class=""target-word"">cherish</span> the <span class=""collocation"">time</span> we have with our family members because life is unpredictable and precious.</div><button class=""tts-button"" data-tts=""We should cherish the time we have with our family members because life is unpredictable and precious."" onclick=""window.playTTS(this.getAttribute('data-tts'))""><svg viewBox=""0 0 24 24"" fill=""none"" stroke=""currentColor"" stroke-width=""2""><polygon points=""5 3 19 12 5 21 5 3""></polygon></svg></button></div><div class=""meta-section""><div class=""translation"">我們應該珍惜與家人相處的時光，因為人生是不可預測且珍貴的。</div><div class=""entry-explanation"">珍惜時光。常搭配 time。</div></div></div></div><div class=""related-forms""><span class=""label"">Related:</span> cherished, cherishing</div></div>"
chew	"<div class=""anki-card-content""><div class=""general-explanation"">動詞「咀嚼」；名詞「咀嚼」。常與 food, gum 連用。注意 chew over 指「深思熟慮」。</div><div class=""entries-container""><div class=""entry""><div class=""sentence-row""><div class=""sentence"">It is important to <span class=""target-word"">chew</span> your <span class=""collocation"">food</span> thoroughly before swallowing to ensure better digestion and avoid choking.</div><button class=""tts-button"" data-tts=""It is important to chew your food thoroughly before swallowing to ensure better digestion and avoid choking."" onclick=""window.playTTS(this.getAttribute('data-tts'))""><svg viewBox=""0 0 24 24"" fill=""none"" stroke=""currentColor"" stroke-width=""2""><polygon points=""5 3 19 12 5 21 5 3""></polygon></svg></button></div><div class=""meta-section""><div class=""translation"">吞嚥前徹底咀嚼食物很重要，以確保更好的消化並避免噎到。</div><div class=""entry-explanation"">動詞「咀嚼」。常與 food 連用。</div></div></div><div class=""entry""><div class=""sentence-row""><div class=""sentence"">The student needed some time to <span class=""target-word"">chew</span> <span class=""collocation"">over</span> the teacher's advice before making a final decision about his future career.</div><button class=""tts-button"" data-tts=""The student needed some time to chew over the teacher&#x27;s advice before making a final decision about his future career."" onclick=""window.playTTS(this.getAttribute('data-tts'))""><svg viewBox=""0 0 24 24"" fill=""none"" stroke=""currentColor"" stroke-width=""2""><polygon points=""5 3 19 12 5 21 5 3""></polygon></svg></button></div><div class=""meta-section""><div class=""translation"">這名學生在對未來職業做出最終決定之前，需要一些時間來深思熟慮老師的建議。</div><div class=""entry-explanation"">片語 chew over = think about carefully。</div></div></div></div><div class=""related-forms""><span class=""label"">Related:</span> chewed, chewing</div></div>"
choke	"<div class=""anki-card-content""><div class=""general-explanation"">動詞「噎住/窒息」；名詞「窒息」。常搭配介係詞 on。注意與 choke up (哽咽) 的區別。</div><div class=""entries-container""><div class=""entry""><div class=""sentence-row""><div class=""sentence"">The young child started to <span class=""target-word"">choke</span> <span class=""collocation"">on</span> a piece of hard candy, so his mother immediately performed the Heimlich maneuver.</div><button class=""tts-button"" data-tts=""The young child started to choke on a piece of hard candy, so his mother immediately performed the Heimlich maneuver."" onclick=""window.playTTS(this.getAttribute('data-tts'))""><svg viewBox=""0 0 24 24"" fill=""none"" stroke=""currentColor"" stroke-width=""2""><polygon points=""5 3 19 12 5 21 5 3""></polygon></svg></button></div><div class=""meta-section""><div class=""translation"">這名幼童開始被一塊硬糖噎住，所以他母親立即執行了哈姆立克急救法。</div><div class=""entry-explanation"">動詞「噎住」。搭配介係詞 on。</div></div></div><div class=""entry""><div class=""sentence-row""><div class=""sentence"">The thick smoke from the forest fire made it difficult for the residents to breathe and caused them to <span class=""target-word"">choke</span>.</div><button class=""tts-button"" data-tts=""The thick smoke from the forest fire made it difficult for the residents to breathe and caused them to choke."" onclick=""window.playTTS(this.getAttribute('data-tts'))""><svg viewBox=""0 0 24 24"" fill=""none"" stroke=""currentColor"" stroke-width=""2""><polygon points=""5 3 19 12 5 21 5 3""></polygon></svg></button></div><div class=""meta-section""><div class=""translation"">森林大火產生的濃煙使居民難以呼吸，並導致他們窒息。</div><div class=""entry-explanation"">動詞「窒息」。指因空氣品質差而無法呼吸。</div></div></div></div><div class=""related-forms""><span class=""label"">Related:</span> choked, choking</div></div>"
chorus	"<div class=""anki-card-content""><div class=""general-explanation"">名詞「合唱團/副歌」。在音樂中指歌曲重複的部分。</div><div class=""entries-container""><div class=""entry""><div class=""sentence-row""><div class=""sentence"">The school <span class=""target-word"">chorus</span> <span class=""collocation"">sang</span> a beautiful song during the graduation ceremony, moving many parents and teachers to tears.</div><button class=""tts-button"" data-tts=""The school chorus sang a beautiful song during the graduation ceremony, moving many parents and teachers to tears."" onclick=""window.playTTS(this.getAttribute('data-tts'))""><svg viewBox=""0 0 24 24"" fill=""none"" stroke=""currentColor"" stroke-width=""2""><polygon points=""5 3 19 12 5 21 5 3""></polygon></svg></button></div><div class=""meta-section""><div class=""translation"">學校合唱團在畢業典禮上唱了一首優美的歌曲，感動了許多家長和老師。</div><div class=""entry-explanation"">指合唱團。常搭配 sing。</div></div></div><div class=""entry""><div class=""sentence-row""><div class=""sentence"">Everyone in the audience joined in the <span class=""target-word"">chorus</span> of the popular song, creating a very lively and joyful atmosphere.</div><button class=""tts-button"" data-tts=""Everyone in the audience joined in the chorus of the popular song, creating a very lively and joyful atmosphere."" onclick=""window.playTTS(this.getAttribute('data-tts'))""><svg viewBox=""0 0 24 24"" fill=""none"" stroke=""currentColor"" stroke-width=""2""><polygon points=""5 3 19 12 5 21 5 3""></polygon></svg></button></div><div class=""meta-section""><div class=""translation"">觀眾席上的每個人都跟著唱這首流行歌的副歌，營造出一種非常熱鬧且歡樂的氣氛。</div><div class=""entry-explanation"">指歌曲的副歌。</div></div></div></div><div class=""related-forms""><span class=""label"">Related:</span> choruses</div></div>"
circular	"<div class=""anki-card-content""><div class=""general-explanation"">形容詞「圓形的/循環的」。常用於描述形狀或邏輯。</div><div class=""entries-container""><div class=""entry""><div class=""sentence-row""><div class=""sentence"">The architect designed a <span class=""target-word"">circular</span> <span class=""collocation"">staircase</span> in the center of the library, which became the most eye-catching feature of the building.</div><button class=""tts-button"" data-tts=""The architect designed a circular staircase in the center of the library, which became the most eye-catching feature of the building."" onclick=""window.playTTS(this.getAttribute('data-tts'))""><svg viewBox=""0 0 24 24"" fill=""none"" stroke=""currentColor"" stroke-width=""2""><polygon points=""5 3 19 12 5 21 5 3""></polygon></svg></button></div><div class=""meta-section""><div class=""translation"">建築師在圖書館中心設計了一個圓形樓梯，這成為該建築最引人注目的特色。</div><div class=""entry-explanation"">形容詞「圓形的」。</div></div></div><div class=""entry""><div class=""sentence-row""><div class=""sentence"">The argument he provided was purely <span class=""target-word"">circular</span>, as he simply repeated the same point without offering any new evidence.</div><button class=""tts-button"" data-tts=""The argument he provided was purely circular, as he simply repeated the same point without offering any new evidence."" onclick=""window.playTTS(this.getAttribute('data-tts'))""><svg viewBox=""0 0 24 24"" fill=""none"" stroke=""currentColor"" stroke-width=""2""><polygon points=""5 3 19 12 5 21 5 3""></polygon></svg></button></div><div class=""meta-section""><div class=""translation"">他提供的論點純粹是循環論證，因為他只是重複相同的觀點，而沒有提供任何新的證據。</div><div class=""entry-explanation"">形容詞「循環的」。指邏輯上的循環。</div></div></div></div><div class=""related-forms""><span class=""label"">Related:</span> circle</div></div>"
circulate	"<div class=""anki-card-content""><div class=""general-explanation"">動詞「循環/傳播」。指空氣、血液或消息的流動。</div><div class=""entries-container""><div class=""entry""><div class=""sentence-row""><div class=""sentence"">Opening the windows helps fresh air <span class=""target-word"">circulate</span> <span class=""collocation"">through</span> the classroom, which is essential for maintaining a healthy learning environment.</div><button class=""tts-button"" data-tts=""Opening the windows helps fresh air circulate through the classroom, which is essential for maintaining a healthy learning environment."" onclick=""window.playTTS(this.getAttribute('data-tts'))""><svg viewBox=""0 0 24 24"" fill=""none"" stroke=""currentColor"" stroke-width=""2""><polygon points=""5 3 19 12 5 21 5 3""></polygon></svg></button></div><div class=""meta-section""><div class=""translation"">打開窗戶有助於新鮮空氣在教室內循環，這對於維持健康的學習環境至關重要。</div><div class=""entry-explanation"">動詞「循環」。搭配介係詞 through。</div></div></div><div class=""entry""><div class=""sentence-row""><div class=""sentence"">False rumors began to <span class=""target-word"">circulate</span> <span class=""collocation"">among</span> the students after the principal announced the sudden cancellation of the school trip.</div><button class=""tts-button"" data-tts=""False rumors began to circulate among the students after the principal announced the sudden cancellation of the school trip."" onclick=""window.playTTS(this.getAttribute('data-tts'))""><svg viewBox=""0 0 24 24"" fill=""none"" stroke=""currentColor"" stroke-width=""2""><polygon points=""5 3 19 12 5 21 5 3""></polygon></svg></button></div><div class=""meta-section""><div class=""translation"">校長宣布突然取消校外教學後，錯誤的謠言開始在學生之間流傳。</div><div class=""entry-explanation"">動詞「傳播」。指消息或謠言的散布。</div></div></div></div><div class=""related-forms""><span class=""label"">Related:</span> circulation, circulated</div></div>"
circulation	"<div class=""anki-card-content""><div class=""general-explanation"">名詞「循環/流通/發行量」。常指血液循環或報紙發行量。</div><div class=""entries-container""><div class=""entry""><div class=""sentence-row""><div class=""sentence"">Regular exercise is known to improve blood <span class=""target-word"">circulation</span>, which can lead to better overall health and increased energy levels.</div><button class=""tts-button"" data-tts=""Regular exercise is known to improve blood circulation, which can lead to better overall health and increased energy levels."" onclick=""window.playTTS(this.getAttribute('data-tts'))""><svg viewBox=""0 0 24 24"" fill=""none"" stroke=""currentColor"" stroke-width=""2""><polygon points=""5 3 19 12 5 21 5 3""></polygon></svg></button></div><div class=""meta-section""><div class=""translation"">規律運動已知能改善血液循環，這能帶來更好的整體健康和增加能量水平。</div><div class=""entry-explanation"">名詞「循環」。常搭配 blood。</div></div></div><div class=""entry""><div class=""sentence-row""><div class=""sentence"">The newspaper has a large <span class=""target-word"">circulation</span> <span class=""collocation"">of</span> over one million copies per day, making it the most popular paper in the city.</div><button class=""tts-button"" data-tts=""The newspaper has a large circulation of over one million copies per day, making it the most popular paper in the city."" onclick=""window.playTTS(this.getAttribute('data-tts'))""><svg viewBox=""0 0 24 24"" fill=""none"" stroke=""currentColor"" stroke-width=""2""><polygon points=""5 3 19 12 5 21 5 3""></polygon></svg></button></div><div class=""meta-section""><div class=""translation"">這份報紙每天有超過一百萬份的發行量，使其成為該市最受歡迎的報紙。</div><div class=""entry-explanation"">名詞「發行量」。</div></div></div></div><div class=""related-forms""><span class=""label"">Related:</span> circulate</div></div>"
circumstance	"<div class=""anki-card-content""><div class=""general-explanation"">名詞「情況/環境」。常用複數形 circumstances。片語 under no circumstances (絕不) 為重點考點。</div><div class=""entries-container""><div class=""entry""><div class=""sentence-row""><div class=""sentence"">Under no <span class=""target-word"">circumstance</span>s <span class=""collocation"">should</span> you leave the laboratory without turning off all the electrical equipment properly.</div><button class=""tts-button"" data-tts=""Under no circumstances should you leave the laboratory without turning off all the electrical equipment properly."" onclick=""window.playTTS(this.getAttribute('data-tts'))""><svg viewBox=""0 0 24 24"" fill=""none"" stroke=""currentColor"" stroke-width=""2""><polygon points=""5 3 19 12 5 21 5 3""></polygon></svg></button></div><div class=""meta-section""><div class=""translation"">在任何情況下，你都不應該在沒有正確關閉所有電器設備的情況下離開實驗室。</div><div class=""entry-explanation"">片語 under no circumstances。注意倒裝句型，助動詞 should 移至主詞前。</div></div></div><div class=""entry""><div class=""sentence-row""><div class=""sentence"">Due to the difficult financial <span class=""target-word"">circumstance</span>s of his family, he had to work part-time while attending university.</div><button class=""tts-button"" data-tts=""Due to the difficult financial circumstances of his family, he had to work part-time while attending university."" onclick=""window.playTTS(this.getAttribute('data-tts'))""><svg viewBox=""0 0 24 24"" fill=""none"" stroke=""currentColor"" stroke-width=""2""><polygon points=""5 3 19 12 5 21 5 3""></polygon></svg></button></div><div class=""meta-section""><div class=""translation"">由於家庭經濟狀況困難，他必須在讀大學的同時打工。</div><div class=""entry-explanation"">名詞「情況」。常用複數形。</div></div></div></div><div class=""related-forms""><span class=""label"">Related:</span> circumstances</div></div>"
civilian	"<div class=""anki-card-content""><div class=""general-explanation"">名詞「平民」；形容詞「平民的」。相對於軍人。</div><div class=""entries-container""><div class=""entry""><div class=""sentence-row""><div class=""sentence"">The government promised to protect innocent <span class=""target-word"">civilian</span>s <span class=""collocation"">from</span> harm during the ongoing conflict in the border region.</div><button class=""tts-button"" data-tts=""The government promised to protect innocent civilians from harm during the ongoing conflict in the border region."" onclick=""window.playTTS(this.getAttribute('data-tts'))""><svg viewBox=""0 0 24 24"" fill=""none"" stroke=""currentColor"" stroke-width=""2""><polygon points=""5 3 19 12 5 21 5 3""></polygon></svg></button></div><div class=""meta-section""><div class=""translation"">政府承諾在邊境地區持續的衝突中保護無辜平民免受傷害。</div><div class=""entry-explanation"">名詞「平民」。</div></div></div><div class=""entry""><div class=""sentence-row""><div class=""sentence"">After serving in the army for ten years, he finally returned to <span class=""target-word"">civilian</span> <span class=""collocation"">life</span> and started a small business in his hometown.</div><button class=""tts-button"" data-tts=""After serving in the army for ten years, he finally returned to civilian life and started a small business in his hometown."" onclick=""window.playTTS(this.getAttribute('data-tts'))""><svg viewBox=""0 0 24 24"" fill=""none"" stroke=""currentColor"" stroke-width=""2""><polygon points=""5 3 19 12 5 21 5 3""></polygon></svg></button></div><div class=""meta-section""><div class=""translation"">在軍隊服役十年後，他終於回歸平民生活，並在家鄉開了一家小店。</div><div class=""entry-explanation"">形容詞「平民的」。</div></div></div></div><div class=""related-forms""><span class=""label"">Related:</span> civilians</div></div>"
civilization	"<div class=""anki-card-content""><div class=""general-explanation"">名詞「文明」。指人類社會的發展階段或特定文化。</div><div class=""entries-container""><div class=""entry""><div class=""sentence-row""><div class=""sentence"">Ancient Egyptian <span class=""target-word"">civilization</span> is famous for its magnificent pyramids and its advanced knowledge of mathematics and astronomy.</div><button class=""tts-button"" data-tts=""Ancient Egyptian civilization is famous for its magnificent pyramids and its advanced knowledge of mathematics and astronomy."" onclick=""window.playTTS(this.getAttribute('data-tts'))""><svg viewBox=""0 0 24 24"" fill=""none"" stroke=""currentColor"" stroke-width=""2""><polygon points=""5 3 19 12 5 21 5 3""></polygon></svg></button></div><div class=""meta-section""><div class=""translation"">古埃及文明以其宏偉的金字塔以及在數學和天文學方面的先進知識而聞名。</div><div class=""entry-explanation"">名詞「文明」。</div></div></div><div class=""entry""><div class=""sentence-row""><div class=""sentence"">Many historians study how different <span class=""target-word"">civilization</span>s <span class=""collocation"">developed</span> and interacted with each other throughout the course of human history.</div><button class=""tts-button"" data-tts=""Many historians study how different civilizations developed and interacted with each other throughout the course of human history."" onclick=""window.playTTS(this.getAttribute('data-tts'))""><svg viewBox=""0 0 24 24"" fill=""none"" stroke=""currentColor"" stroke-width=""2""><polygon points=""5 3 19 12 5 21 5 3""></polygon></svg></button></div><div class=""meta-section""><div class=""translation"">許多歷史學家研究不同的文明如何在人類歷史的進程中發展並相互影響。</div><div class=""entry-explanation"">名詞「文明」。常用複數形。</div></div></div></div><div class=""related-forms""><span class=""label"">Related:</span> civilize, civilized</div></div>"
clarify	"<div class=""anki-card-content""><div class=""general-explanation"">動詞「澄清/闡明」。指讓事情變得清楚易懂。</div><div class=""entries-container""><div class=""entry""><div class=""sentence-row""><div class=""sentence"">The professor asked the student to <span class=""target-word"">clarify</span> his <span class=""collocation"">point</span> because the initial explanation was too vague to be understood.</div><button class=""tts-button"" data-tts=""The professor asked the student to clarify his point because the initial explanation was too vague to be understood."" onclick=""window.playTTS(this.getAttribute('data-tts'))""><svg viewBox=""0 0 24 24"" fill=""none"" stroke=""currentColor"" stroke-width=""2""><polygon points=""5 3 19 12 5 21 5 3""></polygon></svg></button></div><div class=""meta-section""><div class=""translation"">教授要求這名學生澄清他的觀點，因為最初的解釋太模糊而無法理解。</div><div class=""entry-explanation"">動詞「澄清」。常搭配 point 或 meaning。</div></div></div><div class=""entry""><div class=""sentence-row""><div class=""sentence"">The company issued a statement to <span class=""target-word"">clarify</span> the <span class=""collocation"">situation</span> regarding the recent product recall and reassure the concerned customers.</div><button class=""tts-button"" data-tts=""The company issued a statement to clarify the situation regarding the recent product recall and reassure the concerned customers."" onclick=""window.playTTS(this.getAttribute('data-tts'))""><svg viewBox=""0 0 24 24"" fill=""none"" stroke=""currentColor"" stroke-width=""2""><polygon points=""5 3 19 12 5 21 5 3""></polygon></svg></button></div><div class=""meta-section""><div class=""translation"">公司發布了一份聲明來澄清有關最近產品召回的情況，並讓擔心的顧客放心。</div><div class=""entry-explanation"">動詞「闡明」。常搭配 situation。</div></div></div></div><div class=""related-forms""><span class=""label"">Related:</span> clarified, clarification</div></div>"
clash	"<div class=""anki-card-content""><div class=""general-explanation"">名詞「衝突/不調和」；動詞「衝突」。指意見不合或顏色不搭。</div><div class=""entries-container""><div class=""entry""><div class=""sentence-row""><div class=""sentence"">The two politicians had a heated <span class=""target-word"">clash</span> <span class=""collocation"">over</span> the new tax policy during the televised debate last night.</div><button class=""tts-button"" data-tts=""The two politicians had a heated clash over the new tax policy during the televised debate last night."" onclick=""window.playTTS(this.getAttribute('data-tts'))""><svg viewBox=""0 0 24 24"" fill=""none"" stroke=""currentColor"" stroke-width=""2""><polygon points=""5 3 19 12 5 21 5 3""></polygon></svg></button></div><div class=""meta-section""><div class=""translation"">這兩位政治人物昨晚在電視辯論中，針對新的稅收政策發生了激烈的衝突。</div><div class=""entry-explanation"">名詞「衝突」。搭配介係詞 over。</div></div></div><div class=""entry""><div class=""sentence-row""><div class=""sentence"">I decided not to wear the red shirt with the orange pants because the colors <span class=""target-word"">clash</span> <span class=""collocation"">with</span> each other.</div><button class=""tts-button"" data-tts=""I decided not to wear the red shirt with the orange pants because the colors clash with each other."" onclick=""window.playTTS(this.getAttribute('data-tts'))""><svg viewBox=""0 0 24 24"" fill=""none"" stroke=""currentColor"" stroke-width=""2""><polygon points=""5 3 19 12 5 21 5 3""></polygon></svg></button></div><div class=""meta-section""><div class=""translation"">我決定不穿那件紅襯衫配橘色褲子，因為這兩種顏色很不搭。</div><div class=""entry-explanation"">動詞「不調和」。搭配介係詞 with。</div></div></div></div><div class=""related-forms""><span class=""label"">Related:</span> clashed, clashing</div></div>"
classification	"<div class=""anki-card-content""><div class=""general-explanation"">名詞「分類」。指將事物分門別類。</div><div class=""entries-container""><div class=""entry""><div class=""sentence-row""><div class=""sentence"">The library uses a complex <span class=""target-word"">classification</span> <span class=""collocation"">system</span> to help students find books on specific topics quickly and efficiently.</div><button class=""tts-button"" data-tts=""The library uses a complex classification system to help students find books on specific topics quickly and efficiently."" onclick=""window.playTTS(this.getAttribute('data-tts'))""><svg viewBox=""0 0 24 24"" fill=""none"" stroke=""currentColor"" stroke-width=""2""><polygon points=""5 3 19 12 5 21 5 3""></polygon></svg></button></div><div class=""meta-section""><div class=""translation"">圖書館使用一套複雜的分類系統，來幫助學生快速且有效地找到特定主題的書籍。</div><div class=""entry-explanation"">名詞「分類」。常與 system 連用。</div></div></div><div class=""entry""><div class=""sentence-row""><div class=""sentence"">The scientific <span class=""target-word"">classification</span> of animals is based on their physical characteristics and genetic relationships to one another.</div><button class=""tts-button"" data-tts=""The scientific classification of animals is based on their physical characteristics and genetic relationships to one another."" onclick=""window.playTTS(this.getAttribute('data-tts'))""><svg viewBox=""0 0 24 24"" fill=""none"" stroke=""currentColor"" stroke-width=""2""><polygon points=""5 3 19 12 5 21 5 3""></polygon></svg></button></div><div class=""meta-section""><div class=""translation"">動物的科學分類是基於它們的身體特徵以及彼此之間的基因關係。</div><div class=""entry-explanation"">名詞「分類」。</div></div></div></div><div class=""related-forms""><span class=""label"">Related:</span> classify</div></div>"
classify	"<div class=""anki-card-content""><div class=""general-explanation"">動詞「分類」。常搭配介係詞 as。</div><div class=""entries-container""><div class=""entry""><div class=""sentence-row""><div class=""sentence"">Biologists <span class=""target-word"">classify</span> whales <span class=""collocation"">as</span> mammals rather than fish because they breathe air and give birth to live young.</div><button class=""tts-button"" data-tts=""Biologists classify whales as mammals rather than fish because they breathe air and give birth to live young."" onclick=""window.playTTS(this.getAttribute('data-tts'))""><svg viewBox=""0 0 24 24"" fill=""none"" stroke=""currentColor"" stroke-width=""2""><polygon points=""5 3 19 12 5 21 5 3""></polygon></svg></button></div><div class=""meta-section""><div class=""translation"">生物學家將鯨魚歸類為哺乳動物而非魚類，因為牠們用肺呼吸並產下活的幼體。</div><div class=""entry-explanation"">動詞「分類」。句型 classify A as B。</div></div></div><div class=""entry""><div class=""sentence-row""><div class=""sentence"">The documents were <span class=""target-word"">classified</span> <span class=""collocation"">into</span> different categories based on their level of importance and the date they were created.</div><button class=""tts-button"" data-tts=""The documents were classified into different categories based on their level of importance and the date they were created."" onclick=""window.playTTS(this.getAttribute('data-tts'))""><svg viewBox=""0 0 24 24"" fill=""none"" stroke=""currentColor"" stroke-width=""2""><polygon points=""5 3 19 12 5 21 5 3""></polygon></svg></button></div><div class=""meta-section""><div class=""translation"">這些文件根據其重要程度和創建日期被分類成不同的類別。</div><div class=""entry-explanation"">動詞「分類」。搭配介係詞 into。</div></div></div></div><div class=""related-forms""><span class=""label"">Related:</span> classified, classification</div></div>"
claw	"<div class=""anki-card-content""><div class=""general-explanation"">名詞「爪子」；動詞「抓/撕」。指動物的爪子或用爪子抓。</div><div class=""entries-container""><div class=""entry""><div class=""sentence-row""><div class=""sentence"">The eagle used its sharp <span class=""target-word"">claw</span>s to grab the fish from the surface of the lake with incredible speed.</div><button class=""tts-button"" data-tts=""The eagle used its sharp claws to grab the fish from the surface of the lake with incredible speed."" onclick=""window.playTTS(this.getAttribute('data-tts'))""><svg viewBox=""0 0 24 24"" fill=""none"" stroke=""currentColor"" stroke-width=""2""><polygon points=""5 3 19 12 5 21 5 3""></polygon></svg></button></div><div class=""meta-section""><div class=""translation"">老鷹用牠鋒利的爪子以驚人的速度從湖面上抓起魚。</div><div class=""entry-explanation"">名詞「爪子」。常用複數形。</div></div></div><div class=""entry""><div class=""sentence-row""><div class=""sentence"">The cat tried to <span class=""target-word"">claw</span> <span class=""collocation"">at</span> the door to get the attention of its owner who was busy in the kitchen.</div><button class=""tts-button"" data-tts=""The cat tried to claw at the door to get the attention of its owner who was busy in the kitchen."" onclick=""window.playTTS(this.getAttribute('data-tts'))""><svg viewBox=""0 0 24 24"" fill=""none"" stroke=""currentColor"" stroke-width=""2""><polygon points=""5 3 19 12 5 21 5 3""></polygon></svg></button></div><div class=""meta-section""><div class=""translation"">貓試圖抓門以引起在廚房忙碌的主人的注意。</div><div class=""entry-explanation"">動詞「抓」。搭配介係詞 at。</div></div></div></div><div class=""related-forms""><span class=""label"">Related:</span> claws, clawed</div></div>"
cliff	"<div class=""anki-card-content""><div class=""general-explanation"">名詞「懸崖」。常與 edge, fall 連用。</div><div class=""entries-container""><div class=""entry""><div class=""sentence-row""><div class=""sentence"">The hikers stood at the edge of the <span class=""target-word"">cliff</span> and enjoyed the breathtaking view of the ocean below them.</div><button class=""tts-button"" data-tts=""The hikers stood at the edge of the cliff and enjoyed the breathtaking view of the ocean below them."" onclick=""window.playTTS(this.getAttribute('data-tts'))""><svg viewBox=""0 0 24 24"" fill=""none"" stroke=""currentColor"" stroke-width=""2""><polygon points=""5 3 19 12 5 21 5 3""></polygon></svg></button></div><div class=""meta-section""><div class=""translation"">登山客站在懸崖邊，欣賞下方海洋令人屏息的美景。</div><div class=""entry-explanation"">名詞「懸崖」。常搭配 edge。</div></div></div><div class=""entry""><div class=""sentence-row""><div class=""sentence"">It is extremely dangerous to walk too close to the <span class=""target-word"">cliff</span> because the ground might be unstable and slippery.</div><button class=""tts-button"" data-tts=""It is extremely dangerous to walk too close to the cliff because the ground might be unstable and slippery."" onclick=""window.playTTS(this.getAttribute('data-tts'))""><svg viewBox=""0 0 24 24"" fill=""none"" stroke=""currentColor"" stroke-width=""2""><polygon points=""5 3 19 12 5 21 5 3""></polygon></svg></button></div><div class=""meta-section""><div class=""translation"">走得太靠近懸崖是非常危險的，因為地面可能不穩定且濕滑。</div><div class=""entry-explanation"">名詞「懸崖」。</div></div></div></div><div class=""related-forms""><span class=""label"">Related:</span> cliffs</div></div>"
clumsy	"<div class=""anki-card-content""><div class=""general-explanation"">形容詞「笨拙的」，指動作不協調或處理事情不圓滑。常見搭配：clumsy mistake (粗心的錯誤)。</div><div class=""entries-container""><div class=""entry""><div class=""sentence-row""><div class=""sentence"">Being <span class=""target-word"">clumsy</span>, the young boy often <span class=""collocation"">knocks over</span> his glass of water while reaching for the salt at the dinner table.</div><button class=""tts-button"" data-tts=""Being clumsy, the young boy often knocks over his glass of water while reaching for the salt at the dinner table."" onclick=""window.playTTS(this.getAttribute('data-tts'))""><svg viewBox=""0 0 24 24"" fill=""none"" stroke=""currentColor"" stroke-width=""2""><polygon points=""5 3 19 12 5 21 5 3""></polygon></svg></button></div><div class=""meta-section""><div class=""translation"">因為動作笨拙，那個小男孩在餐桌上伸手拿鹽時，常會打翻他的水杯。</div><div class=""entry-explanation"">形容人動作不協調，常用 knock over 搭配。</div></div></div><div class=""entry""><div class=""sentence-row""><div class=""sentence"">The politician made a <span class=""target-word"">clumsy</span> <span class=""collocation"">remark</span> about the economic crisis, which offended many citizens and caused a public outcry online.</div><button class=""tts-button"" data-tts=""The politician made a clumsy remark about the economic crisis, which offended many citizens and caused a public outcry online."" onclick=""window.playTTS(this.getAttribute('data-tts'))""><svg viewBox=""0 0 24 24"" fill=""none"" stroke=""currentColor"" stroke-width=""2""><polygon points=""5 3 19 12 5 21 5 3""></polygon></svg></button></div><div class=""meta-section""><div class=""translation"">那位政治人物針對經濟危機發表了不得體的言論，冒犯了許多市民並在網路上引發公憤。</div><div class=""entry-explanation"">形容言語或處理方式不圓滑、不得體。</div></div></div></div><div class=""related-forms""><span class=""label"">Related:</span> clumsily, clumsiness</div></div>"
coarse	"<div class=""anki-card-content""><div class=""general-explanation"">形容詞「粗糙的」，指質地不細緻，或指言語「粗俗的」。注意與 course (課程/路線) 的拼字區別。</div><div class=""entries-container""><div class=""entry""><div class=""sentence-row""><div class=""sentence"">The farmer wore a shirt made of <span class=""target-word"">coarse</span> <span class=""collocation"">fabric</span> to protect his skin while working in the rough, thorny fields.</div><button class=""tts-button"" data-tts=""The farmer wore a shirt made of coarse fabric to protect his skin while working in the rough, thorny fields."" onclick=""window.playTTS(this.getAttribute('data-tts'))""><svg viewBox=""0 0 24 24"" fill=""none"" stroke=""currentColor"" stroke-width=""2""><polygon points=""5 3 19 12 5 21 5 3""></polygon></svg></button></div><div class=""meta-section""><div class=""translation"">農夫穿著一件由粗糙布料製成的襯衫，以保護他在多刺的田野中工作時的皮膚。</div><div class=""entry-explanation"">指質地粗糙，與 fine (細緻的) 相對。</div></div></div><div class=""entry""><div class=""sentence-row""><div class=""sentence"">The teacher warned the students that using <span class=""target-word"">coarse</span> <span class=""collocation"">language</span> in the classroom would result in a serious disciplinary action immediately.</div><button class=""tts-button"" data-tts=""The teacher warned the students that using coarse language in the classroom would result in a serious disciplinary action immediately."" onclick=""window.playTTS(this.getAttribute('data-tts'))""><svg viewBox=""0 0 24 24"" fill=""none"" stroke=""currentColor"" stroke-width=""2""><polygon points=""5 3 19 12 5 21 5 3""></polygon></svg></button></div><div class=""meta-section""><div class=""translation"">老師警告學生，在教室使用粗俗的語言將會立即導致嚴重的懲處。</div><div class=""entry-explanation"">指言語粗俗、不雅，常與 language 搭配。</div></div></div></div><div class=""related-forms""><span class=""label"">Related:</span> coarsely, coarseness</div></div>"
code	"<div class=""anki-card-content""><div class=""general-explanation"">名詞「代碼/密碼/規範」；動詞「編碼」。常見搭配：dress code (服裝規定)、moral code (道德準則)。</div><div class=""entries-container""><div class=""entry""><div class=""sentence-row""><div class=""sentence"">All employees are expected to follow the company's strict dress <span class=""target-word"">code </span> <span class=""collocation"">by</span> wearing formal business attire during the work week.</div><button class=""tts-button"" data-tts=""All employees are expected to follow the company&#x27;s strict dress code by wearing formal business attire during the work week."" onclick=""window.playTTS(this.getAttribute('data-tts'))""><svg viewBox=""0 0 24 24"" fill=""none"" stroke=""currentColor"" stroke-width=""2""><polygon points=""5 3 19 12 5 21 5 3""></polygon></svg></button></div><div class=""meta-section""><div class=""translation"">所有員工都被要求遵守公司嚴格的服裝規定，在工作週期間穿著正式商務服裝。</div><div class=""entry-explanation"">名詞「規範/準則」。</div></div></div><div class=""entry""><div class=""sentence-row""><div class=""sentence"">The computer programmer spent the entire night trying to <span class=""target-word"">code </span> <span class=""collocation"">a</span> new application that could help students organize their study schedules.</div><button class=""tts-button"" data-tts=""The computer programmer spent the entire night trying to code a new application that could help students organize their study schedules."" onclick=""window.playTTS(this.getAttribute('data-tts'))""><svg viewBox=""0 0 24 24"" fill=""none"" stroke=""currentColor"" stroke-width=""2""><polygon points=""5 3 19 12 5 21 5 3""></polygon></svg></button></div><div class=""meta-section""><div class=""translation"">電腦程式設計師花了一整晚試圖編寫一個能幫助學生安排讀書計畫的新應用程式。</div><div class=""entry-explanation"">動詞「編寫程式/編碼」。</div></div></div></div><div class=""related-forms""><span class=""label"">Related:</span> codes, coded, coding</div></div>"
collapse	"<div class=""anki-card-content""><div class=""general-explanation"">名詞與動詞「倒塌/崩潰/昏倒」。常用於建築物倒塌或經濟、健康崩潰。</div><div class=""entries-container""><div class=""entry""><div class=""sentence-row""><div class=""sentence"">The old bridge was on the verge of <span class=""target-word"">collapse</span> <span class=""collocation"">due to</span> the heavy rain and lack of maintenance over the years.</div><button class=""tts-button"" data-tts=""The old bridge was on the verge of collapse due to the heavy rain and lack of maintenance over the years."" onclick=""window.playTTS(this.getAttribute('data-tts'))""><svg viewBox=""0 0 24 24"" fill=""none"" stroke=""currentColor"" stroke-width=""2""><polygon points=""5 3 19 12 5 21 5 3""></polygon></svg></button></div><div class=""meta-section""><div class=""translation"">由於大雨和多年來缺乏維護，那座舊橋處於倒塌的邊緣。</div><div class=""entry-explanation"">名詞「倒塌」。</div></div></div><div class=""entry""><div class=""sentence-row""><div class=""sentence"">The exhausted marathon runner <span class=""target-word"">collapsed</span> <span class=""collocation"">on</span> the track just a few meters away from the finish line during the race.</div><button class=""tts-button"" data-tts=""The exhausted marathon runner collapsed on the track just a few meters away from the finish line during the race."" onclick=""window.playTTS(this.getAttribute('data-tts'))""><svg viewBox=""0 0 24 24"" fill=""none"" stroke=""currentColor"" stroke-width=""2""><polygon points=""5 3 19 12 5 21 5 3""></polygon></svg></button></div><div class=""meta-section""><div class=""translation"">那位精疲力竭的馬拉松選手在比賽中，距離終點線僅幾公尺處倒在跑道上。</div><div class=""entry-explanation"">動詞「昏倒/倒下」。</div></div></div></div><div class=""related-forms""><span class=""label"">Related:</span> collapses, collapsed, collapsing</div></div>"
colleague	"<div class=""anki-card-content""><div class=""general-explanation"">名詞「同事」。僅用於工作場合，不可用於同學 (classmate)。</div><div class=""entries-container""><div class=""entry""><div class=""sentence-row""><div class=""sentence"">I often discuss my research projects with my <span class=""target-word"">colleague</span> <span class=""collocation"">at</span> the university to gain new perspectives and improve my work.</div><button class=""tts-button"" data-tts=""I often discuss my research projects with my colleague at the university to gain new perspectives and improve my work."" onclick=""window.playTTS(this.getAttribute('data-tts'))""><svg viewBox=""0 0 24 24"" fill=""none"" stroke=""currentColor"" stroke-width=""2""><polygon points=""5 3 19 12 5 21 5 3""></polygon></svg></button></div><div class=""meta-section""><div class=""translation"">我常與大學的同事討論我的研究計畫，以獲得新的觀點並改進我的工作。</div><div class=""entry-explanation"">指工作上的夥伴。</div></div></div><div class=""entry""><div class=""sentence-row""><div class=""sentence"">It is important to maintain a professional relationship with every <span class=""target-word"">colleague</span> in the office to ensure a productive working environment.</div><button class=""tts-button"" data-tts=""It is important to maintain a professional relationship with every colleague in the office to ensure a productive working environment."" onclick=""window.playTTS(this.getAttribute('data-tts'))""><svg viewBox=""0 0 24 24"" fill=""none"" stroke=""currentColor"" stroke-width=""2""><polygon points=""5 3 19 12 5 21 5 3""></polygon></svg></button></div><div class=""meta-section""><div class=""translation"">與辦公室裡的每一位同事保持專業關係，對於確保高生產力的工作環境至關重要。</div><div class=""entry-explanation"">強調職場人際關係。</div></div></div></div><div class=""related-forms""><span class=""label"">Related:</span> colleagues</div></div>"
combination	"<div class=""anki-card-content""><div class=""general-explanation"">名詞「結合/組合」。常用搭配：a combination of A and B (A與B的結合)。</div><div class=""entries-container""><div class=""entry""><div class=""sentence-row""><div class=""sentence"">Success in the final exam is often a <span class=""target-word"">combination</span> <span class=""collocation"">of</span> hard work, effective study strategies, and a good night's sleep.</div><button class=""tts-button"" data-tts=""Success in the final exam is often a combination of hard work, effective study strategies, and a good night&#x27;s sleep."" onclick=""window.playTTS(this.getAttribute('data-tts'))""><svg viewBox=""0 0 24 24"" fill=""none"" stroke=""currentColor"" stroke-width=""2""><polygon points=""5 3 19 12 5 21 5 3""></polygon></svg></button></div><div class=""meta-section""><div class=""translation"">期末考的成功通常是努力工作、有效的讀書策略以及充足睡眠的結合。</div><div class=""entry-explanation"">指多種因素的綜合。</div></div></div><div class=""entry""><div class=""sentence-row""><div class=""sentence"">The chef created a unique <span class=""target-word"">combination</span> <span class=""collocation"">of</span> flavors by mixing spicy peppers with sweet honey in the main course.</div><button class=""tts-button"" data-tts=""The chef created a unique combination of flavors by mixing spicy peppers with sweet honey in the main course."" onclick=""window.playTTS(this.getAttribute('data-tts'))""><svg viewBox=""0 0 24 24"" fill=""none"" stroke=""currentColor"" stroke-width=""2""><polygon points=""5 3 19 12 5 21 5 3""></polygon></svg></button></div><div class=""meta-section""><div class=""translation"">主廚透過將辣胡椒與甜蜂蜜混合在主菜中，創造了一種獨特的風味組合。</div><div class=""entry-explanation"">指不同事物的搭配。</div></div></div></div><div class=""related-forms""><span class=""label"">Related:</span> combinations</div></div>"
comedy	"<div class=""anki-card-content""><div class=""general-explanation"">名詞「喜劇」。與 tragedy (悲劇) 相對。</div><div class=""entries-container""><div class=""entry""><div class=""sentence-row""><div class=""sentence"">The students decided to perform a lighthearted <span class=""target-word"">comedy</span> <span class=""collocation"">for</span> the school talent show to make the audience laugh and relax.</div><button class=""tts-button"" data-tts=""The students decided to perform a lighthearted comedy for the school talent show to make the audience laugh and relax."" onclick=""window.playTTS(this.getAttribute('data-tts'))""><svg viewBox=""0 0 24 24"" fill=""none"" stroke=""currentColor"" stroke-width=""2""><polygon points=""5 3 19 12 5 21 5 3""></polygon></svg></button></div><div class=""meta-section""><div class=""translation"">學生們決定在學校才藝表演中演出一齣輕鬆的喜劇，讓觀眾開懷大笑並放鬆心情。</div><div class=""entry-explanation"">指戲劇類型。</div></div></div><div class=""entry""><div class=""sentence-row""><div class=""sentence"">Watching a classic <span class=""target-word"">comedy</span> <span class=""collocation"">after</span> a long and stressful day is the best way for me to decompress and feel happy.</div><button class=""tts-button"" data-tts=""Watching a classic comedy after a long and stressful day is the best way for me to decompress and feel happy."" onclick=""window.playTTS(this.getAttribute('data-tts'))""><svg viewBox=""0 0 24 24"" fill=""none"" stroke=""currentColor"" stroke-width=""2""><polygon points=""5 3 19 12 5 21 5 3""></polygon></svg></button></div><div class=""meta-section""><div class=""translation"">在漫長且充滿壓力的一天後看一部經典喜劇，是我減壓並感到快樂的最佳方式。</div><div class=""entry-explanation"">指喜劇電影或節目。</div></div></div></div><div class=""related-forms""><span class=""label"">Related:</span> comedies, comedian</div></div>"
commander	"<div class=""anki-card-content""><div class=""general-explanation"">名詞「指揮官/司令」。指軍隊或組織中的領導者。</div><div class=""entries-container""><div class=""entry""><div class=""sentence-row""><div class=""sentence"">The <span class=""target-word"">commander</span> <span class=""collocation"">ordered</span> the soldiers to retreat to a safer position before the enemy launched their next major attack.</div><button class=""tts-button"" data-tts=""The commander ordered the soldiers to retreat to a safer position before the enemy launched their next major attack."" onclick=""window.playTTS(this.getAttribute('data-tts'))""><svg viewBox=""0 0 24 24"" fill=""none"" stroke=""currentColor"" stroke-width=""2""><polygon points=""5 3 19 12 5 21 5 3""></polygon></svg></button></div><div class=""meta-section""><div class=""translation"">指揮官命令士兵在敵人發動下一次大規模攻擊前，撤退到更安全的位置。</div><div class=""entry-explanation"">指軍事指揮官。</div></div></div><div class=""entry""><div class=""sentence-row""><div class=""sentence"">As the <span class=""target-word"">commander</span> <span class=""collocation"">of</span> the rescue mission, she had to make quick decisions to save the trapped hikers in the mountains.</div><button class=""tts-button"" data-tts=""As the commander of the rescue mission, she had to make quick decisions to save the trapped hikers in the mountains."" onclick=""window.playTTS(this.getAttribute('data-tts'))""><svg viewBox=""0 0 24 24"" fill=""none"" stroke=""currentColor"" stroke-width=""2""><polygon points=""5 3 19 12 5 21 5 3""></polygon></svg></button></div><div class=""meta-section""><div class=""translation"">身為救援任務的指揮官，她必須做出快速決策以拯救困在山中的登山客。</div><div class=""entry-explanation"">指任務負責人。</div></div></div></div><div class=""related-forms""><span class=""label"">Related:</span> commanders, command</div></div>"
comment	"<div class=""anki-card-content""><div class=""general-explanation"">名詞「評論」；動詞「評論」。常見搭配：make a comment on/about (對...發表評論)。</div><div class=""entries-container""><div class=""entry""><div class=""sentence-row""><div class=""sentence"">The professor made a positive <span class=""target-word"">comment</span> <span class=""collocation"">on</span> my essay, which gave me the confidence to continue improving my writing skills.</div><button class=""tts-button"" data-tts=""The professor made a positive comment on my essay, which gave me the confidence to continue improving my writing skills."" onclick=""window.playTTS(this.getAttribute('data-tts'))""><svg viewBox=""0 0 24 24"" fill=""none"" stroke=""currentColor"" stroke-width=""2""><polygon points=""5 3 19 12 5 21 5 3""></polygon></svg></button></div><div class=""meta-section""><div class=""translation"">教授對我的文章給予了正面評價，這給了我繼續提升寫作技巧的信心。</div><div class=""entry-explanation"">名詞「評論」，介係詞用 on。</div></div></div><div class=""entry""><div class=""sentence-row""><div class=""sentence"">It is not appropriate to <span class=""target-word"">comment</span> <span class=""collocation"">on</span> someone's personal appearance during a formal interview, as it may seem unprofessional and rude.</div><button class=""tts-button"" data-tts=""It is not appropriate to comment on someone&#x27;s personal appearance during a formal interview, as it may seem unprofessional and rude."" onclick=""window.playTTS(this.getAttribute('data-tts'))""><svg viewBox=""0 0 24 24"" fill=""none"" stroke=""currentColor"" stroke-width=""2""><polygon points=""5 3 19 12 5 21 5 3""></polygon></svg></button></div><div class=""meta-section""><div class=""translation"">在正式面試中評論某人的個人外表是不恰當的，因為這看起來可能不專業且無禮。</div><div class=""entry-explanation"">動詞「評論」，介係詞用 on。</div></div></div></div><div class=""related-forms""><span class=""label"">Related:</span> comments, commented, commenting</div></div>"
commerce	"<div class=""anki-card-content""><div class=""general-explanation"">名詞「商業/貿易」。較正式，常指大規模的經濟活動。</div><div class=""entries-container""><div class=""entry""><div class=""sentence-row""><div class=""sentence"">The rapid development of e-<span class=""target-word"">commerce</span> <span class=""collocation"">has</span> changed the way people shop, allowing them to purchase goods from all over the world.</div><button class=""tts-button"" data-tts=""The rapid development of e-commerce has changed the way people shop, allowing them to purchase goods from all over the world."" onclick=""window.playTTS(this.getAttribute('data-tts'))""><svg viewBox=""0 0 24 24"" fill=""none"" stroke=""currentColor"" stroke-width=""2""><polygon points=""5 3 19 12 5 21 5 3""></polygon></svg></button></div><div class=""meta-section""><div class=""translation"">電子商務的快速發展改變了人們購物的方式，讓他們能購買來自世界各地的商品。</div><div class=""entry-explanation"">指電子商務。</div></div></div><div class=""entry""><div class=""sentence-row""><div class=""sentence"">The government is trying to promote international <span class=""target-word"">commerce</span> <span class=""collocation"">by</span> reducing tariffs and simplifying the procedures for exporting local products.</div><button class=""tts-button"" data-tts=""The government is trying to promote international commerce by reducing tariffs and simplifying the procedures for exporting local products."" onclick=""window.playTTS(this.getAttribute('data-tts'))""><svg viewBox=""0 0 24 24"" fill=""none"" stroke=""currentColor"" stroke-width=""2""><polygon points=""5 3 19 12 5 21 5 3""></polygon></svg></button></div><div class=""meta-section""><div class=""translation"">政府正試圖透過降低關稅和簡化出口當地產品的程序來促進國際貿易。</div><div class=""entry-explanation"">指國家間的貿易活動。</div></div></div></div><div class=""related-forms""><span class=""label"">Related:</span> commercial</div></div>"
commit	"<div class=""anki-card-content""><div class=""general-explanation"">動詞「犯(罪/錯)」、「承諾/投入」。常見搭配：commit a crime (犯罪)、commit oneself to (致力於)。</div><div class=""entries-container""><div class=""entry""><div class=""sentence-row""><div class=""sentence"">The young man was shocked to realize that he had <span class=""target-word"">committed</span> <span class=""collocation"">a</span> serious mistake by accidentally deleting the important project files.</div><button class=""tts-button"" data-tts=""The young man was shocked to realize that he had committed a serious mistake by accidentally deleting the important project files."" onclick=""window.playTTS(this.getAttribute('data-tts'))""><svg viewBox=""0 0 24 24"" fill=""none"" stroke=""currentColor"" stroke-width=""2""><polygon points=""5 3 19 12 5 21 5 3""></polygon></svg></button></div><div class=""meta-section""><div class=""translation"">那個年輕人震驚地意識到，他因為不小心刪除了重要的專案檔案而犯下了一個嚴重的錯誤。</div><div class=""entry-explanation"">指犯錯或犯罪，搭配 a mistake/crime。</div></div></div><div class=""entry""><div class=""sentence-row""><div class=""sentence"">To achieve his goal of becoming a doctor, he <span class=""target-word"">committed</span> <span class=""collocation"">himself</span> to studying hard and volunteering at the local hospital every weekend.</div><button class=""tts-button"" data-tts=""To achieve his goal of becoming a doctor, he committed himself to studying hard and volunteering at the local hospital every weekend."" onclick=""window.playTTS(this.getAttribute('data-tts'))""><svg viewBox=""0 0 24 24"" fill=""none"" stroke=""currentColor"" stroke-width=""2""><polygon points=""5 3 19 12 5 21 5 3""></polygon></svg></button></div><div class=""meta-section""><div class=""translation"">為了實現成為醫生的目標，他致力於努力讀書，並在每個週末到當地醫院當志工。</div><div class=""entry-explanation"">片語 commit oneself to V-ing，表「致力於/投入」。</div></div></div></div><div class=""related-forms""><span class=""label"">Related:</span> commits, committed, committing, commitment</div></div>"
communication	"<div class=""anki-card-content""><div class=""general-explanation"">名詞「溝通/通訊」。常見搭配：communication skills (溝通技巧)。</div><div class=""entries-container""><div class=""entry""><div class=""sentence-row""><div class=""sentence"">Effective <span class=""target-word"">communication</span> <span class=""collocation"">between</span> teachers and parents is essential for supporting students' academic and personal development throughout the school year.</div><button class=""tts-button"" data-tts=""Effective communication between teachers and parents is essential for supporting students&#x27; academic and personal development throughout the school year."" onclick=""window.playTTS(this.getAttribute('data-tts'))""><svg viewBox=""0 0 24 24"" fill=""none"" stroke=""currentColor"" stroke-width=""2""><polygon points=""5 3 19 12 5 21 5 3""></polygon></svg></button></div><div class=""meta-section""><div class=""translation"">老師與家長之間有效的溝通，對於在整個學年中支持學生的學業與個人發展至關重要。</div><div class=""entry-explanation"">指人際間的溝通。</div></div></div><div class=""entry""><div class=""sentence-row""><div class=""sentence"">Modern <span class=""target-word"">communication</span> <span class=""collocation"">technology</span> has made it possible for people to stay connected with their friends regardless of the distance.</div><button class=""tts-button"" data-tts=""Modern communication technology has made it possible for people to stay connected with their friends regardless of the distance."" onclick=""window.playTTS(this.getAttribute('data-tts'))""><svg viewBox=""0 0 24 24"" fill=""none"" stroke=""currentColor"" stroke-width=""2""><polygon points=""5 3 19 12 5 21 5 3""></polygon></svg></button></div><div class=""meta-section""><div class=""translation"">現代通訊技術使得人們無論距離多遠，都能與朋友保持聯繫。</div><div class=""entry-explanation"">指通訊技術。</div></div></div></div><div class=""related-forms""><span class=""label"">Related:</span> communications, communicate</div></div>"
community	"<div class=""anki-card-content""><div class=""general-explanation"">名詞「社區/群體」。指居住在同一地區的人們或具有共同特徵的群體。</div><div class=""entries-container""><div class=""entry""><div class=""sentence-row""><div class=""sentence"">The local <span class=""target-word"">community</span> <span class=""collocation"">organized</span> a cleanup event last Saturday to improve the environment and build stronger bonds among the neighbors.</div><button class=""tts-button"" data-tts=""The local community organized a cleanup event last Saturday to improve the environment and build stronger bonds among the neighbors."" onclick=""window.playTTS(this.getAttribute('data-tts'))""><svg viewBox=""0 0 24 24"" fill=""none"" stroke=""currentColor"" stroke-width=""2""><polygon points=""5 3 19 12 5 21 5 3""></polygon></svg></button></div><div class=""meta-section""><div class=""translation"">當地社區上週六舉辦了一場清潔活動，以改善環境並建立鄰居間更緊密的聯繫。</div><div class=""entry-explanation"">指居住社區。</div></div></div><div class=""entry""><div class=""sentence-row""><div class=""sentence"">The scientific <span class=""target-word"">community</span> <span class=""collocation"">is</span> working together to find a cure for the disease that has affected many people worldwide recently.</div><button class=""tts-button"" data-tts=""The scientific community is working together to find a cure for the disease that has affected many people worldwide recently."" onclick=""window.playTTS(this.getAttribute('data-tts'))""><svg viewBox=""0 0 24 24"" fill=""none"" stroke=""currentColor"" stroke-width=""2""><polygon points=""5 3 19 12 5 21 5 3""></polygon></svg></button></div><div class=""meta-section""><div class=""translation"">科學界正共同努力尋找治療方法，以對抗最近影響全球許多人的疾病。</div><div class=""entry-explanation"">指特定領域的群體。</div></div></div></div><div class=""related-forms""><span class=""label"">Related:</span> communities</div></div>"
companion	"<div class=""anki-card-content""><div class=""general-explanation"">名詞「同伴/伴侶」。指一起旅行或相處的人。</div><div class=""entries-container""><div class=""entry""><div class=""sentence-row""><div class=""sentence"">During the long journey across the country, he was a great <span class=""target-word"">companion</span> <span class=""collocation"">who</span> always kept the mood light with his funny stories.</div><button class=""tts-button"" data-tts=""During the long journey across the country, he was a great companion who always kept the mood light with his funny stories."" onclick=""window.playTTS(this.getAttribute('data-tts'))""><svg viewBox=""0 0 24 24"" fill=""none"" stroke=""currentColor"" stroke-width=""2""><polygon points=""5 3 19 12 5 21 5 3""></polygon></svg></button></div><div class=""meta-section""><div class=""translation"">在橫跨全國的長途旅行中，他是一位很棒的同伴，總是能用他有趣的故事讓氣氛保持輕鬆。</div><div class=""entry-explanation"">指旅行同伴。</div></div></div><div class=""entry""><div class=""sentence-row""><div class=""sentence"">Many elderly people find that having a pet as a <span class=""target-word"">companion</span> <span class=""collocation"">helps</span> them feel less lonely and more active in their daily lives.</div><button class=""tts-button"" data-tts=""Many elderly people find that having a pet as a companion helps them feel less lonely and more active in their daily lives."" onclick=""window.playTTS(this.getAttribute('data-tts'))""><svg viewBox=""0 0 24 24"" fill=""none"" stroke=""currentColor"" stroke-width=""2""><polygon points=""5 3 19 12 5 21 5 3""></polygon></svg></button></div><div class=""meta-section""><div class=""translation"">許多長者發現養寵物作為伴侶，能幫助他們減少孤獨感，並在日常生活中變得更活躍。</div><div class=""entry-explanation"">指心靈伴侶。</div></div></div></div><div class=""related-forms""><span class=""label"">Related:</span> companions</div></div>"
competition	"<div class=""anki-card-content""><div class=""general-explanation"">名詞「競爭/比賽」。常見搭配：in competition with (與...競爭)。</div><div class=""entries-container""><div class=""entry""><div class=""sentence-row""><div class=""sentence"">The intense <span class=""target-word"">competition</span> <span class=""collocation"">among</span> the students for the limited scholarships encourages everyone to work harder and perform their best.</div><button class=""tts-button"" data-tts=""The intense competition among the students for the limited scholarships encourages everyone to work harder and perform their best."" onclick=""window.playTTS(this.getAttribute('data-tts'))""><svg viewBox=""0 0 24 24"" fill=""none"" stroke=""currentColor"" stroke-width=""2""><polygon points=""5 3 19 12 5 21 5 3""></polygon></svg></button></div><div class=""meta-section""><div class=""translation"">學生之間為了有限獎學金的激烈競爭，鼓勵每個人更努力並表現出最好的一面。</div><div class=""entry-explanation"">指競爭狀態。</div></div></div><div class=""entry""><div class=""sentence-row""><div class=""sentence"">She decided to enter the national piano <span class=""target-word"">competition</span> <span class=""collocation"">to</span> challenge herself and gain more experience performing in front of a large audience.</div><button class=""tts-button"" data-tts=""She decided to enter the national piano competition to challenge herself and gain more experience performing in front of a large audience."" onclick=""window.playTTS(this.getAttribute('data-tts'))""><svg viewBox=""0 0 24 24"" fill=""none"" stroke=""currentColor"" stroke-width=""2""><polygon points=""5 3 19 12 5 21 5 3""></polygon></svg></button></div><div class=""meta-section""><div class=""translation"">她決定參加全國鋼琴比賽來挑戰自己，並獲得更多在大量觀眾面前表演的經驗。</div><div class=""entry-explanation"">指比賽活動。</div></div></div></div><div class=""related-forms""><span class=""label"">Related:</span> competitions</div></div>"
competitive	"<div class=""anki-card-content""><div class=""general-explanation"">形容詞「競爭激烈的/好勝的」。常用於描述市場、考試或人的性格。</div><div class=""entries-container""><div class=""entry""><div class=""sentence-row""><div class=""sentence"">The job market for graduates is highly <span class=""target-word"">competitive</span>, so it is important to gain practical experience through internships during college.</div><button class=""tts-button"" data-tts=""The job market for graduates is highly competitive, so it is important to gain practical experience through internships during college."" onclick=""window.playTTS(this.getAttribute('data-tts'))""><svg viewBox=""0 0 24 24"" fill=""none"" stroke=""currentColor"" stroke-width=""2""><polygon points=""5 3 19 12 5 21 5 3""></polygon></svg></button></div><div class=""meta-section""><div class=""translation"">畢業生的就業市場競爭非常激烈，因此在大學期間透過實習獲得實務經驗很重要。</div><div class=""entry-explanation"">指競爭激烈的環境。</div></div></div><div class=""entry""><div class=""sentence-row""><div class=""sentence"">He has a very <span class=""target-word"">competitive</span> <span class=""collocation"">nature</span>, which drives him to always strive for the top position in every sport he plays.</div><button class=""tts-button"" data-tts=""He has a very competitive nature, which drives him to always strive for the top position in every sport he plays."" onclick=""window.playTTS(this.getAttribute('data-tts'))""><svg viewBox=""0 0 24 24"" fill=""none"" stroke=""currentColor"" stroke-width=""2""><polygon points=""5 3 19 12 5 21 5 3""></polygon></svg></button></div><div class=""meta-section""><div class=""translation"">他有著非常好勝的本性，這驅使他在參與的每項運動中總是力爭上游。</div><div class=""entry-explanation"">形容人好勝。</div></div></div></div><div class=""related-forms""><span class=""label"">Related:</span> competitively</div></div>"
competitor	"<div class=""anki-card-content""><div class=""general-explanation"">名詞「競爭者/參賽者」。</div><div class=""entries-container""><div class=""entry""><div class=""sentence-row""><div class=""sentence"">The company needs to analyze the strategies of every major <span class=""target-word"">competitor</span> <span class=""collocation"">in</span> the industry to maintain its leading position in the market.</div><button class=""tts-button"" data-tts=""The company needs to analyze the strategies of every major competitor in the industry to maintain its leading position in the market."" onclick=""window.playTTS(this.getAttribute('data-tts'))""><svg viewBox=""0 0 24 24"" fill=""none"" stroke=""currentColor"" stroke-width=""2""><polygon points=""5 3 19 12 5 21 5 3""></polygon></svg></button></div><div class=""meta-section""><div class=""translation"">公司需要分析產業中每一位主要競爭者的策略，以維持其在市場上的領先地位。</div><div class=""entry-explanation"">指商業競爭對手。</div></div></div><div class=""entry""><div class=""sentence-row""><div class=""sentence"">Every <span class=""target-word"">competitor</span> <span class=""collocation"">in</span> the race trained for months to ensure they were in the best physical condition for the final event.</div><button class=""tts-button"" data-tts=""Every competitor in the race trained for months to ensure they were in the best physical condition for the final event."" onclick=""window.playTTS(this.getAttribute('data-tts'))""><svg viewBox=""0 0 24 24"" fill=""none"" stroke=""currentColor"" stroke-width=""2""><polygon points=""5 3 19 12 5 21 5 3""></polygon></svg></button></div><div class=""meta-section""><div class=""translation"">比賽中的每一位參賽者都訓練了數月，以確保他們在決賽時處於最佳身體狀態。</div><div class=""entry-explanation"">指比賽選手。</div></div></div></div><div class=""related-forms""><span class=""label"">Related:</span> competitors</div></div>"
complicate	"<div class=""anki-card-content""><div class=""general-explanation"">動詞「使複雜化」。常用被動語態或主動語態描述事情變得難處理。</div><div class=""entries-container""><div class=""entry""><div class=""sentence-row""><div class=""sentence"">Adding too many rules to the project will only <span class=""target-word"">complicate</span> <span class=""collocation"">the</span> process and make it harder for the team to finish on time.</div><button class=""tts-button"" data-tts=""Adding too many rules to the project will only complicate the process and make it harder for the team to finish on time."" onclick=""window.playTTS(this.getAttribute('data-tts'))""><svg viewBox=""0 0 24 24"" fill=""none"" stroke=""currentColor"" stroke-width=""2""><polygon points=""5 3 19 12 5 21 5 3""></polygon></svg></button></div><div class=""meta-section""><div class=""translation"">在專案中增加太多規則只會使過程複雜化，並讓團隊更難準時完成。</div><div class=""entry-explanation"">指使事情變得複雜。</div></div></div><div class=""entry""><div class=""sentence-row""><div class=""sentence"">The unexpected bad weather <span class=""target-word"">complicated</span> <span class=""collocation"">our</span> travel plans, forcing us to cancel the outdoor activities we had scheduled for the weekend.</div><button class=""tts-button"" data-tts=""The unexpected bad weather complicated our travel plans, forcing us to cancel the outdoor activities we had scheduled for the weekend."" onclick=""window.playTTS(this.getAttribute('data-tts'))""><svg viewBox=""0 0 24 24"" fill=""none"" stroke=""currentColor"" stroke-width=""2""><polygon points=""5 3 19 12 5 21 5 3""></polygon></svg></button></div><div class=""meta-section""><div class=""translation"">突如其來的惡劣天氣使我們的旅遊計畫變得複雜，迫使我們取消原定週末的戶外活動。</div><div class=""entry-explanation"">指使情況變得難以處理。</div></div></div></div><div class=""related-forms""><span class=""label"">Related:</span> complicates, complicated, complicating</div></div>"
compose	"<div class=""anki-card-content""><div class=""general-explanation"">動詞「組成/創作(音樂/詩)」。常用 be composed of (由...組成)。</div><div class=""entries-container""><div class=""entry""><div class=""sentence-row""><div class=""sentence"">The committee is <span class=""target-word"">composed</span> <span class=""collocation"">of</span> five experts who are responsible for reviewing the new educational policies proposed by the government.</div><button class=""tts-button"" data-tts=""The committee is composed of five experts who are responsible for reviewing the new educational policies proposed by the government."" onclick=""window.playTTS(this.getAttribute('data-tts'))""><svg viewBox=""0 0 24 24"" fill=""none"" stroke=""currentColor"" stroke-width=""2""><polygon points=""5 3 19 12 5 21 5 3""></polygon></svg></button></div><div class=""meta-section""><div class=""translation"">該委員會由五位專家組成，負責審查政府提出的新教育政策。</div><div class=""entry-explanation"">片語 be composed of = consist of，表「由...組成」。</div></div></div><div class=""entry""><div class=""sentence-row""><div class=""sentence"">The famous musician <span class=""target-word"">composed</span> <span class=""collocation"">a</span> beautiful melody to express his deep love for his hometown during his stay abroad.</div><button class=""tts-button"" data-tts=""The famous musician composed a beautiful melody to express his deep love for his hometown during his stay abroad."" onclick=""window.playTTS(this.getAttribute('data-tts'))""><svg viewBox=""0 0 24 24"" fill=""none"" stroke=""currentColor"" stroke-width=""2""><polygon points=""5 3 19 12 5 21 5 3""></polygon></svg></button></div><div class=""meta-section""><div class=""translation"">那位著名的音樂家在國外停留期間，創作了一首優美的旋律來表達他對家鄉的深愛。</div><div class=""entry-explanation"">指創作音樂。</div></div></div></div><div class=""related-forms""><span class=""label"">Related:</span> composes, composed, composing, composition</div></div>"
composer	"<div class=""anki-card-content""><div class=""general-explanation"">名詞「作曲家」。</div><div class=""entries-container""><div class=""entry""><div class=""sentence-row""><div class=""sentence"">Beethoven is widely considered one of the greatest <span class=""target-word"">composer</span>s <span class=""collocation"">in</span> history, known for his powerful and emotional symphonies.</div><button class=""tts-button"" data-tts=""Beethoven is widely considered one of the greatest composers in history, known for his powerful and emotional symphonies."" onclick=""window.playTTS(this.getAttribute('data-tts'))""><svg viewBox=""0 0 24 24"" fill=""none"" stroke=""currentColor"" stroke-width=""2""><polygon points=""5 3 19 12 5 21 5 3""></polygon></svg></button></div><div class=""meta-section""><div class=""translation"">貝多芬被廣泛認為是歷史上最偉大的作曲家之一，以其強而有力且充滿情感的交響曲聞名。</div><div class=""entry-explanation"">指古典音樂作曲家。</div></div></div><div class=""entry""><div class=""sentence-row""><div class=""sentence"">The young <span class=""target-word"">composer</span> <span class=""collocation"">spent</span> years studying music theory before he was able to write his first original piece for the orchestra.</div><button class=""tts-button"" data-tts=""The young composer spent years studying music theory before he was able to write his first original piece for the orchestra."" onclick=""window.playTTS(this.getAttribute('data-tts'))""><svg viewBox=""0 0 24 24"" fill=""none"" stroke=""currentColor"" stroke-width=""2""><polygon points=""5 3 19 12 5 21 5 3""></polygon></svg></button></div><div class=""meta-section""><div class=""translation"">那位年輕的作曲家花了數年研究音樂理論，才得以寫出他為管弦樂團創作的第一首原創曲目。</div><div class=""entry-explanation"">指作曲者。</div></div></div></div><div class=""related-forms""><span class=""label"">Related:</span> composers</div></div>"
composition	"<div class=""anki-card-content""><div class=""general-explanation"">名詞用法：(1)「作文/作品」，指書寫的成品；(2)「構成/成分」，指組成事物的元素。注意與 compose (動詞) 的區別。</div><div class=""entries-container""><div class=""entry""><div class=""sentence-row""><div class=""sentence"">The teacher asked every student to write a short <span class=""target-word"">composition</span> <span class=""collocation"">about</span> their most unforgettable travel experience during the summer vacation.</div><button class=""tts-button"" data-tts=""The teacher asked every student to write a short composition about their most unforgettable travel experience during the summer vacation."" onclick=""window.playTTS(this.getAttribute('data-tts'))""><svg viewBox=""0 0 24 24"" fill=""none"" stroke=""currentColor"" stroke-width=""2""><polygon points=""5 3 19 12 5 21 5 3""></polygon></svg></button></div><div class=""meta-section""><div class=""translation"">老師要求每位學生寫一篇關於他們暑假最難忘旅遊經驗的短文。</div><div class=""entry-explanation"">指學校作業中的「作文」。</div></div></div><div class=""entry""><div class=""sentence-row""><div class=""sentence"">Scientists analyzed the chemical <span class=""target-word"">composition</span> <span class=""collocation"">of</span> the soil samples to determine why the plants in this area failed to grow properly.</div><button class=""tts-button"" data-tts=""Scientists analyzed the chemical composition of the soil samples to determine why the plants in this area failed to grow properly."" onclick=""window.playTTS(this.getAttribute('data-tts'))""><svg viewBox=""0 0 24 24"" fill=""none"" stroke=""currentColor"" stroke-width=""2""><polygon points=""5 3 19 12 5 21 5 3""></polygon></svg></button></div><div class=""meta-section""><div class=""translation"">科學家分析了土壤樣本的化學成分，以確定為什麼該地區的植物無法正常生長。</div><div class=""entry-explanation"">指事物的「構成成分」。</div></div></div></div><div class=""related-forms""><span class=""label"">Related:</span> compositions</div></div>"
concentrate	"<div class=""anki-card-content""><div class=""general-explanation"">動詞用法：(1)「專注於」，常搭配 on；(2)「集中/聚集」，指將資源或力量匯集於某處。</div><div class=""entries-container""><div class=""entry""><div class=""sentence-row""><div class=""sentence"">It is difficult for students to <span class=""target-word"">concentrate</span> <span class=""collocation"">on</span> their studies when there is too much noise coming from the construction site nearby.</div><button class=""tts-button"" data-tts=""It is difficult for students to concentrate on their studies when there is too much noise coming from the construction site nearby."" onclick=""window.playTTS(this.getAttribute('data-tts'))""><svg viewBox=""0 0 24 24"" fill=""none"" stroke=""currentColor"" stroke-width=""2""><polygon points=""5 3 19 12 5 21 5 3""></polygon></svg></button></div><div class=""meta-section""><div class=""translation"">當附近工地傳來太多噪音時，學生很難專注於課業。</div><div class=""entry-explanation"">concentrate on sth 是常見用法，指專心做某事。</div></div></div><div class=""entry""><div class=""sentence-row""><div class=""sentence"">The government decided to <span class=""target-word"">concentrate</span> its <span class=""collocation"">resources</span> <span class=""collocation"">on</span> improving public transportation to reduce traffic congestion in the downtown area.</div><button class=""tts-button"" data-tts=""The government decided to concentrate its resources on improving public transportation to reduce traffic congestion in the downtown area."" onclick=""window.playTTS(this.getAttribute('data-tts'))""><svg viewBox=""0 0 24 24"" fill=""none"" stroke=""currentColor"" stroke-width=""2""><polygon points=""5 3 19 12 5 21 5 3""></polygon></svg></button></div><div class=""meta-section""><div class=""translation"">政府決定將資源集中在改善大眾運輸，以減少市中心的交通擁堵。</div><div class=""entry-explanation"">指將力量或資源集中於特定目標。</div></div></div></div><div class=""related-forms""><span class=""label"">Related:</span> concentrates, concentrated, concentrating</div></div>"
concentration	"<div class=""anki-card-content""><div class=""general-explanation"">名詞用法：(1)「專注/專心」；(2)「濃度/含量」。</div><div class=""entries-container""><div class=""entry""><div class=""sentence-row""><div class=""sentence"">Deep breathing exercises can help improve your <span class=""target-word"">concentration</span> and reduce stress before taking an important final examination at school.</div><button class=""tts-button"" data-tts=""Deep breathing exercises can help improve your concentration and reduce stress before taking an important final examination at school."" onclick=""window.playTTS(this.getAttribute('data-tts'))""><svg viewBox=""0 0 24 24"" fill=""none"" stroke=""currentColor"" stroke-width=""2""><polygon points=""5 3 19 12 5 21 5 3""></polygon></svg></button></div><div class=""meta-section""><div class=""translation"">深呼吸練習有助於在學校參加重要期末考前提升專注力並減輕壓力。</div><div class=""entry-explanation"">指心理上的專注狀態。</div></div></div><div class=""entry""><div class=""sentence-row""><div class=""sentence"">The high <span class=""target-word"">concentration</span> <span class=""collocation"">of</span> carbon dioxide in the atmosphere is considered the primary cause of global warming in recent years.</div><button class=""tts-button"" data-tts=""The high concentration of carbon dioxide in the atmosphere is considered the primary cause of global warming in recent years."" onclick=""window.playTTS(this.getAttribute('data-tts'))""><svg viewBox=""0 0 24 24"" fill=""none"" stroke=""currentColor"" stroke-width=""2""><polygon points=""5 3 19 12 5 21 5 3""></polygon></svg></button></div><div class=""meta-section""><div class=""translation"">大氣中二氧化碳的高濃度被認為是近年來全球暖化的主要原因。</div><div class=""entry-explanation"">指化學或物理上的濃度。</div></div></div></div><div class=""related-forms""><span class=""label"">Related:</span> concentrations</div></div>"
concept	"<div class=""anki-card-content""><div class=""general-explanation"">名詞用法：指「概念/觀念」。常與 abstract (抽象的) 或 basic (基本的) 搭配。</div><div class=""entries-container""><div class=""entry""><div class=""sentence-row""><div class=""sentence"">The teacher explained the difficult scientific <span class=""target-word"">concept</span> <span class=""collocation"">in</span> simple terms so that all the students could understand the core theory easily.</div><button class=""tts-button"" data-tts=""The teacher explained the difficult scientific concept in simple terms so that all the students could understand the core theory easily."" onclick=""window.playTTS(this.getAttribute('data-tts'))""><svg viewBox=""0 0 24 24"" fill=""none"" stroke=""currentColor"" stroke-width=""2""><polygon points=""5 3 19 12 5 21 5 3""></polygon></svg></button></div><div class=""meta-section""><div class=""translation"">老師用簡單的術語解釋了這個困難的科學概念，以便所有學生都能輕鬆理解核心理論。</div><div class=""entry-explanation"">指抽象的科學或學術概念。</div></div></div><div class=""entry""><div class=""sentence-row""><div class=""sentence"">Many teenagers have a different <span class=""target-word"">concept</span> <span class=""collocation"">of</span> success compared to their parents, valuing personal happiness more than high social status.</div><button class=""tts-button"" data-tts=""Many teenagers have a different concept of success compared to their parents, valuing personal happiness more than high social status."" onclick=""window.playTTS(this.getAttribute('data-tts'))""><svg viewBox=""0 0 24 24"" fill=""none"" stroke=""currentColor"" stroke-width=""2""><polygon points=""5 3 19 12 5 21 5 3""></polygon></svg></button></div><div class=""meta-section""><div class=""translation"">許多青少年對成功的觀念與父母不同，他們更重視個人快樂而非崇高的社會地位。</div><div class=""entry-explanation"">指對某事物的認知或觀念。</div></div></div></div><div class=""related-forms""><span class=""label"">Related:</span> concepts, conceptual</div></div>"
concerning	"<div class=""anki-card-content""><div class=""general-explanation"">介係詞用法：意為「關於/涉及」，等於 about 或 regarding。注意它本身即為介係詞，後接名詞。</div><div class=""entries-container""><div class=""entry""><div class=""sentence-row""><div class=""sentence"">The principal sent an email to all parents <span class=""target-word"">concerning</span> the <span class=""collocation"">upcoming</span> school anniversary celebration and the schedule for the sports meet.</div><button class=""tts-button"" data-tts=""The principal sent an email to all parents concerning the upcoming school anniversary celebration and the schedule for the sports meet."" onclick=""window.playTTS(this.getAttribute('data-tts'))""><svg viewBox=""0 0 24 24"" fill=""none"" stroke=""currentColor"" stroke-width=""2""><polygon points=""5 3 19 12 5 21 5 3""></polygon></svg></button></div><div class=""meta-section""><div class=""translation"">校長發了一封電子郵件給所有家長，內容是關於即將到來的校慶慶祝活動以及運動會的時程表。</div><div class=""entry-explanation"">作為介係詞，表示「關於」。</div></div></div><div class=""entry""><div class=""sentence-row""><div class=""sentence"">There are many questions <span class=""target-word"">concerning</span> the <span class=""collocation"">safety</span> of the new technology, so the experts will hold a meeting to discuss it.</div><button class=""tts-button"" data-tts=""There are many questions concerning the safety of the new technology, so the experts will hold a meeting to discuss it."" onclick=""window.playTTS(this.getAttribute('data-tts'))""><svg viewBox=""0 0 24 24"" fill=""none"" stroke=""currentColor"" stroke-width=""2""><polygon points=""5 3 19 12 5 21 5 3""></polygon></svg></button></div><div class=""meta-section""><div class=""translation"">有許多關於這項新技術安全性的問題，因此專家們將召開會議進行討論。</div><div class=""entry-explanation"">用於引出討論的主題。</div></div></div></div><div class=""related-forms""><span class=""label"">Related:</span> concern</div></div>"
concrete	"<div class=""anki-card-content""><div class=""general-explanation"">用法：(1) 形容詞「具體的/實體的」；(2) 名詞「混凝土」。與 abstract (抽象的) 相對。</div><div class=""entries-container""><div class=""entry""><div class=""sentence-row""><div class=""sentence"">Instead of making vague promises, the candidate provided <span class=""target-word"">concrete</span> <span class=""collocation"">evidence</span> to show how he would improve the local economy.</div><button class=""tts-button"" data-tts=""Instead of making vague promises, the candidate provided concrete evidence to show how he would improve the local economy."" onclick=""window.playTTS(this.getAttribute('data-tts'))""><svg viewBox=""0 0 24 24"" fill=""none"" stroke=""currentColor"" stroke-width=""2""><polygon points=""5 3 19 12 5 21 5 3""></polygon></svg></button></div><div class=""meta-section""><div class=""translation"">候選人沒有做出模糊的承諾，而是提供了具體的證據來展示他將如何改善當地經濟。</div><div class=""entry-explanation"">形容詞，指具體的、實質的。</div></div></div><div class=""entry""><div class=""sentence-row""><div class=""sentence"">The workers poured wet <span class=""target-word"">concrete</span> <span class=""collocation"">into</span> the wooden frames to build the foundation of the new library building on campus.</div><button class=""tts-button"" data-tts=""The workers poured wet concrete into the wooden frames to build the foundation of the new library building on campus."" onclick=""window.playTTS(this.getAttribute('data-tts'))""><svg viewBox=""0 0 24 24"" fill=""none"" stroke=""currentColor"" stroke-width=""2""><polygon points=""5 3 19 12 5 21 5 3""></polygon></svg></button></div><div class=""meta-section""><div class=""translation"">工人們將濕混凝土倒入木框中，以建造校園內新圖書館大樓的地基。</div><div class=""entry-explanation"">名詞，指建築材料混凝土。</div></div></div></div><div class=""related-forms""><span class=""label"">Related:</span> concretes</div></div>"
conductor	"<div class=""anki-card-content""><div class=""general-explanation"">名詞用法：(1)「指揮家」；(2)「導體」(物理學)；(3)「列車長/售票員」。</div><div class=""entries-container""><div class=""entry""><div class=""sentence-row""><div class=""sentence"">The talented <span class=""target-word"">conductor</span> waved his baton to lead the orchestra through a beautiful performance of Beethoven's famous symphony last night.</div><button class=""tts-button"" data-tts=""The talented conductor waved his baton to lead the orchestra through a beautiful performance of Beethoven&#x27;s famous symphony last night."" onclick=""window.playTTS(this.getAttribute('data-tts'))""><svg viewBox=""0 0 24 24"" fill=""none"" stroke=""currentColor"" stroke-width=""2""><polygon points=""5 3 19 12 5 21 5 3""></polygon></svg></button></div><div class=""meta-section""><div class=""translation"">那位才華洋溢的指揮家揮動指揮棒，帶領管弦樂團在昨晚演奏了貝多芬著名的交響曲。</div><div class=""entry-explanation"">指音樂指揮。</div></div></div><div class=""entry""><div class=""sentence-row""><div class=""sentence"">Copper is known as an excellent <span class=""target-word"">conductor</span> <span class=""collocation"">of</span> electricity, which is why it is widely used in various electronic devices today.</div><button class=""tts-button"" data-tts=""Copper is known as an excellent conductor of electricity, which is why it is widely used in various electronic devices today."" onclick=""window.playTTS(this.getAttribute('data-tts'))""><svg viewBox=""0 0 24 24"" fill=""none"" stroke=""currentColor"" stroke-width=""2""><polygon points=""5 3 19 12 5 21 5 3""></polygon></svg></button></div><div class=""meta-section""><div class=""translation"">銅被認為是極佳的導體，這就是為什麼它今天被廣泛用於各種電子設備中。</div><div class=""entry-explanation"">指物理學上的導體。</div></div></div></div><div class=""related-forms""><span class=""label"">Related:</span> conductors, conduct</div></div>"
conference	"<div class=""anki-card-content""><div class=""general-explanation"">名詞用法：指「會議/研討會」，通常規模較大且正式。常用搭配：attend a conference, hold a conference。</div><div class=""entries-container""><div class=""entry""><div class=""sentence-row""><div class=""sentence"">Experts from around the world gathered at the international <span class=""target-word"">conference</span> <span class=""collocation"">to</span> share their latest research findings on climate change mitigation.</div><button class=""tts-button"" data-tts=""Experts from around the world gathered at the international conference to share their latest research findings on climate change mitigation."" onclick=""window.playTTS(this.getAttribute('data-tts'))""><svg viewBox=""0 0 24 24"" fill=""none"" stroke=""currentColor"" stroke-width=""2""><polygon points=""5 3 19 12 5 21 5 3""></polygon></svg></button></div><div class=""meta-section""><div class=""translation"">來自世界各地的專家齊聚國際會議，分享他們在減緩氣候變遷方面的最新研究成果。</div><div class=""entry-explanation"">指正式的國際會議。</div></div></div><div class=""entry""><div class=""sentence-row""><div class=""sentence"">The professor will attend a three-day academic <span class=""target-word"">conference</span> in Tokyo next month to present his paper on modern linguistics.</div><button class=""tts-button"" data-tts=""The professor will attend a three-day academic conference in Tokyo next month to present his paper on modern linguistics."" onclick=""window.playTTS(this.getAttribute('data-tts'))""><svg viewBox=""0 0 24 24"" fill=""none"" stroke=""currentColor"" stroke-width=""2""><polygon points=""5 3 19 12 5 21 5 3""></polygon></svg></button></div><div class=""meta-section""><div class=""translation"">教授下個月將前往東京參加為期三天的學術研討會，發表他關於現代語言學的論文。</div><div class=""entry-explanation"">指學術性的研討會。</div></div></div></div><div class=""related-forms""><span class=""label"">Related:</span> conferences</div></div>"
confess	"<div class=""anki-card-content""><div class=""general-explanation"">動詞用法：(1)「坦承/招供」；(2)「懺悔」。常搭配 to + V-ing 或名詞。</div><div class=""entries-container""><div class=""entry""><div class=""sentence-row""><div class=""sentence"">The thief finally <span class=""target-word"">confessed</span> <span class=""collocation"">to</span> stealing the expensive diamond necklace after the police presented him with undeniable video evidence.</div><button class=""tts-button"" data-tts=""The thief finally confessed to stealing the expensive diamond necklace after the police presented him with undeniable video evidence."" onclick=""window.playTTS(this.getAttribute('data-tts'))""><svg viewBox=""0 0 24 24"" fill=""none"" stroke=""currentColor"" stroke-width=""2""><polygon points=""5 3 19 12 5 21 5 3""></polygon></svg></button></div><div class=""meta-section""><div class=""translation"">在警方出示了不可否認的影片證據後，小偷終於坦承偷了那條昂貴的鑽石項鍊。</div><div class=""entry-explanation"">confess to + V-ing 是常見用法，注意介係詞 to 不能省略。</div></div></div><div class=""entry""><div class=""sentence-row""><div class=""sentence"">I must <span class=""target-word"">confess</span> <span class=""collocation"">that</span> I forgot to finish the report on time, even though I had plenty of time to work on it.</div><button class=""tts-button"" data-tts=""I must confess that I forgot to finish the report on time, even though I had plenty of time to work on it."" onclick=""window.playTTS(this.getAttribute('data-tts'))""><svg viewBox=""0 0 24 24"" fill=""none"" stroke=""currentColor"" stroke-width=""2""><polygon points=""5 3 19 12 5 21 5 3""></polygon></svg></button></div><div class=""meta-section""><div class=""translation"">我必須承認我忘了準時完成報告，儘管我有充足的時間來處理它。</div><div class=""entry-explanation"">confess that 子句，用於坦承事實。</div></div></div></div><div class=""related-forms""><span class=""label"">Related:</span> confesses, confessed, confessing, confession</div></div>"
confidence	"<div class=""anki-card-content""><div class=""general-explanation"">名詞用法：指「信心/自信」。常用搭配：have confidence in sb/sth, gain confidence。</div><div class=""entries-container""><div class=""entry""><div class=""sentence-row""><div class=""sentence"">The coach has full <span class=""target-word"">confidence</span> <span class=""collocation"">in</span> his team's ability to win the championship if they continue to practice hard every day.</div><button class=""tts-button"" data-tts=""The coach has full confidence in his team&#x27;s ability to win the championship if they continue to practice hard every day."" onclick=""window.playTTS(this.getAttribute('data-tts'))""><svg viewBox=""0 0 24 24"" fill=""none"" stroke=""currentColor"" stroke-width=""2""><polygon points=""5 3 19 12 5 21 5 3""></polygon></svg></button></div><div class=""meta-section""><div class=""translation"">教練對他的球隊有十足的信心，只要他們繼續每天努力練習，就能贏得冠軍。</div><div class=""entry-explanation"">have confidence in 是固定搭配。</div></div></div><div class=""entry""><div class=""sentence-row""><div class=""sentence"">Public <span class=""target-word"">confidence</span> <span class=""collocation"">in</span> the economy has increased significantly since the government announced the new plan to create more job opportunities.</div><button class=""tts-button"" data-tts=""Public confidence in the economy has increased significantly since the government announced the new plan to create more job opportunities."" onclick=""window.playTTS(this.getAttribute('data-tts'))""><svg viewBox=""0 0 24 24"" fill=""none"" stroke=""currentColor"" stroke-width=""2""><polygon points=""5 3 19 12 5 21 5 3""></polygon></svg></button></div><div class=""meta-section""><div class=""translation"">自從政府宣布創造更多就業機會的新計畫以來，大眾對經濟的信心顯著提升。</div><div class=""entry-explanation"">指大眾對某事物的信任。</div></div></div></div><div class=""related-forms""><span class=""label"">Related:</span> confident</div></div>"
confusion	"<div class=""anki-card-content""><div class=""general-explanation"">名詞用法：指「困惑/混亂」。常用搭配：cause confusion, in a state of confusion。</div><div class=""entries-container""><div class=""entry""><div class=""sentence-row""><div class=""sentence"">The sudden change in the exam schedule caused a lot of <span class=""target-word"">confusion</span> <span class=""collocation"">among</span> the students who had already made other plans.</div><button class=""tts-button"" data-tts=""The sudden change in the exam schedule caused a lot of confusion among the students who had already made other plans."" onclick=""window.playTTS(this.getAttribute('data-tts'))""><svg viewBox=""0 0 24 24"" fill=""none"" stroke=""currentColor"" stroke-width=""2""><polygon points=""5 3 19 12 5 21 5 3""></polygon></svg></button></div><div class=""meta-section""><div class=""translation"">考試時間表的突然變更在已經另有計畫的學生之間造成了許多困惑。</div><div class=""entry-explanation"">指心理上的困惑。</div></div></div><div class=""entry""><div class=""sentence-row""><div class=""sentence"">There was a great deal of <span class=""target-word"">confusion</span> <span class=""collocation"">at</span> the airport because of the heavy snow, leading to many flight cancellations and delays.</div><button class=""tts-button"" data-tts=""There was a great deal of confusion at the airport because of the heavy snow, leading to many flight cancellations and delays."" onclick=""window.playTTS(this.getAttribute('data-tts'))""><svg viewBox=""0 0 24 24"" fill=""none"" stroke=""currentColor"" stroke-width=""2""><polygon points=""5 3 19 12 5 21 5 3""></polygon></svg></button></div><div class=""meta-section""><div class=""translation"">由於大雪，機場陷入一片混亂，導致許多航班取消和延誤。</div><div class=""entry-explanation"">指現場的混亂狀態。</div></div></div></div><div class=""related-forms""><span class=""label"">Related:</span> confuse, confused, confusing</div></div>"
congratulate	"<div class=""anki-card-content""><div class=""general-explanation"">動詞用法：指「恭喜/祝賀」。常用句型：congratulate sb on sth。</div><div class=""entries-container""><div class=""entry""><div class=""sentence-row""><div class=""sentence"">The principal stood on the stage to <span class=""target-word"">congratulate</span> the graduates <span class=""collocation"">on</span> their outstanding academic achievements during the past three years.</div><button class=""tts-button"" data-tts=""The principal stood on the stage to congratulate the graduates on their outstanding academic achievements during the past three years."" onclick=""window.playTTS(this.getAttribute('data-tts'))""><svg viewBox=""0 0 24 24"" fill=""none"" stroke=""currentColor"" stroke-width=""2""><polygon points=""5 3 19 12 5 21 5 3""></polygon></svg></button></div><div class=""meta-section""><div class=""translation"">校長站在台上恭喜畢業生在過去三年中取得的傑出學術成就。</div><div class=""entry-explanation"">congratulate sb on sth 是固定用法。</div></div></div><div class=""entry""><div class=""sentence-row""><div class=""sentence"">I would like to <span class=""target-word"">congratulate</span> you <span class=""collocation"">on</span> winning the first prize in the national English speech contest held last weekend.</div><button class=""tts-button"" data-tts=""I would like to congratulate you on winning the first prize in the national English speech contest held last weekend."" onclick=""window.playTTS(this.getAttribute('data-tts'))""><svg viewBox=""0 0 24 24"" fill=""none"" stroke=""currentColor"" stroke-width=""2""><polygon points=""5 3 19 12 5 21 5 3""></polygon></svg></button></div><div class=""meta-section""><div class=""translation"">我想恭喜你在上週末舉行的全國英語演講比賽中獲得第一名。</div><div class=""entry-explanation"">用於正式場合的祝賀。</div></div></div></div><div class=""related-forms""><span class=""label"">Related:</span> congratulates, congratulated, congratulating, congratulation</div></div>"
congress	"<div class=""anki-card-content""><div class=""general-explanation"">名詞用法：(1)「國會」(大寫時指美國國會)；(2)「正式會議」。</div><div class=""entries-container""><div class=""entry""><div class=""sentence-row""><div class=""sentence"">The members of <span class=""target-word"">Congress</span> are currently debating the new tax law to decide whether it will benefit the middle class citizens.</div><button class=""tts-button"" data-tts=""The members of Congress are currently debating the new tax law to decide whether it will benefit the middle class citizens."" onclick=""window.playTTS(this.getAttribute('data-tts'))""><svg viewBox=""0 0 24 24"" fill=""none"" stroke=""currentColor"" stroke-width=""2""><polygon points=""5 3 19 12 5 21 5 3""></polygon></svg></button></div><div class=""meta-section""><div class=""translation"">國會議員目前正在辯論新的稅法，以決定它是否會造福中產階級公民。</div><div class=""entry-explanation"">指美國國會，首字母通常大寫。</div></div></div><div class=""entry""><div class=""sentence-row""><div class=""sentence"">The international medical <span class=""target-word"">congress</span> will take place in Geneva next month to discuss the latest developments in vaccine research and production.</div><button class=""tts-button"" data-tts=""The international medical congress will take place in Geneva next month to discuss the latest developments in vaccine research and production."" onclick=""window.playTTS(this.getAttribute('data-tts'))""><svg viewBox=""0 0 24 24"" fill=""none"" stroke=""currentColor"" stroke-width=""2""><polygon points=""5 3 19 12 5 21 5 3""></polygon></svg></button></div><div class=""meta-section""><div class=""translation"">國際醫學會議將於下個月在日內瓦舉行，討論疫苗研究和生產方面的最新進展。</div><div class=""entry-explanation"">指大型的正式學術或專業會議。</div></div></div></div><div class=""related-forms""><span class=""label"">Related:</span> congresses, congressional</div></div>"
conquer	"<div class=""anki-card-content""><div class=""general-explanation"">動詞用法：(1)「征服/克服」；(2)「佔領」。</div><div class=""entries-container""><div class=""entry""><div class=""sentence-row""><div class=""sentence"">With great determination and constant practice, the young athlete finally managed to <span class=""target-word"">conquer</span> his <span class=""collocation"">fear</span> of heights during the climbing competition.</div><button class=""tts-button"" data-tts=""With great determination and constant practice, the young athlete finally managed to conquer his fear of heights during the climbing competition."" onclick=""window.playTTS(this.getAttribute('data-tts'))""><svg viewBox=""0 0 24 24"" fill=""none"" stroke=""currentColor"" stroke-width=""2""><polygon points=""5 3 19 12 5 21 5 3""></polygon></svg></button></div><div class=""meta-section""><div class=""translation"">憑藉著巨大的決心和不斷的練習，這位年輕運動員終於在攀岩比賽中克服了他對高度的恐懼。</div><div class=""entry-explanation"">指克服心理障礙。</div></div></div><div class=""entry""><div class=""sentence-row""><div class=""sentence"">In ancient history, many powerful empires tried to <span class=""target-word"">conquer</span> neighboring territories to expand their influence and gain more natural resources.</div><button class=""tts-button"" data-tts=""In ancient history, many powerful empires tried to conquer neighboring territories to expand their influence and gain more natural resources."" onclick=""window.playTTS(this.getAttribute('data-tts'))""><svg viewBox=""0 0 24 24"" fill=""none"" stroke=""currentColor"" stroke-width=""2""><polygon points=""5 3 19 12 5 21 5 3""></polygon></svg></button></div><div class=""meta-section""><div class=""translation"">在古代歷史中，許多強大的帝國試圖征服鄰近領土以擴大影響力並獲得更多自然資源。</div><div class=""entry-explanation"">指軍事上的征服或佔領。</div></div></div></div><div class=""related-forms""><span class=""label"">Related:</span> conquers, conquered, conquering, conquest</div></div>"
conscience	"<div class=""anki-card-content""><div class=""general-explanation"">名詞用法：指「良心」。常用搭配：clear conscience (問心無愧), guilty conscience (良心不安)。</div><div class=""entries-container""><div class=""entry""><div class=""sentence-row""><div class=""sentence"">He felt a guilty <span class=""target-word"">conscience</span> <span class=""collocation"">after</span> he realized that he had accidentally broken his friend's favorite vase and didn't tell the truth.</div><button class=""tts-button"" data-tts=""He felt a guilty conscience after he realized that he had accidentally broken his friend&#x27;s favorite vase and didn&#x27;t tell the truth."" onclick=""window.playTTS(this.getAttribute('data-tts'))""><svg viewBox=""0 0 24 24"" fill=""none"" stroke=""currentColor"" stroke-width=""2""><polygon points=""5 3 19 12 5 21 5 3""></polygon></svg></button></div><div class=""meta-section""><div class=""translation"">在他意識到自己不小心打破了朋友最喜歡的花瓶卻沒有說實話後，他感到良心不安。</div><div class=""entry-explanation"">指內心的道德感。</div></div></div><div class=""entry""><div class=""sentence-row""><div class=""sentence"">Having a clear <span class=""target-word"">conscience</span> allows you to sleep peacefully at night, knowing that you have always acted with honesty and integrity.</div><button class=""tts-button"" data-tts=""Having a clear conscience allows you to sleep peacefully at night, knowing that you have always acted with honesty and integrity."" onclick=""window.playTTS(this.getAttribute('data-tts'))""><svg viewBox=""0 0 24 24"" fill=""none"" stroke=""currentColor"" stroke-width=""2""><polygon points=""5 3 19 12 5 21 5 3""></polygon></svg></button></div><div class=""meta-section""><div class=""translation"">擁有問心無愧的良心讓你晚上能睡得安穩，因為你知道自己一直以來都誠實且正直地行事。</div><div class=""entry-explanation"">clear conscience 指問心無愧。</div></div></div></div><div class=""related-forms""><span class=""label"">Related:</span> consciences, conscientious</div></div>"
consequence	"<div class=""anki-card-content""><div class=""general-explanation"">名詞用法：指「結果/後果」。常指負面後果。常用搭配：suffer the consequences, in consequence of。</div><div class=""entries-container""><div class=""entry""><div class=""sentence-row""><div class=""sentence"">If you continue to ignore the school rules, you will have to face the serious <span class=""target-word"">consequence</span> <span class=""collocation"">of</span> being suspended from your classes.</div><button class=""tts-button"" data-tts=""If you continue to ignore the school rules, you will have to face the serious consequence of being suspended from your classes."" onclick=""window.playTTS(this.getAttribute('data-tts'))""><svg viewBox=""0 0 24 24"" fill=""none"" stroke=""currentColor"" stroke-width=""2""><polygon points=""5 3 19 12 5 21 5 3""></polygon></svg></button></div><div class=""meta-section""><div class=""translation"">如果你繼續無視校規，你將必須面對被停課的嚴重後果。</div><div class=""entry-explanation"">指行為帶來的負面結果。</div></div></div><div class=""entry""><div class=""sentence-row""><div class=""sentence"">The environmental damage is a direct <span class=""target-word"">consequence</span> <span class=""collocation"">of</span> industrial pollution, which has affected the health of local residents for many years.</div><button class=""tts-button"" data-tts=""The environmental damage is a direct consequence of industrial pollution, which has affected the health of local residents for many years."" onclick=""window.playTTS(this.getAttribute('data-tts'))""><svg viewBox=""0 0 24 24"" fill=""none"" stroke=""currentColor"" stroke-width=""2""><polygon points=""5 3 19 12 5 21 5 3""></polygon></svg></button></div><div class=""meta-section""><div class=""translation"">環境破壞是工業污染的直接後果，這多年來已經影響了當地居民的健康。</div><div class=""entry-explanation"">指因果關係中的結果。</div></div></div></div><div class=""related-forms""><span class=""label"">Related:</span> consequences</div></div>"
consequent	"<div class=""anki-card-content""><div class=""general-explanation"">形容詞用法：指「隨之發生的/作為結果的」。常與 on 或 upon 搭配。</div><div class=""entries-container""><div class=""entry""><div class=""sentence-row""><div class=""sentence"">The economic crisis and the <span class=""target-word"">consequent</span> <span class=""collocation"">rise</span> in unemployment rates have made it difficult for many families to afford basic living expenses.</div><button class=""tts-button"" data-tts=""The economic crisis and the consequent rise in unemployment rates have made it difficult for many families to afford basic living expenses."" onclick=""window.playTTS(this.getAttribute('data-tts'))""><svg viewBox=""0 0 24 24"" fill=""none"" stroke=""currentColor"" stroke-width=""2""><polygon points=""5 3 19 12 5 21 5 3""></polygon></svg></button></div><div class=""meta-section""><div class=""translation"">經濟危機以及隨之而來的失業率上升，使得許多家庭難以負擔基本生活開銷。</div><div class=""entry-explanation"">指因某事而隨之發生的結果。</div></div></div><div class=""entry""><div class=""sentence-row""><div class=""sentence"">Heavy rainfall and the <span class=""target-word"">consequent</span> <span class=""collocation"">flooding</span> in the low-lying areas forced the local government to evacuate all the residents immediately.</div><button class=""tts-button"" data-tts=""Heavy rainfall and the consequent flooding in the low-lying areas forced the local government to evacuate all the residents immediately."" onclick=""window.playTTS(this.getAttribute('data-tts'))""><svg viewBox=""0 0 24 24"" fill=""none"" stroke=""currentColor"" stroke-width=""2""><polygon points=""5 3 19 12 5 21 5 3""></polygon></svg></button></div><div class=""meta-section""><div class=""translation"">強降雨以及隨之而來的低窪地區淹水，迫使當地政府立即撤離所有居民。</div><div class=""entry-explanation"">指因果鏈中的後續事件。</div></div></div></div><div class=""related-forms""><span class=""label"">Related:</span> consequently</div></div>"
conservative	"<div class=""anki-card-content""><div class=""general-explanation"">用法：(1) 形容詞「保守的」；(2) 名詞「保守派人士」。</div><div class=""entries-container""><div class=""entry""><div class=""sentence-row""><div class=""sentence"">My grandfather has very <span class=""target-word"">conservative</span> <span class=""collocation"">views</span> on fashion, preferring to wear traditional clothes rather than following the latest trends among teenagers.</div><button class=""tts-button"" data-tts=""My grandfather has very conservative views on fashion, preferring to wear traditional clothes rather than following the latest trends among teenagers."" onclick=""window.playTTS(this.getAttribute('data-tts'))""><svg viewBox=""0 0 24 24"" fill=""none"" stroke=""currentColor"" stroke-width=""2""><polygon points=""5 3 19 12 5 21 5 3""></polygon></svg></button></div><div class=""meta-section""><div class=""translation"">我祖父對時尚有非常保守的看法，寧願穿傳統服裝，也不願追隨青少年間的最新潮流。</div><div class=""entry-explanation"">形容詞，指思想保守。</div></div></div><div class=""entry""><div class=""sentence-row""><div class=""sentence"">The <span class=""target-word"">conservative</span> <span class=""collocation"">estimate</span> of the project's cost is around one million dollars, but the actual expenses might be even higher than that.</div><button class=""tts-button"" data-tts=""The conservative estimate of the project&#x27;s cost is around one million dollars, but the actual expenses might be even higher than that."" onclick=""window.playTTS(this.getAttribute('data-tts'))""><svg viewBox=""0 0 24 24"" fill=""none"" stroke=""currentColor"" stroke-width=""2""><polygon points=""5 3 19 12 5 21 5 3""></polygon></svg></button></div><div class=""meta-section""><div class=""translation"">該計畫成本的保守估計約為一百萬美元，但實際支出可能會比那更高。</div><div class=""entry-explanation"">指數字上的「保守估計」。</div></div></div></div><div class=""related-forms""><span class=""label"">Related:</span> conservatives, conservatism</div></div>"
consist	"<div class=""anki-card-content""><div class=""general-explanation"">動詞用法：指「由...組成/構成」。固定搭配：consist of (不可用於被動語態)。</div><div class=""entries-container""><div class=""entry""><div class=""sentence-row""><div class=""sentence"">A balanced diet should <span class=""target-word"">consist</span> <span class=""collocation"">of</span> a variety of foods, including vegetables, fruits, proteins, and whole grains for better health.</div><button class=""tts-button"" data-tts=""A balanced diet should consist of a variety of foods, including vegetables, fruits, proteins, and whole grains for better health."" onclick=""window.playTTS(this.getAttribute('data-tts'))""><svg viewBox=""0 0 24 24"" fill=""none"" stroke=""currentColor"" stroke-width=""2""><polygon points=""5 3 19 12 5 21 5 3""></polygon></svg></button></div><div class=""meta-section""><div class=""translation"">均衡飲食應該由多種食物組成，包括蔬菜、水果、蛋白質和全穀類，以獲得更好的健康。</div><div class=""entry-explanation"">consist of 是固定用法，指組成成分。</div></div></div><div class=""entry""><div class=""sentence-row""><div class=""sentence"">The committee <span class=""target-word"">consists</span> <span class=""collocation"">of</span> five experienced teachers who are responsible for organizing all the school events throughout the academic year.</div><button class=""tts-button"" data-tts=""The committee consists of five experienced teachers who are responsible for organizing all the school events throughout the academic year."" onclick=""window.playTTS(this.getAttribute('data-tts'))""><svg viewBox=""0 0 24 24"" fill=""none"" stroke=""currentColor"" stroke-width=""2""><polygon points=""5 3 19 12 5 21 5 3""></polygon></svg></button></div><div class=""meta-section""><div class=""translation"">該委員會由五位經驗豐富的老師組成，他們負責組織整個學年中所有的學校活動。</div><div class=""entry-explanation"">注意主詞為單數時，動詞要加 s。</div></div></div></div><div class=""related-forms""><span class=""label"">Related:</span> consists, consisted, consisting</div></div>"
consistent	"<div class=""anki-card-content""><div class=""general-explanation"">形容詞用法：(1)「一致的/連貫的」；(2)「持續的」。常用搭配：be consistent with (與...一致)。</div><div class=""entries-container""><div class=""entry""><div class=""sentence-row""><div class=""sentence"">His actions are not <span class=""target-word"">consistent</span> <span class=""collocation"">with</span> his words, which makes it hard for his classmates to trust him in the future.</div><button class=""tts-button"" data-tts=""His actions are not consistent with his words, which makes it hard for his classmates to trust him in the future."" onclick=""window.playTTS(this.getAttribute('data-tts'))""><svg viewBox=""0 0 24 24"" fill=""none"" stroke=""currentColor"" stroke-width=""2""><polygon points=""5 3 19 12 5 21 5 3""></polygon></svg></button></div><div class=""meta-section""><div class=""translation"">他的行為與他的言語不一致，這使得他的同學未來很難信任他。</div><div class=""entry-explanation"">be consistent with 是固定搭配，指與某事相符。</div></div></div><div class=""entry""><div class=""sentence-row""><div class=""sentence"">The athlete has shown <span class=""target-word"">consistent</span> <span class=""collocation"">performance</span> throughout the season, winning medals in almost every competition she has participated in this year.</div><button class=""tts-button"" data-tts=""The athlete has shown consistent performance throughout the season, winning medals in almost every competition she has participated in this year."" onclick=""window.playTTS(this.getAttribute('data-tts'))""><svg viewBox=""0 0 24 24"" fill=""none"" stroke=""currentColor"" stroke-width=""2""><polygon points=""5 3 19 12 5 21 5 3""></polygon></svg></button></div><div class=""meta-section""><div class=""translation"">這位運動員在整個賽季中表現穩定，在今年參加的幾乎每場比賽中都贏得了獎牌。</div><div class=""entry-explanation"">指表現持續且穩定。</div></div></div></div><div class=""related-forms""><span class=""label"">Related:</span> consistency</div></div>"
constitute	"<div class=""anki-card-content""><div class=""general-explanation"">動詞，意為「構成、組成」或「被視為」。常與「整體」搭配，強調部分組成整體。注意主詞通常是部分，受詞是整體。</div><div class=""entries-container""><div class=""entry""><div class=""sentence-row""><div class=""sentence"">These small, local businesses <span class=""target-word"">constitute</span> <span class=""collocation"">a</span> significant <span class=""collocation"">part</span> of the national economy, providing jobs for thousands of people every year.</div><button class=""tts-button"" data-tts=""These small, local businesses constitute a significant part of the national economy, providing jobs for thousands of people every year."" onclick=""window.playTTS(this.getAttribute('data-tts'))""><svg viewBox=""0 0 24 24"" fill=""none"" stroke=""currentColor"" stroke-width=""2""><polygon points=""5 3 19 12 5 21 5 3""></polygon></svg></button></div><div class=""meta-section""><div class=""translation"">這些小型在地企業構成了國民經濟的重要部分，每年為數千人提供就業機會。</div><div class=""entry-explanation"">表「構成」，常接整體名詞。此處為構成整體的一部分。</div></div></div><div class=""entry""><div class=""sentence-row""><div class=""sentence"">The lack of evidence does not <span class=""target-word"">constitute</span> <span class=""collocation"">a</span> valid <span class=""collocation"">reason</span> to dismiss the serious allegations against the manager of the company.</div><button class=""tts-button"" data-tts=""The lack of evidence does not constitute a valid reason to dismiss the serious allegations against the manager of the company."" onclick=""window.playTTS(this.getAttribute('data-tts'))""><svg viewBox=""0 0 24 24"" fill=""none"" stroke=""currentColor"" stroke-width=""2""><polygon points=""5 3 19 12 5 21 5 3""></polygon></svg></button></div><div class=""meta-section""><div class=""translation"">缺乏證據並不構成駁回針對該公司經理之嚴重指控的合理理由。</div><div class=""entry-explanation"">表「被視為/等於」，常與否定句連用，表示某事不構成某種狀態。</div></div></div></div><div class=""related-forms""><span class=""label"">Related:</span> constitutes, constituted, constituting</div></div>"
constitution	"<div class=""anki-card-content""><div class=""general-explanation"">名詞，意為「憲法」或「體質、構造」。GSAT常考「憲法」之義，需注意與政治相關的詞彙搭配。</div><div class=""entries-container""><div class=""entry""><div class=""sentence-row""><div class=""sentence"">The government is debating whether to amend the <span class=""target-word"">constitution</span> to <span class=""collocation"">protect</span> the fundamental <span class=""collocation"">rights</span> of all citizens in the country.</div><button class=""tts-button"" data-tts=""The government is debating whether to amend the constitution to protect the fundamental rights of all citizens in the country."" onclick=""window.playTTS(this.getAttribute('data-tts'))""><svg viewBox=""0 0 24 24"" fill=""none"" stroke=""currentColor"" stroke-width=""2""><polygon points=""5 3 19 12 5 21 5 3""></polygon></svg></button></div><div class=""meta-section""><div class=""translation"">政府正在辯論是否要修正憲法，以保護該國所有公民的基本權利。</div><div class=""entry-explanation"">表「憲法」。常見搭配：amend/violate the constitution。</div></div></div><div class=""entry""><div class=""sentence-row""><div class=""sentence"">Due to her weak <span class=""target-word"">constitution</span>, she often catches a cold when the weather changes suddenly during the winter season.</div><button class=""tts-button"" data-tts=""Due to her weak constitution, she often catches a cold when the weather changes suddenly during the winter season."" onclick=""window.playTTS(this.getAttribute('data-tts'))""><svg viewBox=""0 0 24 24"" fill=""none"" stroke=""currentColor"" stroke-width=""2""><polygon points=""5 3 19 12 5 21 5 3""></polygon></svg></button></div><div class=""meta-section""><div class=""translation"">由於她體質虛弱，每當冬季天氣突然變化時，她就很容易感冒。</div><div class=""entry-explanation"">表「體質」。形容詞常搭配 weak, strong, healthy。</div></div></div></div><div class=""related-forms""><span class=""label"">Related:</span> constitutions</div></div>"
construct	"<div class=""anki-card-content""><div class=""general-explanation"">動詞，意為「建造、構築」。亦可指抽象概念的「構建」。注意與 construction 的詞性區別。</div><div class=""entries-container""><div class=""entry""><div class=""sentence-row""><div class=""sentence"">The city council plans to <span class=""target-word"">construct</span> <span class=""collocation"">a</span> new <span class=""collocation"">bridge</span> across the river to reduce traffic congestion during the morning rush hour.</div><button class=""tts-button"" data-tts=""The city council plans to construct a new bridge across the river to reduce traffic congestion during the morning rush hour."" onclick=""window.playTTS(this.getAttribute('data-tts'))""><svg viewBox=""0 0 24 24"" fill=""none"" stroke=""currentColor"" stroke-width=""2""><polygon points=""5 3 19 12 5 21 5 3""></polygon></svg></button></div><div class=""meta-section""><div class=""translation"">市議會計畫在河上建造一座新橋，以減少早晨尖峰時刻的交通擁堵。</div><div class=""entry-explanation"">表「建造」。常與 bridge, building, road 等實體名詞連用。</div></div></div><div class=""entry""><div class=""sentence-row""><div class=""sentence"">It is difficult for students to <span class=""target-word"">construct</span> <span class=""collocation"">a</span> logical <span class=""collocation"">argument</span> if they do not have enough background knowledge on the topic.</div><button class=""tts-button"" data-tts=""It is difficult for students to construct a logical argument if they do not have enough background knowledge on the topic."" onclick=""window.playTTS(this.getAttribute('data-tts'))""><svg viewBox=""0 0 24 24"" fill=""none"" stroke=""currentColor"" stroke-width=""2""><polygon points=""5 3 19 12 5 21 5 3""></polygon></svg></button></div><div class=""meta-section""><div class=""translation"">如果學生對該主題沒有足夠的背景知識，就很難構建出合乎邏輯的論點。</div><div class=""entry-explanation"">表「構建（抽象概念）」。常搭配 argument, theory, sentence。</div></div></div></div><div class=""related-forms""><span class=""label"">Related:</span> constructs, constructed, constructing</div></div>"
construction	"<div class=""anki-card-content""><div class=""general-explanation"">名詞，意為「建造、建築工程」。常指正在進行的工程狀態。</div><div class=""entries-container""><div class=""entry""><div class=""sentence-row""><div class=""sentence"">The new library is currently <span class=""collocation"">under</span> <span class=""target-word"">construction</span>, so students will have to use the temporary study room for the next semester.</div><button class=""tts-button"" data-tts=""The new library is currently under construction, so students will have to use the temporary study room for the next semester."" onclick=""window.playTTS(this.getAttribute('data-tts'))""><svg viewBox=""0 0 24 24"" fill=""none"" stroke=""currentColor"" stroke-width=""2""><polygon points=""5 3 19 12 5 21 5 3""></polygon></svg></button></div><div class=""meta-section""><div class=""translation"">新圖書館目前正在施工中，所以學生下學期必須使用臨時自習室。</div><div class=""entry-explanation"">片語 under construction 是固定用法，表「施工中」。</div></div></div><div class=""entry""><div class=""sentence-row""><div class=""sentence"">Safety regulations must be strictly followed at the <span class=""target-word"">construction</span> <span class=""collocation"">site</span> to prevent any accidents among the workers on duty.</div><button class=""tts-button"" data-tts=""Safety regulations must be strictly followed at the construction site to prevent any accidents among the workers on duty."" onclick=""window.playTTS(this.getAttribute('data-tts'))""><svg viewBox=""0 0 24 24"" fill=""none"" stroke=""currentColor"" stroke-width=""2""><polygon points=""5 3 19 12 5 21 5 3""></polygon></svg></button></div><div class=""meta-section""><div class=""translation"">建築工地必須嚴格遵守安全規定，以防止值班工人發生任何意外。</div><div class=""entry-explanation"">表「建築的」。construction site 為常見複合名詞。</div></div></div></div><div class=""related-forms""><span class=""label"">Related:</span> constructions</div></div>"
constructive	"<div class=""anki-card-content""><div class=""general-explanation"">形容詞，意為「建設性的」。常用於形容建議、批評或意見，表示對改進有幫助。</div><div class=""entries-container""><div class=""entry""><div class=""sentence-row""><div class=""sentence"">The teacher provided <span class=""target-word"">constructive</span> <span class=""collocation"">feedback</span> on my essay, which helped me improve my writing skills significantly for the final exam.</div><button class=""tts-button"" data-tts=""The teacher provided constructive feedback on my essay, which helped me improve my writing skills significantly for the final exam."" onclick=""window.playTTS(this.getAttribute('data-tts'))""><svg viewBox=""0 0 24 24"" fill=""none"" stroke=""currentColor"" stroke-width=""2""><polygon points=""5 3 19 12 5 21 5 3""></polygon></svg></button></div><div class=""meta-section""><div class=""translation"">老師對我的作文提供了建設性的回饋，這幫助我在期末考前顯著提升了寫作技巧。</div><div class=""entry-explanation"">constructive feedback 是常見搭配，表「建設性的意見」。</div></div></div><div class=""entry""><div class=""sentence-row""><div class=""sentence"">Instead of complaining about the problems, we should focus on offering <span class=""target-word"">constructive</span> <span class=""collocation"">solutions</span> to make the project more successful.</div><button class=""tts-button"" data-tts=""Instead of complaining about the problems, we should focus on offering constructive solutions to make the project more successful."" onclick=""window.playTTS(this.getAttribute('data-tts'))""><svg viewBox=""0 0 24 24"" fill=""none"" stroke=""currentColor"" stroke-width=""2""><polygon points=""5 3 19 12 5 21 5 3""></polygon></svg></button></div><div class=""meta-section""><div class=""translation"">與其抱怨問題，我們應該專注於提供建設性的解決方案，讓專案更成功。</div><div class=""entry-explanation"">表「建設性的」。常與 solutions, suggestions, criticism 搭配。</div></div></div></div></div>"
consult	"<div class=""anki-card-content""><div class=""general-explanation"">動詞，意為「諮詢、請教」或「查閱」。注意與 consult with (與某人商量) 及 consult (查閱資料) 的區別。</div><div class=""entries-container""><div class=""entry""><div class=""sentence-row""><div class=""sentence"">Before making a final decision, you should <span class=""target-word"">consult</span> <span class=""collocation"">with</span> your parents to see if they have any better ideas or suggestions.</div><button class=""tts-button"" data-tts=""Before making a final decision, you should consult with your parents to see if they have any better ideas or suggestions."" onclick=""window.playTTS(this.getAttribute('data-tts'))""><svg viewBox=""0 0 24 24"" fill=""none"" stroke=""currentColor"" stroke-width=""2""><polygon points=""5 3 19 12 5 21 5 3""></polygon></svg></button></div><div class=""meta-section""><div class=""translation"">在做最終決定之前，你應該與父母商量，看看他們是否有更好的想法或建議。</div><div class=""entry-explanation"">表「諮詢某人」。consult with sb 為常見用法。</div></div></div><div class=""entry""><div class=""sentence-row""><div class=""sentence"">If you are unsure about the meaning of the word, you can <span class=""target-word"">consult</span> <span class=""collocation"">a</span> dictionary to find the correct definition and usage.</div><button class=""tts-button"" data-tts=""If you are unsure about the meaning of the word, you can consult a dictionary to find the correct definition and usage."" onclick=""window.playTTS(this.getAttribute('data-tts'))""><svg viewBox=""0 0 24 24"" fill=""none"" stroke=""currentColor"" stroke-width=""2""><polygon points=""5 3 19 12 5 21 5 3""></polygon></svg></button></div><div class=""meta-section""><div class=""translation"">如果你不確定這個詞的意思，你可以查閱字典來找到正確的定義和用法。</div><div class=""entry-explanation"">表「查閱（書籍/資料）」。此處不加 with。</div></div></div></div><div class=""related-forms""><span class=""label"">Related:</span> consults, consulted, consulting</div></div>"
consultant	"<div class=""anki-card-content""><div class=""general-explanation"">名詞，意為「顧問」。指提供專業建議的專家。</div><div class=""entries-container""><div class=""entry""><div class=""sentence-row""><div class=""sentence"">The company hired a financial <span class=""target-word"">consultant</span> to <span class=""collocation"">help</span> them manage their investments and reduce unnecessary expenses for the coming year.</div><button class=""tts-button"" data-tts=""The company hired a financial consultant to help them manage their investments and reduce unnecessary expenses for the coming year."" onclick=""window.playTTS(this.getAttribute('data-tts'))""><svg viewBox=""0 0 24 24"" fill=""none"" stroke=""currentColor"" stroke-width=""2""><polygon points=""5 3 19 12 5 21 5 3""></polygon></svg></button></div><div class=""meta-section""><div class=""translation"">該公司聘請了一位財務顧問來幫助他們管理投資，並減少來年不必要的開支。</div><div class=""entry-explanation"">表「顧問」。常搭配 hire, employ 等動詞。</div></div></div><div class=""entry""><div class=""sentence-row""><div class=""sentence"">As a marketing <span class=""target-word"">consultant</span>, she travels around the world to provide professional advice to various international corporations and small businesses.</div><button class=""tts-button"" data-tts=""As a marketing consultant, she travels around the world to provide professional advice to various international corporations and small businesses."" onclick=""window.playTTS(this.getAttribute('data-tts'))""><svg viewBox=""0 0 24 24"" fill=""none"" stroke=""currentColor"" stroke-width=""2""><polygon points=""5 3 19 12 5 21 5 3""></polygon></svg></button></div><div class=""meta-section""><div class=""translation"">身為行銷顧問，她到世界各地為各類跨國企業和小公司提供專業建議。</div><div class=""entry-explanation"">表「顧問」。常與職業名詞連用。</div></div></div></div><div class=""related-forms""><span class=""label"">Related:</span> consultants</div></div>"
consume	"<div class=""anki-card-content""><div class=""general-explanation"">動詞，意為「消耗、消費」或「吃喝」。強調資源的耗盡或對食物的攝取。</div><div class=""entries-container""><div class=""entry""><div class=""sentence-row""><div class=""sentence"">The new electric car <span class=""target-word"">consumes</span> <span class=""collocation"">less</span> energy than traditional gasoline vehicles, making it a more environmentally friendly choice for daily commuting.</div><button class=""tts-button"" data-tts=""The new electric car consumes less energy than traditional gasoline vehicles, making it a more environmentally friendly choice for daily commuting."" onclick=""window.playTTS(this.getAttribute('data-tts'))""><svg viewBox=""0 0 24 24"" fill=""none"" stroke=""currentColor"" stroke-width=""2""><polygon points=""5 3 19 12 5 21 5 3""></polygon></svg></button></div><div class=""meta-section""><div class=""translation"">這款新款電動車消耗的能源比傳統汽油車少，使其成為日常通勤更環保的選擇。</div><div class=""entry-explanation"">表「消耗（能源/資源）」。</div></div></div><div class=""entry""><div class=""sentence-row""><div class=""sentence"">It is recommended that people <span class=""target-word"">consume</span> <span class=""collocation"">a</span> balanced <span class=""collocation"">diet</span> rich in fruits and vegetables to maintain good health and energy levels.</div><button class=""tts-button"" data-tts=""It is recommended that people consume a balanced diet rich in fruits and vegetables to maintain good health and energy levels."" onclick=""window.playTTS(this.getAttribute('data-tts'))""><svg viewBox=""0 0 24 24"" fill=""none"" stroke=""currentColor"" stroke-width=""2""><polygon points=""5 3 19 12 5 21 5 3""></polygon></svg></button></div><div class=""meta-section""><div class=""translation"">建議人們攝取富含水果和蔬菜的均衡飲食，以維持良好的健康和體力。</div><div class=""entry-explanation"">表「攝取（食物）」。consume a diet 為常見搭配。</div></div></div></div><div class=""related-forms""><span class=""label"">Related:</span> consumes, consumed, consuming</div></div>"
consumer	"<div class=""anki-card-content""><div class=""general-explanation"">名詞，意為「消費者」。常與市場、權益相關。</div><div class=""entries-container""><div class=""entry""><div class=""sentence-row""><div class=""sentence"">Modern <span class=""target-word"">consumer</span> <span class=""collocation"">behavior</span> has changed significantly due to the rise of online shopping and the convenience of mobile payment systems.</div><button class=""tts-button"" data-tts=""Modern consumer behavior has changed significantly due to the rise of online shopping and the convenience of mobile payment systems."" onclick=""window.playTTS(this.getAttribute('data-tts'))""><svg viewBox=""0 0 24 24"" fill=""none"" stroke=""currentColor"" stroke-width=""2""><polygon points=""5 3 19 12 5 21 5 3""></polygon></svg></button></div><div class=""meta-section""><div class=""translation"">由於網購的興起和行動支付系統的便利，現代消費者的行為已經發生了顯著的變化。</div><div class=""entry-explanation"">consumer behavior 為常見搭配，表「消費者行為」。</div></div></div><div class=""entry""><div class=""sentence-row""><div class=""sentence"">The government has passed new laws to <span class=""collocation"">protect</span> <span class=""target-word"">consumer</span> <span class=""collocation"">rights</span> against unfair business practices and misleading advertisements in the market.</div><button class=""tts-button"" data-tts=""The government has passed new laws to protect consumer rights against unfair business practices and misleading advertisements in the market."" onclick=""window.playTTS(this.getAttribute('data-tts'))""><svg viewBox=""0 0 24 24"" fill=""none"" stroke=""currentColor"" stroke-width=""2""><polygon points=""5 3 19 12 5 21 5 3""></polygon></svg></button></div><div class=""meta-section""><div class=""translation"">政府已通過新法以保護消費者權益，免受市場上的不公平商業行為和誤導性廣告的侵害。</div><div class=""entry-explanation"">consumer rights 為常見搭配，表「消費者權益」。</div></div></div></div><div class=""related-forms""><span class=""label"">Related:</span> consumers</div></div>"
container	"<div class=""anki-card-content""><div class=""general-explanation"">名詞，意為「容器、貨櫃」。指用來裝載物品的物體。</div><div class=""entries-container""><div class=""entry""><div class=""sentence-row""><div class=""sentence"">Please put the leftover food into a plastic <span class=""target-word"">container</span> and store it in the refrigerator to keep it fresh for tomorrow.</div><button class=""tts-button"" data-tts=""Please put the leftover food into a plastic container and store it in the refrigerator to keep it fresh for tomorrow."" onclick=""window.playTTS(this.getAttribute('data-tts'))""><svg viewBox=""0 0 24 24"" fill=""none"" stroke=""currentColor"" stroke-width=""2""><polygon points=""5 3 19 12 5 21 5 3""></polygon></svg></button></div><div class=""meta-section""><div class=""translation"">請將剩餘的食物放入塑膠容器中，並存放在冰箱裡，以保持明天的新鮮度。</div><div class=""entry-explanation"">表「容器」。</div></div></div><div class=""entry""><div class=""sentence-row""><div class=""sentence"">The large ship was carrying hundreds of <span class=""target-word"">container</span> <span class=""collocation"">boxes</span> filled with electronic products from Asia to ports in Europe and America.</div><button class=""tts-button"" data-tts=""The large ship was carrying hundreds of container boxes filled with electronic products from Asia to ports in Europe and America."" onclick=""window.playTTS(this.getAttribute('data-tts'))""><svg viewBox=""0 0 24 24"" fill=""none"" stroke=""currentColor"" stroke-width=""2""><polygon points=""5 3 19 12 5 21 5 3""></polygon></svg></button></div><div class=""meta-section""><div class=""translation"">那艘大船載著數百個貨櫃，裡面裝滿了從亞洲運往歐美港口的電子產品。</div><div class=""entry-explanation"">表「貨櫃」。</div></div></div></div><div class=""related-forms""><span class=""label"">Related:</span> containers</div></div>"
content	"<div class=""anki-card-content""><div class=""general-explanation"">名詞，意為「內容、目錄」；形容詞，意為「滿足的」。注意名詞重音在第一音節，形容詞重音在第二音節。</div><div class=""entries-container""><div class=""entry""><div class=""sentence-row""><div class=""sentence"">The <span class=""target-word"">content</span> <span class=""collocation"">of</span> the lecture was so fascinating that all the students listened attentively without checking their phones once.</div><button class=""tts-button"" data-tts=""The content of the lecture was so fascinating that all the students listened attentively without checking their phones once."" onclick=""window.playTTS(this.getAttribute('data-tts'))""><svg viewBox=""0 0 24 24"" fill=""none"" stroke=""currentColor"" stroke-width=""2""><polygon points=""5 3 19 12 5 21 5 3""></polygon></svg></button></div><div class=""meta-section""><div class=""translation"">演講的內容非常引人入勝，以至於所有學生都專注地聽，一次都沒有看手機。</div><div class=""entry-explanation"">名詞「內容」。常接 of 介係詞。</div></div></div><div class=""entry""><div class=""sentence-row""><div class=""sentence"">After years of hard work, he finally felt <span class=""target-word"">content</span> <span class=""collocation"">with</span> his life and decided to retire to the countryside to relax.</div><button class=""tts-button"" data-tts=""After years of hard work, he finally felt content with his life and decided to retire to the countryside to relax."" onclick=""window.playTTS(this.getAttribute('data-tts'))""><svg viewBox=""0 0 24 24"" fill=""none"" stroke=""currentColor"" stroke-width=""2""><polygon points=""5 3 19 12 5 21 5 3""></polygon></svg></button></div><div class=""meta-section""><div class=""translation"">經過多年的努力工作，他終於對自己的生活感到滿足，並決定退休到鄉下放鬆。</div><div class=""entry-explanation"">形容詞「滿足的」。常搭配 be content with sth。</div></div></div></div><div class=""related-forms""><span class=""label"">Related:</span> contents</div></div>"
content	"<div class=""anki-card-content""><div class=""general-explanation"">動詞，意為「使滿足」；名詞，意為「滿足感」。常與 oneself 搭配。</div><div class=""entries-container""><div class=""entry""><div class=""sentence-row""><div class=""sentence"">He had to <span class=""target-word"">content</span> <span class=""collocation"">himself</span> <span class=""collocation"">with</span> a small salary because he valued the opportunity to learn more at the startup company.</div><button class=""tts-button"" data-tts=""He had to content himself with a small salary because he valued the opportunity to learn more at the startup company."" onclick=""window.playTTS(this.getAttribute('data-tts'))""><svg viewBox=""0 0 24 24"" fill=""none"" stroke=""currentColor"" stroke-width=""2""><polygon points=""5 3 19 12 5 21 5 3""></polygon></svg></button></div><div class=""meta-section""><div class=""translation"">他必須滿足於微薄的薪水，因為他看重在該新創公司學習更多機會的價值。</div><div class=""entry-explanation"">動詞片語 content oneself with sth，表「使自己滿足於...」。</div></div></div><div class=""entry""><div class=""sentence-row""><div class=""sentence"">True <span class=""target-word"">contentment</span> comes from appreciating what you already have rather than constantly chasing after things that are beyond your reach.</div><button class=""tts-button"" data-tts=""True contentment comes from appreciating what you already have rather than constantly chasing after things that are beyond your reach."" onclick=""window.playTTS(this.getAttribute('data-tts'))""><svg viewBox=""0 0 24 24"" fill=""none"" stroke=""currentColor"" stroke-width=""2""><polygon points=""5 3 19 12 5 21 5 3""></polygon></svg></button></div><div class=""meta-section""><div class=""translation"">真正的滿足感來自於欣賞你已經擁有的東西，而不是不斷追求那些你無法企及的事物。</div><div class=""entry-explanation"">名詞「滿足感」。</div></div></div></div><div class=""related-forms""><span class=""label"">Related:</span> contents, contented, contenting, contentment</div></div>"
contest	"<div class=""anki-card-content""><div class=""general-explanation"">名詞，意為「比賽、競賽」；動詞，意為「競爭、爭辯」。注意動詞重音在第二音節。</div><div class=""entries-container""><div class=""entry""><div class=""sentence-row""><div class=""sentence"">She decided to enter the singing <span class=""target-word"">contest</span> to challenge herself and gain more experience performing in front of a large audience.</div><button class=""tts-button"" data-tts=""She decided to enter the singing contest to challenge herself and gain more experience performing in front of a large audience."" onclick=""window.playTTS(this.getAttribute('data-tts'))""><svg viewBox=""0 0 24 24"" fill=""none"" stroke=""currentColor"" stroke-width=""2""><polygon points=""5 3 19 12 5 21 5 3""></polygon></svg></button></div><div class=""meta-section""><div class=""translation"">她決定參加歌唱比賽來挑戰自己，並獲得更多在觀眾面前表演的經驗。</div><div class=""entry-explanation"">名詞「比賽」。</div></div></div><div class=""entry""><div class=""sentence-row""><div class=""sentence"">The lawyer decided to <span class=""target-word"">contest</span> <span class=""collocation"">the</span> <span class=""collocation"">results</span> of the election, claiming that there were serious irregularities during the voting process.</div><button class=""tts-button"" data-tts=""The lawyer decided to contest the results of the election, claiming that there were serious irregularities during the voting process."" onclick=""window.playTTS(this.getAttribute('data-tts'))""><svg viewBox=""0 0 24 24"" fill=""none"" stroke=""currentColor"" stroke-width=""2""><polygon points=""5 3 19 12 5 21 5 3""></polygon></svg></button></div><div class=""meta-section""><div class=""translation"">律師決定對選舉結果提出異議，聲稱投票過程中存在嚴重的違規行為。</div><div class=""entry-explanation"">動詞「爭辯/質疑」。</div></div></div></div><div class=""related-forms""><span class=""label"">Related:</span> contests, contested, contesting</div></div>"
context	"<div class=""anki-card-content""><div class=""general-explanation"">名詞，意為「上下文、背景」。在閱讀測驗中，常指透過前後文推敲字義。</div><div class=""entries-container""><div class=""entry""><div class=""sentence-row""><div class=""sentence"">You can often guess the meaning of an unfamiliar word by looking at the <span class=""target-word"">context</span> <span class=""collocation"">in</span> which it is used in the sentence.</div><button class=""tts-button"" data-tts=""You can often guess the meaning of an unfamiliar word by looking at the context in which it is used in the sentence."" onclick=""window.playTTS(this.getAttribute('data-tts'))""><svg viewBox=""0 0 24 24"" fill=""none"" stroke=""currentColor"" stroke-width=""2""><polygon points=""5 3 19 12 5 21 5 3""></polygon></svg></button></div><div class=""meta-section""><div class=""translation"">你通常可以透過觀察生字在句子中使用的上下文來猜測其含義。</div><div class=""entry-explanation"">表「上下文」。</div></div></div><div class=""entry""><div class=""sentence-row""><div class=""sentence"">To understand the historical event, we must consider the social and political <span class=""target-word"">context</span> <span class=""collocation"">of</span> that time period in the country.</div><button class=""tts-button"" data-tts=""To understand the historical event, we must consider the social and political context of that time period in the country."" onclick=""window.playTTS(this.getAttribute('data-tts'))""><svg viewBox=""0 0 24 24"" fill=""none"" stroke=""currentColor"" stroke-width=""2""><polygon points=""5 3 19 12 5 21 5 3""></polygon></svg></button></div><div class=""meta-section""><div class=""translation"">為了理解該歷史事件，我們必須考慮當時該國的社會和政治背景。</div><div class=""entry-explanation"">表「背景」。</div></div></div></div><div class=""related-forms""><span class=""label"">Related:</span> contexts</div></div>"
continual	"<div class=""anki-card-content""><div class=""general-explanation"">形容詞，意為「頻繁的、持續不斷的」。通常帶有負面含義，指令人厭煩的重複。</div><div class=""entries-container""><div class=""entry""><div class=""sentence-row""><div class=""sentence"">The <span class=""target-word"">continual</span> <span class=""collocation"">interruptions</span> during the meeting made it impossible for the team to reach a final agreement on the new project.</div><button class=""tts-button"" data-tts=""The continual interruptions during the meeting made it impossible for the team to reach a final agreement on the new project."" onclick=""window.playTTS(this.getAttribute('data-tts'))""><svg viewBox=""0 0 24 24"" fill=""none"" stroke=""currentColor"" stroke-width=""2""><polygon points=""5 3 19 12 5 21 5 3""></polygon></svg></button></div><div class=""meta-section""><div class=""translation"">會議期間持續不斷的打斷，使得團隊無法對新專案達成最終協議。</div><div class=""entry-explanation"">表「頻繁的/令人厭煩的」。</div></div></div><div class=""entry""><div class=""sentence-row""><div class=""sentence"">Despite the <span class=""target-word"">continual</span> <span class=""collocation"">complaints</span> from the neighbors, the construction work continued late into the night without any signs of stopping.</div><button class=""tts-button"" data-tts=""Despite the continual complaints from the neighbors, the construction work continued late into the night without any signs of stopping."" onclick=""window.playTTS(this.getAttribute('data-tts'))""><svg viewBox=""0 0 24 24"" fill=""none"" stroke=""currentColor"" stroke-width=""2""><polygon points=""5 3 19 12 5 21 5 3""></polygon></svg></button></div><div class=""meta-section""><div class=""translation"">儘管鄰居們持續不斷地抱怨，施工工作仍持續到深夜，沒有任何停止的跡象。</div><div class=""entry-explanation"">表「持續不斷的」。</div></div></div></div></div>"
continuous	"<div class=""anki-card-content""><div class=""general-explanation"">形容詞，意為「連續不斷的」。強調過程沒有中斷，通常為中性或客觀描述。</div><div class=""entries-container""><div class=""entry""><div class=""sentence-row""><div class=""sentence"">The machine requires <span class=""target-word"">continuous</span> <span class=""collocation"">monitoring</span> to ensure that the production line runs smoothly without any technical errors or unexpected breakdowns.</div><button class=""tts-button"" data-tts=""The machine requires continuous monitoring to ensure that the production line runs smoothly without any technical errors or unexpected breakdowns."" onclick=""window.playTTS(this.getAttribute('data-tts'))""><svg viewBox=""0 0 24 24"" fill=""none"" stroke=""currentColor"" stroke-width=""2""><polygon points=""5 3 19 12 5 21 5 3""></polygon></svg></button></div><div class=""meta-section""><div class=""translation"">該機器需要持續的監控，以確保生產線運作順暢，不會出現技術錯誤或意外故障。</div><div class=""entry-explanation"">表「連續的」。</div></div></div><div class=""entry""><div class=""sentence-row""><div class=""sentence"">After three days of <span class=""target-word"">continuous</span> <span class=""collocation"">rain</span>, the river finally overflowed its banks and caused severe flooding in the nearby low-lying areas.</div><button class=""tts-button"" data-tts=""After three days of continuous rain, the river finally overflowed its banks and caused severe flooding in the nearby low-lying areas."" onclick=""window.playTTS(this.getAttribute('data-tts'))""><svg viewBox=""0 0 24 24"" fill=""none"" stroke=""currentColor"" stroke-width=""2""><polygon points=""5 3 19 12 5 21 5 3""></polygon></svg></button></div><div class=""meta-section""><div class=""translation"">經過三天的連續降雨，河水終於溢出河岸，並在附近的低窪地區造成了嚴重的洪水。</div><div class=""entry-explanation"">表「連續不斷的」。</div></div></div></div></div>"
contrary	"<div class=""anki-card-content""><div class=""general-explanation"">名詞/形容詞，意為「相反的」。常與 to 搭配，表示與某事相反。</div><div class=""entries-container""><div class=""entry""><div class=""sentence-row""><div class=""sentence"">Contrary <span class=""collocation"">to</span> popular <span class=""target-word"">belief</span>, eating chocolate in moderation can actually have some health benefits for your heart and mood.</div><button class=""tts-button"" data-tts=""Contrary to popular belief, eating chocolate in moderation can actually have some health benefits for your heart and mood."" onclick=""window.playTTS(this.getAttribute('data-tts'))""><svg viewBox=""0 0 24 24"" fill=""none"" stroke=""currentColor"" stroke-width=""2""><polygon points=""5 3 19 12 5 21 5 3""></polygon></svg></button></div><div class=""meta-section""><div class=""translation"">與大眾的認知相反，適量吃巧克力實際上對你的心臟和情緒有一些健康益處。</div><div class=""entry-explanation"">片語 contrary to 為固定用法，表「與...相反」。</div></div></div><div class=""entry""><div class=""sentence-row""><div class=""sentence"">He insisted on doing the opposite, despite my advice to the <span class=""target-word"">contrary</span> and the potential risks involved in his reckless plan.</div><button class=""tts-button"" data-tts=""He insisted on doing the opposite, despite my advice to the contrary and the potential risks involved in his reckless plan."" onclick=""window.playTTS(this.getAttribute('data-tts'))""><svg viewBox=""0 0 24 24"" fill=""none"" stroke=""currentColor"" stroke-width=""2""><polygon points=""5 3 19 12 5 21 5 3""></polygon></svg></button></div><div class=""meta-section""><div class=""translation"">儘管我有相反的建議，且他的魯莽計畫涉及潛在風險，他仍堅持做相反的事。</div><div class=""entry-explanation"">片語 advice to the contrary，表「相反的建議」。</div></div></div></div><div class=""related-forms""><span class=""label"">Related:</span> contraries</div></div>"
contrast	"<div class=""anki-card-content""><div class=""general-explanation"">名詞/動詞，意為「對比、差異」。常與 between 或 with 搭配。</div><div class=""entries-container""><div class=""entry""><div class=""sentence-row""><div class=""sentence"">There is a sharp <span class=""target-word"">contrast</span> <span class=""collocation"">between</span> the rich lifestyle of the city center and the poverty found in the remote rural villages.</div><button class=""tts-button"" data-tts=""There is a sharp contrast between the rich lifestyle of the city center and the poverty found in the remote rural villages."" onclick=""window.playTTS(this.getAttribute('data-tts'))""><svg viewBox=""0 0 24 24"" fill=""none"" stroke=""currentColor"" stroke-width=""2""><polygon points=""5 3 19 12 5 21 5 3""></polygon></svg></button></div><div class=""meta-section""><div class=""translation"">市中心的富裕生活方式與偏遠農村的貧困之間存在著鮮明的對比。</div><div class=""entry-explanation"">名詞「對比」。常搭配 contrast between A and B。</div></div></div><div class=""entry""><div class=""sentence-row""><div class=""sentence"">If you <span class=""target-word"">contrast</span> <span class=""collocation"">the</span> two <span class=""collocation"">paintings</span>, you will notice that the artist used completely different colors to convey different emotional states.</div><button class=""tts-button"" data-tts=""If you contrast the two paintings, you will notice that the artist used completely different colors to convey different emotional states."" onclick=""window.playTTS(this.getAttribute('data-tts'))""><svg viewBox=""0 0 24 24"" fill=""none"" stroke=""currentColor"" stroke-width=""2""><polygon points=""5 3 19 12 5 21 5 3""></polygon></svg></button></div><div class=""meta-section""><div class=""translation"">如果你對比這兩幅畫，你會發現藝術家使用了完全不同的顏色來傳達不同的情緒狀態。</div><div class=""entry-explanation"">動詞「對比」。</div></div></div></div><div class=""related-forms""><span class=""label"">Related:</span> contrasts, contrasted, contrasting</div></div>"
contribute	"<div class=""anki-card-content""><div class=""general-explanation"">動詞，意為「貢獻、捐獻」或「導致」。常與 to 搭配，注意 to 是介係詞，後接名詞或動名詞。</div><div class=""entries-container""><div class=""entry""><div class=""sentence-row""><div class=""sentence"">Many volunteers <span class=""target-word"">contribute</span> <span class=""collocation"">their</span> <span class=""collocation"">time</span> and effort to help the local community center provide free meals for the elderly people.</div><button class=""tts-button"" data-tts=""Many volunteers contribute their time and effort to help the local community center provide free meals for the elderly people."" onclick=""window.playTTS(this.getAttribute('data-tts'))""><svg viewBox=""0 0 24 24"" fill=""none"" stroke=""currentColor"" stroke-width=""2""><polygon points=""5 3 19 12 5 21 5 3""></polygon></svg></button></div><div class=""meta-section""><div class=""translation"">許多志工貢獻他們的時間和精力，幫助當地社區中心為老年人提供免費餐點。</div><div class=""entry-explanation"">表「貢獻」。</div></div></div><div class=""entry""><div class=""sentence-row""><div class=""sentence"">Lack of exercise and poor eating habits can <span class=""target-word"">contribute</span> <span class=""collocation"">to</span> the development of various health problems as people get older.</div><button class=""tts-button"" data-tts=""Lack of exercise and poor eating habits can contribute to the development of various health problems as people get older."" onclick=""window.playTTS(this.getAttribute('data-tts'))""><svg viewBox=""0 0 24 24"" fill=""none"" stroke=""currentColor"" stroke-width=""2""><polygon points=""5 3 19 12 5 21 5 3""></polygon></svg></button></div><div class=""meta-section""><div class=""translation"">缺乏運動和不良的飲食習慣可能會導致人們在年紀漸長時出現各種健康問題。</div><div class=""entry-explanation"">表「導致」。注意 to 是介係詞，後接名詞或 V-ing。</div></div></div></div><div class=""related-forms""><span class=""label"">Related:</span> contributes, contributed, contributing</div></div>"
contribution	"<div class=""anki-card-content""><div class=""general-explanation"">名詞，意為「貢獻」。常與 make 搭配。</div><div class=""entries-container""><div class=""entry""><div class=""sentence-row""><div class=""sentence"">The scientist made a significant <span class=""target-word"">contribution</span> <span class=""collocation"">to</span> the field of medicine by discovering a new way to treat rare diseases.</div><button class=""tts-button"" data-tts=""The scientist made a significant contribution to the field of medicine by discovering a new way to treat rare diseases."" onclick=""window.playTTS(this.getAttribute('data-tts'))""><svg viewBox=""0 0 24 24"" fill=""none"" stroke=""currentColor"" stroke-width=""2""><polygon points=""5 3 19 12 5 21 5 3""></polygon></svg></button></div><div class=""meta-section""><div class=""translation"">這位科學家透過發現治療罕見疾病的新方法，對醫學領域做出了重大貢獻。</div><div class=""entry-explanation"">片語 make a contribution to 為固定用法。</div></div></div><div class=""entry""><div class=""sentence-row""><div class=""sentence"">We are collecting money to make a <span class=""target-word"">contribution</span> <span class=""collocation"">to</span> the disaster relief fund for the victims of the recent earthquake.</div><button class=""tts-button"" data-tts=""We are collecting money to make a contribution to the disaster relief fund for the victims of the recent earthquake."" onclick=""window.playTTS(this.getAttribute('data-tts'))""><svg viewBox=""0 0 24 24"" fill=""none"" stroke=""currentColor"" stroke-width=""2""><polygon points=""5 3 19 12 5 21 5 3""></polygon></svg></button></div><div class=""meta-section""><div class=""translation"">我們正在募款，以便對最近地震的受害者進行捐助。</div><div class=""entry-explanation"">表「捐獻」。</div></div></div></div><div class=""related-forms""><span class=""label"">Related:</span> contributions</div></div>"
convenience	"<div class=""anki-card-content""><div class=""general-explanation"">名詞「便利/方便」。常見片語：at your earliest convenience (盡快)；for the sake of convenience (為了方便)。注意不可數名詞用法。</div><div class=""entries-container""><div class=""entry""><div class=""sentence-row""><div class=""sentence"">The new subway station was built for the <span class=""target-word"">convenience</span> <span class=""collocation"">of</span> commuters who travel between the suburbs and the city center daily.</div><button class=""tts-button"" data-tts=""The new subway station was built for the convenience of commuters who travel between the suburbs and the city center daily."" onclick=""window.playTTS(this.getAttribute('data-tts'))""><svg viewBox=""0 0 24 24"" fill=""none"" stroke=""currentColor"" stroke-width=""2""><polygon points=""5 3 19 12 5 21 5 3""></polygon></svg></button></div><div class=""meta-section""><div class=""translation"">新的地鐵站是為了通勤者在郊區和市中心之間每日往返的便利而建的。</div><div class=""entry-explanation"">名詞「便利」。常用搭配 for the convenience of sb.</div></div></div><div class=""entry""><div class=""sentence-row""><div class=""sentence"">Please reply to this email at your earliest <span class=""target-word"">convenience</span> so that we can finalize the schedule for the upcoming school event.</div><button class=""tts-button"" data-tts=""Please reply to this email at your earliest convenience so that we can finalize the schedule for the upcoming school event."" onclick=""window.playTTS(this.getAttribute('data-tts'))""><svg viewBox=""0 0 24 24"" fill=""none"" stroke=""currentColor"" stroke-width=""2""><polygon points=""5 3 19 12 5 21 5 3""></polygon></svg></button></div><div class=""meta-section""><div class=""translation"">請在您最方便時儘快回覆此郵件，以便我們能敲定即將到來的學校活動時間表。</div><div class=""entry-explanation"">固定片語 at one&#x27;s earliest convenience，意為「在某人方便時儘快」。</div></div></div></div><div class=""related-forms""><span class=""label"">Related:</span> convenient, conveniently</div></div>"
convention	"<div class=""anki-card-content""><div class=""general-explanation"">名詞「習俗/慣例」或「會議/大會」。注意與 conventional 的區別。</div><div class=""entries-container""><div class=""entry""><div class=""sentence-row""><div class=""sentence"">It is a social <span class=""target-word"">convention</span> <span class=""collocation"">to</span> shake hands when meeting someone for the first time in many Western business cultures.</div><button class=""tts-button"" data-tts=""It is a social convention to shake hands when meeting someone for the first time in many Western business cultures."" onclick=""window.playTTS(this.getAttribute('data-tts'))""><svg viewBox=""0 0 24 24"" fill=""none"" stroke=""currentColor"" stroke-width=""2""><polygon points=""5 3 19 12 5 21 5 3""></polygon></svg></button></div><div class=""meta-section""><div class=""translation"">在許多西方商業文化中，初次見面時握手是一種社交慣例。</div><div class=""entry-explanation"">名詞「習俗/慣例」。常搭配 social convention 或 break with convention。</div></div></div><div class=""entry""><div class=""sentence-row""><div class=""sentence"">Thousands of tech enthusiasts gathered in Taipei for the annual international gaming <span class=""target-word"">convention</span> to explore the latest virtual reality products.</div><button class=""tts-button"" data-tts=""Thousands of tech enthusiasts gathered in Taipei for the annual international gaming convention to explore the latest virtual reality products."" onclick=""window.playTTS(this.getAttribute('data-tts'))""><svg viewBox=""0 0 24 24"" fill=""none"" stroke=""currentColor"" stroke-width=""2""><polygon points=""5 3 19 12 5 21 5 3""></polygon></svg></button></div><div class=""meta-section""><div class=""translation"">數千名科技愛好者聚集在台北參加年度國際遊戲大會，探索最新的虛擬實境產品。</div><div class=""entry-explanation"">名詞「大型會議/大會」。</div></div></div></div><div class=""related-forms""><span class=""label"">Related:</span> conventions</div></div>"
conventional	"<div class=""anki-card-content""><div class=""general-explanation"">形容詞「傳統的/慣例的」。常用於描述非創新、守舊的事物。</div><div class=""entries-container""><div class=""entry""><div class=""sentence-row""><div class=""sentence"">Unlike <span class=""target-word"">conventional</span> <span class=""collocation"">methods</span> of teaching, this new program encourages students to participate in hands-on experiments rather than just listening.</div><button class=""tts-button"" data-tts=""Unlike conventional methods of teaching, this new program encourages students to participate in hands-on experiments rather than just listening."" onclick=""window.playTTS(this.getAttribute('data-tts'))""><svg viewBox=""0 0 24 24"" fill=""none"" stroke=""currentColor"" stroke-width=""2""><polygon points=""5 3 19 12 5 21 5 3""></polygon></svg></button></div><div class=""meta-section""><div class=""translation"">與傳統教學方法不同，這個新課程鼓勵學生參與實作實驗，而不僅僅是聽講。</div><div class=""entry-explanation"">形容詞「傳統的」。常與 unconventional 或 modern 做對比。</div></div></div><div class=""entry""><div class=""sentence-row""><div class=""sentence"">The artist decided to abandon <span class=""target-word"">conventional</span> <span class=""collocation"">styles</span> of painting and instead created abstract works that challenged the viewer's perception.</div><button class=""tts-button"" data-tts=""The artist decided to abandon conventional styles of painting and instead created abstract works that challenged the viewer&#x27;s perception."" onclick=""window.playTTS(this.getAttribute('data-tts'))""><svg viewBox=""0 0 24 24"" fill=""none"" stroke=""currentColor"" stroke-width=""2""><polygon points=""5 3 19 12 5 21 5 3""></polygon></svg></button></div><div class=""meta-section""><div class=""translation"">這位藝術家決定放棄傳統的繪畫風格，轉而創作挑戰觀眾感知的抽象作品。</div><div class=""entry-explanation"">形容詞「傳統的」。</div></div></div></div><div class=""related-forms""><span class=""label"">Related:</span> conventionally</div></div>"
converse	"<div class=""anki-card-content""><div class=""general-explanation"">動詞「交談」。注意重音在第二音節。名詞形式為 conversation。</div><div class=""entries-container""><div class=""entry""><div class=""sentence-row""><div class=""sentence"">During the language exchange program, students were encouraged to <span class=""target-word"">converse</span> <span class=""collocation"">with</span> native speakers to improve their oral communication skills effectively.</div><button class=""tts-button"" data-tts=""During the language exchange program, students were encouraged to converse with native speakers to improve their oral communication skills effectively."" onclick=""window.playTTS(this.getAttribute('data-tts'))""><svg viewBox=""0 0 24 24"" fill=""none"" stroke=""currentColor"" stroke-width=""2""><polygon points=""5 3 19 12 5 21 5 3""></polygon></svg></button></div><div class=""meta-section""><div class=""translation"">在語言交換計畫期間，學生們被鼓勵與母語人士交談，以有效提升口語溝通能力。</div><div class=""entry-explanation"">動詞「交談」。常用搭配 converse with sb. about sth.</div></div></div><div class=""entry""><div class=""sentence-row""><div class=""sentence"">The professor stopped to <span class=""target-word"">converse</span> <span class=""collocation"">briefly</span> with the student about the research proposal before heading to the faculty meeting room.</div><button class=""tts-button"" data-tts=""The professor stopped to converse briefly with the student about the research proposal before heading to the faculty meeting room."" onclick=""window.playTTS(this.getAttribute('data-tts'))""><svg viewBox=""0 0 24 24"" fill=""none"" stroke=""currentColor"" stroke-width=""2""><polygon points=""5 3 19 12 5 21 5 3""></polygon></svg></button></div><div class=""meta-section""><div class=""translation"">教授在前往教職員會議室之前，停下來與該學生簡短地討論了研究計畫。</div><div class=""entry-explanation"">動詞「交談」。</div></div></div></div><div class=""related-forms""><span class=""label"">Related:</span> conversed, conversing</div></div>"
convey	"<div class=""anki-card-content""><div class=""general-explanation"">動詞「傳達/運送」。常用於傳達訊息、情感或想法。</div><div class=""entries-container""><div class=""entry""><div class=""sentence-row""><div class=""sentence"">The author uses vivid imagery in her novel to <span class=""target-word"">convey</span> the deep sense of loneliness felt by the main character throughout.</div><button class=""tts-button"" data-tts=""The author uses vivid imagery in her novel to convey the deep sense of loneliness felt by the main character throughout."" onclick=""window.playTTS(this.getAttribute('data-tts'))""><svg viewBox=""0 0 24 24"" fill=""none"" stroke=""currentColor"" stroke-width=""2""><polygon points=""5 3 19 12 5 21 5 3""></polygon></svg></button></div><div class=""meta-section""><div class=""translation"">作者在小說中運用生動的意象來傳達主角內心深處感受到的強烈孤獨感。</div><div class=""entry-explanation"">動詞「傳達」。常接訊息、情感或意義。</div></div></div><div class=""entry""><div class=""sentence-row""><div class=""sentence"">Please <span class=""target-word"">convey</span> my sincere <span class=""collocation"">apologies</span> to your parents for missing the dinner party due to an unexpected work emergency yesterday.</div><button class=""tts-button"" data-tts=""Please convey my sincere apologies to your parents for missing the dinner party due to an unexpected work emergency yesterday."" onclick=""window.playTTS(this.getAttribute('data-tts'))""><svg viewBox=""0 0 24 24"" fill=""none"" stroke=""currentColor"" stroke-width=""2""><polygon points=""5 3 19 12 5 21 5 3""></polygon></svg></button></div><div class=""meta-section""><div class=""translation"">請代我向你的父母轉達我誠摯的歉意，因為昨天突發的工作緊急狀況導致我錯過了晚宴。</div><div class=""entry-explanation"">動詞「傳達/轉達」。</div></div></div></div><div class=""related-forms""><span class=""label"">Related:</span> conveyed, conveying, conveyance</div></div>"
convince	"<div class=""anki-card-content""><div class=""general-explanation"">動詞「說服/使確信」。常見句型：convince sb. of sth. 或 convince sb. that 子句。</div><div class=""entries-container""><div class=""entry""><div class=""sentence-row""><div class=""sentence"">It took a lot of effort to <span class=""target-word"">convince</span> the committee <span class=""collocation"">of</span> the necessity of installing solar panels on the school roof.</div><button class=""tts-button"" data-tts=""It took a lot of effort to convince the committee of the necessity of installing solar panels on the school roof."" onclick=""window.playTTS(this.getAttribute('data-tts'))""><svg viewBox=""0 0 24 24"" fill=""none"" stroke=""currentColor"" stroke-width=""2""><polygon points=""5 3 19 12 5 21 5 3""></polygon></svg></button></div><div class=""meta-section""><div class=""translation"">花了很多努力才說服委員會在學校屋頂安裝太陽能板的必要性。</div><div class=""entry-explanation"">動詞「說服」。固定搭配 convince sb. of sth.</div></div></div><div class=""entry""><div class=""sentence-row""><div class=""sentence"">The evidence presented in court was strong enough to <span class=""target-word"">convince</span> the jury <span class=""collocation"">that</span> the defendant was innocent of the crime charged.</div><button class=""tts-button"" data-tts=""The evidence presented in court was strong enough to convince the jury that the defendant was innocent of the crime charged."" onclick=""window.playTTS(this.getAttribute('data-tts'))""><svg viewBox=""0 0 24 24"" fill=""none"" stroke=""currentColor"" stroke-width=""2""><polygon points=""5 3 19 12 5 21 5 3""></polygon></svg></button></div><div class=""meta-section""><div class=""translation"">法庭上提出的證據足以說服陪審團被告對被指控的罪行是無辜的。</div><div class=""entry-explanation"">動詞「使確信」。後接 that 子句。</div></div></div></div><div class=""related-forms""><span class=""label"">Related:</span> convinced, convincing</div></div>"
cooperate	"<div class=""anki-card-content""><div class=""general-explanation"">動詞「合作」。注意介係詞搭配：cooperate with sb. on sth.</div><div class=""entries-container""><div class=""entry""><div class=""sentence-row""><div class=""sentence"">The two research teams decided to <span class=""target-word"">cooperate</span> <span class=""collocation"">with</span> each other to finish the complex scientific project before the deadline arrived.</div><button class=""tts-button"" data-tts=""The two research teams decided to cooperate with each other to finish the complex scientific project before the deadline arrived."" onclick=""window.playTTS(this.getAttribute('data-tts'))""><svg viewBox=""0 0 24 24"" fill=""none"" stroke=""currentColor"" stroke-width=""2""><polygon points=""5 3 19 12 5 21 5 3""></polygon></svg></button></div><div class=""meta-section""><div class=""translation"">這兩個研究團隊決定互相合作，以便在截止日期前完成這個複雜的科學計畫。</div><div class=""entry-explanation"">動詞「合作」。</div></div></div><div class=""entry""><div class=""sentence-row""><div class=""sentence"">If all citizens <span class=""target-word"">cooperate</span> <span class=""collocation"">in</span> following the new recycling regulations, the city will become much cleaner and more sustainable for everyone.</div><button class=""tts-button"" data-tts=""If all citizens cooperate in following the new recycling regulations, the city will become much cleaner and more sustainable for everyone."" onclick=""window.playTTS(this.getAttribute('data-tts'))""><svg viewBox=""0 0 24 24"" fill=""none"" stroke=""currentColor"" stroke-width=""2""><polygon points=""5 3 19 12 5 21 5 3""></polygon></svg></button></div><div class=""meta-section""><div class=""translation"">如果所有市民都合作遵守新的回收規定，這座城市對每個人來說將會變得更乾淨、更永續。</div><div class=""entry-explanation"">動詞「合作」。cooperate in sth. 表在某事上合作。</div></div></div></div><div class=""related-forms""><span class=""label"">Related:</span> cooperated, cooperating</div></div>"
cooperation	"<div class=""anki-card-content""><div class=""general-explanation"">名詞「合作」。常與 in 搭配，如 in cooperation with。</div><div class=""entries-container""><div class=""entry""><div class=""sentence-row""><div class=""sentence"">The successful launch of the new satellite was achieved <span class=""collocation"">in</span> <span class=""target-word"">cooperation</span> <span class=""collocation"">with</span> several international space agencies over the past five years.</div><button class=""tts-button"" data-tts=""The successful launch of the new satellite was achieved in cooperation with several international space agencies over the past five years."" onclick=""window.playTTS(this.getAttribute('data-tts'))""><svg viewBox=""0 0 24 24"" fill=""none"" stroke=""currentColor"" stroke-width=""2""><polygon points=""5 3 19 12 5 21 5 3""></polygon></svg></button></div><div class=""meta-section""><div class=""translation"">新衛星的成功發射是在過去五年中與數個國際太空機構合作下達成的。</div><div class=""entry-explanation"">名詞「合作」。固定片語 in cooperation with。</div></div></div><div class=""entry""><div class=""sentence-row""><div class=""sentence"">Close <span class=""target-word"">cooperation</span> between the government and local businesses is essential for revitalizing the economy in this rural area of Taiwan.</div><button class=""tts-button"" data-tts=""Close cooperation between the government and local businesses is essential for revitalizing the economy in this rural area of Taiwan."" onclick=""window.playTTS(this.getAttribute('data-tts'))""><svg viewBox=""0 0 24 24"" fill=""none"" stroke=""currentColor"" stroke-width=""2""><polygon points=""5 3 19 12 5 21 5 3""></polygon></svg></button></div><div class=""meta-section""><div class=""translation"">政府與當地企業之間的密切合作對於振興台灣這個農村地區的經濟至關重要。</div><div class=""entry-explanation"">名詞「合作」。</div></div></div></div><div class=""related-forms""><span class=""label"">Related:</span> cooperations</div></div>"
cooperative	"<div class=""anki-card-content""><div class=""general-explanation"">形容詞「合作的/樂於助人的」；名詞「合作社」。</div><div class=""entries-container""><div class=""entry""><div class=""sentence-row""><div class=""sentence"">The teacher praised the students for being so <span class=""target-word"">cooperative</span> <span class=""collocation"">during</span> the group project, as they shared tasks and helped each other out.</div><button class=""tts-button"" data-tts=""The teacher praised the students for being so cooperative during the group project, as they shared tasks and helped each other out."" onclick=""window.playTTS(this.getAttribute('data-tts'))""><svg viewBox=""0 0 24 24"" fill=""none"" stroke=""currentColor"" stroke-width=""2""><polygon points=""5 3 19 12 5 21 5 3""></polygon></svg></button></div><div class=""meta-section""><div class=""translation"">老師稱讚學生們在小組專題期間非常樂於合作，因為他們分擔工作並互相幫助。</div><div class=""entry-explanation"">形容詞「合作的/樂於助人的」。</div></div></div><div class=""entry""><div class=""sentence-row""><div class=""sentence"">The local farmers formed a <span class=""target-word"">cooperative</span> to sell their organic vegetables directly to consumers, cutting out the need for expensive middlemen.</div><button class=""tts-button"" data-tts=""The local farmers formed a cooperative to sell their organic vegetables directly to consumers, cutting out the need for expensive middlemen."" onclick=""window.playTTS(this.getAttribute('data-tts'))""><svg viewBox=""0 0 24 24"" fill=""none"" stroke=""currentColor"" stroke-width=""2""><polygon points=""5 3 19 12 5 21 5 3""></polygon></svg></button></div><div class=""meta-section""><div class=""translation"">當地農民組成了一個合作社，直接將有機蔬菜賣給消費者，省去了昂貴的中間商需求。</div><div class=""entry-explanation"">名詞「合作社」。</div></div></div></div><div class=""related-forms""><span class=""label"">Related:</span> cooperatively</div></div>"
cope	"<div class=""anki-card-content""><div class=""general-explanation"">動詞「應付/處理」。常用搭配：cope with sth. (處理困難的事物)。</div><div class=""entries-container""><div class=""entry""><div class=""sentence-row""><div class=""sentence"">Many students find it difficult to <span class=""target-word"">cope</span> <span class=""collocation"">with</span> the immense pressure of preparing for the upcoming university entrance examinations every year.</div><button class=""tts-button"" data-tts=""Many students find it difficult to cope with the immense pressure of preparing for the upcoming university entrance examinations every year."" onclick=""window.playTTS(this.getAttribute('data-tts'))""><svg viewBox=""0 0 24 24"" fill=""none"" stroke=""currentColor"" stroke-width=""2""><polygon points=""5 3 19 12 5 21 5 3""></polygon></svg></button></div><div class=""meta-section""><div class=""translation"">許多學生發現很難應付每年準備大學入學考試的巨大壓力。</div><div class=""entry-explanation"">動詞「應付」。常與 with 搭配，處理負面或困難的情境。</div></div></div><div class=""entry""><div class=""sentence-row""><div class=""sentence"">She learned how to <span class=""target-word"">cope</span> <span class=""collocation"">with</span> stress by practicing meditation and taking short walks in the park during her lunch breaks.</div><button class=""tts-button"" data-tts=""She learned how to cope with stress by practicing meditation and taking short walks in the park during her lunch breaks."" onclick=""window.playTTS(this.getAttribute('data-tts'))""><svg viewBox=""0 0 24 24"" fill=""none"" stroke=""currentColor"" stroke-width=""2""><polygon points=""5 3 19 12 5 21 5 3""></polygon></svg></button></div><div class=""meta-section""><div class=""translation"">她學會了透過練習冥想和在午休時間去公園散步來應付壓力。</div><div class=""entry-explanation"">動詞「應付」。</div></div></div></div><div class=""related-forms""><span class=""label"">Related:</span> coped, coping</div></div>"
copper	"<div class=""anki-card-content""><div class=""general-explanation"">名詞「銅」；形容詞「銅製的/紅銅色的」。</div><div class=""entries-container""><div class=""entry""><div class=""sentence-row""><div class=""sentence"">Because <span class=""target-word"">copper</span> is an excellent <span class=""collocation"">conductor</span> of electricity, it is widely used in electrical wiring and various electronic devices today.</div><button class=""tts-button"" data-tts=""Because copper is an excellent conductor of electricity, it is widely used in electrical wiring and various electronic devices today."" onclick=""window.playTTS(this.getAttribute('data-tts'))""><svg viewBox=""0 0 24 24"" fill=""none"" stroke=""currentColor"" stroke-width=""2""><polygon points=""5 3 19 12 5 21 5 3""></polygon></svg></button></div><div class=""meta-section""><div class=""translation"">因為銅是極佳的導電體，所以它在現今的電線和各種電子設備中被廣泛使用。</div><div class=""entry-explanation"">名詞「銅」。</div></div></div><div class=""entry""><div class=""sentence-row""><div class=""sentence"">The old kitchen was decorated with several <span class=""target-word"">copper</span> <span class=""collocation"">pots</span> and pans hanging from the ceiling, giving it a rustic and warm atmosphere.</div><button class=""tts-button"" data-tts=""The old kitchen was decorated with several copper pots and pans hanging from the ceiling, giving it a rustic and warm atmosphere."" onclick=""window.playTTS(this.getAttribute('data-tts'))""><svg viewBox=""0 0 24 24"" fill=""none"" stroke=""currentColor"" stroke-width=""2""><polygon points=""5 3 19 12 5 21 5 3""></polygon></svg></button></div><div class=""meta-section""><div class=""translation"">舊廚房裝飾著幾個掛在天花板上的銅製鍋具，賦予它一種鄉村且溫暖的氛圍。</div><div class=""entry-explanation"">形容詞「銅製的」。</div></div></div></div><div class=""related-forms""><span class=""label"">Related:</span> coppers</div></div>"
cord	"<div class=""anki-card-content""><div class=""general-explanation"">名詞「細繩/電線」。注意與 rope (粗繩) 的區別。</div><div class=""entries-container""><div class=""entry""><div class=""sentence-row""><div class=""sentence"">Please make sure to unplug the power <span class=""target-word"">cord</span> from the wall outlet before you start cleaning the back of the computer monitor.</div><button class=""tts-button"" data-tts=""Please make sure to unplug the power cord from the wall outlet before you start cleaning the back of the computer monitor."" onclick=""window.playTTS(this.getAttribute('data-tts'))""><svg viewBox=""0 0 24 24"" fill=""none"" stroke=""currentColor"" stroke-width=""2""><polygon points=""5 3 19 12 5 21 5 3""></polygon></svg></button></div><div class=""meta-section""><div class=""translation"">在開始清潔電腦螢幕背面之前，請務必將電源線從牆上的插座拔掉。</div><div class=""entry-explanation"">名詞「電線」。</div></div></div><div class=""entry""><div class=""sentence-row""><div class=""sentence"">The hiker used a strong <span class=""target-word"">cord</span> to tie his heavy backpack securely to the frame of his bicycle for the long trip.</div><button class=""tts-button"" data-tts=""The hiker used a strong cord to tie his heavy backpack securely to the frame of his bicycle for the long trip."" onclick=""window.playTTS(this.getAttribute('data-tts'))""><svg viewBox=""0 0 24 24"" fill=""none"" stroke=""currentColor"" stroke-width=""2""><polygon points=""5 3 19 12 5 21 5 3""></polygon></svg></button></div><div class=""meta-section""><div class=""translation"">這位徒步旅行者用一條堅固的細繩將他沉重的背包牢牢地綁在自行車架上，準備長途旅行。</div><div class=""entry-explanation"">名詞「細繩」。</div></div></div></div><div class=""related-forms""><span class=""label"">Related:</span> cords</div></div>"
correspond	"<div class=""anki-card-content""><div class=""general-explanation"">動詞「符合/一致」或「通信」。注意介係詞：correspond to/with (符合)；correspond with (通信)。</div><div class=""entries-container""><div class=""entry""><div class=""sentence-row""><div class=""sentence"">The results of the laboratory experiment do not <span class=""target-word"">correspond</span> <span class=""collocation"">to</span> the initial hypothesis, suggesting that further investigation is required immediately.</div><button class=""tts-button"" data-tts=""The results of the laboratory experiment do not correspond to the initial hypothesis, suggesting that further investigation is required immediately."" onclick=""window.playTTS(this.getAttribute('data-tts'))""><svg viewBox=""0 0 24 24"" fill=""none"" stroke=""currentColor"" stroke-width=""2""><polygon points=""5 3 19 12 5 21 5 3""></polygon></svg></button></div><div class=""meta-section""><div class=""translation"">實驗室實驗的結果與最初的假設不符，這顯示需要立即進行進一步的調查。</div><div class=""entry-explanation"">動詞「符合/一致」。</div></div></div><div class=""entry""><div class=""sentence-row""><div class=""sentence"">Even after moving to different countries, the two best friends continued to <span class=""target-word"">correspond</span> <span class=""collocation"">with</span> each other through handwritten letters for many years.</div><button class=""tts-button"" data-tts=""Even after moving to different countries, the two best friends continued to correspond with each other through handwritten letters for many years."" onclick=""window.playTTS(this.getAttribute('data-tts'))""><svg viewBox=""0 0 24 24"" fill=""none"" stroke=""currentColor"" stroke-width=""2""><polygon points=""5 3 19 12 5 21 5 3""></polygon></svg></button></div><div class=""meta-section""><div class=""translation"">即使搬到不同的國家，這兩位摯友多年來仍持續透過手寫信件保持通信。</div><div class=""entry-explanation"">動詞「通信」。</div></div></div></div><div class=""related-forms""><span class=""label"">Related:</span> corresponded, corresponding, correspondence</div></div>"
costume	"<div class=""anki-card-content""><div class=""general-explanation"">名詞「服裝/戲服」。指特定場合或表演穿的衣服，而非日常服裝 (clothes)。</div><div class=""entries-container""><div class=""entry""><div class=""sentence-row""><div class=""sentence"">All the actors spent hours putting on their elaborate <span class=""target-word"">costume</span> <span class=""collocation"">designs</span> before the opening night of the school's annual drama performance.</div><button class=""tts-button"" data-tts=""All the actors spent hours putting on their elaborate costume designs before the opening night of the school&#x27;s annual drama performance."" onclick=""window.playTTS(this.getAttribute('data-tts'))""><svg viewBox=""0 0 24 24"" fill=""none"" stroke=""currentColor"" stroke-width=""2""><polygon points=""5 3 19 12 5 21 5 3""></polygon></svg></button></div><div class=""meta-section""><div class=""translation"">在學校年度戲劇表演的首演之夜前，所有演員都花了數小時穿上他們精緻的戲服設計。</div><div class=""entry-explanation"">名詞「戲服」。</div></div></div><div class=""entry""><div class=""sentence-row""><div class=""sentence"">Many children enjoy wearing a colorful <span class=""target-word"">costume</span> <span class=""collocation"">on</span> Halloween, dressing up as their favorite superheroes or characters from popular fairy tales.</div><button class=""tts-button"" data-tts=""Many children enjoy wearing a colorful costume on Halloween, dressing up as their favorite superheroes or characters from popular fairy tales."" onclick=""window.playTTS(this.getAttribute('data-tts'))""><svg viewBox=""0 0 24 24"" fill=""none"" stroke=""currentColor"" stroke-width=""2""><polygon points=""5 3 19 12 5 21 5 3""></polygon></svg></button></div><div class=""meta-section""><div class=""translation"">許多孩子喜歡在萬聖節穿上色彩鮮豔的服裝，打扮成他們最喜歡的超級英雄或童話故事中的角色。</div><div class=""entry-explanation"">名詞「服裝」。</div></div></div></div><div class=""related-forms""><span class=""label"">Related:</span> costumes</div></div>"
cottage	"<div class=""anki-card-content""><div class=""general-explanation"">名詞「村舍/小屋」。通常指鄉間的小房子。</div><div class=""entries-container""><div class=""entry""><div class=""sentence-row""><div class=""sentence"">They decided to rent a small, cozy <span class=""target-word"">cottage</span> <span class=""collocation"">in</span> the countryside to spend their summer vacation away from the noise of the city.</div><button class=""tts-button"" data-tts=""They decided to rent a small, cozy cottage in the countryside to spend their summer vacation away from the noise of the city."" onclick=""window.playTTS(this.getAttribute('data-tts'))""><svg viewBox=""0 0 24 24"" fill=""none"" stroke=""currentColor"" stroke-width=""2""><polygon points=""5 3 19 12 5 21 5 3""></polygon></svg></button></div><div class=""meta-section""><div class=""translation"">他們決定在鄉間租一間舒適的小屋，遠離城市的喧囂度過暑假。</div><div class=""entry-explanation"">名詞「小屋」。</div></div></div><div class=""entry""><div class=""sentence-row""><div class=""sentence"">The old stone <span class=""target-word"">cottage</span> was surrounded by a beautiful garden filled with blooming flowers, making it look like a scene from a storybook.</div><button class=""tts-button"" data-tts=""The old stone cottage was surrounded by a beautiful garden filled with blooming flowers, making it look like a scene from a storybook."" onclick=""window.playTTS(this.getAttribute('data-tts'))""><svg viewBox=""0 0 24 24"" fill=""none"" stroke=""currentColor"" stroke-width=""2""><polygon points=""5 3 19 12 5 21 5 3""></polygon></svg></button></div><div class=""meta-section""><div class=""translation"">那座古老的石造小屋被一座開滿鮮花的美麗花園環繞，看起來就像故事書裡的場景。</div><div class=""entry-explanation"">名詞「小屋」。</div></div></div></div><div class=""related-forms""><span class=""label"">Related:</span> cottages</div></div>"
council	"<div class=""anki-card-content""><div class=""general-explanation"">名詞「委員會/地方議會」。注意拼字，不要與 counsel (建議) 混淆。</div><div class=""entries-container""><div class=""entry""><div class=""sentence-row""><div class=""sentence"">The city <span class=""target-word"">council</span> <span class=""collocation"">voted</span> in favor of the new policy to increase green spaces in the downtown area to improve air quality.</div><button class=""tts-button"" data-tts=""The city council voted in favor of the new policy to increase green spaces in the downtown area to improve air quality."" onclick=""window.playTTS(this.getAttribute('data-tts'))""><svg viewBox=""0 0 24 24"" fill=""none"" stroke=""currentColor"" stroke-width=""2""><polygon points=""5 3 19 12 5 21 5 3""></polygon></svg></button></div><div class=""meta-section""><div class=""translation"">市議會投票贊成這項增加市中心綠地以改善空氣品質的新政策。</div><div class=""entry-explanation"">名詞「地方議會」。</div></div></div><div class=""entry""><div class=""sentence-row""><div class=""sentence"">The student <span class=""target-word"">council</span> <span class=""collocation"">organized</span> a charity event to raise funds for the local animal shelter during the winter break last year.</div><button class=""tts-button"" data-tts=""The student council organized a charity event to raise funds for the local animal shelter during the winter break last year."" onclick=""window.playTTS(this.getAttribute('data-tts'))""><svg viewBox=""0 0 24 24"" fill=""none"" stroke=""currentColor"" stroke-width=""2""><polygon points=""5 3 19 12 5 21 5 3""></polygon></svg></button></div><div class=""meta-section""><div class=""translation"">學生會去年寒假期間舉辦了一場慈善活動，為當地動物收容所募款。</div><div class=""entry-explanation"">名詞「委員會」。</div></div></div></div><div class=""related-forms""><span class=""label"">Related:</span> councils, councillor</div></div>"
counter	"<div class=""anki-card-content""><div class=""general-explanation"">名詞「櫃檯」；動詞「反駁/對抗」；形容詞/副詞「相反的」。</div><div class=""entries-container""><div class=""entry""><div class=""sentence-row""><div class=""sentence"">The customer waited at the service <span class=""target-word"">counter</span> for several minutes before a staff member finally arrived to assist with the return process.</div><button class=""tts-button"" data-tts=""The customer waited at the service counter for several minutes before a staff member finally arrived to assist with the return process."" onclick=""window.playTTS(this.getAttribute('data-tts'))""><svg viewBox=""0 0 24 24"" fill=""none"" stroke=""currentColor"" stroke-width=""2""><polygon points=""5 3 19 12 5 21 5 3""></polygon></svg></button></div><div class=""meta-section""><div class=""translation"">顧客在服務櫃檯等了幾分鐘，才終於有工作人員過來協助退貨流程。</div><div class=""entry-explanation"">名詞「櫃檯」。</div></div></div><div class=""entry""><div class=""sentence-row""><div class=""sentence"">The politician tried to <span class=""target-word"">counter</span> the opponent's <span class=""collocation"">arguments</span> by presenting new data that proved his own economic plan was more effective.</div><button class=""tts-button"" data-tts=""The politician tried to counter the opponent&#x27;s arguments by presenting new data that proved his own economic plan was more effective."" onclick=""window.playTTS(this.getAttribute('data-tts'))""><svg viewBox=""0 0 24 24"" fill=""none"" stroke=""currentColor"" stroke-width=""2""><polygon points=""5 3 19 12 5 21 5 3""></polygon></svg></button></div><div class=""meta-section""><div class=""translation"">這位政治人物試圖透過提出證明他自己的經濟計畫更有效的新數據，來反駁對手的論點。</div><div class=""entry-explanation"">動詞「反駁」。</div></div></div></div><div class=""related-forms""><span class=""label"">Related:</span> counters, countered, countering</div></div>"
courageous	"<div class=""anki-card-content""><div class=""general-explanation"">形容詞「勇敢的」。常用於形容面對困難或危險時的表現。</div><div class=""entries-container""><div class=""entry""><div class=""sentence-row""><div class=""sentence"">It was a <span class=""target-word"">courageous</span> <span class=""collocation"">decision</span> for the young athlete to continue competing in the race despite suffering a painful ankle injury earlier.</div><button class=""tts-button"" data-tts=""It was a courageous decision for the young athlete to continue competing in the race despite suffering a painful ankle injury earlier."" onclick=""window.playTTS(this.getAttribute('data-tts'))""><svg viewBox=""0 0 24 24"" fill=""none"" stroke=""currentColor"" stroke-width=""2""><polygon points=""5 3 19 12 5 21 5 3""></polygon></svg></button></div><div class=""meta-section""><div class=""translation"">這位年輕運動員儘管早先受了痛苦的腳踝傷，仍決定繼續參加比賽，這是一個勇敢的決定。</div><div class=""entry-explanation"">形容詞「勇敢的」。</div></div></div><div class=""entry""><div class=""sentence-row""><div class=""sentence"">The firefighter made a <span class=""target-word"">courageous</span> <span class=""collocation"">attempt</span> to rescue the trapped family from the burning building before the roof finally collapsed completely.</div><button class=""tts-button"" data-tts=""The firefighter made a courageous attempt to rescue the trapped family from the burning building before the roof finally collapsed completely."" onclick=""window.playTTS(this.getAttribute('data-tts'))""><svg viewBox=""0 0 24 24"" fill=""none"" stroke=""currentColor"" stroke-width=""2""><polygon points=""5 3 19 12 5 21 5 3""></polygon></svg></button></div><div class=""meta-section""><div class=""translation"">消防員在屋頂最終完全坍塌前，勇敢地嘗試將受困家庭從燃燒的建築物中救出。</div><div class=""entry-explanation"">形容詞「勇敢的」。</div></div></div></div><div class=""related-forms""><span class=""label"">Related:</span> courage, courageously</div></div>"
courtesy	"<div class=""anki-card-content""><div class=""general-explanation"">名詞「禮貌/謙恭」。常見片語：by courtesy of (承蒙...提供)。</div><div class=""entries-container""><div class=""entry""><div class=""sentence-row""><div class=""sentence"">Showing <span class=""target-word"">courtesy</span> <span class=""collocation"">to</span> others, such as holding the door open for someone behind you, is a simple way to make the world better.</div><button class=""tts-button"" data-tts=""Showing courtesy to others, such as holding the door open for someone behind you, is a simple way to make the world better."" onclick=""window.playTTS(this.getAttribute('data-tts'))""><svg viewBox=""0 0 24 24"" fill=""none"" stroke=""currentColor"" stroke-width=""2""><polygon points=""5 3 19 12 5 21 5 3""></polygon></svg></button></div><div class=""meta-section""><div class=""translation"">對他人表現出禮貌，例如為身後的人扶住門，是讓世界變得更美好的一種簡單方式。</div><div class=""entry-explanation"">名詞「禮貌」。</div></div></div><div class=""entry""><div class=""sentence-row""><div class=""sentence"">The beautiful photographs in this exhibition were provided <span class=""collocation"">by</span> <span class=""target-word"">courtesy</span> <span class=""collocation"">of</span> the local museum, which holds a vast collection of historical images.</div><button class=""tts-button"" data-tts=""The beautiful photographs in this exhibition were provided by courtesy of the local museum, which holds a vast collection of historical images."" onclick=""window.playTTS(this.getAttribute('data-tts'))""><svg viewBox=""0 0 24 24"" fill=""none"" stroke=""currentColor"" stroke-width=""2""><polygon points=""5 3 19 12 5 21 5 3""></polygon></svg></button></div><div class=""meta-section""><div class=""translation"">本次展覽中精美的照片是承蒙當地博物館提供，該館收藏了大量的歷史影像。</div><div class=""entry-explanation"">固定片語 by courtesy of，意為「承蒙...提供」。</div></div></div></div><div class=""related-forms""><span class=""label"">Related:</span> courteous</div></div>"
coward	"<div class=""anki-card-content""><div class=""general-explanation"">名詞「懦夫」。形容詞形式為 cowardly。</div><div class=""entries-container""><div class=""entry""><div class=""sentence-row""><div class=""sentence"">He was labeled a <span class=""target-word"">coward</span> <span class=""collocation"">for</span> running away from the challenge instead of facing his fears and trying to solve the problem.</div><button class=""tts-button"" data-tts=""He was labeled a coward for running away from the challenge instead of facing his fears and trying to solve the problem."" onclick=""window.playTTS(this.getAttribute('data-tts'))""><svg viewBox=""0 0 24 24"" fill=""none"" stroke=""currentColor"" stroke-width=""2""><polygon points=""5 3 19 12 5 21 5 3""></polygon></svg></button></div><div class=""meta-section""><div class=""translation"">他因為逃避挑戰而不是面對恐懼並試圖解決問題，而被貼上懦夫的標籤。</div><div class=""entry-explanation"">名詞「懦夫」。</div></div></div><div class=""entry""><div class=""sentence-row""><div class=""sentence"">It is not a sign of being a <span class=""target-word"">coward</span> to admit that you need help when you are overwhelmed by difficult tasks.</div><button class=""tts-button"" data-tts=""It is not a sign of being a coward to admit that you need help when you are overwhelmed by difficult tasks."" onclick=""window.playTTS(this.getAttribute('data-tts'))""><svg viewBox=""0 0 24 24"" fill=""none"" stroke=""currentColor"" stroke-width=""2""><polygon points=""5 3 19 12 5 21 5 3""></polygon></svg></button></div><div class=""meta-section""><div class=""translation"">當你被艱鉅的任務壓得喘不過氣時，承認你需要幫助並不是懦夫的表現。</div><div class=""entry-explanation"">名詞「懦夫」。</div></div></div></div><div class=""related-forms""><span class=""label"">Related:</span> cowards, cowardly</div></div>"
crack	"<div class=""anki-card-content""><div class=""general-explanation"">名詞表「裂縫/爆裂聲」；動詞表「使破裂/破解(密碼/難題)」。注意 crack a joke (講笑話) 的固定搭配。</div><div class=""entries-container""><div class=""entry""><div class=""sentence-row""><div class=""sentence"">A small <span class=""target-word"">crack</span> appeared in the <span class=""collocation"">windowpane</span> after the heavy storm hit the school building last night.</div><button class=""tts-button"" data-tts=""A small crack appeared in the windowpane after the heavy storm hit the school building last night."" onclick=""window.playTTS(this.getAttribute('data-tts'))""><svg viewBox=""0 0 24 24"" fill=""none"" stroke=""currentColor"" stroke-width=""2""><polygon points=""5 3 19 12 5 21 5 3""></polygon></svg></button></div><div class=""meta-section""><div class=""translation"">昨晚強烈風暴襲擊校舍後，窗戶玻璃上出現了一道小裂縫。</div><div class=""entry-explanation"">名詞用法，指物體表面的裂縫。</div></div></div><div class=""entry""><div class=""sentence-row""><div class=""sentence"">The detective finally managed to <span class=""target-word"">crack</span> the <span class=""collocation"">secret code</span> after working on the case for several weeks.</div><button class=""tts-button"" data-tts=""The detective finally managed to crack the secret code after working on the case for several weeks."" onclick=""window.playTTS(this.getAttribute('data-tts'))""><svg viewBox=""0 0 24 24"" fill=""none"" stroke=""currentColor"" stroke-width=""2""><polygon points=""5 3 19 12 5 21 5 3""></polygon></svg></button></div><div class=""meta-section""><div class=""translation"">偵探在處理該案件幾週後，終於成功破解了秘密代碼。</div><div class=""entry-explanation"">動詞用法，指破解密碼或難題。</div></div></div></div><div class=""related-forms""><span class=""label"">Related:</span> cracks, cracked, cracking</div></div>"
craft	"<div class=""anki-card-content""><div class=""general-explanation"">名詞表「工藝/手藝」或「飛行器/船隻」。注意 craft 複數形仍為 craft (指交通工具時)。</div><div class=""entries-container""><div class=""entry""><div class=""sentence-row""><div class=""sentence"">The local villagers are famous for their traditional <span class=""target-word"">craft</span> <span class=""collocation"">skills</span>, especially in weaving beautiful baskets from bamboo.</div><button class=""tts-button"" data-tts=""The local villagers are famous for their traditional craft skills, especially in weaving beautiful baskets from bamboo."" onclick=""window.playTTS(this.getAttribute('data-tts'))""><svg viewBox=""0 0 24 24"" fill=""none"" stroke=""currentColor"" stroke-width=""2""><polygon points=""5 3 19 12 5 21 5 3""></polygon></svg></button></div><div class=""meta-section""><div class=""translation"">當地村民以其傳統工藝技術聞名，特別是將竹子編織成精美的籃子。</div><div class=""entry-explanation"">名詞表手藝、工藝。</div></div></div><div class=""entry""><div class=""sentence-row""><div class=""sentence"">The astronauts boarded the space <span class=""target-word"">craft</span> to begin their <span class=""collocation"">scientific mission</span> to explore the distant planet.</div><button class=""tts-button"" data-tts=""The astronauts boarded the space craft to begin their scientific mission to explore the distant planet."" onclick=""window.playTTS(this.getAttribute('data-tts'))""><svg viewBox=""0 0 24 24"" fill=""none"" stroke=""currentColor"" stroke-width=""2""><polygon points=""5 3 19 12 5 21 5 3""></polygon></svg></button></div><div class=""meta-section""><div class=""translation"">太空人登上太空船，開始他們探索遙遠行星的科學任務。</div><div class=""entry-explanation"">名詞表飛行器或船隻。</div></div></div></div><div class=""related-forms""><span class=""label"">Related:</span> crafts, craftsman, craftsmanship</div></div>"
creation	"<div class=""anki-card-content""><div class=""general-explanation"">名詞表「創造/創造物」。常與 God 或 artistic works 搭配。</div><div class=""entries-container""><div class=""entry""><div class=""sentence-row""><div class=""sentence"">The artist's latest <span class=""target-word"">creation</span> is a <span class=""collocation"">stunning sculpture</span> made entirely from recycled materials found on the beach.</div><button class=""tts-button"" data-tts=""The artist&#x27;s latest creation is a stunning sculpture made entirely from recycled materials found on the beach."" onclick=""window.playTTS(this.getAttribute('data-tts'))""><svg viewBox=""0 0 24 24"" fill=""none"" stroke=""currentColor"" stroke-width=""2""><polygon points=""5 3 19 12 5 21 5 3""></polygon></svg></button></div><div class=""meta-section""><div class=""translation"">這位藝術家最新的創作是一座完全由在海灘上發現的回收材料製成的驚人雕塑。</div><div class=""entry-explanation"">名詞表創造出來的作品。</div></div></div><div class=""entry""><div class=""sentence-row""><div class=""sentence"">The <span class=""target-word"">creation</span> of the new <span class=""collocation"">national park</span> has helped protect many endangered species from losing their natural habitats.</div><button class=""tts-button"" data-tts=""The creation of the new national park has helped protect many endangered species from losing their natural habitats."" onclick=""window.playTTS(this.getAttribute('data-tts'))""><svg viewBox=""0 0 24 24"" fill=""none"" stroke=""currentColor"" stroke-width=""2""><polygon points=""5 3 19 12 5 21 5 3""></polygon></svg></button></div><div class=""meta-section""><div class=""translation"">新國家公園的建立有助於保護許多瀕危物種免於失去自然棲息地。</div><div class=""entry-explanation"">名詞表創造的過程或行為。</div></div></div></div><div class=""related-forms""><span class=""label"">Related:</span> creations, creative</div></div>"
creativity	"<div class=""anki-card-content""><div class=""general-explanation"">名詞表「創造力」。常與 foster, encourage, spark 等動詞搭配。</div><div class=""entries-container""><div class=""entry""><div class=""sentence-row""><div class=""sentence"">The teacher encourages <span class=""target-word"">creativity</span> in the classroom by allowing students to <span class=""collocation"">express their ideas</span> through various art projects.</div><button class=""tts-button"" data-tts=""The teacher encourages creativity in the classroom by allowing students to express their ideas through various art projects."" onclick=""window.playTTS(this.getAttribute('data-tts'))""><svg viewBox=""0 0 24 24"" fill=""none"" stroke=""currentColor"" stroke-width=""2""><polygon points=""5 3 19 12 5 21 5 3""></polygon></svg></button></div><div class=""meta-section""><div class=""translation"">老師透過允許學生透過各種藝術專案表達想法，來鼓勵課堂上的創造力。</div><div class=""entry-explanation"">名詞表創造力，不可數。</div></div></div><div class=""entry""><div class=""sentence-row""><div class=""sentence"">Solving complex problems often requires a great deal of <span class=""target-word"">creativity</span> and <span class=""collocation"">out-of-the-box thinking</span> from the entire team.</div><button class=""tts-button"" data-tts=""Solving complex problems often requires a great deal of creativity and out-of-the-box thinking from the entire team."" onclick=""window.playTTS(this.getAttribute('data-tts'))""><svg viewBox=""0 0 24 24"" fill=""none"" stroke=""currentColor"" stroke-width=""2""><polygon points=""5 3 19 12 5 21 5 3""></polygon></svg></button></div><div class=""meta-section""><div class=""translation"">解決複雜的問題通常需要整個團隊具備大量的創造力和跳脫框架的思考。</div><div class=""entry-explanation"">名詞表創造力，強調解決問題的能力。</div></div></div></div><div class=""related-forms""><span class=""label"">Related:</span> creative</div></div>"
creep	"<div class=""anki-card-content""><div class=""general-explanation"">動詞表「緩慢移動/爬行」。注意過去式為 crept。</div><div class=""entries-container""><div class=""entry""><div class=""sentence-row""><div class=""sentence"">The thief tried to <span class=""target-word"">creep</span> <span class=""collocation"">silently</span> across the floor to avoid waking up the sleeping family members.</div><button class=""tts-button"" data-tts=""The thief tried to creep silently across the floor to avoid waking up the sleeping family members."" onclick=""window.playTTS(this.getAttribute('data-tts'))""><svg viewBox=""0 0 24 24"" fill=""none"" stroke=""currentColor"" stroke-width=""2""><polygon points=""5 3 19 12 5 21 5 3""></polygon></svg></button></div><div class=""meta-section""><div class=""translation"">小偷試圖安靜地爬過地板，以避免吵醒睡覺的家人。</div><div class=""entry-explanation"">動詞表悄悄地移動。</div></div></div><div class=""entry""><div class=""sentence-row""><div class=""sentence"">As the deadline approached, a sense of <span class=""collocation"">anxiety</span> began to <span class=""target-word"">creep</span> into the students' minds during the exam.</div><button class=""tts-button"" data-tts=""As the deadline approached, a sense of anxiety began to creep into the students&#x27; minds during the exam."" onclick=""window.playTTS(this.getAttribute('data-tts'))""><svg viewBox=""0 0 24 24"" fill=""none"" stroke=""currentColor"" stroke-width=""2""><polygon points=""5 3 19 12 5 21 5 3""></polygon></svg></button></div><div class=""meta-section""><div class=""translation"">隨著截止日期臨近，考試期間學生心中開始產生一種焦慮感。</div><div class=""entry-explanation"">動詞表緩慢地產生或蔓延。</div></div></div></div><div class=""related-forms""><span class=""label"">Related:</span> crept, creeping</div></div>"
critic	"<div class=""anki-card-content""><div class=""general-explanation"">名詞表「評論家/批評者」。</div><div class=""entries-container""><div class=""entry""><div class=""sentence-row""><div class=""sentence"">The famous film <span class=""target-word"">critic</span> gave the new movie a <span class=""collocation"">glowing review</span>, praising the director's unique storytelling style.</div><button class=""tts-button"" data-tts=""The famous film critic gave the new movie a glowing review, praising the director&#x27;s unique storytelling style."" onclick=""window.playTTS(this.getAttribute('data-tts'))""><svg viewBox=""0 0 24 24"" fill=""none"" stroke=""currentColor"" stroke-width=""2""><polygon points=""5 3 19 12 5 21 5 3""></polygon></svg></button></div><div class=""meta-section""><div class=""translation"">著名的影評人給了這部新電影極高的評價，稱讚導演獨特的敘事風格。</div><div class=""entry-explanation"">名詞表專業評論家。</div></div></div><div class=""entry""><div class=""sentence-row""><div class=""sentence"">Despite being a harsh <span class=""target-word"">critic</span> of the government's <span class=""collocation"">economic policy</span>, he admitted that the new tax law was necessary.</div><button class=""tts-button"" data-tts=""Despite being a harsh critic of the government&#x27;s economic policy, he admitted that the new tax law was necessary."" onclick=""window.playTTS(this.getAttribute('data-tts'))""><svg viewBox=""0 0 24 24"" fill=""none"" stroke=""currentColor"" stroke-width=""2""><polygon points=""5 3 19 12 5 21 5 3""></polygon></svg></button></div><div class=""meta-section""><div class=""translation"">儘管他是政府經濟政策的嚴厲批評者，但他承認新的稅法是有必要的。</div><div class=""entry-explanation"">名詞表批評者。</div></div></div></div><div class=""related-forms""><span class=""label"">Related:</span> critics</div></div>"
critical	"<div class=""anki-card-content""><div class=""general-explanation"">形容詞表「關鍵的/批判性的/嚴重的」。GSAT常考「批判性思考」critical thinking。</div><div class=""entries-container""><div class=""entry""><div class=""sentence-row""><div class=""sentence"">Developing <span class=""target-word"">critical</span> <span class=""collocation"">thinking skills</span> is essential for students to analyze information and make informed decisions in life.</div><button class=""tts-button"" data-tts=""Developing critical thinking skills is essential for students to analyze information and make informed decisions in life."" onclick=""window.playTTS(this.getAttribute('data-tts'))""><svg viewBox=""0 0 24 24"" fill=""none"" stroke=""currentColor"" stroke-width=""2""><polygon points=""5 3 19 12 5 21 5 3""></polygon></svg></button></div><div class=""meta-section""><div class=""translation"">培養批判性思考能力對於學生分析資訊並在生活中做出明智決定至關重要。</div><div class=""entry-explanation"">形容詞表批判性的。</div></div></div><div class=""entry""><div class=""sentence-row""><div class=""sentence"">The patient is in <span class=""target-word"">critical</span> <span class=""collocation"">condition</span> after the accident, and the doctors are doing their best to save him.</div><button class=""tts-button"" data-tts=""The patient is in critical condition after the accident, and the doctors are doing their best to save him."" onclick=""window.playTTS(this.getAttribute('data-tts'))""><svg viewBox=""0 0 24 24"" fill=""none"" stroke=""currentColor"" stroke-width=""2""><polygon points=""5 3 19 12 5 21 5 3""></polygon></svg></button></div><div class=""meta-section""><div class=""translation"">病人在事故後情況危急，醫生們正盡全力搶救他。</div><div class=""entry-explanation"">形容詞表極其嚴重的、危急的。</div></div></div></div><div class=""related-forms""><span class=""label"">Related:</span> critically</div></div>"
criticism	"<div class=""anki-card-content""><div class=""general-explanation"">名詞表「批評/評論」。常搭配 face/receive criticism。</div><div class=""entries-container""><div class=""entry""><div class=""sentence-row""><div class=""sentence"">The politician faced heavy <span class=""target-word"">criticism</span> from the public after his <span class=""collocation"">controversial remarks</span> were broadcast on national television.</div><button class=""tts-button"" data-tts=""The politician faced heavy criticism from the public after his controversial remarks were broadcast on national television."" onclick=""window.playTTS(this.getAttribute('data-tts'))""><svg viewBox=""0 0 24 24"" fill=""none"" stroke=""currentColor"" stroke-width=""2""><polygon points=""5 3 19 12 5 21 5 3""></polygon></svg></button></div><div class=""meta-section""><div class=""translation"">這位政治人物在爭議言論於全國電視播出後，面臨來自大眾的沉重批評。</div><div class=""entry-explanation"">名詞表批評。</div></div></div><div class=""entry""><div class=""sentence-row""><div class=""sentence"">Constructive <span class=""target-word"">criticism</span> can help you improve your <span class=""collocation"">writing skills</span> if you are willing to listen to others' suggestions.</div><button class=""tts-button"" data-tts=""Constructive criticism can help you improve your writing skills if you are willing to listen to others&#x27; suggestions."" onclick=""window.playTTS(this.getAttribute('data-tts'))""><svg viewBox=""0 0 24 24"" fill=""none"" stroke=""currentColor"" stroke-width=""2""><polygon points=""5 3 19 12 5 21 5 3""></polygon></svg></button></div><div class=""meta-section""><div class=""translation"">如果你願意聽取他人的建議，建設性的批評可以幫助你提升寫作技巧。</div><div class=""entry-explanation"">名詞表建設性的評論。</div></div></div></div><div class=""related-forms""><span class=""label"">Related:</span> criticisms</div></div>"
criticize	"<div class=""anki-card-content""><div class=""general-explanation"">動詞表「批評」。注意拼字，美式為 -ize，英式為 -ise。</div><div class=""entries-container""><div class=""entry""><div class=""sentence-row""><div class=""sentence"">It is unfair to <span class=""target-word"">criticize</span> others for their <span class=""collocation"">personal choices</span> when you do not know the full story.</div><button class=""tts-button"" data-tts=""It is unfair to criticize others for their personal choices when you do not know the full story."" onclick=""window.playTTS(this.getAttribute('data-tts'))""><svg viewBox=""0 0 24 24"" fill=""none"" stroke=""currentColor"" stroke-width=""2""><polygon points=""5 3 19 12 5 21 5 3""></polygon></svg></button></div><div class=""meta-section""><div class=""translation"">當你不了解完整情況時，因為他人的個人選擇而批評他們是不公平的。</div><div class=""entry-explanation"">動詞表批評。</div></div></div><div class=""entry""><div class=""sentence-row""><div class=""sentence"">The professor <span class=""target-word"">criticized</span> the student's <span class=""collocation"">research paper</span> for lacking sufficient evidence to support the main argument.</div><button class=""tts-button"" data-tts=""The professor criticized the student&#x27;s research paper for lacking sufficient evidence to support the main argument."" onclick=""window.playTTS(this.getAttribute('data-tts'))""><svg viewBox=""0 0 24 24"" fill=""none"" stroke=""currentColor"" stroke-width=""2""><polygon points=""5 3 19 12 5 21 5 3""></polygon></svg></button></div><div class=""meta-section""><div class=""translation"">教授批評該學生的研究報告，因為缺乏足夠的證據來支持主要論點。</div><div class=""entry-explanation"">動詞表提出負面意見。</div></div></div></div><div class=""related-forms""><span class=""label"">Related:</span> criticized, criticizing</div></div>"
cruelty	"<div class=""anki-card-content""><div class=""general-explanation"">名詞表「殘酷/虐待」。常搭配 animal cruelty。</div><div class=""entries-container""><div class=""entry""><div class=""sentence-row""><div class=""sentence"">The organization is dedicated to preventing animal <span class=""target-word"">cruelty</span> and ensuring that all pets are <span class=""collocation"">treated with kindness</span>.</div><button class=""tts-button"" data-tts=""The organization is dedicated to preventing animal cruelty and ensuring that all pets are treated with kindness."" onclick=""window.playTTS(this.getAttribute('data-tts'))""><svg viewBox=""0 0 24 24"" fill=""none"" stroke=""currentColor"" stroke-width=""2""><polygon points=""5 3 19 12 5 21 5 3""></polygon></svg></button></div><div class=""meta-section""><div class=""translation"">該組織致力於防止虐待動物，並確保所有寵物都受到友善對待。</div><div class=""entry-explanation"">名詞表殘酷行為。</div></div></div><div class=""entry""><div class=""sentence-row""><div class=""sentence"">He was shocked by the <span class=""target-word"">cruelty</span> of the <span class=""collocation"">harsh punishment</span> inflicted upon the prisoners in the ancient times.</div><button class=""tts-button"" data-tts=""He was shocked by the cruelty of the harsh punishment inflicted upon the prisoners in the ancient times."" onclick=""window.playTTS(this.getAttribute('data-tts'))""><svg viewBox=""0 0 24 24"" fill=""none"" stroke=""currentColor"" stroke-width=""2""><polygon points=""5 3 19 12 5 21 5 3""></polygon></svg></button></div><div class=""meta-section""><div class=""translation"">他對古代囚犯所受到的殘酷懲罰感到震驚。</div><div class=""entry-explanation"">名詞表殘酷的性質。</div></div></div></div><div class=""related-forms""><span class=""label"">Related:</span> cruel</div></div>"
crunchy	"<div class=""anki-card-content""><div class=""general-explanation"">形容詞表「酥脆的」。常用於描述食物口感。</div><div class=""entries-container""><div class=""entry""><div class=""sentence-row""><div class=""sentence"">I love eating <span class=""target-word"">crunchy</span> <span class=""collocation"">vegetables</span> like carrots and celery as a healthy snack during my afternoon study break.</div><button class=""tts-button"" data-tts=""I love eating crunchy vegetables like carrots and celery as a healthy snack during my afternoon study break."" onclick=""window.playTTS(this.getAttribute('data-tts'))""><svg viewBox=""0 0 24 24"" fill=""none"" stroke=""currentColor"" stroke-width=""2""><polygon points=""5 3 19 12 5 21 5 3""></polygon></svg></button></div><div class=""meta-section""><div class=""translation"">我喜歡在下午讀書休息時吃像胡蘿蔔和芹菜這樣酥脆的蔬菜作為健康零食。</div><div class=""entry-explanation"">形容詞表酥脆的。</div></div></div><div class=""entry""><div class=""sentence-row""><div class=""sentence"">The cookies were perfectly baked, with a <span class=""target-word"">crunchy</span> <span class=""collocation"">texture</span> on the outside and a soft center inside.</div><button class=""tts-button"" data-tts=""The cookies were perfectly baked, with a crunchy texture on the outside and a soft center inside."" onclick=""window.playTTS(this.getAttribute('data-tts'))""><svg viewBox=""0 0 24 24"" fill=""none"" stroke=""currentColor"" stroke-width=""2""><polygon points=""5 3 19 12 5 21 5 3""></polygon></svg></button></div><div class=""meta-section""><div class=""translation"">餅乾烤得非常完美，外層口感酥脆，內層柔軟。</div><div class=""entry-explanation"">形容詞表口感。</div></div></div></div><div class=""related-forms""><span class=""label"">Related:</span> crunch</div></div>"
crush	"<div class=""anki-card-content""><div class=""general-explanation"">動詞表「壓碎/迷戀」；名詞表「迷戀/擁擠的人群」。</div><div class=""entries-container""><div class=""entry""><div class=""sentence-row""><div class=""sentence"">Be careful not to <span class=""target-word"">crush</span> the <span class=""collocation"">delicate flowers</span> while you are walking through the garden this afternoon.</div><button class=""tts-button"" data-tts=""Be careful not to crush the delicate flowers while you are walking through the garden this afternoon."" onclick=""window.playTTS(this.getAttribute('data-tts'))""><svg viewBox=""0 0 24 24"" fill=""none"" stroke=""currentColor"" stroke-width=""2""><polygon points=""5 3 19 12 5 21 5 3""></polygon></svg></button></div><div class=""meta-section""><div class=""translation"">今天下午走過花園時，小心不要壓壞了嬌嫩的花朵。</div><div class=""entry-explanation"">動詞表壓碎。</div></div></div><div class=""entry""><div class=""sentence-row""><div class=""sentence"">She has had a secret <span class=""target-word"">crush</span> <span class=""collocation"">on</span> her classmate since the beginning of the school year last September.</div><button class=""tts-button"" data-tts=""She has had a secret crush on her classmate since the beginning of the school year last September."" onclick=""window.playTTS(this.getAttribute('data-tts'))""><svg viewBox=""0 0 24 24"" fill=""none"" stroke=""currentColor"" stroke-width=""2""><polygon points=""5 3 19 12 5 21 5 3""></polygon></svg></button></div><div class=""meta-section""><div class=""translation"">自從去年九月開學以來，她一直暗戀著她的同學。</div><div class=""entry-explanation"">名詞表迷戀，常搭配 have a crush on sb。</div></div></div></div><div class=""related-forms""><span class=""label"">Related:</span> crushed, crushing</div></div>"
cube	"<div class=""anki-card-content""><div class=""general-explanation"">名詞表「立方體/冰塊」；動詞表「切成丁」。</div><div class=""entries-container""><div class=""entry""><div class=""sentence-row""><div class=""sentence"">Please <span class=""target-word"">cube</span> the <span class=""collocation"">potatoes</span> into small pieces before you add them to the soup for the dinner party.</div><button class=""tts-button"" data-tts=""Please cube the potatoes into small pieces before you add them to the soup for the dinner party."" onclick=""window.playTTS(this.getAttribute('data-tts'))""><svg viewBox=""0 0 24 24"" fill=""none"" stroke=""currentColor"" stroke-width=""2""><polygon points=""5 3 19 12 5 21 5 3""></polygon></svg></button></div><div class=""meta-section""><div class=""translation"">在將馬鈴薯加入晚餐派對的湯之前，請先將它們切成小丁。</div><div class=""entry-explanation"">動詞表切成丁。</div></div></div><div class=""entry""><div class=""sentence-row""><div class=""sentence"">The math teacher used a wooden <span class=""target-word"">cube</span> to explain the <span class=""collocation"">geometric concept</span> of volume to the students today.</div><button class=""tts-button"" data-tts=""The math teacher used a wooden cube to explain the geometric concept of volume to the students today."" onclick=""window.playTTS(this.getAttribute('data-tts'))""><svg viewBox=""0 0 24 24"" fill=""none"" stroke=""currentColor"" stroke-width=""2""><polygon points=""5 3 19 12 5 21 5 3""></polygon></svg></button></div><div class=""meta-section""><div class=""translation"">數學老師今天用一個木製立方體向學生解釋體積的幾何概念。</div><div class=""entry-explanation"">名詞表立方體。</div></div></div></div><div class=""related-forms""><span class=""label"">Related:</span> cubes, cubic</div></div>"
cue	"<div class=""anki-card-content""><div class=""general-explanation"">名詞表「提示/暗示」；動詞表「給予提示」。</div><div class=""entries-container""><div class=""entry""><div class=""sentence-row""><div class=""sentence"">The actor waited for his <span class=""target-word"">cue</span> <span class=""collocation"">from</span> the director before he walked onto the stage to start the performance.</div><button class=""tts-button"" data-tts=""The actor waited for his cue from the director before he walked onto the stage to start the performance."" onclick=""window.playTTS(this.getAttribute('data-tts'))""><svg viewBox=""0 0 24 24"" fill=""none"" stroke=""currentColor"" stroke-width=""2""><polygon points=""5 3 19 12 5 21 5 3""></polygon></svg></button></div><div class=""meta-section""><div class=""translation"">演員在走上舞台開始表演前，等待著導演給他的提示。</div><div class=""entry-explanation"">名詞表提示。</div></div></div><div class=""entry""><div class=""sentence-row""><div class=""sentence"">The teacher <span class=""target-word"">cued</span> the students to <span class=""collocation"">start writing</span> the essay by ringing a small bell in the classroom.</div><button class=""tts-button"" data-tts=""The teacher cued the students to start writing the essay by ringing a small bell in the classroom."" onclick=""window.playTTS(this.getAttribute('data-tts'))""><svg viewBox=""0 0 24 24"" fill=""none"" stroke=""currentColor"" stroke-width=""2""><polygon points=""5 3 19 12 5 21 5 3""></polygon></svg></button></div><div class=""meta-section""><div class=""translation"">老師透過在教室裡搖響小鈴鐺，提示學生開始寫作論文。</div><div class=""entry-explanation"">動詞表給予提示。</div></div></div></div><div class=""related-forms""><span class=""label"">Related:</span> cues, cued</div></div>"
cunning	"<div class=""anki-card-content""><div class=""general-explanation"">形容詞表「狡猾的」；名詞表「狡猾」。</div><div class=""entries-container""><div class=""entry""><div class=""sentence-row""><div class=""sentence"">The <span class=""target-word"">cunning</span> fox managed to <span class=""collocation"">outsmart</span> the hunters and escape into the deep forest without being caught.</div><button class=""tts-button"" data-tts=""The cunning fox managed to outsmart the hunters and escape into the deep forest without being caught."" onclick=""window.playTTS(this.getAttribute('data-tts'))""><svg viewBox=""0 0 24 24"" fill=""none"" stroke=""currentColor"" stroke-width=""2""><polygon points=""5 3 19 12 5 21 5 3""></polygon></svg></button></div><div class=""meta-section""><div class=""translation"">狡猾的狐狸成功地勝過獵人，並逃進深林中而未被抓住。</div><div class=""entry-explanation"">形容詞表狡猾的。</div></div></div><div class=""entry""><div class=""sentence-row""><div class=""sentence"">With great <span class=""target-word"">cunning</span>, the spy <span class=""collocation"">deceived</span> the enemy and obtained the classified information he needed for the mission.</div><button class=""tts-button"" data-tts=""With great cunning, the spy deceived the enemy and obtained the classified information he needed for the mission."" onclick=""window.playTTS(this.getAttribute('data-tts'))""><svg viewBox=""0 0 24 24"" fill=""none"" stroke=""currentColor"" stroke-width=""2""><polygon points=""5 3 19 12 5 21 5 3""></polygon></svg></button></div><div class=""meta-section""><div class=""translation"">間諜以極大的狡猾欺騙了敵人，並獲得了任務所需的機密資訊。</div><div class=""entry-explanation"">名詞表狡猾的特質。</div></div></div></div><div class=""related-forms""><span class=""label"">Related:</span> cunningly</div></div>"
curiosity	"<div class=""anki-card-content""><div class=""general-explanation"">名詞表「好奇心」。常搭配 satisfy one&#x27;s curiosity。</div><div class=""entries-container""><div class=""entry""><div class=""sentence-row""><div class=""sentence"">Her <span class=""target-word"">curiosity</span> about the <span class=""collocation"">unknown world</span> led her to travel to many remote countries during her summer vacation.</div><button class=""tts-button"" data-tts=""Her curiosity about the unknown world led her to travel to many remote countries during her summer vacation."" onclick=""window.playTTS(this.getAttribute('data-tts'))""><svg viewBox=""0 0 24 24"" fill=""none"" stroke=""currentColor"" stroke-width=""2""><polygon points=""5 3 19 12 5 21 5 3""></polygon></svg></button></div><div class=""meta-section""><div class=""translation"">她對未知世界的好奇心使她在暑假期間前往許多偏遠國家旅行。</div><div class=""entry-explanation"">名詞表好奇心。</div></div></div><div class=""entry""><div class=""sentence-row""><div class=""sentence"">He opened the mysterious box just to <span class=""collocation"">satisfy</span> his <span class=""target-word"">curiosity</span> regarding what was hidden inside for so long.</div><button class=""tts-button"" data-tts=""He opened the mysterious box just to satisfy his curiosity regarding what was hidden inside for so long."" onclick=""window.playTTS(this.getAttribute('data-tts'))""><svg viewBox=""0 0 24 24"" fill=""none"" stroke=""currentColor"" stroke-width=""2""><polygon points=""5 3 19 12 5 21 5 3""></polygon></svg></button></div><div class=""meta-section""><div class=""translation"">他打開那個神秘的盒子，只是為了滿足他對於裡面隱藏了這麼久的東西的好奇心。</div><div class=""entry-explanation"">名詞表好奇心，搭配 satisfy。</div></div></div></div><div class=""related-forms""><span class=""label"">Related:</span> curious</div></div>"
curl	"<div class=""anki-card-content""><div class=""general-explanation"">名詞表「捲髮/捲曲物」；動詞表「使捲曲」。</div><div class=""entries-container""><div class=""entry""><div class=""sentence-row""><div class=""sentence"">She decided to <span class=""target-word"">curl</span> her <span class=""collocation"">long hair</span> for the school dance to look more elegant and stylish tonight.</div><button class=""tts-button"" data-tts=""She decided to curl her long hair for the school dance to look more elegant and stylish tonight."" onclick=""window.playTTS(this.getAttribute('data-tts'))""><svg viewBox=""0 0 24 24"" fill=""none"" stroke=""currentColor"" stroke-width=""2""><polygon points=""5 3 19 12 5 21 5 3""></polygon></svg></button></div><div class=""meta-section""><div class=""translation"">她決定為了今晚的學校舞會將長髮捲起來，看起來更優雅時髦。</div><div class=""entry-explanation"">動詞表使捲曲。</div></div></div><div class=""entry""><div class=""sentence-row""><div class=""sentence"">The cat likes to <span class=""target-word"">curl</span> <span class=""collocation"">up</span> on the sofa and sleep peacefully during the cold winter afternoons at home.</div><button class=""tts-button"" data-tts=""The cat likes to curl up on the sofa and sleep peacefully during the cold winter afternoons at home."" onclick=""window.playTTS(this.getAttribute('data-tts'))""><svg viewBox=""0 0 24 24"" fill=""none"" stroke=""currentColor"" stroke-width=""2""><polygon points=""5 3 19 12 5 21 5 3""></polygon></svg></button></div><div class=""meta-section""><div class=""translation"">貓咪喜歡在寒冷的冬日下午蜷縮在沙發上安靜地睡覺。</div><div class=""entry-explanation"">動詞片語 curl up，指蜷縮。</div></div></div></div><div class=""related-forms""><span class=""label"">Related:</span> curls, curly</div></div>"
curse	"<div class=""anki-card-content""><div class=""general-explanation"">名詞表「詛咒/咒罵」；動詞表「詛咒」。</div><div class=""entries-container""><div class=""entry""><div class=""sentence-row""><div class=""sentence"">In the fairy tale, the witch cast a <span class=""target-word"">curse</span> <span class=""collocation"">on</span> the prince, turning him into a frog for many years.</div><button class=""tts-button"" data-tts=""In the fairy tale, the witch cast a curse on the prince, turning him into a frog for many years."" onclick=""window.playTTS(this.getAttribute('data-tts'))""><svg viewBox=""0 0 24 24"" fill=""none"" stroke=""currentColor"" stroke-width=""2""><polygon points=""5 3 19 12 5 21 5 3""></polygon></svg></button></div><div class=""meta-section""><div class=""translation"">在童話故事中，女巫對王子下了詛咒，讓他變成了青蛙多年。</div><div class=""entry-explanation"">名詞表詛咒。</div></div></div><div class=""entry""><div class=""sentence-row""><div class=""sentence"">He was so angry that he started to <span class=""target-word"">curse</span> <span class=""collocation"">at</span> everyone who tried to help him solve the difficult problem.</div><button class=""tts-button"" data-tts=""He was so angry that he started to curse at everyone who tried to help him solve the difficult problem."" onclick=""window.playTTS(this.getAttribute('data-tts'))""><svg viewBox=""0 0 24 24"" fill=""none"" stroke=""currentColor"" stroke-width=""2""><polygon points=""5 3 19 12 5 21 5 3""></polygon></svg></button></div><div class=""meta-section""><div class=""translation"">他非常生氣，開始咒罵每一個試圖幫助他解決困難問題的人。</div><div class=""entry-explanation"">動詞表咒罵。</div></div></div></div><div class=""related-forms""><span class=""label"">Related:</span> cursed, cursing</div></div>"
curve	"<div class=""anki-card-content""><div class=""general-explanation"">名詞表「曲線/彎曲處」；動詞表「使彎曲」。</div><div class=""entries-container""><div class=""entry""><div class=""sentence-row""><div class=""sentence"">The road begins to <span class=""target-word"">curve</span> <span class=""collocation"">sharply</span> as it goes up the mountain, so drivers should be very careful there.</div><button class=""tts-button"" data-tts=""The road begins to curve sharply as it goes up the mountain, so drivers should be very careful there."" onclick=""window.playTTS(this.getAttribute('data-tts'))""><svg viewBox=""0 0 24 24"" fill=""none"" stroke=""currentColor"" stroke-width=""2""><polygon points=""5 3 19 12 5 21 5 3""></polygon></svg></button></div><div class=""meta-section""><div class=""translation"">道路在爬山時開始急劇彎曲，所以駕駛在那裡應該要非常小心。</div><div class=""entry-explanation"">動詞表彎曲。</div></div></div><div class=""entry""><div class=""sentence-row""><div class=""sentence"">The graph shows a steep <span class=""target-word"">curve</span> <span class=""collocation"">upward</span>, indicating that the company's sales have increased significantly this year.</div><button class=""tts-button"" data-tts=""The graph shows a steep curve upward, indicating that the company&#x27;s sales have increased significantly this year."" onclick=""window.playTTS(this.getAttribute('data-tts'))""><svg viewBox=""0 0 24 24"" fill=""none"" stroke=""currentColor"" stroke-width=""2""><polygon points=""5 3 19 12 5 21 5 3""></polygon></svg></button></div><div class=""meta-section""><div class=""translation"">圖表顯示出一條陡峭的向上曲線，表明該公司的銷售額今年顯著增長。</div><div class=""entry-explanation"">名詞表曲線。</div></div></div></div><div class=""related-forms""><span class=""label"">Related:</span> curves, curved</div></div>"
cushion	"<div class=""anki-card-content""><div class=""general-explanation"">名詞表「坐墊/緩衝物」；動詞表「減輕衝擊」。</div><div class=""entries-container""><div class=""entry""><div class=""sentence-row""><div class=""sentence"">She placed a soft <span class=""target-word"">cushion</span> on the wooden chair to make it more <span class=""collocation"">comfortable</span> for sitting for long hours.</div><button class=""tts-button"" data-tts=""She placed a soft cushion on the wooden chair to make it more comfortable for sitting for long hours."" onclick=""window.playTTS(this.getAttribute('data-tts'))""><svg viewBox=""0 0 24 24"" fill=""none"" stroke=""currentColor"" stroke-width=""2""><polygon points=""5 3 19 12 5 21 5 3""></polygon></svg></button></div><div class=""meta-section""><div class=""translation"">她在木椅上放了一個柔軟的坐墊，讓長時間坐著更舒適。</div><div class=""entry-explanation"">名詞表坐墊。</div></div></div><div class=""entry""><div class=""sentence-row""><div class=""sentence"">The thick layer of snow helped to <span class=""target-word"">cushion</span> the <span class=""collocation"">impact</span> of his fall when he slipped on the ice.</div><button class=""tts-button"" data-tts=""The thick layer of snow helped to cushion the impact of his fall when he slipped on the ice."" onclick=""window.playTTS(this.getAttribute('data-tts'))""><svg viewBox=""0 0 24 24"" fill=""none"" stroke=""currentColor"" stroke-width=""2""><polygon points=""5 3 19 12 5 21 5 3""></polygon></svg></button></div><div class=""meta-section""><div class=""translation"">厚厚的積雪幫助減輕了他滑倒時的衝擊力。</div><div class=""entry-explanation"">動詞表減輕衝擊。</div></div></div></div><div class=""related-forms""><span class=""label"">Related:</span> cushions, cushioned</div></div>"
damp	"<div class=""anki-card-content""><div class=""general-explanation"">形容詞表「潮濕的」；名詞表「濕氣」；動詞表「使潮濕/抑制」。注意形容詞常指令人不舒服的濕氣，與 humid（氣候潮濕）不同。</div><div class=""entries-container""><div class=""entry""><div class=""sentence-row""><div class=""sentence"">The basement was <span class=""target-word"">damp</span> and cold, so we decided to store our important documents in a <span class=""collocation"">dry</span> place upstairs instead.</div><button class=""tts-button"" data-tts=""The basement was damp and cold, so we decided to store our important documents in a dry place upstairs instead."" onclick=""window.playTTS(this.getAttribute('data-tts'))""><svg viewBox=""0 0 24 24"" fill=""none"" stroke=""currentColor"" stroke-width=""2""><polygon points=""5 3 19 12 5 21 5 3""></polygon></svg></button></div><div class=""meta-section""><div class=""translation"">地下室又濕又冷，所以我們決定把重要文件存放在樓上乾燥的地方。</div><div class=""entry-explanation"">形容詞「潮濕的」。常與 cold, dark 搭配描述環境。</div></div></div><div class=""entry""><div class=""sentence-row""><div class=""sentence"">The heavy rain <span class=""target-word"">damped</span> the <span class=""collocation"">spirits</span> of the students who were looking forward to the outdoor sports meet all week.</div><button class=""tts-button"" data-tts=""The heavy rain damped the spirits of the students who were looking forward to the outdoor sports meet all week."" onclick=""window.playTTS(this.getAttribute('data-tts'))""><svg viewBox=""0 0 24 24"" fill=""none"" stroke=""currentColor"" stroke-width=""2""><polygon points=""5 3 19 12 5 21 5 3""></polygon></svg></button></div><div class=""meta-section""><div class=""translation"">大雨澆熄了那些整週都期待著戶外運動會的學生們的熱情。</div><div class=""entry-explanation"">動詞「抑制/減弱」。dampen/damp spirits 為常見搭配，意指澆熄熱情。</div></div></div></div><div class=""related-forms""><span class=""label"">Related:</span> damps, damped, dampening</div></div>"
deadline	"<div class=""anki-card-content""><div class=""general-explanation"">名詞「截止日期」。常與動詞 meet（趕上）或 miss（錯過）搭配使用。</div><div class=""entries-container""><div class=""entry""><div class=""sentence-row""><div class=""sentence"">To <span class=""collocation"">meet</span> the strict <span class=""target-word"">deadline</span> for the science project, the team members worked late into the night every single day.</div><button class=""tts-button"" data-tts=""To meet the strict deadline for the science project, the team members worked late into the night every single day."" onclick=""window.playTTS(this.getAttribute('data-tts'))""><svg viewBox=""0 0 24 24"" fill=""none"" stroke=""currentColor"" stroke-width=""2""><polygon points=""5 3 19 12 5 21 5 3""></polygon></svg></button></div><div class=""meta-section""><div class=""translation"">為了趕上科學專題的嚴格截止日期，團隊成員每天都工作到深夜。</div><div class=""entry-explanation"">meet the deadline 為固定搭配，意指準時完成。</div></div></div><div class=""entry""><div class=""sentence-row""><div class=""sentence"">The professor refused to accept any late assignments, even though several students <span class=""collocation"">missed</span> the <span class=""target-word"">deadline</span> due to technical issues.</div><button class=""tts-button"" data-tts=""The professor refused to accept any late assignments, even though several students missed the deadline due to technical issues."" onclick=""window.playTTS(this.getAttribute('data-tts'))""><svg viewBox=""0 0 24 24"" fill=""none"" stroke=""currentColor"" stroke-width=""2""><polygon points=""5 3 19 12 5 21 5 3""></polygon></svg></button></div><div class=""meta-section""><div class=""translation"">教授拒絕接受任何遲交的作業，儘管有幾位學生因為技術問題錯過了截止日期。</div><div class=""entry-explanation"">miss the deadline 為固定搭配，意指錯過期限。</div></div></div></div><div class=""related-forms""><span class=""label"">Related:</span> deadlines</div></div>"
declare	"<div class=""anki-card-content""><div class=""general-explanation"">動詞「宣佈/申報」。常用於正式場合或海關申報物品。</div><div class=""entries-container""><div class=""entry""><div class=""sentence-row""><div class=""sentence"">The government <span class=""target-word"">declared</span> a <span class=""collocation"">state</span> of emergency after the massive earthquake destroyed most of the infrastructure in the city.</div><button class=""tts-button"" data-tts=""The government declared a state of emergency after the massive earthquake destroyed most of the infrastructure in the city."" onclick=""window.playTTS(this.getAttribute('data-tts'))""><svg viewBox=""0 0 24 24"" fill=""none"" stroke=""currentColor"" stroke-width=""2""><polygon points=""5 3 19 12 5 21 5 3""></polygon></svg></button></div><div class=""meta-section""><div class=""translation"">在大地震摧毀了城市大部分基礎設施後，政府宣佈了緊急狀態。</div><div class=""entry-explanation"">declare a state of... 為正式用法，意指宣佈某種狀態。</div></div></div><div class=""entry""><div class=""sentence-row""><div class=""sentence"">Travelers are required to <span class=""target-word"">declare</span> any <span class=""collocation"">valuable</span> items, such as expensive jewelry or large amounts of cash, at the customs office.</div><button class=""tts-button"" data-tts=""Travelers are required to declare any valuable items, such as expensive jewelry or large amounts of cash, at the customs office."" onclick=""window.playTTS(this.getAttribute('data-tts'))""><svg viewBox=""0 0 24 24"" fill=""none"" stroke=""currentColor"" stroke-width=""2""><polygon points=""5 3 19 12 5 21 5 3""></polygon></svg></button></div><div class=""meta-section""><div class=""translation"">旅客在海關必須申報任何貴重物品，例如昂貴珠寶或大量現金。</div><div class=""entry-explanation"">海關用語，declare sth 指申報物品。</div></div></div></div><div class=""related-forms""><span class=""label"">Related:</span> declared, declaring, declaration</div></div>"
decoration	"<div class=""anki-card-content""><div class=""general-explanation"">名詞「裝飾/裝飾品」。常用於節慶或室內設計。</div><div class=""entries-container""><div class=""entry""><div class=""sentence-row""><div class=""sentence"">The students spent the whole afternoon putting up colorful <span class=""target-word"">decorations</span> to <span class=""collocation"">create</span> a festive atmosphere for the school dance party.</div><button class=""tts-button"" data-tts=""The students spent the whole afternoon putting up colorful decorations to create a festive atmosphere for the school dance party."" onclick=""window.playTTS(this.getAttribute('data-tts'))""><svg viewBox=""0 0 24 24"" fill=""none"" stroke=""currentColor"" stroke-width=""2""><polygon points=""5 3 19 12 5 21 5 3""></polygon></svg></button></div><div class=""meta-section""><div class=""translation"">學生們花了一整個下午掛上色彩繽紛的裝飾品，為學校舞會營造節日氣氛。</div><div class=""entry-explanation"">put up decorations 為常見動詞片語，意指佈置裝飾。</div></div></div><div class=""entry""><div class=""sentence-row""><div class=""sentence"">Minimalist interior design focuses on function rather than excessive <span class=""target-word"">decoration</span>, making the living space feel more <span class=""collocation"">spacious</span> and organized.</div><button class=""tts-button"" data-tts=""Minimalist interior design focuses on function rather than excessive decoration, making the living space feel more spacious and organized."" onclick=""window.playTTS(this.getAttribute('data-tts'))""><svg viewBox=""0 0 24 24"" fill=""none"" stroke=""currentColor"" stroke-width=""2""><polygon points=""5 3 19 12 5 21 5 3""></polygon></svg></button></div><div class=""meta-section""><div class=""translation"">極簡主義室內設計著重於功能而非過度的裝飾，使居住空間感覺更寬敞且有條理。</div><div class=""entry-explanation"">不可數用法，指裝飾風格或行為。</div></div></div></div><div class=""related-forms""><span class=""label"">Related:</span> decorations, decorate</div></div>"
defeat	"<div class=""anki-card-content""><div class=""general-explanation"">名詞「失敗/擊敗」；動詞「擊敗」。注意與 defeat 相關的搭配詞常與比賽或戰爭有關。</div><div class=""entries-container""><div class=""entry""><div class=""sentence-row""><div class=""sentence"">Despite their best efforts, the team suffered a bitter <span class=""target-word"">defeat</span> in the <span class=""collocation"">final</span> match against their long-time rival school.</div><button class=""tts-button"" data-tts=""Despite their best efforts, the team suffered a bitter defeat in the final match against their long-time rival school."" onclick=""window.playTTS(this.getAttribute('data-tts'))""><svg viewBox=""0 0 24 24"" fill=""none"" stroke=""currentColor"" stroke-width=""2""><polygon points=""5 3 19 12 5 21 5 3""></polygon></svg></button></div><div class=""meta-section""><div class=""translation"">儘管盡了最大努力，該隊在對抗長期競爭對手的決賽中仍遭受了慘痛的失敗。</div><div class=""entry-explanation"">suffer a defeat 為固定搭配，意指遭受失敗。</div></div></div><div class=""entry""><div class=""sentence-row""><div class=""sentence"">The champion managed to <span class=""target-word"">defeat</span> all his opponents in the tournament, proving that his <span class=""collocation"">rigorous</span> training had truly paid off.</div><button class=""tts-button"" data-tts=""The champion managed to defeat all his opponents in the tournament, proving that his rigorous training had truly paid off."" onclick=""window.playTTS(this.getAttribute('data-tts'))""><svg viewBox=""0 0 24 24"" fill=""none"" stroke=""currentColor"" stroke-width=""2""><polygon points=""5 3 19 12 5 21 5 3""></polygon></svg></button></div><div class=""meta-section""><div class=""translation"">冠軍成功擊敗了錦標賽中所有的對手，證明他嚴格的訓練確實有了回報。</div><div class=""entry-explanation"">動詞「擊敗」。defeat one&#x27;s opponent 為常見用法。</div></div></div></div><div class=""related-forms""><span class=""label"">Related:</span> defeats, defeated, defeating</div></div>"
defend	"<div class=""anki-card-content""><div class=""general-explanation"">動詞「防禦/辯護」。常與 against 搭配使用。</div><div class=""entries-container""><div class=""entry""><div class=""sentence-row""><div class=""sentence"">The soldiers were ordered to <span class=""target-word"">defend</span> the <span class=""collocation"">border</span> against any potential invasion to ensure the safety of the citizens living nearby.</div><button class=""tts-button"" data-tts=""The soldiers were ordered to defend the border against any potential invasion to ensure the safety of the citizens living nearby."" onclick=""window.playTTS(this.getAttribute('data-tts'))""><svg viewBox=""0 0 24 24"" fill=""none"" stroke=""currentColor"" stroke-width=""2""><polygon points=""5 3 19 12 5 21 5 3""></polygon></svg></button></div><div class=""meta-section""><div class=""translation"">士兵們奉命防禦邊境以抵禦任何潛在的入侵，確保附近居民的安全。</div><div class=""entry-explanation"">defend... against... 為固定搭配，意指防禦某物以對抗某威脅。</div></div></div><div class=""entry""><div class=""sentence-row""><div class=""sentence"">The lawyer tried to <span class=""target-word"">defend</span> his client by presenting new evidence that <span class=""collocation"">challenged</span> the witness's credibility in the courtroom.</div><button class=""tts-button"" data-tts=""The lawyer tried to defend his client by presenting new evidence that challenged the witness&#x27;s credibility in the courtroom."" onclick=""window.playTTS(this.getAttribute('data-tts'))""><svg viewBox=""0 0 24 24"" fill=""none"" stroke=""currentColor"" stroke-width=""2""><polygon points=""5 3 19 12 5 21 5 3""></polygon></svg></button></div><div class=""meta-section""><div class=""translation"">律師試圖透過提出挑戰證人可信度的新證據，在法庭上為他的委託人辯護。</div><div class=""entry-explanation"">動詞「辯護」。defend one&#x27;s client 為法律領域常用詞。</div></div></div></div><div class=""related-forms""><span class=""label"">Related:</span> defended, defending, defense</div></div>"
defense	"<div class=""anki-card-content""><div class=""general-explanation"">名詞「防禦/辯護」。注意美式拼法為 defense，英式為 defence。</div><div class=""entries-container""><div class=""entry""><div class=""sentence-row""><div class=""sentence"">The country increased its spending on national <span class=""target-word"">defense</span> to improve its <span class=""collocation"">military</span> capabilities in response to rising regional tensions.</div><button class=""tts-button"" data-tts=""The country increased its spending on national defense to improve its military capabilities in response to rising regional tensions."" onclick=""window.playTTS(this.getAttribute('data-tts'))""><svg viewBox=""0 0 24 24"" fill=""none"" stroke=""currentColor"" stroke-width=""2""><polygon points=""5 3 19 12 5 21 5 3""></polygon></svg></button></div><div class=""meta-section""><div class=""translation"">該國增加了國防開支以提升軍事能力，以應對日益升高的區域緊張局勢。</div><div class=""entry-explanation"">national defense 為固定搭配，意指國防。</div></div></div><div class=""entry""><div class=""sentence-row""><div class=""sentence"">In his own <span class=""target-word"">defense</span>, the student explained that he had been absent because of a <span class=""collocation"">sudden</span> medical emergency at home.</div><button class=""tts-button"" data-tts=""In his own defense, the student explained that he had been absent because of a sudden medical emergency at home."" onclick=""window.playTTS(this.getAttribute('data-tts'))""><svg viewBox=""0 0 24 24"" fill=""none"" stroke=""currentColor"" stroke-width=""2""><polygon points=""5 3 19 12 5 21 5 3""></polygon></svg></button></div><div class=""meta-section""><div class=""translation"">為了替自己辯護，該學生解釋說他缺席是因為家裡發生了突發的醫療緊急狀況。</div><div class=""entry-explanation"">in one&#x27;s defense 為固定片語，意指為了替自己辯解。</div></div></div></div><div class=""related-forms""><span class=""label"">Related:</span> defenses, defend</div></div>"
defensible	"<div class=""anki-card-content""><div class=""general-explanation"">形容詞「可防禦的/站得住腳的」。常用於論點或軍事策略。</div><div class=""entries-container""><div class=""entry""><div class=""sentence-row""><div class=""sentence"">The general argued that the current position was easily <span class=""target-word"">defensible</span> because of the <span class=""collocation"">natural</span> barriers provided by the surrounding mountains.</div><button class=""tts-button"" data-tts=""The general argued that the current position was easily defensible because of the natural barriers provided by the surrounding mountains."" onclick=""window.playTTS(this.getAttribute('data-tts'))""><svg viewBox=""0 0 24 24"" fill=""none"" stroke=""currentColor"" stroke-width=""2""><polygon points=""5 3 19 12 5 21 5 3""></polygon></svg></button></div><div class=""meta-section""><div class=""translation"">將軍認為由於周圍山脈提供的天然屏障，目前的位置很容易防守。</div><div class=""entry-explanation"">形容詞「可防禦的」。</div></div></div><div class=""entry""><div class=""sentence-row""><div class=""sentence"">While his decision was controversial, he provided a <span class=""target-word"">defensible</span> <span class=""collocation"">argument</span> based on the economic data available at that time.</div><button class=""tts-button"" data-tts=""While his decision was controversial, he provided a defensible argument based on the economic data available at that time."" onclick=""window.playTTS(this.getAttribute('data-tts'))""><svg viewBox=""0 0 24 24"" fill=""none"" stroke=""currentColor"" stroke-width=""2""><polygon points=""5 3 19 12 5 21 5 3""></polygon></svg></button></div><div class=""meta-section""><div class=""translation"">雖然他的決定備受爭議，但他根據當時可取得的經濟數據，提出了一個站得住腳的論點。</div><div class=""entry-explanation"">形容詞「站得住腳的」。defensible argument 為常見搭配。</div></div></div></div><div class=""related-forms""><span class=""label"">Related:</span> defend</div></div>"
defensive	"<div class=""anki-card-content""><div class=""general-explanation"">形容詞「防禦性的」。常指態度或戰術。</div><div class=""entries-container""><div class=""entry""><div class=""sentence-row""><div class=""sentence"">The coach decided to adopt a <span class=""target-word"">defensive</span> <span class=""collocation"">strategy</span> for the second half to protect their narrow lead against the opponent.</div><button class=""tts-button"" data-tts=""The coach decided to adopt a defensive strategy for the second half to protect their narrow lead against the opponent."" onclick=""window.playTTS(this.getAttribute('data-tts'))""><svg viewBox=""0 0 24 24"" fill=""none"" stroke=""currentColor"" stroke-width=""2""><polygon points=""5 3 19 12 5 21 5 3""></polygon></svg></button></div><div class=""meta-section""><div class=""translation"">教練決定在下半場採取防禦性策略，以保護他們對對手的微弱領先優勢。</div><div class=""entry-explanation"">defensive strategy 為常見搭配，意指防守戰術。</div></div></div><div class=""entry""><div class=""sentence-row""><div class=""sentence"">She became very <span class=""target-word"">defensive</span> when her colleagues asked about the <span class=""collocation"">mistakes</span> she made in the final report last week.</div><button class=""tts-button"" data-tts=""She became very defensive when her colleagues asked about the mistakes she made in the final report last week."" onclick=""window.playTTS(this.getAttribute('data-tts'))""><svg viewBox=""0 0 24 24"" fill=""none"" stroke=""currentColor"" stroke-width=""2""><polygon points=""5 3 19 12 5 21 5 3""></polygon></svg></button></div><div class=""meta-section""><div class=""translation"">當同事問起她上週在最終報告中犯的錯誤時，她變得非常有防衛心。</div><div class=""entry-explanation"">形容詞「防衛的/自我保護的」。be defensive about sth 為常見用法。</div></div></div></div><div class=""related-forms""><span class=""label"">Related:</span> defend, defense</div></div>"
definite	"<div class=""anki-card-content""><div class=""general-explanation"">形容詞「明確的/肯定的」。注意與 definitive（決定性的）區分。</div><div class=""entries-container""><div class=""entry""><div class=""sentence-row""><div class=""sentence"">We need a <span class=""target-word"">definite</span> <span class=""collocation"">answer</span> by tomorrow so that we can proceed with the travel arrangements for the school trip.</div><button class=""tts-button"" data-tts=""We need a definite answer by tomorrow so that we can proceed with the travel arrangements for the school trip."" onclick=""window.playTTS(this.getAttribute('data-tts'))""><svg viewBox=""0 0 24 24"" fill=""none"" stroke=""currentColor"" stroke-width=""2""><polygon points=""5 3 19 12 5 21 5 3""></polygon></svg></button></div><div class=""meta-section""><div class=""translation"">我們明天前需要一個明確的答案，這樣我們才能繼續進行校外教學的旅遊安排。</div><div class=""entry-explanation"">definite answer 為常見搭配，意指肯定的回答。</div></div></div><div class=""entry""><div class=""sentence-row""><div class=""sentence"">There is a <span class=""target-word"">definite</span> <span class=""collocation"">improvement</span> in his writing skills after he attended the intensive English workshop this summer.</div><button class=""tts-button"" data-tts=""There is a definite improvement in his writing skills after he attended the intensive English workshop this summer."" onclick=""window.playTTS(this.getAttribute('data-tts'))""><svg viewBox=""0 0 24 24"" fill=""none"" stroke=""currentColor"" stroke-width=""2""><polygon points=""5 3 19 12 5 21 5 3""></polygon></svg></button></div><div class=""meta-section""><div class=""translation"">在他參加了今年夏天的密集英語工作坊後，他的寫作技巧有了明確的進步。</div><div class=""entry-explanation"">形容詞「明確的」。</div></div></div></div><div class=""related-forms""><span class=""label"">Related:</span> definitely</div></div>"
delicate	"<div class=""anki-card-content""><div class=""general-explanation"">形容詞「精緻的/脆弱的/棘手的」。根據語境不同，意思差異很大。</div><div class=""entries-container""><div class=""entry""><div class=""sentence-row""><div class=""sentence"">The antique vase is extremely <span class=""target-word"">delicate</span>, so please handle it with <span class=""collocation"">great</span> care when you move it to the display case.</div><button class=""tts-button"" data-tts=""The antique vase is extremely delicate, so please handle it with great care when you move it to the display case."" onclick=""window.playTTS(this.getAttribute('data-tts'))""><svg viewBox=""0 0 24 24"" fill=""none"" stroke=""currentColor"" stroke-width=""2""><polygon points=""5 3 19 12 5 21 5 3""></polygon></svg></button></div><div class=""meta-section""><div class=""translation"">這只古董花瓶非常脆弱，所以當你把它移到展示櫃時，請務必小心處理。</div><div class=""entry-explanation"">形容詞「脆弱的」。</div></div></div><div class=""entry""><div class=""sentence-row""><div class=""sentence"">The diplomat had to handle the <span class=""target-word"">delicate</span> <span class=""collocation"">situation</span> with caution to avoid causing any further conflict between the two nations.</div><button class=""tts-button"" data-tts=""The diplomat had to handle the delicate situation with caution to avoid causing any further conflict between the two nations."" onclick=""window.playTTS(this.getAttribute('data-tts'))""><svg viewBox=""0 0 24 24"" fill=""none"" stroke=""currentColor"" stroke-width=""2""><polygon points=""5 3 19 12 5 21 5 3""></polygon></svg></button></div><div class=""meta-section""><div class=""translation"">外交官必須謹慎處理這棘手的情況，以避免在兩國之間造成任何進一步的衝突。</div><div class=""entry-explanation"">形容詞「棘手的」。delicate situation 為常見搭配。</div></div></div></div><div class=""related-forms""><span class=""label"">Related:</span> delicacy</div></div>"
delight	"<div class=""anki-card-content""><div class=""general-explanation"">名詞「高興/樂事」；動詞「使高興」。常用片語 to one&#x27;s delight。</div><div class=""entries-container""><div class=""entry""><div class=""sentence-row""><div class=""sentence"">To the students' <span class=""target-word"">delight</span>, the teacher announced that there would be no <span class=""collocation"">homework</span> assigned for the upcoming long weekend.</div><button class=""tts-button"" data-tts=""To the students&#x27; delight, the teacher announced that there would be no homework assigned for the upcoming long weekend."" onclick=""window.playTTS(this.getAttribute('data-tts'))""><svg viewBox=""0 0 24 24"" fill=""none"" stroke=""currentColor"" stroke-width=""2""><polygon points=""5 3 19 12 5 21 5 3""></polygon></svg></button></div><div class=""meta-section""><div class=""translation"">令學生們高興的是，老師宣佈即將到來的連續假期不會指派任何家庭作業。</div><div class=""entry-explanation"">to one&#x27;s delight 為固定片語，意指令某人高興的是。</div></div></div><div class=""entry""><div class=""sentence-row""><div class=""sentence"">The chef <span class=""target-word"">delights</span> in <span class=""collocation"">creating</span> new recipes that combine traditional ingredients with modern cooking techniques from around the world.</div><button class=""tts-button"" data-tts=""The chef delights in creating new recipes that combine traditional ingredients with modern cooking techniques from around the world."" onclick=""window.playTTS(this.getAttribute('data-tts'))""><svg viewBox=""0 0 24 24"" fill=""none"" stroke=""currentColor"" stroke-width=""2""><polygon points=""5 3 19 12 5 21 5 3""></polygon></svg></button></div><div class=""meta-section""><div class=""translation"">這位廚師樂於創造結合傳統食材與世界各地現代烹飪技術的新食譜。</div><div class=""entry-explanation"">delight in doing sth 為固定用法，意指樂於做某事。</div></div></div></div><div class=""related-forms""><span class=""label"">Related:</span> delights, delighted, delightful</div></div>"
delightful	"<div class=""anki-card-content""><div class=""general-explanation"">形容詞「令人愉快的」。常用於形容天氣、經驗或人。</div><div class=""entries-container""><div class=""entry""><div class=""sentence-row""><div class=""sentence"">We had a <span class=""target-word"">delightful</span> <span class=""collocation"">time</span> chatting with the local residents during our short visit to the small village in the mountains.</div><button class=""tts-button"" data-tts=""We had a delightful time chatting with the local residents during our short visit to the small village in the mountains."" onclick=""window.playTTS(this.getAttribute('data-tts'))""><svg viewBox=""0 0 24 24"" fill=""none"" stroke=""currentColor"" stroke-width=""2""><polygon points=""5 3 19 12 5 21 5 3""></polygon></svg></button></div><div class=""meta-section""><div class=""translation"">我們在短暫造訪山區小村莊期間，與當地居民聊得非常愉快。</div><div class=""entry-explanation"">delightful time 為常見搭配，意指愉快的時光。</div></div></div><div class=""entry""><div class=""sentence-row""><div class=""sentence"">The garden was filled with <span class=""target-word"">delightful</span> <span class=""collocation"">scents</span> of blooming flowers, making it the perfect place for an afternoon tea party.</div><button class=""tts-button"" data-tts=""The garden was filled with delightful scents of blooming flowers, making it the perfect place for an afternoon tea party."" onclick=""window.playTTS(this.getAttribute('data-tts'))""><svg viewBox=""0 0 24 24"" fill=""none"" stroke=""currentColor"" stroke-width=""2""><polygon points=""5 3 19 12 5 21 5 3""></polygon></svg></button></div><div class=""meta-section""><div class=""translation"">花園裡充滿了盛開花朵的迷人香氣，使其成為舉辦下午茶派對的完美場所。</div><div class=""entry-explanation"">形容詞「令人愉快的」。</div></div></div></div><div class=""related-forms""><span class=""label"">Related:</span> delight</div></div>"
demand	"<div class=""anki-card-content""><div class=""general-explanation"">名詞「需求」；動詞「要求」。注意 demand that S + (should) + V 的用法。</div><div class=""entries-container""><div class=""entry""><div class=""sentence-row""><div class=""sentence"">The <span class=""target-word"">demand</span> for <span class=""collocation"">electric</span> vehicles has increased significantly as more people become aware of the importance of environmental protection.</div><button class=""tts-button"" data-tts=""The demand for electric vehicles has increased significantly as more people become aware of the importance of environmental protection."" onclick=""window.playTTS(this.getAttribute('data-tts'))""><svg viewBox=""0 0 24 24"" fill=""none"" stroke=""currentColor"" stroke-width=""2""><polygon points=""5 3 19 12 5 21 5 3""></polygon></svg></button></div><div class=""meta-section""><div class=""translation"">隨著越來越多人意識到環境保護的重要性，對電動車的需求顯著增加。</div><div class=""entry-explanation"">demand for sth 為固定搭配，意指對某物的需求。</div></div></div><div class=""entry""><div class=""sentence-row""><div class=""sentence"">The workers <span class=""target-word"">demanded</span> that the company <span class=""collocation"">improve</span> working conditions and provide better benefits for all employees immediately.</div><button class=""tts-button"" data-tts=""The workers demanded that the company improve working conditions and provide better benefits for all employees immediately."" onclick=""window.playTTS(this.getAttribute('data-tts'))""><svg viewBox=""0 0 24 24"" fill=""none"" stroke=""currentColor"" stroke-width=""2""><polygon points=""5 3 19 12 5 21 5 3""></polygon></svg></button></div><div class=""meta-section""><div class=""translation"">工人們要求公司立即改善工作條件，並為所有員工提供更好的福利。</div><div class=""entry-explanation"">動詞「要求」。注意子句中動詞用原形（省略 should）。</div></div></div></div><div class=""related-forms""><span class=""label"">Related:</span> demands, demanded, demanding</div></div>"
demonstrate	"<div class=""anki-card-content""><div class=""general-explanation"">動詞「示範/證明/顯示」。常用於教學或科學實驗。</div><div class=""entries-container""><div class=""entry""><div class=""sentence-row""><div class=""sentence"">The science teacher <span class=""target-word"">demonstrated</span> how to <span class=""collocation"">conduct</span> the experiment safely before letting the students try it on their own.</div><button class=""tts-button"" data-tts=""The science teacher demonstrated how to conduct the experiment safely before letting the students try it on their own."" onclick=""window.playTTS(this.getAttribute('data-tts'))""><svg viewBox=""0 0 24 24"" fill=""none"" stroke=""currentColor"" stroke-width=""2""><polygon points=""5 3 19 12 5 21 5 3""></polygon></svg></button></div><div class=""meta-section""><div class=""translation"">科學老師在讓學生自己嘗試之前，先示範了如何安全地進行實驗。</div><div class=""entry-explanation"">動詞「示範」。</div></div></div><div class=""entry""><div class=""sentence-row""><div class=""sentence"">The recent survey results <span class=""target-word"">demonstrate</span> a <span class=""collocation"">clear</span> preference among young people for online shopping over traditional brick-and-mortar stores.</div><button class=""tts-button"" data-tts=""The recent survey results demonstrate a clear preference among young people for online shopping over traditional brick-and-mortar stores."" onclick=""window.playTTS(this.getAttribute('data-tts'))""><svg viewBox=""0 0 24 24"" fill=""none"" stroke=""currentColor"" stroke-width=""2""><polygon points=""5 3 19 12 5 21 5 3""></polygon></svg></button></div><div class=""meta-section""><div class=""translation"">最近的調查結果顯示，年輕人明顯偏好網購勝過傳統實體店面。</div><div class=""entry-explanation"">動詞「證明/顯示」。</div></div></div></div><div class=""related-forms""><span class=""label"">Related:</span> demonstrated, demonstrating, demonstration</div></div>"
demonstration	"<div class=""anki-card-content""><div class=""general-explanation"">名詞「示範/證明/示威遊行」。注意其多義性。</div><div class=""entries-container""><div class=""entry""><div class=""sentence-row""><div class=""sentence"">The software company gave a live <span class=""target-word"">demonstration</span> of their new <span class=""collocation"">application</span>, showing how it can simplify daily task management.</div><button class=""tts-button"" data-tts=""The software company gave a live demonstration of their new application, showing how it can simplify daily task management."" onclick=""window.playTTS(this.getAttribute('data-tts'))""><svg viewBox=""0 0 24 24"" fill=""none"" stroke=""currentColor"" stroke-width=""2""><polygon points=""5 3 19 12 5 21 5 3""></polygon></svg></button></div><div class=""meta-section""><div class=""translation"">這家軟體公司對他們的新應用程式進行了現場演示，展示它如何簡化日常任務管理。</div><div class=""entry-explanation"">名詞「示範」。</div></div></div><div class=""entry""><div class=""sentence-row""><div class=""sentence"">Thousands of people joined the <span class=""target-word"">demonstration</span> in the city center to <span class=""collocation"">protest</span> against the new policy proposed by the government.</div><button class=""tts-button"" data-tts=""Thousands of people joined the demonstration in the city center to protest against the new policy proposed by the government."" onclick=""window.playTTS(this.getAttribute('data-tts'))""><svg viewBox=""0 0 24 24"" fill=""none"" stroke=""currentColor"" stroke-width=""2""><polygon points=""5 3 19 12 5 21 5 3""></polygon></svg></button></div><div class=""meta-section""><div class=""translation"">成千上萬的人參加了市中心的示威遊行，以抗議政府提出的新政策。</div><div class=""entry-explanation"">名詞「示威遊行」。</div></div></div></div><div class=""related-forms""><span class=""label"">Related:</span> demonstrations, demonstrate</div></div>"
dense	"<div class=""anki-card-content""><div class=""general-explanation"">形容詞「稠密的/濃厚的」。常用於形容森林、煙霧或人口。</div><div class=""entries-container""><div class=""entry""><div class=""sentence-row""><div class=""sentence"">The hikers found it difficult to navigate through the <span class=""target-word"">dense</span> <span class=""collocation"">forest</span> because the trees were growing so close together.</div><button class=""tts-button"" data-tts=""The hikers found it difficult to navigate through the dense forest because the trees were growing so close together."" onclick=""window.playTTS(this.getAttribute('data-tts'))""><svg viewBox=""0 0 24 24"" fill=""none"" stroke=""currentColor"" stroke-width=""2""><polygon points=""5 3 19 12 5 21 5 3""></polygon></svg></button></div><div class=""meta-section""><div class=""translation"">登山客發現很難在茂密的森林中穿行，因為樹木長得太密集了。</div><div class=""entry-explanation"">形容詞「稠密的」。</div></div></div><div class=""entry""><div class=""sentence-row""><div class=""sentence"">A <span class=""target-word"">dense</span> <span class=""collocation"">fog</span> covered the entire valley this morning, causing several traffic accidents on the main highway leading to the city.</div><button class=""tts-button"" data-tts=""A dense fog covered the entire valley this morning, causing several traffic accidents on the main highway leading to the city."" onclick=""window.playTTS(this.getAttribute('data-tts'))""><svg viewBox=""0 0 24 24"" fill=""none"" stroke=""currentColor"" stroke-width=""2""><polygon points=""5 3 19 12 5 21 5 3""></polygon></svg></button></div><div class=""meta-section""><div class=""translation"">今天早上濃霧籠罩了整個山谷，導致通往城市的主要高速公路上發生了幾起交通事故。</div><div class=""entry-explanation"">形容詞「濃厚的」。</div></div></div></div><div class=""related-forms""><span class=""label"">Related:</span> density</div></div>"
depart	"<div class=""anki-card-content""><div class=""general-explanation"">動詞「離開/出發」。比 leave 更正式，常用於交通運輸。</div><div class=""entries-container""><div class=""entry""><div class=""sentence-row""><div class=""sentence"">The train is scheduled to <span class=""target-word"">depart</span> from the <span class=""collocation"">main</span> station at exactly eight o'clock, so please arrive at least ten minutes early.</div><button class=""tts-button"" data-tts=""The train is scheduled to depart from the main station at exactly eight o&#x27;clock, so please arrive at least ten minutes early."" onclick=""window.playTTS(this.getAttribute('data-tts'))""><svg viewBox=""0 0 24 24"" fill=""none"" stroke=""currentColor"" stroke-width=""2""><polygon points=""5 3 19 12 5 21 5 3""></polygon></svg></button></div><div class=""meta-section""><div class=""translation"">火車預定在八點整從總站出發，所以請至少提早十分鐘到達。</div><div class=""entry-explanation"">depart from... 為固定搭配，意指從某地出發。</div></div></div><div class=""entry""><div class=""sentence-row""><div class=""sentence"">After the meeting, the CEO <span class=""target-word"">departed</span> for a <span class=""collocation"">business</span> trip to Europe to discuss the new partnership with international investors.</div><button class=""tts-button"" data-tts=""After the meeting, the CEO departed for a business trip to Europe to discuss the new partnership with international investors."" onclick=""window.playTTS(this.getAttribute('data-tts'))""><svg viewBox=""0 0 24 24"" fill=""none"" stroke=""currentColor"" stroke-width=""2""><polygon points=""5 3 19 12 5 21 5 3""></polygon></svg></button></div><div class=""meta-section""><div class=""translation"">會議結束後，執行長出發前往歐洲進行商務旅行，討論與國際投資者的新合作關係。</div><div class=""entry-explanation"">depart for... 為固定搭配，意指前往某地。</div></div></div></div><div class=""related-forms""><span class=""label"">Related:</span> departs, departed, departing, departure</div></div>"
departure	"<div class=""anki-card-content""><div class=""general-explanation"">名詞「離開/出發」。常用於機場或車站的時刻表。</div><div class=""entries-container""><div class=""entry""><div class=""sentence-row""><div class=""sentence"">Please check the <span class=""target-word"">departure</span> <span class=""collocation"">board</span> at the airport to confirm the gate number and the boarding time for your flight.</div><button class=""tts-button"" data-tts=""Please check the departure board at the airport to confirm the gate number and the boarding time for your flight."" onclick=""window.playTTS(this.getAttribute('data-tts'))""><svg viewBox=""0 0 24 24"" fill=""none"" stroke=""currentColor"" stroke-width=""2""><polygon points=""5 3 19 12 5 21 5 3""></polygon></svg></button></div><div class=""meta-section""><div class=""translation"">請查看機場的離境看板，以確認您航班的登機門號碼和登機時間。</div><div class=""entry-explanation"">departure board 為常見搭配，意指離境看板。</div></div></div><div class=""entry""><div class=""sentence-row""><div class=""sentence"">The sudden <span class=""target-word"">departure</span> of the manager caused a lot of <span class=""collocation"">confusion</span> among the staff members regarding the upcoming project deadlines.</div><button class=""tts-button"" data-tts=""The sudden departure of the manager caused a lot of confusion among the staff members regarding the upcoming project deadlines."" onclick=""window.playTTS(this.getAttribute('data-tts'))""><svg viewBox=""0 0 24 24"" fill=""none"" stroke=""currentColor"" stroke-width=""2""><polygon points=""5 3 19 12 5 21 5 3""></polygon></svg></button></div><div class=""meta-section""><div class=""translation"">經理的突然離職在員工之間引起了許多關於即將到來的專案截止日期的困惑。</div><div class=""entry-explanation"">名詞「離開/離職」。</div></div></div></div><div class=""related-forms""><span class=""label"">Related:</span> departures, depart</div></div>"
dependent	"<div class=""anki-card-content""><div class=""general-explanation"">形容詞「依賴的」；名詞「受撫養者」。注意與 depend on 的搭配。</div><div class=""entries-container""><div class=""entry""><div class=""sentence-row""><div class=""sentence"">The success of the new project is highly <span class=""target-word"">dependent</span> <span class=""collocation"">on</span> the cooperation between the marketing and product development departments.</div><button class=""tts-button"" data-tts=""The success of the new project is highly dependent on the cooperation between the marketing and product development departments."" onclick=""window.playTTS(this.getAttribute('data-tts'))""><svg viewBox=""0 0 24 24"" fill=""none"" stroke=""currentColor"" stroke-width=""2""><polygon points=""5 3 19 12 5 21 5 3""></polygon></svg></button></div><div class=""meta-section""><div class=""translation"">新專案的成功高度依賴於行銷部門與產品開發部門之間的合作。</div><div class=""entry-explanation"">be dependent on 為固定用法，意指依賴於。</div></div></div><div class=""entry""><div class=""sentence-row""><div class=""sentence"">As a single parent, he has two young <span class=""target-word"">dependents</span> who rely on his <span class=""collocation"">income</span> to cover their daily living expenses.</div><button class=""tts-button"" data-tts=""As a single parent, he has two young dependents who rely on his income to cover their daily living expenses."" onclick=""window.playTTS(this.getAttribute('data-tts'))""><svg viewBox=""0 0 24 24"" fill=""none"" stroke=""currentColor"" stroke-width=""2""><polygon points=""5 3 19 12 5 21 5 3""></polygon></svg></button></div><div class=""meta-section""><div class=""translation"">作為單親家長，他有兩位需要撫養的人，他們依賴他的收入來支付日常開銷。</div><div class=""entry-explanation"">名詞「受撫養者」。</div></div></div></div><div class=""related-forms""><span class=""label"">Related:</span> depend, dependence</div></div>"
depression	"<div class=""anki-card-content""><div class=""general-explanation"">名詞用法：(1)「憂鬱症」或「沮喪的情緒」，常搭配 suffer from；(2)「經濟蕭條/不景氣」，如 The Great Depression；(3)「凹陷處」。注意與 depressed (形容詞) 的區分。</div><div class=""entries-container""><div class=""entry""><div class=""sentence-row""><div class=""sentence"">Many students suffer from <span class=""target-word"">depression</span> due to <span class=""collocation"">academic pressure</span> and the fear of failing their final entrance examinations this year.</div><button class=""tts-button"" data-tts=""Many students suffer from depression due to academic pressure and the fear of failing their final entrance examinations this year."" onclick=""window.playTTS(this.getAttribute('data-tts'))""><svg viewBox=""0 0 24 24"" fill=""none"" stroke=""currentColor"" stroke-width=""2""><polygon points=""5 3 19 12 5 21 5 3""></polygon></svg></button></div><div class=""meta-section""><div class=""translation"">許多學生因為學業壓力以及害怕在今年的期末入學考試中失敗而深受憂鬱症之苦。</div><div class=""entry-explanation"">指心理狀態的憂鬱症。suffer from depression 是常見的搭配。</div></div></div><div class=""entry""><div class=""sentence-row""><div class=""sentence"">The country is currently facing a severe economic <span class=""target-word"">depression</span>, which has led to a <span class=""collocation"">sharp rise</span> in the national unemployment rate.</div><button class=""tts-button"" data-tts=""The country is currently facing a severe economic depression, which has led to a sharp rise in the national unemployment rate."" onclick=""window.playTTS(this.getAttribute('data-tts'))""><svg viewBox=""0 0 24 24"" fill=""none"" stroke=""currentColor"" stroke-width=""2""><polygon points=""5 3 19 12 5 21 5 3""></polygon></svg></button></div><div class=""meta-section""><div class=""translation"">該國目前面臨嚴重的經濟蕭條，這導致全國失業率急劇上升。</div><div class=""entry-explanation"">指經濟上的蕭條。常與 economic 搭配使用。</div></div></div></div><div class=""related-forms""><span class=""label"">Related:</span> depress, depressed, depressing</div></div>"
deserve	"<div class=""anki-card-content""><div class=""general-explanation"">動詞用法：(1)「應得/值得」，後接名詞或不定詞 to V；(2) 常見用法 deserve + V-ing (主動表被動)。注意不可用於進行式。</div><div class=""entries-container""><div class=""entry""><div class=""sentence-row""><div class=""sentence"">After working hard on the research project for months, the team <span class=""target-word"">deserves</span> <span class=""collocation"">to win</span> the first prize in the competition.</div><button class=""tts-button"" data-tts=""After working hard on the research project for months, the team deserves to win the first prize in the competition."" onclick=""window.playTTS(this.getAttribute('data-tts'))""><svg viewBox=""0 0 24 24"" fill=""none"" stroke=""currentColor"" stroke-width=""2""><polygon points=""5 3 19 12 5 21 5 3""></polygon></svg></button></div><div class=""meta-section""><div class=""translation"">在研究計畫上努力了數月後，該團隊值得贏得比賽的第一名。</div><div class=""entry-explanation"">deserve + to V 表示值得做某事或獲得某物。</div></div></div><div class=""entry""><div class=""sentence-row""><div class=""sentence"">The complex historical issues discussed in the lecture <span class=""target-word"">deserve</span> <span class=""collocation"">careful consideration</span> before we draw any final conclusions about the event.</div><button class=""tts-button"" data-tts=""The complex historical issues discussed in the lecture deserve careful consideration before we draw any final conclusions about the event."" onclick=""window.playTTS(this.getAttribute('data-tts'))""><svg viewBox=""0 0 24 24"" fill=""none"" stroke=""currentColor"" stroke-width=""2""><polygon points=""5 3 19 12 5 21 5 3""></polygon></svg></button></div><div class=""meta-section""><div class=""translation"">講座中討論的複雜歷史議題在我們對該事件得出最終結論前，值得仔細考量。</div><div class=""entry-explanation"">deserve + 名詞，表示值得某種對待。</div></div></div></div><div class=""related-forms""><span class=""label"">Related:</span> deserved, deserving</div></div>"
desperate	"<div class=""anki-card-content""><div class=""general-explanation"">形容詞用法：(1)「絕望的/走投無路的」；(2)「極度渴望的」，後接 for sth 或 to V。注意拼字與 desperate 相關的副詞為 desperately。</div><div class=""entries-container""><div class=""entry""><div class=""sentence-row""><div class=""sentence"">The <span class=""target-word"">desperate</span> refugees were <span class=""collocation"">in search of</span> food and shelter after their homes were completely destroyed by the massive earthquake.</div><button class=""tts-button"" data-tts=""The desperate refugees were in search of food and shelter after their homes were completely destroyed by the massive earthquake."" onclick=""window.playTTS(this.getAttribute('data-tts'))""><svg viewBox=""0 0 24 24"" fill=""none"" stroke=""currentColor"" stroke-width=""2""><polygon points=""5 3 19 12 5 21 5 3""></polygon></svg></button></div><div class=""meta-section""><div class=""translation"">在房屋被大地震完全摧毀後，那些絕望的難民正在尋找食物和避難所。</div><div class=""entry-explanation"">形容處境絕望、走投無路。</div></div></div><div class=""entry""><div class=""sentence-row""><div class=""sentence"">He is <span class=""target-word"">desperate</span> <span class=""collocation"">to improve</span> his English proficiency so that he can apply for an exchange program in the United States.</div><button class=""tts-button"" data-tts=""He is desperate to improve his English proficiency so that he can apply for an exchange program in the United States."" onclick=""window.playTTS(this.getAttribute('data-tts'))""><svg viewBox=""0 0 24 24"" fill=""none"" stroke=""currentColor"" stroke-width=""2""><polygon points=""5 3 19 12 5 21 5 3""></polygon></svg></button></div><div class=""meta-section""><div class=""translation"">他極度渴望提升英語能力，以便能申請美國的交換學生計畫。</div><div class=""entry-explanation"">desperate to V 表示極度渴望做某事。</div></div></div></div><div class=""related-forms""><span class=""label"">Related:</span> desperately, desperation</div></div>"
despite	"<div class=""anki-card-content""><div class=""general-explanation"">介係詞用法：(1)「儘管/雖然」，後接名詞、代名詞或 V-ing。注意 despite 後面不可直接接子句 (S+V)，若要接子句需用 in spite of the fact that 或 although。</div><div class=""entries-container""><div class=""entry""><div class=""sentence-row""><div class=""sentence""><span class=""target-word"">Despite</span> the <span class=""collocation"">heavy rain</span>, the outdoor music festival continued as scheduled, attracting thousands of enthusiastic fans to the city center.</div><button class=""tts-button"" data-tts=""Despite the heavy rain, the outdoor music festival continued as scheduled, attracting thousands of enthusiastic fans to the city center."" onclick=""window.playTTS(this.getAttribute('data-tts'))""><svg viewBox=""0 0 24 24"" fill=""none"" stroke=""currentColor"" stroke-width=""2""><polygon points=""5 3 19 12 5 21 5 3""></polygon></svg></button></div><div class=""meta-section""><div class=""translation"">儘管下著大雨，戶外音樂節仍按計畫進行，吸引了數千名熱情的粉絲來到市中心。</div><div class=""entry-explanation"">despite + 名詞片語，表讓步。</div></div></div><div class=""entry""><div class=""sentence-row""><div class=""sentence""><span class=""target-word"">Despite</span> <span class=""collocation"">working</span> overtime every day, the manager still could not finish the urgent report before the deadline this afternoon.</div><button class=""tts-button"" data-tts=""Despite working overtime every day, the manager still could not finish the urgent report before the deadline this afternoon."" onclick=""window.playTTS(this.getAttribute('data-tts'))""><svg viewBox=""0 0 24 24"" fill=""none"" stroke=""currentColor"" stroke-width=""2""><polygon points=""5 3 19 12 5 21 5 3""></polygon></svg></button></div><div class=""meta-section""><div class=""translation"">儘管每天加班，經理仍然無法在今天下午的截止日期前完成那份緊急報告。</div><div class=""entry-explanation"">despite + V-ing，表儘管做了某事。</div></div></div></div></div>"
destruction	"<div class=""anki-card-content""><div class=""general-explanation"">名詞用法：(1)「破壞/毀滅」，常與 cause, lead to 搭配。注意動詞形式為 destroy，形容詞為 destructive。</div><div class=""entries-container""><div class=""entry""><div class=""sentence-row""><div class=""sentence"">The hurricane caused widespread <span class=""target-word"">destruction</span> <span class=""collocation"">to</span> the coastal villages, leaving many families without electricity or clean water for weeks.</div><button class=""tts-button"" data-tts=""The hurricane caused widespread destruction to the coastal villages, leaving many families without electricity or clean water for weeks."" onclick=""window.playTTS(this.getAttribute('data-tts'))""><svg viewBox=""0 0 24 24"" fill=""none"" stroke=""currentColor"" stroke-width=""2""><polygon points=""5 3 19 12 5 21 5 3""></polygon></svg></button></div><div class=""meta-section""><div class=""translation"">颶風對沿海村莊造成了廣泛的破壞，導致許多家庭數週沒有電力或乾淨的水可用。</div><div class=""entry-explanation"">cause destruction to sth 是常見搭配。</div></div></div><div class=""entry""><div class=""sentence-row""><div class=""sentence"">Environmentalists are warning that the <span class=""target-word"">destruction</span> <span class=""collocation"">of</span> the rainforest will have a long-term negative impact on the global climate.</div><button class=""tts-button"" data-tts=""Environmentalists are warning that the destruction of the rainforest will have a long-term negative impact on the global climate."" onclick=""window.playTTS(this.getAttribute('data-tts'))""><svg viewBox=""0 0 24 24"" fill=""none"" stroke=""currentColor"" stroke-width=""2""><polygon points=""5 3 19 12 5 21 5 3""></polygon></svg></button></div><div class=""meta-section""><div class=""translation"">環保人士警告說，雨林的破壞將對全球氣候產生長期的負面影響。</div><div class=""entry-explanation"">destruction of sth 表示某物的毀滅。</div></div></div></div><div class=""related-forms""><span class=""label"">Related:</span> destroy, destructive</div></div>"
detective	"<div class=""anki-card-content""><div class=""general-explanation"">名詞/形容詞用法：(1) 名詞「偵探/刑警」；(2) 形容詞「偵探的/偵測的」。常與 mystery, story 搭配。</div><div class=""entries-container""><div class=""entry""><div class=""sentence-row""><div class=""sentence"">The experienced <span class=""target-word"">detective</span> spent several weeks <span class=""collocation"">investigating</span> the mysterious case, eventually finding the crucial evidence hidden in the old warehouse.</div><button class=""tts-button"" data-tts=""The experienced detective spent several weeks investigating the mysterious case, eventually finding the crucial evidence hidden in the old warehouse."" onclick=""window.playTTS(this.getAttribute('data-tts'))""><svg viewBox=""0 0 24 24"" fill=""none"" stroke=""currentColor"" stroke-width=""2""><polygon points=""5 3 19 12 5 21 5 3""></polygon></svg></button></div><div class=""meta-section""><div class=""translation"">那位經驗豐富的偵探花了數週調查這起神秘案件，最終在舊倉庫裡找到了隱藏的關鍵證據。</div><div class=""entry-explanation"">名詞用法，指職業偵探。</div></div></div><div class=""entry""><div class=""sentence-row""><div class=""sentence"">She enjoys reading <span class=""target-word"">detective</span> <span class=""collocation"">novels</span> because they always challenge her to think logically and solve complex puzzles along with the characters.</div><button class=""tts-button"" data-tts=""She enjoys reading detective novels because they always challenge her to think logically and solve complex puzzles along with the characters."" onclick=""window.playTTS(this.getAttribute('data-tts'))""><svg viewBox=""0 0 24 24"" fill=""none"" stroke=""currentColor"" stroke-width=""2""><polygon points=""5 3 19 12 5 21 5 3""></polygon></svg></button></div><div class=""meta-section""><div class=""translation"">她喜歡閱讀偵探小說，因為它們總是挑戰她進行邏輯思考，並與書中角色一起解開複雜的謎題。</div><div class=""entry-explanation"">形容詞用法，修飾 novels。</div></div></div></div><div class=""related-forms""><span class=""label"">Related:</span> detect, detection</div></div>"
determination	"<div class=""anki-card-content""><div class=""general-explanation"">名詞用法：(1)「決心/堅定」，常搭配 show, have, with。注意動詞為 determine，形容詞為 determined。</div><div class=""entries-container""><div class=""entry""><div class=""sentence-row""><div class=""sentence"">With great <span class=""target-word"">determination</span>, the young athlete overcame her injury and finally <span class=""collocation"">qualified for</span> the Olympic Games after years of training.</div><button class=""tts-button"" data-tts=""With great determination, the young athlete overcame her injury and finally qualified for the Olympic Games after years of training."" onclick=""window.playTTS(this.getAttribute('data-tts'))""><svg viewBox=""0 0 24 24"" fill=""none"" stroke=""currentColor"" stroke-width=""2""><polygon points=""5 3 19 12 5 21 5 3""></polygon></svg></button></div><div class=""meta-section""><div class=""translation"">憑藉著巨大的決心，這位年輕運動員克服了傷勢，在多年訓練後終於獲得奧運參賽資格。</div><div class=""entry-explanation"">with determination 表示帶著決心。</div></div></div><div class=""entry""><div class=""sentence-row""><div class=""sentence"">His <span class=""target-word"">determination</span> <span class=""collocation"">to succeed</span> in the business world motivated him to study hard and learn from his previous failures.</div><button class=""tts-button"" data-tts=""His determination to succeed in the business world motivated him to study hard and learn from his previous failures."" onclick=""window.playTTS(this.getAttribute('data-tts'))""><svg viewBox=""0 0 24 24"" fill=""none"" stroke=""currentColor"" stroke-width=""2""><polygon points=""5 3 19 12 5 21 5 3""></polygon></svg></button></div><div class=""meta-section""><div class=""translation"">他要在商業世界成功的決心激勵他努力學習，並從之前的失敗中汲取教訓。</div><div class=""entry-explanation"">determination to V 是常見的用法。</div></div></div></div><div class=""related-forms""><span class=""label"">Related:</span> determine, determined</div></div>"
device	"<div class=""anki-card-content""><div class=""general-explanation"">名詞用法：(1)「裝置/設備/儀器」，常指小型的電子產品。注意與 devise (動詞) 的拼字區別。</div><div class=""entries-container""><div class=""entry""><div class=""sentence-row""><div class=""sentence"">This new electronic <span class=""target-word"">device</span> is designed to <span class=""collocation"">monitor</span> your heart rate and sleep quality throughout the day and night.</div><button class=""tts-button"" data-tts=""This new electronic device is designed to monitor your heart rate and sleep quality throughout the day and night."" onclick=""window.playTTS(this.getAttribute('data-tts'))""><svg viewBox=""0 0 24 24"" fill=""none"" stroke=""currentColor"" stroke-width=""2""><polygon points=""5 3 19 12 5 21 5 3""></polygon></svg></button></div><div class=""meta-section""><div class=""translation"">這款新的電子裝置旨在全天候監測您的心率和睡眠品質。</div><div class=""entry-explanation"">指電子設備。</div></div></div><div class=""entry""><div class=""sentence-row""><div class=""sentence"">The teacher used a visual <span class=""target-word"">device</span> to help students <span class=""collocation"">understand</span> the abstract concepts of physics more effectively during the class.</div><button class=""tts-button"" data-tts=""The teacher used a visual device to help students understand the abstract concepts of physics more effectively during the class."" onclick=""window.playTTS(this.getAttribute('data-tts'))""><svg viewBox=""0 0 24 24"" fill=""none"" stroke=""currentColor"" stroke-width=""2""><polygon points=""5 3 19 12 5 21 5 3""></polygon></svg></button></div><div class=""meta-section""><div class=""translation"">老師使用了一種視覺輔助工具，幫助學生在課堂上更有效地理解抽象的物理概念。</div><div class=""entry-explanation"">指輔助工具或裝置。</div></div></div></div><div class=""related-forms""><span class=""label"">Related:</span> devise</div></div>"
devise	"<div class=""anki-card-content""><div class=""general-explanation"">動詞用法：(1)「設計/發明/策劃」，常用於計畫、系統或方法。注意與 device (名詞) 的拼字區別。</div><div class=""entries-container""><div class=""entry""><div class=""sentence-row""><div class=""sentence"">The engineering team needs to <span class=""target-word"">devise</span> a more efficient <span class=""collocation"">system</span> to reduce energy consumption in the factory by next month.</div><button class=""tts-button"" data-tts=""The engineering team needs to devise a more efficient system to reduce energy consumption in the factory by next month."" onclick=""window.playTTS(this.getAttribute('data-tts'))""><svg viewBox=""0 0 24 24"" fill=""none"" stroke=""currentColor"" stroke-width=""2""><polygon points=""5 3 19 12 5 21 5 3""></polygon></svg></button></div><div class=""meta-section""><div class=""translation"">工程團隊需要設計出一套更有效率的系統，以在下個月前減少工廠的能源消耗。</div><div class=""entry-explanation"">devise a system/plan 是常見搭配。</div></div></div><div class=""entry""><div class=""sentence-row""><div class=""sentence"">Scientists are trying to <span class=""target-word"">devise</span> a new <span class=""collocation"">method</span> for cleaning up oil spills in the ocean without harming marine life.</div><button class=""tts-button"" data-tts=""Scientists are trying to devise a new method for cleaning up oil spills in the ocean without harming marine life."" onclick=""window.playTTS(this.getAttribute('data-tts'))""><svg viewBox=""0 0 24 24"" fill=""none"" stroke=""currentColor"" stroke-width=""2""><polygon points=""5 3 19 12 5 21 5 3""></polygon></svg></button></div><div class=""meta-section""><div class=""translation"">科學家們正試圖設計一種清理海洋漏油的新方法，且不傷害海洋生物。</div><div class=""entry-explanation"">devise a method 指發明或策劃出某種方法。</div></div></div></div><div class=""related-forms""><span class=""label"">Related:</span> device</div></div>"
devote	"<div class=""anki-card-content""><div class=""general-explanation"">動詞用法：(1)「致力於/奉獻」，固定搭配 devote oneself/time/energy to + N/V-ing。注意 to 是介係詞。</div><div class=""entries-container""><div class=""entry""><div class=""sentence-row""><div class=""sentence"">She decided to <span class=""target-word"">devote</span> her life <span class=""collocation"">to</span> helping underprivileged children receive a better education in remote rural areas of the country.</div><button class=""tts-button"" data-tts=""She decided to devote her life to helping underprivileged children receive a better education in remote rural areas of the country."" onclick=""window.playTTS(this.getAttribute('data-tts'))""><svg viewBox=""0 0 24 24"" fill=""none"" stroke=""currentColor"" stroke-width=""2""><polygon points=""5 3 19 12 5 21 5 3""></polygon></svg></button></div><div class=""meta-section""><div class=""translation"">她決定將一生奉獻給幫助偏遠農村地區的弱勢兒童獲得更好的教育。</div><div class=""entry-explanation"">devote sth to sth，注意 to 是介係詞，後面接名詞或 V-ing。</div></div></div><div class=""entry""><div class=""sentence-row""><div class=""sentence"">The professor <span class=""target-word"">devoted</span> most of his <span class=""collocation"">research</span> time to studying the effects of climate change on local biodiversity in Taiwan.</div><button class=""tts-button"" data-tts=""The professor devoted most of his research time to studying the effects of climate change on local biodiversity in Taiwan."" onclick=""window.playTTS(this.getAttribute('data-tts'))""><svg viewBox=""0 0 24 24"" fill=""none"" stroke=""currentColor"" stroke-width=""2""><polygon points=""5 3 19 12 5 21 5 3""></polygon></svg></button></div><div class=""meta-section""><div class=""translation"">教授將他大部分的研究時間致力於研究氣候變遷對台灣當地生物多樣性的影響。</div><div class=""entry-explanation"">devote time to V-ing，表示將時間投入於某事。</div></div></div></div><div class=""related-forms""><span class=""label"">Related:</span> devoted, devotion</div></div>"
dew	"<div class=""anki-card-content""><div class=""general-explanation"">名詞用法：(1)「露水」。常在文學或描寫清晨的場景中出現。</div><div class=""entries-container""><div class=""entry""><div class=""sentence-row""><div class=""sentence"">The grass in the garden was still wet with <span class=""target-word"">dew</span> when we went for a <span class=""collocation"">morning walk</span> at sunrise today.</div><button class=""tts-button"" data-tts=""The grass in the garden was still wet with dew when we went for a morning walk at sunrise today."" onclick=""window.playTTS(this.getAttribute('data-tts'))""><svg viewBox=""0 0 24 24"" fill=""none"" stroke=""currentColor"" stroke-width=""2""><polygon points=""5 3 19 12 5 21 5 3""></polygon></svg></button></div><div class=""meta-section""><div class=""translation"">當我們今天日出時去晨間散步時，花園裡的草地上還沾著露水。</div><div class=""entry-explanation"">指早晨的露水。</div></div></div><div class=""entry""><div class=""sentence-row""><div class=""sentence"">Small drops of <span class=""target-word"">dew</span> <span class=""collocation"">sparkled</span> like diamonds under the early morning sunlight, creating a beautiful scene in the quiet park.</div><button class=""tts-button"" data-tts=""Small drops of dew sparkled like diamonds under the early morning sunlight, creating a beautiful scene in the quiet park."" onclick=""window.playTTS(this.getAttribute('data-tts'))""><svg viewBox=""0 0 24 24"" fill=""none"" stroke=""currentColor"" stroke-width=""2""><polygon points=""5 3 19 12 5 21 5 3""></polygon></svg></button></div><div class=""meta-section""><div class=""translation"">清晨的陽光下，小小的露珠像鑽石般閃閃發光，在寧靜的公園裡營造出美麗的景象。</div><div class=""entry-explanation"">描寫露水的狀態。</div></div></div></div></div>"
diagram	"<div class=""anki-card-content""><div class=""general-explanation"">名詞/動詞用法：(1) 名詞「圖表/圖解」；(2) 動詞「用圖表表示」。常與 label, draw 搭配。</div><div class=""entries-container""><div class=""entry""><div class=""sentence-row""><div class=""sentence"">Please look at the <span class=""target-word"">diagram</span> on page ten to <span class=""collocation"">better understand</span> how the human circulatory system functions in our daily lives.</div><button class=""tts-button"" data-tts=""Please look at the diagram on page ten to better understand how the human circulatory system functions in our daily lives."" onclick=""window.playTTS(this.getAttribute('data-tts'))""><svg viewBox=""0 0 24 24"" fill=""none"" stroke=""currentColor"" stroke-width=""2""><polygon points=""5 3 19 12 5 21 5 3""></polygon></svg></button></div><div class=""meta-section""><div class=""translation"">請看第十頁的圖表，以更了解人體循環系統在我們日常生活中是如何運作的。</div><div class=""entry-explanation"">名詞用法，指圖解。</div></div></div><div class=""entry""><div class=""sentence-row""><div class=""sentence"">The teacher asked the students to <span class=""target-word"">diagram</span> the <span class=""collocation"">structure</span> of the sentence to show they understood the basic rules of grammar.</div><button class=""tts-button"" data-tts=""The teacher asked the students to diagram the structure of the sentence to show they understood the basic rules of grammar."" onclick=""window.playTTS(this.getAttribute('data-tts'))""><svg viewBox=""0 0 24 24"" fill=""none"" stroke=""currentColor"" stroke-width=""2""><polygon points=""5 3 19 12 5 21 5 3""></polygon></svg></button></div><div class=""meta-section""><div class=""translation"">老師要求學生將句子的結構畫成圖表，以顯示他們理解基本的語法規則。</div><div class=""entry-explanation"">動詞用法，指將某物畫成圖表。</div></div></div></div></div>"
differ	"<div class=""anki-card-content""><div class=""general-explanation"">動詞用法：(1)「不同/有差異」，常搭配 differ from。注意與 different (形容詞) 的區分。</div><div class=""entries-container""><div class=""entry""><div class=""sentence-row""><div class=""sentence"">The opinions of the two experts <span class=""target-word"">differ</span> <span class=""collocation"">significantly</span> from each other regarding the long-term effects of the new government policy.</div><button class=""tts-button"" data-tts=""The opinions of the two experts differ significantly from each other regarding the long-term effects of the new government policy."" onclick=""window.playTTS(this.getAttribute('data-tts'))""><svg viewBox=""0 0 24 24"" fill=""none"" stroke=""currentColor"" stroke-width=""2""><polygon points=""5 3 19 12 5 21 5 3""></polygon></svg></button></div><div class=""meta-section""><div class=""translation"">兩位專家對於新政府政策的長期影響，意見有顯著的不同。</div><div class=""entry-explanation"">differ from sth，表示與某物不同。</div></div></div><div class=""entry""><div class=""sentence-row""><div class=""sentence"">Although they are twins, their personalities <span class=""target-word"">differ</span> <span class=""collocation"">in many ways</span>, with one being very outgoing and the other quite shy.</div><button class=""tts-button"" data-tts=""Although they are twins, their personalities differ in many ways, with one being very outgoing and the other quite shy."" onclick=""window.playTTS(this.getAttribute('data-tts'))""><svg viewBox=""0 0 24 24"" fill=""none"" stroke=""currentColor"" stroke-width=""2""><polygon points=""5 3 19 12 5 21 5 3""></polygon></svg></button></div><div class=""meta-section""><div class=""translation"">雖然他們是雙胞胎，但他們的個性在許多方面都不同，一個非常外向，另一個則相當害羞。</div><div class=""entry-explanation"">differ in + 方面，表示在某方面不同。</div></div></div></div><div class=""related-forms""><span class=""label"">Related:</span> different, difference</div></div>"
digest	"<div class=""anki-card-content""><div class=""general-explanation"">動詞/名詞用法：(1) 動詞「消化/吸收知識」；(2) 名詞「摘要/文摘」。注意動詞重音在第二音節，名詞重音在第一音節。</div><div class=""entries-container""><div class=""entry""><div class=""sentence-row""><div class=""sentence"">It is difficult for the human body to <span class=""target-word"">digest</span> <span class=""collocation"">fatty foods</span> if they are consumed in large quantities late at night.</div><button class=""tts-button"" data-tts=""It is difficult for the human body to digest fatty foods if they are consumed in large quantities late at night."" onclick=""window.playTTS(this.getAttribute('data-tts'))""><svg viewBox=""0 0 24 24"" fill=""none"" stroke=""currentColor"" stroke-width=""2""><polygon points=""5 3 19 12 5 21 5 3""></polygon></svg></button></div><div class=""meta-section""><div class=""translation"">如果深夜大量食用油膩食物，人體是很難消化的。</div><div class=""entry-explanation"">動詞用法，指生理上的消化。</div></div></div><div class=""entry""><div class=""sentence-row""><div class=""sentence"">After reading the long article, I found it helpful to read a short <span class=""target-word"">digest</span> to <span class=""collocation"">summarize</span> the main points of the argument.</div><button class=""tts-button"" data-tts=""After reading the long article, I found it helpful to read a short digest to summarize the main points of the argument."" onclick=""window.playTTS(this.getAttribute('data-tts'))""><svg viewBox=""0 0 24 24"" fill=""none"" stroke=""currentColor"" stroke-width=""2""><polygon points=""5 3 19 12 5 21 5 3""></polygon></svg></button></div><div class=""meta-section""><div class=""translation"">讀完那篇長文章後，我發現閱讀一篇簡短的摘要來總結論點的主要內容很有幫助。</div><div class=""entry-explanation"">名詞用法，指摘要。</div></div></div></div><div class=""related-forms""><span class=""label"">Related:</span> digestion, digestive</div></div>"
digital	"<div class=""anki-card-content""><div class=""general-explanation"">形容詞用法：(1)「數位的/數位化的」。常與 technology, device, age 搭配。</div><div class=""entries-container""><div class=""entry""><div class=""sentence-row""><div class=""sentence"">In this <span class=""target-word"">digital</span> <span class=""collocation"">age</span>, most students prefer to read e-books on their tablets rather than carrying heavy printed textbooks to school.</div><button class=""tts-button"" data-tts=""In this digital age, most students prefer to read e-books on their tablets rather than carrying heavy printed textbooks to school."" onclick=""window.playTTS(this.getAttribute('data-tts'))""><svg viewBox=""0 0 24 24"" fill=""none"" stroke=""currentColor"" stroke-width=""2""><polygon points=""5 3 19 12 5 21 5 3""></polygon></svg></button></div><div class=""meta-section""><div class=""translation"">在這個數位時代，大多數學生更喜歡在平板電腦上閱讀電子書，而不是帶沉重的印刷課本去學校。</div><div class=""entry-explanation"">digital age 是常見搭配。</div></div></div><div class=""entry""><div class=""sentence-row""><div class=""sentence"">The company is planning to switch all its paper records to a <span class=""target-word"">digital</span> <span class=""collocation"">format</span> to save space and improve data security.</div><button class=""tts-button"" data-tts=""The company is planning to switch all its paper records to a digital format to save space and improve data security."" onclick=""window.playTTS(this.getAttribute('data-tts'))""><svg viewBox=""0 0 24 24"" fill=""none"" stroke=""currentColor"" stroke-width=""2""><polygon points=""5 3 19 12 5 21 5 3""></polygon></svg></button></div><div class=""meta-section""><div class=""translation"">該公司計畫將所有紙本紀錄轉換為數位格式，以節省空間並提高資料安全性。</div><div class=""entry-explanation"">形容數位化的格式。</div></div></div></div><div class=""related-forms""><span class=""label"">Related:</span> digit</div></div>"
dignity	"<div class=""anki-card-content""><div class=""general-explanation"">名詞用法：(1)「尊嚴/莊重」。常搭配 maintain, lose, with。</div><div class=""entries-container""><div class=""entry""><div class=""sentence-row""><div class=""sentence"">Even when facing difficult challenges, she always managed to maintain her <span class=""target-word"">dignity</span> and <span class=""collocation"">treat others</span> with kindness and respect.</div><button class=""tts-button"" data-tts=""Even when facing difficult challenges, she always managed to maintain her dignity and treat others with kindness and respect."" onclick=""window.playTTS(this.getAttribute('data-tts'))""><svg viewBox=""0 0 24 24"" fill=""none"" stroke=""currentColor"" stroke-width=""2""><polygon points=""5 3 19 12 5 21 5 3""></polygon></svg></button></div><div class=""meta-section""><div class=""translation"">即使在面對困難的挑戰時，她總能保持尊嚴，並以友善和尊重的態度對待他人。</div><div class=""entry-explanation"">maintain one&#x27;s dignity 是常見用法。</div></div></div><div class=""entry""><div class=""sentence-row""><div class=""sentence"">Every human being has the right to live with <span class=""target-word"">dignity</span>, regardless of their social status, <span class=""collocation"">background</span>, or personal beliefs in life.</div><button class=""tts-button"" data-tts=""Every human being has the right to live with dignity, regardless of their social status, background, or personal beliefs in life."" onclick=""window.playTTS(this.getAttribute('data-tts'))""><svg viewBox=""0 0 24 24"" fill=""none"" stroke=""currentColor"" stroke-width=""2""><polygon points=""5 3 19 12 5 21 5 3""></polygon></svg></button></div><div class=""meta-section""><div class=""translation"">每個人都有權利有尊嚴地活著，無論他們的社會地位、背景或個人的生活信仰為何。</div><div class=""entry-explanation"">live with dignity 表示有尊嚴地活著。</div></div></div></div><div class=""related-forms""><span class=""label"">Related:</span> dignified</div></div>"
diligence	"<div class=""anki-card-content""><div class=""general-explanation"">名詞用法：(1)「勤奮/勤勉」。常搭配 with, show。注意形容詞為 diligent。</div><div class=""entries-container""><div class=""entry""><div class=""sentence-row""><div class=""sentence"">Through hard work and <span class=""target-word"">diligence</span>, he finally achieved his goal of <span class=""collocation"">getting admitted</span> to his dream university after three years of effort.</div><button class=""tts-button"" data-tts=""Through hard work and diligence, he finally achieved his goal of getting admitted to his dream university after three years of effort."" onclick=""window.playTTS(this.getAttribute('data-tts'))""><svg viewBox=""0 0 24 24"" fill=""none"" stroke=""currentColor"" stroke-width=""2""><polygon points=""5 3 19 12 5 21 5 3""></polygon></svg></button></div><div class=""meta-section""><div class=""translation"">透過努力工作和勤奮，他在三年的努力後終於實現了進入夢想大學的目標。</div><div class=""entry-explanation"">diligence 指勤奮的特質。</div></div></div><div class=""entry""><div class=""sentence-row""><div class=""sentence"">The manager praised the employee for his <span class=""target-word"">diligence</span> and <span class=""collocation"">dedication</span> to the project, which led to its successful completion ahead of schedule.</div><button class=""tts-button"" data-tts=""The manager praised the employee for his diligence and dedication to the project, which led to its successful completion ahead of schedule."" onclick=""window.playTTS(this.getAttribute('data-tts'))""><svg viewBox=""0 0 24 24"" fill=""none"" stroke=""currentColor"" stroke-width=""2""><polygon points=""5 3 19 12 5 21 5 3""></polygon></svg></button></div><div class=""meta-section""><div class=""translation"">經理稱讚該員工對專案的勤奮和奉獻，這使得專案能提前順利完成。</div><div class=""entry-explanation"">指工作上的勤勉。</div></div></div></div><div class=""related-forms""><span class=""label"">Related:</span> diligent</div></div>"
diligent	"<div class=""anki-card-content""><div class=""general-explanation"">形容詞用法：(1)「勤奮的/用功的」。常搭配 student, worker。注意與 diligence (名詞) 的區分。</div><div class=""entries-container""><div class=""entry""><div class=""sentence-row""><div class=""sentence"">As a <span class=""target-word"">diligent</span> student, she always finishes her homework on time and <span class=""collocation"">prepares</span> for her lessons before coming to the classroom.</div><button class=""tts-button"" data-tts=""As a diligent student, she always finishes her homework on time and prepares for her lessons before coming to the classroom."" onclick=""window.playTTS(this.getAttribute('data-tts'))""><svg viewBox=""0 0 24 24"" fill=""none"" stroke=""currentColor"" stroke-width=""2""><polygon points=""5 3 19 12 5 21 5 3""></polygon></svg></button></div><div class=""meta-section""><div class=""translation"">作為一名勤奮的學生，她總是在課前準時完成作業並預習課程。</div><div class=""entry-explanation"">形容學生勤奮。</div></div></div><div class=""entry""><div class=""sentence-row""><div class=""sentence"">The <span class=""target-word"">diligent</span> researchers spent years collecting data to ensure that their <span class=""collocation"">scientific findings</span> were accurate and reliable for the public.</div><button class=""tts-button"" data-tts=""The diligent researchers spent years collecting data to ensure that their scientific findings were accurate and reliable for the public."" onclick=""window.playTTS(this.getAttribute('data-tts'))""><svg viewBox=""0 0 24 24"" fill=""none"" stroke=""currentColor"" stroke-width=""2""><polygon points=""5 3 19 12 5 21 5 3""></polygon></svg></button></div><div class=""meta-section""><div class=""translation"">勤奮的研究人員花了數年時間收集數據，以確保他們的科學發現對大眾而言是準確且可靠的。</div><div class=""entry-explanation"">形容研究人員勤奮。</div></div></div></div><div class=""related-forms""><span class=""label"">Related:</span> diligence</div></div>"
diploma	"<div class=""anki-card-content""><div class=""general-explanation"">名詞用法：(1)「畢業證書/文憑」。常搭配 receive, earn, high school。</div><div class=""entries-container""><div class=""entry""><div class=""sentence-row""><div class=""sentence"">After completing all the required courses, he finally received his high school <span class=""target-word"">diploma</span> and is now <span class=""collocation"">ready to</span> start his college life.</div><button class=""tts-button"" data-tts=""After completing all the required courses, he finally received his high school diploma and is now ready to start his college life."" onclick=""window.playTTS(this.getAttribute('data-tts'))""><svg viewBox=""0 0 24 24"" fill=""none"" stroke=""currentColor"" stroke-width=""2""><polygon points=""5 3 19 12 5 21 5 3""></polygon></svg></button></div><div class=""meta-section""><div class=""translation"">在完成所有必修課程後，他終於收到了高中畢業證書，現在準備好開始他的大學生活了。</div><div class=""entry-explanation"">指畢業證書。</div></div></div><div class=""entry""><div class=""sentence-row""><div class=""sentence"">Many students work part-time while studying to earn enough money to pay for their <span class=""target-word"">diploma</span> <span class=""collocation"">program</span> at the local technical college.</div><button class=""tts-button"" data-tts=""Many students work part-time while studying to earn enough money to pay for their diploma program at the local technical college."" onclick=""window.playTTS(this.getAttribute('data-tts'))""><svg viewBox=""0 0 24 24"" fill=""none"" stroke=""currentColor"" stroke-width=""2""><polygon points=""5 3 19 12 5 21 5 3""></polygon></svg></button></div><div class=""meta-section""><div class=""translation"">許多學生在學習期間打工，以賺取足夠的錢來支付當地技術學院的文憑課程費用。</div><div class=""entry-explanation"">指學位或文憑課程。</div></div></div></div></div>"
diplomat	"<div class=""anki-card-content""><div class=""general-explanation"">名詞用法：(1)「外交官」。注意與 diplomacy (外交) 的區分。</div><div class=""entries-container""><div class=""entry""><div class=""sentence-row""><div class=""sentence"">The <span class=""target-word"">diplomat</span> traveled to several countries to <span class=""collocation"">negotiate</span> peace agreements and strengthen the relationships between different nations in the region.</div><button class=""tts-button"" data-tts=""The diplomat traveled to several countries to negotiate peace agreements and strengthen the relationships between different nations in the region."" onclick=""window.playTTS(this.getAttribute('data-tts'))""><svg viewBox=""0 0 24 24"" fill=""none"" stroke=""currentColor"" stroke-width=""2""><polygon points=""5 3 19 12 5 21 5 3""></polygon></svg></button></div><div class=""meta-section""><div class=""translation"">這位外交官前往多個國家談判和平協議，並加強該地區不同國家之間的關係。</div><div class=""entry-explanation"">指外交官的職業。</div></div></div><div class=""entry""><div class=""sentence-row""><div class=""sentence"">Being a <span class=""target-word"">diplomat</span> requires excellent <span class=""collocation"">communication skills</span> and the ability to handle sensitive international issues with great care and tact.</div><button class=""tts-button"" data-tts=""Being a diplomat requires excellent communication skills and the ability to handle sensitive international issues with great care and tact."" onclick=""window.playTTS(this.getAttribute('data-tts'))""><svg viewBox=""0 0 24 24"" fill=""none"" stroke=""currentColor"" stroke-width=""2""><polygon points=""5 3 19 12 5 21 5 3""></polygon></svg></button></div><div class=""meta-section""><div class=""translation"">身為一名外交官需要優秀的溝通技巧，以及能非常小心且圓滑地處理敏感國際議題的能力。</div><div class=""entry-explanation"">指外交官的角色。</div></div></div></div><div class=""related-forms""><span class=""label"">Related:</span> diplomacy, diplomatic</div></div>"
disability	"<div class=""anki-card-content""><div class=""general-explanation"">指生理或心理上的「殘疾」或「無能」。常用於描述身體障礙，注意與 disadvantage（劣勢）區分。常見搭配：physical disability, learning disability。</div><div class=""entries-container""><div class=""entry""><div class=""sentence-row""><div class=""sentence"">The school provides special support for students with a physical <span class=""target-word"">disability</span> to ensure they have <span class=""collocation"">equal</span> <span class=""collocation"">access</span> <span class=""collocation"">to</span> all campus facilities.</div><button class=""tts-button"" data-tts=""The school provides special support for students with a physical disability to ensure they have equal access to all campus facilities."" onclick=""window.playTTS(this.getAttribute('data-tts'))""><svg viewBox=""0 0 24 24"" fill=""none"" stroke=""currentColor"" stroke-width=""2""><polygon points=""5 3 19 12 5 21 5 3""></polygon></svg></button></div><div class=""meta-section""><div class=""translation"">學校為身心障礙學生提供特別支援，以確保他們能平等使用所有校園設施。</div><div class=""entry-explanation"">指生理上的殘疾。equal access to 是常見的搭配，表示平等使用權。</div></div></div><div class=""entry""><div class=""sentence-row""><div class=""sentence"">Despite his learning <span class=""target-word"">disability</span>, he worked hard and eventually graduated from the university with top honors in his class.</div><button class=""tts-button"" data-tts=""Despite his learning disability, he worked hard and eventually graduated from the university with top honors in his class."" onclick=""window.playTTS(this.getAttribute('data-tts'))""><svg viewBox=""0 0 24 24"" fill=""none"" stroke=""currentColor"" stroke-width=""2""><polygon points=""5 3 19 12 5 21 5 3""></polygon></svg></button></div><div class=""meta-section""><div class=""translation"">儘管有學習障礙，他仍努力不懈，最終以班上最高榮譽從大學畢業。</div><div class=""entry-explanation"">指學習上的障礙。despite 後接名詞，表示「儘管」。</div></div></div><div class=""entry""><div class=""sentence-row""><div class=""sentence"">Many people with a <span class=""target-word"">disability</span> face challenges in their daily lives, but they often show great courage and determination to overcome them.</div><button class=""tts-button"" data-tts=""Many people with a disability face challenges in their daily lives, but they often show great courage and determination to overcome them."" onclick=""window.playTTS(this.getAttribute('data-tts'))""><svg viewBox=""0 0 24 24"" fill=""none"" stroke=""currentColor"" stroke-width=""2""><polygon points=""5 3 19 12 5 21 5 3""></polygon></svg></button></div><div class=""meta-section""><div class=""translation"">許多身心障礙者在日常生活中面臨挑戰，但他們常展現出極大的勇氣與決心來克服這些困難。</div><div class=""entry-explanation"">指廣義的殘疾。overcome challenges 是常見的搭配。</div></div></div></div><div class=""related-forms""><span class=""label"">Related:</span> disable, disabled</div></div>"
disadvantage	"<div class=""anki-card-content""><div class=""general-explanation"">名詞指「劣勢、不利條件」，動詞指「使處於不利地位」。常見片語：at a disadvantage（處於劣勢）。</div><div class=""entries-container""><div class=""entry""><div class=""sentence-row""><div class=""sentence"">Living in a remote area can be a major <span class=""target-word"">disadvantage</span> when you are trying to <span class=""collocation"">find</span> <span class=""collocation"">a</span> <span class=""collocation"">job</span> in the city center.</div><button class=""tts-button"" data-tts=""Living in a remote area can be a major disadvantage when you are trying to find a job in the city center."" onclick=""window.playTTS(this.getAttribute('data-tts'))""><svg viewBox=""0 0 24 24"" fill=""none"" stroke=""currentColor"" stroke-width=""2""><polygon points=""5 3 19 12 5 21 5 3""></polygon></svg></button></div><div class=""meta-section""><div class=""translation"">當你試圖在市中心找工作時，住在偏遠地區可能是一個主要的劣勢。</div><div class=""entry-explanation"">名詞用法，指不利的條件。find a job 是常見搭配。</div></div></div><div class=""entry""><div class=""sentence-row""><div class=""sentence"">The team was <span class=""collocation"">at</span> <span class=""collocation"">a</span> <span class=""target-word"">disadvantage</span> because their star player was injured and could not play in the final match.</div><button class=""tts-button"" data-tts=""The team was at a disadvantage because their star player was injured and could not play in the final match."" onclick=""window.playTTS(this.getAttribute('data-tts'))""><svg viewBox=""0 0 24 24"" fill=""none"" stroke=""currentColor"" stroke-width=""2""><polygon points=""5 3 19 12 5 21 5 3""></polygon></svg></button></div><div class=""meta-section""><div class=""translation"">該隊處於劣勢，因為他們的明星球員受傷了，無法參加最後一場比賽。</div><div class=""entry-explanation"">片語 at a disadvantage，表示處於不利的狀態。</div></div></div><div class=""entry""><div class=""sentence-row""><div class=""sentence"">The new tax policy might <span class=""target-word"">disadvantage</span> small businesses by forcing them to pay higher fees than larger corporations.</div><button class=""tts-button"" data-tts=""The new tax policy might disadvantage small businesses by forcing them to pay higher fees than larger corporations."" onclick=""window.playTTS(this.getAttribute('data-tts'))""><svg viewBox=""0 0 24 24"" fill=""none"" stroke=""currentColor"" stroke-width=""2""><polygon points=""5 3 19 12 5 21 5 3""></polygon></svg></button></div><div class=""meta-section""><div class=""translation"">新的稅收政策可能會使小型企業處於不利地位，因為迫使他們支付比大公司更高的費用。</div><div class=""entry-explanation"">動詞用法，指使某人或某物處於不利地位。</div></div></div></div><div class=""related-forms""><span class=""label"">Related:</span> disadvantaged</div></div>"
disappoint	"<div class=""anki-card-content""><div class=""general-explanation"">動詞「使失望」。常見搭配：be disappointed with/in/at。名詞 disappointment 指「失望」。</div><div class=""entries-container""><div class=""entry""><div class=""sentence-row""><div class=""sentence"">I did not want to <span class=""target-word"">disappoint</span> my parents, so I studied very hard to <span class=""collocation"">get</span> <span class=""collocation"">good</span> <span class=""collocation"">grades</span> on the final exam.</div><button class=""tts-button"" data-tts=""I did not want to disappoint my parents, so I studied very hard to get good grades on the final exam."" onclick=""window.playTTS(this.getAttribute('data-tts'))""><svg viewBox=""0 0 24 24"" fill=""none"" stroke=""currentColor"" stroke-width=""2""><polygon points=""5 3 19 12 5 21 5 3""></polygon></svg></button></div><div class=""meta-section""><div class=""translation"">我不想讓父母失望，所以我非常努力讀書，以便在期末考取得好成績。</div><div class=""entry-explanation"">動詞用法，表示讓某人失望。get good grades 是常見搭配。</div></div></div><div class=""entry""><div class=""sentence-row""><div class=""sentence"">To my great <span class=""target-word"">disappointment</span>, the concert was canceled at the last minute due to the heavy rain and strong wind.</div><button class=""tts-button"" data-tts=""To my great disappointment, the concert was canceled at the last minute due to the heavy rain and strong wind."" onclick=""window.playTTS(this.getAttribute('data-tts'))""><svg viewBox=""0 0 24 24"" fill=""none"" stroke=""currentColor"" stroke-width=""2""><polygon points=""5 3 19 12 5 21 5 3""></polygon></svg></button></div><div class=""meta-section""><div class=""translation"">令我非常失望的是，由於大雨和強風，音樂會在最後一刻被取消了。</div><div class=""entry-explanation"">名詞用法。To one&#x27;s disappointment 是常見的句型，表示「令某人失望的是」。</div></div></div><div class=""entry""><div class=""sentence-row""><div class=""sentence"">The movie was a huge <span class=""target-word"">disappointment</span> because the plot was boring and the actors did not perform well at all.</div><button class=""tts-button"" data-tts=""The movie was a huge disappointment because the plot was boring and the actors did not perform well at all."" onclick=""window.playTTS(this.getAttribute('data-tts'))""><svg viewBox=""0 0 24 24"" fill=""none"" stroke=""currentColor"" stroke-width=""2""><polygon points=""5 3 19 12 5 21 5 3""></polygon></svg></button></div><div class=""meta-section""><div class=""translation"">這部電影非常令人失望，因為劇情很無聊，演員的表現一點也不好。</div><div class=""entry-explanation"">名詞用法，指令人失望的事物。</div></div></div></div><div class=""related-forms""><span class=""label"">Related:</span> disappointed, disappointing, disappointment</div></div>"
disaster	"<div class=""anki-card-content""><div class=""general-explanation"">名詞「災難、大禍」。形容詞為 disastrous。常見搭配：natural disaster（天然災害）。</div><div class=""entries-container""><div class=""entry""><div class=""sentence-row""><div class=""sentence"">The earthquake was a terrible natural <span class=""target-word"">disaster</span> that destroyed many houses and left thousands of people without a home.</div><button class=""tts-button"" data-tts=""The earthquake was a terrible natural disaster that destroyed many houses and left thousands of people without a home."" onclick=""window.playTTS(this.getAttribute('data-tts'))""><svg viewBox=""0 0 24 24"" fill=""none"" stroke=""currentColor"" stroke-width=""2""><polygon points=""5 3 19 12 5 21 5 3""></polygon></svg></button></div><div class=""meta-section""><div class=""translation"">那場地震是一場可怕的天然災害，摧毀了許多房屋，使成千上萬的人無家可歸。</div><div class=""entry-explanation"">名詞用法，指天然災害。natural disaster 是固定搭配。</div></div></div><div class=""entry""><div class=""sentence-row""><div class=""sentence"">If we do not <span class=""collocation"">take</span> <span class=""collocation"">action</span> to protect the environment, we will face a global <span class=""target-word"">disaster</span> in the near future.</div><button class=""tts-button"" data-tts=""If we do not take action to protect the environment, we will face a global disaster in the near future."" onclick=""window.playTTS(this.getAttribute('data-tts'))""><svg viewBox=""0 0 24 24"" fill=""none"" stroke=""currentColor"" stroke-width=""2""><polygon points=""5 3 19 12 5 21 5 3""></polygon></svg></button></div><div class=""meta-section""><div class=""translation"">如果我們不採取行動保護環境，我們在不久的將來將面臨全球性的災難。</div><div class=""entry-explanation"">名詞用法。take action 是常見搭配。</div></div></div><div class=""entry""><div class=""sentence-row""><div class=""sentence"">The party was a total <span class=""target-word"">disaster</span> because the food was cold and the music system broke down during the event.</div><button class=""tts-button"" data-tts=""The party was a total disaster because the food was cold and the music system broke down during the event."" onclick=""window.playTTS(this.getAttribute('data-tts'))""><svg viewBox=""0 0 24 24"" fill=""none"" stroke=""currentColor"" stroke-width=""2""><polygon points=""5 3 19 12 5 21 5 3""></polygon></svg></button></div><div class=""meta-section""><div class=""translation"">派對簡直是一場災難，因為食物是冷的，而且音樂系統在活動期間壞掉了。</div><div class=""entry-explanation"">名詞用法，引申指「徹底的失敗」。</div></div></div></div><div class=""related-forms""><span class=""label"">Related:</span> disastrous</div></div>"
discipline	"<div class=""anki-card-content""><div class=""general-explanation"">名詞「紀律、學科」，動詞「訓練、懲戒」。注意與 self-discipline（自律）的區別。</div><div class=""entries-container""><div class=""entry""><div class=""sentence-row""><div class=""sentence"">The coach believes that strict <span class=""target-word"">discipline</span> is the key to success for any athlete who wants to <span class=""collocation"">reach</span> <span class=""collocation"">the</span> <span class=""collocation"">top</span>.</div><button class=""tts-button"" data-tts=""The coach believes that strict discipline is the key to success for any athlete who wants to reach the top."" onclick=""window.playTTS(this.getAttribute('data-tts'))""><svg viewBox=""0 0 24 24"" fill=""none"" stroke=""currentColor"" stroke-width=""2""><polygon points=""5 3 19 12 5 21 5 3""></polygon></svg></button></div><div class=""meta-section""><div class=""translation"">教練認為嚴格的紀律是任何想要達到頂峰的運動員成功的關鍵。</div><div class=""entry-explanation"">名詞用法，指紀律。reach the top 是常見搭配。</div></div></div><div class=""entry""><div class=""sentence-row""><div class=""sentence"">Students need to learn how to <span class=""target-word"">discipline</span> themselves to finish their homework before they go out to play with friends.</div><button class=""tts-button"" data-tts=""Students need to learn how to discipline themselves to finish their homework before they go out to play with friends."" onclick=""window.playTTS(this.getAttribute('data-tts'))""><svg viewBox=""0 0 24 24"" fill=""none"" stroke=""currentColor"" stroke-width=""2""><polygon points=""5 3 19 12 5 21 5 3""></polygon></svg></button></div><div class=""meta-section""><div class=""translation"">學生需要學習如何自我約束，在出去和朋友玩之前完成作業。</div><div class=""entry-explanation"">動詞用法，指自我約束或訓練。</div></div></div><div class=""entry""><div class=""sentence-row""><div class=""sentence"">History is a fascinating academic <span class=""target-word"">discipline</span> that helps us understand the mistakes and achievements of people in the past.</div><button class=""tts-button"" data-tts=""History is a fascinating academic discipline that helps us understand the mistakes and achievements of people in the past."" onclick=""window.playTTS(this.getAttribute('data-tts'))""><svg viewBox=""0 0 24 24"" fill=""none"" stroke=""currentColor"" stroke-width=""2""><polygon points=""5 3 19 12 5 21 5 3""></polygon></svg></button></div><div class=""meta-section""><div class=""translation"">歷史是一門迷人的學科，幫助我們了解過去人們的錯誤與成就。</div><div class=""entry-explanation"">名詞用法，指學術領域或學科。</div></div></div></div><div class=""related-forms""><span class=""label"">Related:</span> disciplined, disciplinary</div></div>"
discourage	"<div class=""anki-card-content""><div class=""general-explanation"">動詞「使氣餒、勸阻」。常見句型：discourage sb from V-ing（勸阻某人做某事）。</div><div class=""entries-container""><div class=""entry""><div class=""sentence-row""><div class=""sentence"">Do not let one failure <span class=""target-word"">discourage</span> you; instead, you should <span class=""collocation"">learn</span> <span class=""collocation"">from</span> your mistakes and try again with more confidence.</div><button class=""tts-button"" data-tts=""Do not let one failure discourage you; instead, you should learn from your mistakes and try again with more confidence."" onclick=""window.playTTS(this.getAttribute('data-tts'))""><svg viewBox=""0 0 24 24"" fill=""none"" stroke=""currentColor"" stroke-width=""2""><polygon points=""5 3 19 12 5 21 5 3""></polygon></svg></button></div><div class=""meta-section""><div class=""translation"">不要讓一次失敗使你氣餒；相反地，你應該從錯誤中學習，並帶著更多的自信再試一次。</div><div class=""entry-explanation"">動詞用法，指使人失去信心。learn from 是常見搭配。</div></div></div><div class=""entry""><div class=""sentence-row""><div class=""sentence"">The government is trying to <span class=""target-word"">discourage</span> people <span class=""collocation"">from</span> <span class=""collocation"">smoking</span> in public places by increasing the tax on cigarettes.</div><button class=""tts-button"" data-tts=""The government is trying to discourage people from smoking in public places by increasing the tax on cigarettes."" onclick=""window.playTTS(this.getAttribute('data-tts'))""><svg viewBox=""0 0 24 24"" fill=""none"" stroke=""currentColor"" stroke-width=""2""><polygon points=""5 3 19 12 5 21 5 3""></polygon></svg></button></div><div class=""meta-section""><div class=""translation"">政府正試圖透過增加香菸稅來勸阻人們在公共場所吸菸。</div><div class=""entry-explanation"">動詞用法，搭配 from V-ing。discourage sb from V-ing 是重要句型。</div></div></div><div class=""entry""><div class=""sentence-row""><div class=""sentence"">His parents' constant <span class=""target-word"">discouragement</span> made him give up his dream of becoming a professional musician at a young age.</div><button class=""tts-button"" data-tts=""His parents&#x27; constant discouragement made him give up his dream of becoming a professional musician at a young age."" onclick=""window.playTTS(this.getAttribute('data-tts'))""><svg viewBox=""0 0 24 24"" fill=""none"" stroke=""currentColor"" stroke-width=""2""><polygon points=""5 3 19 12 5 21 5 3""></polygon></svg></button></div><div class=""meta-section""><div class=""translation"">他父母不斷的打擊使他在年輕時就放棄了成為專業音樂家的夢想。</div><div class=""entry-explanation"">名詞用法，指打擊或勸阻。</div></div></div></div><div class=""related-forms""><span class=""label"">Related:</span> discouraged, discouraging, discouragement</div></div>"
disguise	"<div class=""anki-card-content""><div class=""general-explanation"">動詞「偽裝」，名詞「偽裝物」。常見搭配：in disguise（偽裝地）。</div><div class=""entries-container""><div class=""entry""><div class=""sentence-row""><div class=""sentence"">The spy had to <span class=""target-word"">disguise</span> himself as a waiter to <span class=""collocation"">get</span> <span class=""collocation"">into</span> the building without being noticed by the guards.</div><button class=""tts-button"" data-tts=""The spy had to disguise himself as a waiter to get into the building without being noticed by the guards."" onclick=""window.playTTS(this.getAttribute('data-tts'))""><svg viewBox=""0 0 24 24"" fill=""none"" stroke=""currentColor"" stroke-width=""2""><polygon points=""5 3 19 12 5 21 5 3""></polygon></svg></button></div><div class=""meta-section""><div class=""translation"">間諜必須將自己偽裝成服務生，才能在不被警衛注意的情況下進入大樓。</div><div class=""entry-explanation"">動詞用法，指偽裝。disguise oneself as 是常見用法。</div></div></div><div class=""entry""><div class=""sentence-row""><div class=""sentence"">The thief wore a mask as a <span class=""target-word"">disguise</span> to hide his face from the security cameras during the robbery.</div><button class=""tts-button"" data-tts=""The thief wore a mask as a disguise to hide his face from the security cameras during the robbery."" onclick=""window.playTTS(this.getAttribute('data-tts'))""><svg viewBox=""0 0 24 24"" fill=""none"" stroke=""currentColor"" stroke-width=""2""><polygon points=""5 3 19 12 5 21 5 3""></polygon></svg></button></div><div class=""meta-section""><div class=""translation"">小偷戴著面具作為偽裝，以便在搶劫期間向監視器隱藏他的臉。</div><div class=""entry-explanation"">名詞用法，指偽裝物。</div></div></div><div class=""entry""><div class=""sentence-row""><div class=""sentence"">Sometimes, a difficult challenge is just a blessing <span class=""collocation"">in</span> <span class=""target-word"">disguise</span> because it helps us become stronger and wiser.</div><button class=""tts-button"" data-tts=""Sometimes, a difficult challenge is just a blessing in disguise because it helps us become stronger and wiser."" onclick=""window.playTTS(this.getAttribute('data-tts'))""><svg viewBox=""0 0 24 24"" fill=""none"" stroke=""currentColor"" stroke-width=""2""><polygon points=""5 3 19 12 5 21 5 3""></polygon></svg></button></div><div class=""meta-section""><div class=""translation"">有時候，困難的挑戰只是偽裝的祝福，因為它幫助我們變得更強大、更聰明。</div><div class=""entry-explanation"">名詞用法。a blessing in disguise 是常見的固定片語，意指「因禍得福」。</div></div></div></div><div class=""related-forms""><span class=""label"">Related:</span> disguised</div></div>"
disgust	"<div class=""anki-card-content""><div class=""general-explanation"">名詞「厭惡」，動詞「使作嘔」。常見搭配：be disgusted with/at。</div><div class=""entries-container""><div class=""entry""><div class=""sentence-row""><div class=""sentence"">The smell of the garbage in the street filled the neighbors with <span class=""target-word"">disgust</span> and they asked the city to clean it up.</div><button class=""tts-button"" data-tts=""The smell of the garbage in the street filled the neighbors with disgust and they asked the city to clean it up."" onclick=""window.playTTS(this.getAttribute('data-tts'))""><svg viewBox=""0 0 24 24"" fill=""none"" stroke=""currentColor"" stroke-width=""2""><polygon points=""5 3 19 12 5 21 5 3""></polygon></svg></button></div><div class=""meta-section""><div class=""translation"">街上垃圾的臭味讓鄰居們感到厭惡，他們要求市府清理乾淨。</div><div class=""entry-explanation"">名詞用法，指厭惡感。</div></div></div><div class=""entry""><div class=""sentence-row""><div class=""sentence"">I was deeply <span class=""target-word"">disgusted</span> <span class=""collocation"">by</span> the way he treated the stray dog, so I decided to report him to the animal shelter.</div><button class=""tts-button"" data-tts=""I was deeply disgusted by the way he treated the stray dog, so I decided to report him to the animal shelter."" onclick=""window.playTTS(this.getAttribute('data-tts'))""><svg viewBox=""0 0 24 24"" fill=""none"" stroke=""currentColor"" stroke-width=""2""><polygon points=""5 3 19 12 5 21 5 3""></polygon></svg></button></div><div class=""meta-section""><div class=""translation"">我對他對待流浪狗的方式感到非常厭惡，所以我決定向動物收容所舉報他。</div><div class=""entry-explanation"">動詞用法，常用被動語態。be disgusted by/with 是常見搭配。</div></div></div><div class=""entry""><div class=""sentence-row""><div class=""sentence"">The rude behavior of the customer <span class=""target-word"">disgusted</span> the waiter, who had been working hard to provide excellent service all day.</div><button class=""tts-button"" data-tts=""The rude behavior of the customer disgusted the waiter, who had been working hard to provide excellent service all day."" onclick=""window.playTTS(this.getAttribute('data-tts'))""><svg viewBox=""0 0 24 24"" fill=""none"" stroke=""currentColor"" stroke-width=""2""><polygon points=""5 3 19 12 5 21 5 3""></polygon></svg></button></div><div class=""meta-section""><div class=""translation"">顧客粗魯的行為讓服務生感到噁心，他整天都在努力提供優質的服務。</div><div class=""entry-explanation"">動詞用法，指使人感到厭惡。</div></div></div></div><div class=""related-forms""><span class=""label"">Related:</span> disgusted, disgusting</div></div>"
dismiss	"<div class=""anki-card-content""><div class=""general-explanation"">動詞「解僱、駁回、不予理會」。注意在學校情境中可指「下課」。</div><div class=""entries-container""><div class=""entry""><div class=""sentence-row""><div class=""sentence"">The manager decided to <span class=""target-word"">dismiss</span> the employee because he was often late and did not <span class=""collocation"">finish</span> <span class=""collocation"">his</span> <span class=""collocation"">work</span> on time.</div><button class=""tts-button"" data-tts=""The manager decided to dismiss the employee because he was often late and did not finish his work on time."" onclick=""window.playTTS(this.getAttribute('data-tts'))""><svg viewBox=""0 0 24 24"" fill=""none"" stroke=""currentColor"" stroke-width=""2""><polygon points=""5 3 19 12 5 21 5 3""></polygon></svg></button></div><div class=""meta-section""><div class=""translation"">經理決定解僱該員工，因為他經常遲到且沒有準時完成工作。</div><div class=""entry-explanation"">動詞用法，指解僱。finish one&#x27;s work 是常見搭配。</div></div></div><div class=""entry""><div class=""sentence-row""><div class=""sentence"">The judge chose to <span class=""target-word"">dismiss</span> the case because there was not enough evidence to prove that the man was guilty.</div><button class=""tts-button"" data-tts=""The judge chose to dismiss the case because there was not enough evidence to prove that the man was guilty."" onclick=""window.playTTS(this.getAttribute('data-tts'))""><svg viewBox=""0 0 24 24"" fill=""none"" stroke=""currentColor"" stroke-width=""2""><polygon points=""5 3 19 12 5 21 5 3""></polygon></svg></button></div><div class=""meta-section""><div class=""translation"">法官選擇駁回此案，因為沒有足夠的證據證明該男子有罪。</div><div class=""entry-explanation"">動詞用法，指駁回法律訴訟。</div></div></div><div class=""entry""><div class=""sentence-row""><div class=""sentence"">The teacher will <span class=""target-word"">dismiss</span> the class at three o'clock, so please make sure you have finished your group project by then.</div><button class=""tts-button"" data-tts=""The teacher will dismiss the class at three o&#x27;clock, so please make sure you have finished your group project by then."" onclick=""window.playTTS(this.getAttribute('data-tts'))""><svg viewBox=""0 0 24 24"" fill=""none"" stroke=""currentColor"" stroke-width=""2""><polygon points=""5 3 19 12 5 21 5 3""></polygon></svg></button></div><div class=""meta-section""><div class=""translation"">老師將在三點鐘下課，所以請確保在那之前你們已經完成小組報告。</div><div class=""entry-explanation"">動詞用法，指讓學生下課。</div></div></div></div><div class=""related-forms""><span class=""label"">Related:</span> dismissal</div></div>"
disorder	"<div class=""anki-card-content""><div class=""general-explanation"">名詞「混亂、失調、疾病」，動詞「使混亂」。常見搭配：eating disorder（飲食失調）。</div><div class=""entries-container""><div class=""entry""><div class=""sentence-row""><div class=""sentence"">The room was in complete <span class=""target-word"">disorder</span> after the children finished playing with all their toys on the floor.</div><button class=""tts-button"" data-tts=""The room was in complete disorder after the children finished playing with all their toys on the floor."" onclick=""window.playTTS(this.getAttribute('data-tts'))""><svg viewBox=""0 0 24 24"" fill=""none"" stroke=""currentColor"" stroke-width=""2""><polygon points=""5 3 19 12 5 21 5 3""></polygon></svg></button></div><div class=""meta-section""><div class=""translation"">孩子們在地板上玩完所有玩具後，房間裡一片混亂。</div><div class=""entry-explanation"">名詞用法，指混亂狀態。in disorder 是常見片語。</div></div></div><div class=""entry""><div class=""sentence-row""><div class=""sentence"">The doctor explained that the patient was suffering from a sleep <span class=""target-word"">disorder</span> and needed to change his daily habits.</div><button class=""tts-button"" data-tts=""The doctor explained that the patient was suffering from a sleep disorder and needed to change his daily habits."" onclick=""window.playTTS(this.getAttribute('data-tts'))""><svg viewBox=""0 0 24 24"" fill=""none"" stroke=""currentColor"" stroke-width=""2""><polygon points=""5 3 19 12 5 21 5 3""></polygon></svg></button></div><div class=""meta-section""><div class=""translation"">醫生解釋說該病患患有睡眠障礙，需要改變他的日常生活習慣。</div><div class=""entry-explanation"">名詞用法，指生理或心理失調。</div></div></div><div class=""entry""><div class=""sentence-row""><div class=""sentence"">The sudden news of the company's bankruptcy caused a great <span class=""target-word"">disorder</span> among the employees who were worried about their future.</div><button class=""tts-button"" data-tts=""The sudden news of the company&#x27;s bankruptcy caused a great disorder among the employees who were worried about their future."" onclick=""window.playTTS(this.getAttribute('data-tts'))""><svg viewBox=""0 0 24 24"" fill=""none"" stroke=""currentColor"" stroke-width=""2""><polygon points=""5 3 19 12 5 21 5 3""></polygon></svg></button></div><div class=""meta-section""><div class=""translation"">公司破產的突發消息在擔心未來的員工之間引起了極大的混亂。</div><div class=""entry-explanation"">名詞用法，指混亂或騷動。</div></div></div></div><div class=""related-forms""><span class=""label"">Related:</span> disordered</div></div>"
dispute	"<div class=""anki-card-content""><div class=""general-explanation"">名詞「爭論、糾紛」，動詞「爭論、質疑」。常見搭配：in dispute（有爭議的）。</div><div class=""entries-container""><div class=""entry""><div class=""sentence-row""><div class=""sentence"">The two neighbors had a long <span class=""target-word"">dispute</span> over the boundary of their gardens, which finally led to a legal battle.</div><button class=""tts-button"" data-tts=""The two neighbors had a long dispute over the boundary of their gardens, which finally led to a legal battle."" onclick=""window.playTTS(this.getAttribute('data-tts'))""><svg viewBox=""0 0 24 24"" fill=""none"" stroke=""currentColor"" stroke-width=""2""><polygon points=""5 3 19 12 5 21 5 3""></polygon></svg></button></div><div class=""meta-section""><div class=""translation"">兩位鄰居對他們花園的邊界有長期的爭執，這最終導致了一場法律訴訟。</div><div class=""entry-explanation"">名詞用法，指爭論。have a dispute over 是常見搭配。</div></div></div><div class=""entry""><div class=""sentence-row""><div class=""sentence"">The scientists continue to <span class=""target-word"">dispute</span> the results of the study, claiming that the data was not collected in a fair way.</div><button class=""tts-button"" data-tts=""The scientists continue to dispute the results of the study, claiming that the data was not collected in a fair way."" onclick=""window.playTTS(this.getAttribute('data-tts'))""><svg viewBox=""0 0 24 24"" fill=""none"" stroke=""currentColor"" stroke-width=""2""><polygon points=""5 3 19 12 5 21 5 3""></polygon></svg></button></div><div class=""meta-section""><div class=""translation"">科學家們繼續質疑該研究的結果，聲稱數據並非以公平的方式收集。</div><div class=""entry-explanation"">動詞用法，指質疑或爭論。</div></div></div><div class=""entry""><div class=""sentence-row""><div class=""sentence"">The ownership of the land is still <span class=""collocation"">in</span> <span class=""target-word"">dispute</span>, so the construction company cannot start building the new shopping mall yet.</div><button class=""tts-button"" data-tts=""The ownership of the land is still in dispute, so the construction company cannot start building the new shopping mall yet."" onclick=""window.playTTS(this.getAttribute('data-tts'))""><svg viewBox=""0 0 24 24"" fill=""none"" stroke=""currentColor"" stroke-width=""2""><polygon points=""5 3 19 12 5 21 5 3""></polygon></svg></button></div><div class=""meta-section""><div class=""translation"">這塊土地的所有權仍有爭議，所以建築公司還不能開始建造新的購物中心。</div><div class=""entry-explanation"">名詞用法。in dispute 是常見片語，表示「有爭議的」。</div></div></div></div><div class=""related-forms""><span class=""label"">Related:</span> disputed</div></div>"
distinct	"<div class=""anki-card-content""><div class=""general-explanation"">形容詞「明顯的、截然不同的」。注意與 distinctive（獨特的）的區別。</div><div class=""entries-container""><div class=""entry""><div class=""sentence-row""><div class=""sentence"">There is a <span class=""target-word"">distinct</span> difference between the two languages, even though they share some similar words and grammar rules.</div><button class=""tts-button"" data-tts=""There is a distinct difference between the two languages, even though they share some similar words and grammar rules."" onclick=""window.playTTS(this.getAttribute('data-tts'))""><svg viewBox=""0 0 24 24"" fill=""none"" stroke=""currentColor"" stroke-width=""2""><polygon points=""5 3 19 12 5 21 5 3""></polygon></svg></button></div><div class=""meta-section""><div class=""translation"">這兩種語言之間有明顯的差異，儘管它們共享一些相似的單字和語法規則。</div><div class=""entry-explanation"">形容詞用法，指明顯的。distinct difference 是常見搭配。</div></div></div><div class=""entry""><div class=""sentence-row""><div class=""sentence"">The twins have <span class=""target-word"">distinct</span> personalities; one is very outgoing and talkative, while the other is quiet and shy.</div><button class=""tts-button"" data-tts=""The twins have distinct personalities; one is very outgoing and talkative, while the other is quiet and shy."" onclick=""window.playTTS(this.getAttribute('data-tts'))""><svg viewBox=""0 0 24 24"" fill=""none"" stroke=""currentColor"" stroke-width=""2""><polygon points=""5 3 19 12 5 21 5 3""></polygon></svg></button></div><div class=""meta-section""><div class=""translation"">這對雙胞胎有截然不同的個性；一個非常外向且健談，而另一個則安靜且害羞。</div><div class=""entry-explanation"">形容詞用法，指截然不同的。</div></div></div><div class=""entry""><div class=""sentence-row""><div class=""sentence"">I could hear a <span class=""target-word"">distinct</span> sound coming from the kitchen, so I went to check if someone was cooking dinner.</div><button class=""tts-button"" data-tts=""I could hear a distinct sound coming from the kitchen, so I went to check if someone was cooking dinner."" onclick=""window.playTTS(this.getAttribute('data-tts'))""><svg viewBox=""0 0 24 24"" fill=""none"" stroke=""currentColor"" stroke-width=""2""><polygon points=""5 3 19 12 5 21 5 3""></polygon></svg></button></div><div class=""meta-section""><div class=""translation"">我可以聽到從廚房傳來一個清晰的聲音，所以我去檢查是否有人在煮晚餐。</div><div class=""entry-explanation"">形容詞用法，指清晰可辨的。</div></div></div></div><div class=""related-forms""><span class=""label"">Related:</span> distinction, distinctive</div></div>"
distinguish	"<div class=""anki-card-content""><div class=""general-explanation"">動詞「區分、辨別」。常見句型：distinguish A from B（區分 A 與 B）。</div><div class=""entries-container""><div class=""entry""><div class=""sentence-row""><div class=""sentence"">It is often difficult to <span class=""target-word"">distinguish</span> the truth <span class=""collocation"">from</span> lies when people are trying to hide their mistakes.</div><button class=""tts-button"" data-tts=""It is often difficult to distinguish the truth from lies when people are trying to hide their mistakes."" onclick=""window.playTTS(this.getAttribute('data-tts'))""><svg viewBox=""0 0 24 24"" fill=""none"" stroke=""currentColor"" stroke-width=""2""><polygon points=""5 3 19 12 5 21 5 3""></polygon></svg></button></div><div class=""meta-section""><div class=""translation"">當人們試圖隱瞞錯誤時，通常很難區分事實與謊言。</div><div class=""entry-explanation"">動詞用法，distinguish A from B 是固定用法。</div></div></div><div class=""entry""><div class=""sentence-row""><div class=""sentence"">The young artist was able to <span class=""target-word"">distinguish</span> himself <span class=""collocation"">from</span> other painters by using bright colors and unique shapes in his work.</div><button class=""tts-button"" data-tts=""The young artist was able to distinguish himself from other painters by using bright colors and unique shapes in his work."" onclick=""window.playTTS(this.getAttribute('data-tts'))""><svg viewBox=""0 0 24 24"" fill=""none"" stroke=""currentColor"" stroke-width=""2""><polygon points=""5 3 19 12 5 21 5 3""></polygon></svg></button></div><div class=""meta-section""><div class=""translation"">這位年輕藝術家透過在作品中使用明亮的色彩和獨特的形狀，使自己與其他畫家區別開來。</div><div class=""entry-explanation"">動詞用法，distinguish oneself 指「使自己出眾/與眾不同」。</div></div></div><div class=""entry""><div class=""sentence-row""><div class=""sentence"">Can you <span class=""target-word"">distinguish</span> the sound of a violin <span class=""collocation"">from</span> that of a cello in this beautiful piece of classical music?</div><button class=""tts-button"" data-tts=""Can you distinguish the sound of a violin from that of a cello in this beautiful piece of classical music?"" onclick=""window.playTTS(this.getAttribute('data-tts'))""><svg viewBox=""0 0 24 24"" fill=""none"" stroke=""currentColor"" stroke-width=""2""><polygon points=""5 3 19 12 5 21 5 3""></polygon></svg></button></div><div class=""meta-section""><div class=""translation"">在這首優美的古典樂曲中，你能分辨出小提琴和大提琴的聲音嗎？</div><div class=""entry-explanation"">動詞用法，指辨別聲音。</div></div></div></div><div class=""related-forms""><span class=""label"">Related:</span> distinguishable, distinguished</div></div>"
distinguished	"<div class=""anki-card-content""><div class=""general-explanation"">形容詞「傑出的、著名的」。常用於形容人的成就或地位。</div><div class=""entries-container""><div class=""entry""><div class=""sentence-row""><div class=""sentence"">The university invited a <span class=""target-word"">distinguished</span> professor to give a speech about the future of technology and its impact on society.</div><button class=""tts-button"" data-tts=""The university invited a distinguished professor to give a speech about the future of technology and its impact on society."" onclick=""window.playTTS(this.getAttribute('data-tts'))""><svg viewBox=""0 0 24 24"" fill=""none"" stroke=""currentColor"" stroke-width=""2""><polygon points=""5 3 19 12 5 21 5 3""></polygon></svg></button></div><div class=""meta-section""><div class=""translation"">大學邀請了一位傑出的教授來演講，主題是關於科技的未來及其對社會的影響。</div><div class=""entry-explanation"">形容詞用法，指傑出的。distinguished professor 是常見搭配。</div></div></div><div class=""entry""><div class=""sentence-row""><div class=""sentence"">He had a long and <span class=""target-word"">distinguished</span> career in medicine, saving many lives during his thirty years of practice.</div><button class=""tts-button"" data-tts=""He had a long and distinguished career in medicine, saving many lives during his thirty years of practice."" onclick=""window.playTTS(this.getAttribute('data-tts'))""><svg viewBox=""0 0 24 24"" fill=""none"" stroke=""currentColor"" stroke-width=""2""><polygon points=""5 3 19 12 5 21 5 3""></polygon></svg></button></div><div class=""meta-section""><div class=""translation"">他在醫學領域有著漫長且傑出的職業生涯，在他三十年的執業期間拯救了許多生命。</div><div class=""entry-explanation"">形容詞用法，指卓越的。</div></div></div><div class=""entry""><div class=""sentence-row""><div class=""sentence"">The guest of honor was a <span class=""target-word"">distinguished</span> writer who had won many awards for her novels and short stories.</div><button class=""tts-button"" data-tts=""The guest of honor was a distinguished writer who had won many awards for her novels and short stories."" onclick=""window.playTTS(this.getAttribute('data-tts'))""><svg viewBox=""0 0 24 24"" fill=""none"" stroke=""currentColor"" stroke-width=""2""><polygon points=""5 3 19 12 5 21 5 3""></polygon></svg></button></div><div class=""meta-section""><div class=""translation"">貴賓是一位傑出的作家，她的小說和短篇故事贏得了許多獎項。</div><div class=""entry-explanation"">形容詞用法，指著名的。</div></div></div></div><div class=""related-forms""><span class=""label"">Related:</span> distinguish</div></div>"
distribute	"<div class=""anki-card-content""><div class=""general-explanation"">動詞「分發、分配」。常見搭配：distribute sth to sb。</div><div class=""entries-container""><div class=""entry""><div class=""sentence-row""><div class=""sentence"">The charity organization will <span class=""target-word"">distribute</span> free food and clothes <span class=""collocation"">to</span> the families who were affected by the recent flood.</div><button class=""tts-button"" data-tts=""The charity organization will distribute free food and clothes to the families who were affected by the recent flood."" onclick=""window.playTTS(this.getAttribute('data-tts'))""><svg viewBox=""0 0 24 24"" fill=""none"" stroke=""currentColor"" stroke-width=""2""><polygon points=""5 3 19 12 5 21 5 3""></polygon></svg></button></div><div class=""meta-section""><div class=""translation"">慈善組織將會分發免費的食物和衣服給受近期洪水影響的家庭。</div><div class=""entry-explanation"">動詞用法，指分發。distribute to 是常見搭配。</div></div></div><div class=""entry""><div class=""sentence-row""><div class=""sentence"">The teacher asked the class monitor to <span class=""target-word"">distribute</span> the exam papers to every student before the test started.</div><button class=""tts-button"" data-tts=""The teacher asked the class monitor to distribute the exam papers to every student before the test started."" onclick=""window.playTTS(this.getAttribute('data-tts'))""><svg viewBox=""0 0 24 24"" fill=""none"" stroke=""currentColor"" stroke-width=""2""><polygon points=""5 3 19 12 5 21 5 3""></polygon></svg></button></div><div class=""meta-section""><div class=""translation"">老師請班長在考試開始前將考卷分發給每一位學生。</div><div class=""entry-explanation"">動詞用法，指分發文件。</div></div></div><div class=""entry""><div class=""sentence-row""><div class=""sentence"">The company plans to <span class=""target-word"">distribute</span> its new products to stores all over the country by the end of this month.</div><button class=""tts-button"" data-tts=""The company plans to distribute its new products to stores all over the country by the end of this month."" onclick=""window.playTTS(this.getAttribute('data-tts'))""><svg viewBox=""0 0 24 24"" fill=""none"" stroke=""currentColor"" stroke-width=""2""><polygon points=""5 3 19 12 5 21 5 3""></polygon></svg></button></div><div class=""meta-section""><div class=""translation"">公司計劃在本月底前將其新產品分銷到全國各地的商店。</div><div class=""entry-explanation"">動詞用法，指分銷商品。</div></div></div></div><div class=""related-forms""><span class=""label"">Related:</span> distribution, distributor</div></div>"
distribution	"<div class=""anki-card-content""><div class=""general-explanation"">名詞「分發、分配、分佈」。常見搭配：the distribution of wealth（財富分配）。</div><div class=""entries-container""><div class=""entry""><div class=""sentence-row""><div class=""sentence"">The <span class=""target-word"">distribution</span> of aid to the remote villages was delayed because the roads were blocked by the heavy snow.</div><button class=""tts-button"" data-tts=""The distribution of aid to the remote villages was delayed because the roads were blocked by the heavy snow."" onclick=""window.playTTS(this.getAttribute('data-tts'))""><svg viewBox=""0 0 24 24"" fill=""none"" stroke=""currentColor"" stroke-width=""2""><polygon points=""5 3 19 12 5 21 5 3""></polygon></svg></button></div><div class=""meta-section""><div class=""translation"">對偏遠村莊的援助分發工作被延誤了，因為道路被大雪堵住了。</div><div class=""entry-explanation"">名詞用法，指分發過程。</div></div></div><div class=""entry""><div class=""sentence-row""><div class=""sentence"">The government is working on a new policy to improve the <span class=""target-word"">distribution</span> of wealth among different social classes in the country.</div><button class=""tts-button"" data-tts=""The government is working on a new policy to improve the distribution of wealth among different social classes in the country."" onclick=""window.playTTS(this.getAttribute('data-tts'))""><svg viewBox=""0 0 24 24"" fill=""none"" stroke=""currentColor"" stroke-width=""2""><polygon points=""5 3 19 12 5 21 5 3""></polygon></svg></button></div><div class=""meta-section""><div class=""translation"">政府正在制定一項新政策，以改善國內不同社會階層之間的財富分配。</div><div class=""entry-explanation"">名詞用法，指分配。distribution of wealth 是固定搭配。</div></div></div><div class=""entry""><div class=""sentence-row""><div class=""sentence"">The study looks at the <span class=""target-word"">distribution</span> of different plant species across the island to understand how the climate affects them.</div><button class=""tts-button"" data-tts=""The study looks at the distribution of different plant species across the island to understand how the climate affects them."" onclick=""window.playTTS(this.getAttribute('data-tts'))""><svg viewBox=""0 0 24 24"" fill=""none"" stroke=""currentColor"" stroke-width=""2""><polygon points=""5 3 19 12 5 21 5 3""></polygon></svg></button></div><div class=""meta-section""><div class=""translation"">這項研究觀察島上不同植物物種的分佈，以了解氣候如何影響它們。</div><div class=""entry-explanation"">名詞用法，指地理分佈。</div></div></div></div><div class=""related-forms""><span class=""label"">Related:</span> distribute</div></div>"
district	"<div class=""anki-card-content""><div class=""general-explanation"">名詞「區域、行政區」。常用於指特定的商業區或學校學區。</div><div class=""entries-container""><div class=""entry""><div class=""sentence-row""><div class=""sentence"">The shopping <span class=""target-word"">district</span> in the city center is always crowded with tourists who want to buy souvenirs and local snacks.</div><button class=""tts-button"" data-tts=""The shopping district in the city center is always crowded with tourists who want to buy souvenirs and local snacks."" onclick=""window.playTTS(this.getAttribute('data-tts'))""><svg viewBox=""0 0 24 24"" fill=""none"" stroke=""currentColor"" stroke-width=""2""><polygon points=""5 3 19 12 5 21 5 3""></polygon></svg></button></div><div class=""meta-section""><div class=""translation"">市中心的購物區總是擠滿了想要購買紀念品和當地小吃的遊客。</div><div class=""entry-explanation"">名詞用法，指特定區域。shopping district 是常見搭配。</div></div></div><div class=""entry""><div class=""sentence-row""><div class=""sentence"">She lives in a quiet residential <span class=""target-word"">district</span> where there are many parks and trees, making it a great place for families.</div><button class=""tts-button"" data-tts=""She lives in a quiet residential district where there are many parks and trees, making it a great place for families."" onclick=""window.playTTS(this.getAttribute('data-tts'))""><svg viewBox=""0 0 24 24"" fill=""none"" stroke=""currentColor"" stroke-width=""2""><polygon points=""5 3 19 12 5 21 5 3""></polygon></svg></button></div><div class=""meta-section""><div class=""translation"">她住在一個安靜的住宅區，那裡有很多公園和樹木，這使它成為家庭居住的好地方。</div><div class=""entry-explanation"">名詞用法，指住宅區。</div></div></div><div class=""entry""><div class=""sentence-row""><div class=""sentence"">The school <span class=""target-word"">district</span> decided to build a new library to provide students with more resources for their research projects.</div><button class=""tts-button"" data-tts=""The school district decided to build a new library to provide students with more resources for their research projects."" onclick=""window.playTTS(this.getAttribute('data-tts'))""><svg viewBox=""0 0 24 24"" fill=""none"" stroke=""currentColor"" stroke-width=""2""><polygon points=""5 3 19 12 5 21 5 3""></polygon></svg></button></div><div class=""meta-section""><div class=""translation"">學區決定蓋一座新圖書館，為學生提供更多研究計畫的資源。</div><div class=""entry-explanation"">名詞用法，指學區。</div></div></div></div></div>"
disturb	"<div class=""anki-card-content""><div class=""general-explanation"">動詞「打擾、擾亂」。常見用法：Sorry to disturb you（抱歉打擾你）。</div><div class=""entries-container""><div class=""entry""><div class=""sentence-row""><div class=""sentence"">Please do not <span class=""target-word"">disturb</span> the students while they are taking the exam in the classroom, as they need to focus.</div><button class=""tts-button"" data-tts=""Please do not disturb the students while they are taking the exam in the classroom, as they need to focus."" onclick=""window.playTTS(this.getAttribute('data-tts'))""><svg viewBox=""0 0 24 24"" fill=""none"" stroke=""currentColor"" stroke-width=""2""><polygon points=""5 3 19 12 5 21 5 3""></polygon></svg></button></div><div class=""meta-section""><div class=""translation"">當學生在教室裡考試時，請不要打擾他們，因為他們需要專心。</div><div class=""entry-explanation"">動詞用法，指打擾。do not disturb 是常見標語。</div></div></div><div class=""entry""><div class=""sentence-row""><div class=""sentence"">The loud noise from the construction site <span class=""target-word"">disturbed</span> my sleep last night, so I feel very tired today.</div><button class=""tts-button"" data-tts=""The loud noise from the construction site disturbed my sleep last night, so I feel very tired today."" onclick=""window.playTTS(this.getAttribute('data-tts'))""><svg viewBox=""0 0 24 24"" fill=""none"" stroke=""currentColor"" stroke-width=""2""><polygon points=""5 3 19 12 5 21 5 3""></polygon></svg></button></div><div class=""meta-section""><div class=""translation"">工地傳來的巨大噪音昨晚擾亂了我的睡眠，所以我今天感到很累。</div><div class=""entry-explanation"">動詞用法，指擾亂。</div></div></div><div class=""entry""><div class=""sentence-row""><div class=""sentence"">The news of the sudden change in the plan <span class=""target-word"">disturbed</span> everyone on the team, as they were not prepared for it.</div><button class=""tts-button"" data-tts=""The news of the sudden change in the plan disturbed everyone on the team, as they were not prepared for it."" onclick=""window.playTTS(this.getAttribute('data-tts'))""><svg viewBox=""0 0 24 24"" fill=""none"" stroke=""currentColor"" stroke-width=""2""><polygon points=""5 3 19 12 5 21 5 3""></polygon></svg></button></div><div class=""meta-section""><div class=""translation"">計畫突然改變的消息擾亂了團隊中的每個人，因為他們對此毫無準備。</div><div class=""entry-explanation"">動詞用法，指使人不安或心煩。</div></div></div></div><div class=""related-forms""><span class=""label"">Related:</span> disturbed, disturbing, disturbance</div></div>"
diverse	"<div class=""anki-card-content""><div class=""general-explanation"">形容詞「多樣的、不同的」。常用於描述文化、背景或意見的多樣性。</div><div class=""entries-container""><div class=""entry""><div class=""sentence-row""><div class=""sentence"">Our class has a <span class=""target-word"">diverse</span> group of students from many different countries, which makes our discussions very interesting.</div><button class=""tts-button"" data-tts=""Our class has a diverse group of students from many different countries, which makes our discussions very interesting."" onclick=""window.playTTS(this.getAttribute('data-tts'))""><svg viewBox=""0 0 24 24"" fill=""none"" stroke=""currentColor"" stroke-width=""2""><polygon points=""5 3 19 12 5 21 5 3""></polygon></svg></button></div><div class=""meta-section""><div class=""translation"">我們班有一群來自許多不同國家的多元學生，這使得我們的討論非常有趣。</div><div class=""entry-explanation"">形容詞用法，指多樣的。diverse group 是常見搭配。</div></div></div><div class=""entry""><div class=""sentence-row""><div class=""sentence"">The island is home to a <span class=""target-word"">diverse</span> range of wildlife, including many rare birds and plants that cannot be found elsewhere.</div><button class=""tts-button"" data-tts=""The island is home to a diverse range of wildlife, including many rare birds and plants that cannot be found elsewhere."" onclick=""window.playTTS(this.getAttribute('data-tts'))""><svg viewBox=""0 0 24 24"" fill=""none"" stroke=""currentColor"" stroke-width=""2""><polygon points=""5 3 19 12 5 21 5 3""></polygon></svg></button></div><div class=""meta-section""><div class=""translation"">這座島嶼是多樣野生動物的家園，包括許多在其他地方找不到的稀有鳥類和植物。</div><div class=""entry-explanation"">形容詞用法，a diverse range of 是固定用法。</div></div></div><div class=""entry""><div class=""sentence-row""><div class=""sentence"">It is important to listen to <span class=""target-word"">diverse</span> opinions before making a final decision to ensure that everyone's needs are considered.</div><button class=""tts-button"" data-tts=""It is important to listen to diverse opinions before making a final decision to ensure that everyone&#x27;s needs are considered."" onclick=""window.playTTS(this.getAttribute('data-tts'))""><svg viewBox=""0 0 24 24"" fill=""none"" stroke=""currentColor"" stroke-width=""2""><polygon points=""5 3 19 12 5 21 5 3""></polygon></svg></button></div><div class=""meta-section""><div class=""translation"">在做出最終決定之前，傾聽不同的意見很重要，以確保每個人的需求都被考慮到。</div><div class=""entry-explanation"">形容詞用法，指不同的。</div></div></div></div><div class=""related-forms""><span class=""label"">Related:</span> diversity</div></div>"
diversity	"<div class=""anki-card-content""><div class=""general-explanation"">名詞「多樣性」。常見搭配：cultural diversity（文化多樣性）。</div><div class=""entries-container""><div class=""entry""><div class=""sentence-row""><div class=""sentence"">The company values <span class=""target-word"">diversity</span> in the workplace and encourages employees from different backgrounds to share their unique ideas.</div><button class=""tts-button"" data-tts=""The company values diversity in the workplace and encourages employees from different backgrounds to share their unique ideas."" onclick=""window.playTTS(this.getAttribute('data-tts'))""><svg viewBox=""0 0 24 24"" fill=""none"" stroke=""currentColor"" stroke-width=""2""><polygon points=""5 3 19 12 5 21 5 3""></polygon></svg></button></div><div class=""meta-section""><div class=""translation"">公司重視職場的多樣性，並鼓勵來自不同背景的員工分享他們獨特的想法。</div><div class=""entry-explanation"">名詞用法，指多樣性。</div></div></div><div class=""entry""><div class=""sentence-row""><div class=""sentence"">Cultural <span class=""target-word"">diversity</span> is one of the main features of this city, where people from all over the world live together in peace.</div><button class=""tts-button"" data-tts=""Cultural diversity is one of the main features of this city, where people from all over the world live together in peace."" onclick=""window.playTTS(this.getAttribute('data-tts'))""><svg viewBox=""0 0 24 24"" fill=""none"" stroke=""currentColor"" stroke-width=""2""><polygon points=""5 3 19 12 5 21 5 3""></polygon></svg></button></div><div class=""meta-section""><div class=""translation"">文化多樣性是這座城市的主要特色之一，來自世界各地的人們在這裡和平共處。</div><div class=""entry-explanation"">名詞用法，cultural diversity 是固定搭配。</div></div></div><div class=""entry""><div class=""sentence-row""><div class=""sentence"">The <span class=""target-word"">diversity</span> of the landscape, from high mountains to deep valleys, makes this region a popular destination for hikers.</div><button class=""tts-button"" data-tts=""The diversity of the landscape, from high mountains to deep valleys, makes this region a popular destination for hikers."" onclick=""window.playTTS(this.getAttribute('data-tts'))""><svg viewBox=""0 0 24 24"" fill=""none"" stroke=""currentColor"" stroke-width=""2""><polygon points=""5 3 19 12 5 21 5 3""></polygon></svg></button></div><div class=""meta-section""><div class=""translation"">從高山到深谷的地景多樣性，使這個地區成為健行者熱門的目的地。</div><div class=""entry-explanation"">名詞用法，指事物種類的多樣。</div></div></div></div><div class=""related-forms""><span class=""label"">Related:</span> diverse</div></div>"
divine	"<div class=""anki-card-content""><div class=""general-explanation"">形容詞，意為「神聖的」或「極好的」。在宗教語境中指與神有關的，在日常口語中常誇張地用來形容食物或體驗非常棒。</div><div class=""entries-container""><div class=""entry""><div class=""sentence-row""><div class=""sentence"">Many ancient cultures believed that the king was chosen by <span class=""target-word"">divine</span> <span class=""collocation"">will</span> to lead the people and protect the land from harm.</div><button class=""tts-button"" data-tts=""Many ancient cultures believed that the king was chosen by divine will to lead the people and protect the land from harm."" onclick=""window.playTTS(this.getAttribute('data-tts'))""><svg viewBox=""0 0 24 24"" fill=""none"" stroke=""currentColor"" stroke-width=""2""><polygon points=""5 3 19 12 5 21 5 3""></polygon></svg></button></div><div class=""meta-section""><div class=""translation"">許多古老文化相信國王是由神聖的意志所選擇，來領導人民並保護土地免受傷害。</div><div class=""entry-explanation"">形容詞「神聖的」。常與 will, power, intervention 等詞搭配。</div></div></div><div class=""entry""><div class=""sentence-row""><div class=""sentence"">The chocolate cake we had at the new bakery was absolutely <span class=""target-word"">divine</span>; I have never tasted anything so delicious in my life.</div><button class=""tts-button"" data-tts=""The chocolate cake we had at the new bakery was absolutely divine; I have never tasted anything so delicious in my life."" onclick=""window.playTTS(this.getAttribute('data-tts'))""><svg viewBox=""0 0 24 24"" fill=""none"" stroke=""currentColor"" stroke-width=""2""><polygon points=""5 3 19 12 5 21 5 3""></polygon></svg></button></div><div class=""meta-section""><div class=""translation"">我們在那家新麵包店吃的巧克力蛋糕真是太棒了；我這輩子從沒吃過這麼美味的東西。</div><div class=""entry-explanation"">形容詞「極好的/美味的」。常用於口語中誇飾讚美。</div></div></div><div class=""entry""><div class=""sentence-row""><div class=""sentence"">The choir sang with such <span class=""target-word"">divine</span> <span class=""collocation"">beauty</span> that the entire audience sat in silence, moved by the peaceful melody.</div><button class=""tts-button"" data-tts=""The choir sang with such divine beauty that the entire audience sat in silence, moved by the peaceful melody."" onclick=""window.playTTS(this.getAttribute('data-tts'))""><svg viewBox=""0 0 24 24"" fill=""none"" stroke=""currentColor"" stroke-width=""2""><polygon points=""5 3 19 12 5 21 5 3""></polygon></svg></button></div><div class=""meta-section""><div class=""translation"">唱詩班以一種神聖的美感歌唱，讓全場觀眾安靜地坐著，被那寧靜的旋律所感動。</div><div class=""entry-explanation"">形容詞「神聖的/超凡的」。強調超越世俗的美感。</div></div></div></div><div class=""related-forms""><span class=""label"">Related:</span> divinely</div></div>"
divorce	"<div class=""anki-card-content""><div class=""general-explanation"">名詞「離婚」，動詞「與...離婚」。注意與介係詞 from 搭配使用。</div><div class=""entries-container""><div class=""entry""><div class=""sentence-row""><div class=""sentence"">After years of constant arguments, the couple finally decided to <span class=""target-word"">divorce</span> <span class=""collocation"">each other</span> and go their separate ways for a better life.</div><button class=""tts-button"" data-tts=""After years of constant arguments, the couple finally decided to divorce each other and go their separate ways for a better life."" onclick=""window.playTTS(this.getAttribute('data-tts'))""><svg viewBox=""0 0 24 24"" fill=""none"" stroke=""currentColor"" stroke-width=""2""><polygon points=""5 3 19 12 5 21 5 3""></polygon></svg></button></div><div class=""meta-section""><div class=""translation"">經過多年的不斷爭吵，這對夫妻最終決定離婚，並為了更好的生活各奔東西。</div><div class=""entry-explanation"">動詞「離婚」。常用 divorce someone 或 get divorced from someone。</div></div></div><div class=""entry""><div class=""sentence-row""><div class=""sentence"">The high rate of <span class=""target-word"">divorce</span> <span class=""collocation"">in</span> modern society has led many experts to study the importance of communication in a marriage.</div><button class=""tts-button"" data-tts=""The high rate of divorce in modern society has led many experts to study the importance of communication in a marriage."" onclick=""window.playTTS(this.getAttribute('data-tts'))""><svg viewBox=""0 0 24 24"" fill=""none"" stroke=""currentColor"" stroke-width=""2""><polygon points=""5 3 19 12 5 21 5 3""></polygon></svg></button></div><div class=""meta-section""><div class=""translation"">現代社會的高離婚率促使許多專家研究溝通在婚姻中的重要性。</div><div class=""entry-explanation"">名詞「離婚」。常與 rate, statistics 等詞搭配。</div></div></div><div class=""entry""><div class=""sentence-row""><div class=""sentence"">It is often difficult for children to cope with the emotional stress caused by their parents' <span class=""target-word"">divorce</span> <span class=""collocation"">at</span> a young age.</div><button class=""tts-button"" data-tts=""It is often difficult for children to cope with the emotional stress caused by their parents&#x27; divorce at a young age."" onclick=""window.playTTS(this.getAttribute('data-tts'))""><svg viewBox=""0 0 24 24"" fill=""none"" stroke=""currentColor"" stroke-width=""2""><polygon points=""5 3 19 12 5 21 5 3""></polygon></svg></button></div><div class=""meta-section""><div class=""translation"">孩子們通常很難應付年幼時父母離婚所帶來的心理壓力。</div><div class=""entry-explanation"">名詞「離婚」。強調離婚帶來的影響。</div></div></div></div><div class=""related-forms""><span class=""label"">Related:</span> divorced</div></div>"
dodge	"<div class=""anki-card-content""><div class=""general-explanation"">動詞「閃避/逃避」，名詞「閃避」。指快速移動身體以避開某物，或用技巧規避責任。</div><div class=""entries-container""><div class=""entry""><div class=""sentence-row""><div class=""sentence"">The soccer player managed to <span class=""target-word"">dodge</span> <span class=""collocation"">the</span> defender and score a goal in the final minute of the intense game.</div><button class=""tts-button"" data-tts=""The soccer player managed to dodge the defender and score a goal in the final minute of the intense game."" onclick=""window.playTTS(this.getAttribute('data-tts'))""><svg viewBox=""0 0 24 24"" fill=""none"" stroke=""currentColor"" stroke-width=""2""><polygon points=""5 3 19 12 5 21 5 3""></polygon></svg></button></div><div class=""meta-section""><div class=""translation"">這位足球員在比賽最後一分鐘成功閃過防守者並踢進一球。</div><div class=""entry-explanation"">動詞「閃避」。指身體動作上的閃躲。</div></div></div><div class=""entry""><div class=""sentence-row""><div class=""sentence"">Some students try to <span class=""target-word"">dodge</span> <span class=""collocation"">their</span> responsibilities by making excuses when they fail to complete their homework on time.</div><button class=""tts-button"" data-tts=""Some students try to dodge their responsibilities by making excuses when they fail to complete their homework on time."" onclick=""window.playTTS(this.getAttribute('data-tts'))""><svg viewBox=""0 0 24 24"" fill=""none"" stroke=""currentColor"" stroke-width=""2""><polygon points=""5 3 19 12 5 21 5 3""></polygon></svg></button></div><div class=""meta-section""><div class=""translation"">有些學生在沒能準時完成作業時，會試圖藉由找藉口來逃避責任。</div><div class=""entry-explanation"">動詞「逃避」。指規避責任或問題。</div></div></div><div class=""entry""><div class=""sentence-row""><div class=""sentence"">With a quick <span class=""target-word"">dodge</span>, he avoided being hit by the ball that was thrown toward him during the gym class.</div><button class=""tts-button"" data-tts=""With a quick dodge, he avoided being hit by the ball that was thrown toward him during the gym class."" onclick=""window.playTTS(this.getAttribute('data-tts'))""><svg viewBox=""0 0 24 24"" fill=""none"" stroke=""currentColor"" stroke-width=""2""><polygon points=""5 3 19 12 5 21 5 3""></polygon></svg></button></div><div class=""meta-section""><div class=""translation"">他快速閃避，避開了體育課中朝他丟過來的球。</div><div class=""entry-explanation"">名詞「閃避」。指閃避的動作。</div></div></div></div><div class=""related-forms""><span class=""label"">Related:</span> dodged, dodging</div></div>"
dominant	"<div class=""anki-card-content""><div class=""general-explanation"">形容詞「佔優勢的/支配的」。指在數量、力量或影響力上超過其他事物。</div><div class=""entries-container""><div class=""entry""><div class=""sentence-row""><div class=""sentence"">English has become the <span class=""target-word"">dominant</span> <span class=""collocation"">language</span> in international business, allowing people from different countries to communicate effectively.</div><button class=""tts-button"" data-tts=""English has become the dominant language in international business, allowing people from different countries to communicate effectively."" onclick=""window.playTTS(this.getAttribute('data-tts'))""><svg viewBox=""0 0 24 24"" fill=""none"" stroke=""currentColor"" stroke-width=""2""><polygon points=""5 3 19 12 5 21 5 3""></polygon></svg></button></div><div class=""meta-section""><div class=""translation"">英語已成為國際商業中的主要語言，使來自不同國家的人們能夠有效地溝通。</div><div class=""entry-explanation"">形容詞「佔優勢的」。常與 language, position, role 搭配。</div></div></div><div class=""entry""><div class=""sentence-row""><div class=""sentence"">In the forest, the <span class=""target-word"">dominant</span> <span class=""collocation"">species</span> of trees often block the sunlight, making it hard for smaller plants to grow.</div><button class=""tts-button"" data-tts=""In the forest, the dominant species of trees often block the sunlight, making it hard for smaller plants to grow."" onclick=""window.playTTS(this.getAttribute('data-tts'))""><svg viewBox=""0 0 24 24"" fill=""none"" stroke=""currentColor"" stroke-width=""2""><polygon points=""5 3 19 12 5 21 5 3""></polygon></svg></button></div><div class=""meta-section""><div class=""translation"">在森林中，佔優勢的樹種常會遮擋陽光，使得較小的植物難以生長。</div><div class=""entry-explanation"">形容詞「優勢的/支配的」。指在生態或競爭中佔據主導地位。</div></div></div><div class=""entry""><div class=""sentence-row""><div class=""sentence"">The team played a <span class=""target-word"">dominant</span> <span class=""collocation"">role</span> throughout the tournament, winning every match with a large score difference.</div><button class=""tts-button"" data-tts=""The team played a dominant role throughout the tournament, winning every match with a large score difference."" onclick=""window.playTTS(this.getAttribute('data-tts'))""><svg viewBox=""0 0 24 24"" fill=""none"" stroke=""currentColor"" stroke-width=""2""><polygon points=""5 3 19 12 5 21 5 3""></polygon></svg></button></div><div class=""meta-section""><div class=""translation"">該隊在整個錦標賽中扮演了主導角色，以大比分差距贏得了每一場比賽。</div><div class=""entry-explanation"">形容詞「主導的」。常與 role 搭配。</div></div></div></div><div class=""related-forms""><span class=""label"">Related:</span> dominance, dominate</div></div>"
dominate	"<div class=""anki-card-content""><div class=""general-explanation"">動詞「支配/主導」。指在某個領域中佔據絕對優勢或控制地位。</div><div class=""entries-container""><div class=""entry""><div class=""sentence-row""><div class=""sentence"">The large company continues to <span class=""target-word"">dominate</span> <span class=""collocation"">the</span> market, making it very difficult for smaller businesses to compete successfully.</div><button class=""tts-button"" data-tts=""The large company continues to dominate the market, making it very difficult for smaller businesses to compete successfully."" onclick=""window.playTTS(this.getAttribute('data-tts'))""><svg viewBox=""0 0 24 24"" fill=""none"" stroke=""currentColor"" stroke-width=""2""><polygon points=""5 3 19 12 5 21 5 3""></polygon></svg></button></div><div class=""meta-section""><div class=""translation"">這家大公司持續主導市場，使得小型企業很難成功競爭。</div><div class=""entry-explanation"">動詞「主導」。常與 market, field, industry 搭配。</div></div></div><div class=""entry""><div class=""sentence-row""><div class=""sentence"">The tall mountain seems to <span class=""target-word"">dominate</span> <span class=""collocation"">the</span> landscape, as it can be seen from almost every corner of the small town.</div><button class=""tts-button"" data-tts=""The tall mountain seems to dominate the landscape, as it can be seen from almost every corner of the small town."" onclick=""window.playTTS(this.getAttribute('data-tts'))""><svg viewBox=""0 0 24 24"" fill=""none"" stroke=""currentColor"" stroke-width=""2""><polygon points=""5 3 19 12 5 21 5 3""></polygon></svg></button></div><div class=""meta-section""><div class=""translation"">這座高山似乎主宰了當地的景觀，因為從這小鎮的幾乎每個角落都能看見它。</div><div class=""entry-explanation"">動詞「俯瞰/主宰」。指在視覺上佔據顯著位置。</div></div></div><div class=""entry""><div class=""sentence-row""><div class=""sentence"">He tends to <span class=""target-word"">dominate</span> <span class=""collocation"">the</span> conversation, rarely giving others a chance to express their own opinions or ideas.</div><button class=""tts-button"" data-tts=""He tends to dominate the conversation, rarely giving others a chance to express their own opinions or ideas."" onclick=""window.playTTS(this.getAttribute('data-tts'))""><svg viewBox=""0 0 24 24"" fill=""none"" stroke=""currentColor"" stroke-width=""2""><polygon points=""5 3 19 12 5 21 5 3""></polygon></svg></button></div><div class=""meta-section""><div class=""translation"">他傾向於主導對話，很少給別人表達自己意見或想法的機會。</div><div class=""entry-explanation"">動詞「主導」。指在社交場合中控制發言權。</div></div></div></div><div class=""related-forms""><span class=""label"">Related:</span> dominant, domination</div></div>"
draft	"<div class=""anki-card-content""><div class=""general-explanation"">名詞「草稿/徵兵」，動詞「起草/徵召」。注意區分名詞與動詞用法。</div><div class=""entries-container""><div class=""entry""><div class=""sentence-row""><div class=""sentence"">Before submitting your essay, you should write a first <span class=""target-word"">draft</span> <span class=""collocation"">to</span> organize your thoughts and check for any grammar mistakes.</div><button class=""tts-button"" data-tts=""Before submitting your essay, you should write a first draft to organize your thoughts and check for any grammar mistakes."" onclick=""window.playTTS(this.getAttribute('data-tts'))""><svg viewBox=""0 0 24 24"" fill=""none"" stroke=""currentColor"" stroke-width=""2""><polygon points=""5 3 19 12 5 21 5 3""></polygon></svg></button></div><div class=""meta-section""><div class=""translation"">在繳交論文之前，你應該先寫一份草稿來整理思緒並檢查是否有文法錯誤。</div><div class=""entry-explanation"">名詞「草稿」。常用 first/final draft。</div></div></div><div class=""entry""><div class=""sentence-row""><div class=""sentence"">The lawyer spent the whole afternoon <span class=""target-word"">drafting</span> <span class=""collocation"">a</span> legal document to ensure that all the terms were clearly stated.</div><button class=""tts-button"" data-tts=""The lawyer spent the whole afternoon drafting a legal document to ensure that all the terms were clearly stated."" onclick=""window.playTTS(this.getAttribute('data-tts'))""><svg viewBox=""0 0 24 24"" fill=""none"" stroke=""currentColor"" stroke-width=""2""><polygon points=""5 3 19 12 5 21 5 3""></polygon></svg></button></div><div class=""meta-section""><div class=""translation"">律師花了一整個下午起草法律文件，以確保所有條款都清楚說明。</div><div class=""entry-explanation"">動詞「起草」。指撰寫文件或計畫的初步版本。</div></div></div><div class=""entry""><div class=""sentence-row""><div class=""sentence"">In some countries, young men are required to join the army under a military <span class=""target-word"">draft</span> <span class=""collocation"">system</span> when they turn eighteen.</div><button class=""tts-button"" data-tts=""In some countries, young men are required to join the army under a military draft system when they turn eighteen."" onclick=""window.playTTS(this.getAttribute('data-tts'))""><svg viewBox=""0 0 24 24"" fill=""none"" stroke=""currentColor"" stroke-width=""2""><polygon points=""5 3 19 12 5 21 5 3""></polygon></svg></button></div><div class=""meta-section""><div class=""translation"">在某些國家，年輕男子在年滿十八歲時必須根據徵兵制度加入軍隊。</div><div class=""entry-explanation"">名詞「徵兵」。指強制性的兵役制度。</div></div></div></div><div class=""related-forms""><span class=""label"">Related:</span> drafted, drafting</div></div>"
dread	"<div class=""anki-card-content""><div class=""general-explanation"">名詞「恐懼/擔憂」，動詞「非常害怕/擔憂」。指對未來可能發生的壞事感到焦慮。</div><div class=""entries-container""><div class=""entry""><div class=""sentence-row""><div class=""sentence"">I always <span class=""target-word"">dread</span> <span class=""collocation"">the</span> Monday morning meeting because it usually lasts for three hours and involves many boring reports.</div><button class=""tts-button"" data-tts=""I always dread the Monday morning meeting because it usually lasts for three hours and involves many boring reports."" onclick=""window.playTTS(this.getAttribute('data-tts'))""><svg viewBox=""0 0 24 24"" fill=""none"" stroke=""currentColor"" stroke-width=""2""><polygon points=""5 3 19 12 5 21 5 3""></polygon></svg></button></div><div class=""meta-section""><div class=""translation"">我總是害怕週一早上的會議，因為它通常持續三小時，而且包含許多無聊的報告。</div><div class=""entry-explanation"">動詞「非常害怕/擔憂」。指對即將到來的負面事件感到焦慮。</div></div></div><div class=""entry""><div class=""sentence-row""><div class=""sentence"">The thought of failing the final exam filled her with a sense of <span class=""target-word"">dread</span> <span class=""collocation"">that</span> kept her awake at night.</div><button class=""tts-button"" data-tts=""The thought of failing the final exam filled her with a sense of dread that kept her awake at night."" onclick=""window.playTTS(this.getAttribute('data-tts'))""><svg viewBox=""0 0 24 24"" fill=""none"" stroke=""currentColor"" stroke-width=""2""><polygon points=""5 3 19 12 5 21 5 3""></polygon></svg></button></div><div class=""meta-section""><div class=""translation"">想到期末考不及格，她心中充滿了恐懼，讓她徹夜難眠。</div><div class=""entry-explanation"">名詞「恐懼/擔憂」。常用 fill sb with dread。</div></div></div><div class=""entry""><div class=""sentence-row""><div class=""sentence"">Many people <span class=""target-word"">dread</span> <span class=""collocation"">going</span> to the dentist, but regular checkups are necessary to keep our teeth healthy and strong.</div><button class=""tts-button"" data-tts=""Many people dread going to the dentist, but regular checkups are necessary to keep our teeth healthy and strong."" onclick=""window.playTTS(this.getAttribute('data-tts'))""><svg viewBox=""0 0 24 24"" fill=""none"" stroke=""currentColor"" stroke-width=""2""><polygon points=""5 3 19 12 5 21 5 3""></polygon></svg></button></div><div class=""meta-section""><div class=""translation"">許多人害怕去看牙醫，但定期檢查對於保持牙齒健康強壯是必要的。</div><div class=""entry-explanation"">動詞「害怕」。後接 V-ing 或不定詞。</div></div></div></div><div class=""related-forms""><span class=""label"">Related:</span> dreadful, dreaded</div></div>"
drift	"<div class=""anki-card-content""><div class=""general-explanation"">動詞「漂流/遊蕩」，名詞「漂流/趨勢」。指緩慢地移動或隨波逐流。</div><div class=""entries-container""><div class=""entry""><div class=""sentence-row""><div class=""sentence"">The small boat began to <span class=""target-word"">drift</span> <span class=""collocation"">away</span> from the shore as the wind grew stronger during the stormy afternoon.</div><button class=""tts-button"" data-tts=""The small boat began to drift away from the shore as the wind grew stronger during the stormy afternoon."" onclick=""window.playTTS(this.getAttribute('data-tts'))""><svg viewBox=""0 0 24 24"" fill=""none"" stroke=""currentColor"" stroke-width=""2""><polygon points=""5 3 19 12 5 21 5 3""></polygon></svg></button></div><div class=""meta-section""><div class=""translation"">當暴風雨的午後風勢增強時，小船開始從岸邊漂走。</div><div class=""entry-explanation"">動詞「漂流」。指在水面或空中緩慢移動。</div></div></div><div class=""entry""><div class=""sentence-row""><div class=""sentence"">After graduating from college, he spent a year <span class=""target-word"">drifting</span> <span class=""collocation"">around</span> the world to discover his true passion in life.</div><button class=""tts-button"" data-tts=""After graduating from college, he spent a year drifting around the world to discover his true passion in life."" onclick=""window.playTTS(this.getAttribute('data-tts'))""><svg viewBox=""0 0 24 24"" fill=""none"" stroke=""currentColor"" stroke-width=""2""><polygon points=""5 3 19 12 5 21 5 3""></polygon></svg></button></div><div class=""meta-section""><div class=""translation"">大學畢業後，他花了一年時間在世界各地遊蕩，以發掘他生命中真正的熱情。</div><div class=""entry-explanation"">動詞「遊蕩」。指漫無目的地旅行或生活。</div></div></div><div class=""entry""><div class=""sentence-row""><div class=""sentence"">There is a general <span class=""target-word"">drift</span> <span class=""collocation"">toward</span> using digital tools in classrooms to make learning more interactive and engaging for students.</div><button class=""tts-button"" data-tts=""There is a general drift toward using digital tools in classrooms to make learning more interactive and engaging for students."" onclick=""window.playTTS(this.getAttribute('data-tts'))""><svg viewBox=""0 0 24 24"" fill=""none"" stroke=""currentColor"" stroke-width=""2""><polygon points=""5 3 19 12 5 21 5 3""></polygon></svg></button></div><div class=""meta-section""><div class=""translation"">教室內有一種使用數位工具的普遍趨勢，旨在讓學生的學習更具互動性和吸引力。</div><div class=""entry-explanation"">名詞「趨勢/走向」。指緩慢的變化或發展方向。</div></div></div></div><div class=""related-forms""><span class=""label"">Related:</span> drifted, drifting</div></div>"
drill	"<div class=""anki-card-content""><div class=""general-explanation"">名詞「鑽子/練習」，動詞「鑽孔/反覆練習」。指機械性的重複訓練或工具使用。</div><div class=""entries-container""><div class=""entry""><div class=""sentence-row""><div class=""sentence"">The teacher used a vocabulary <span class=""target-word"">drill</span> <span class=""collocation"">to</span> help students memorize the new words before the big test on Friday.</div><button class=""tts-button"" data-tts=""The teacher used a vocabulary drill to help students memorize the new words before the big test on Friday."" onclick=""window.playTTS(this.getAttribute('data-tts'))""><svg viewBox=""0 0 24 24"" fill=""none"" stroke=""currentColor"" stroke-width=""2""><polygon points=""5 3 19 12 5 21 5 3""></polygon></svg></button></div><div class=""meta-section""><div class=""translation"">老師使用單字練習來幫助學生在週五的大考前記住這些新單字。</div><div class=""entry-explanation"">名詞「練習」。指機械式的反覆訓練。</div></div></div><div class=""entry""><div class=""sentence-row""><div class=""sentence"">The fire <span class=""target-word"">drill</span> <span class=""collocation"">is</span> scheduled for next Tuesday, so all students must follow the instructions and leave the building quickly.</div><button class=""tts-button"" data-tts=""The fire drill is scheduled for next Tuesday, so all students must follow the instructions and leave the building quickly."" onclick=""window.playTTS(this.getAttribute('data-tts'))""><svg viewBox=""0 0 24 24"" fill=""none"" stroke=""currentColor"" stroke-width=""2""><polygon points=""5 3 19 12 5 21 5 3""></polygon></svg></button></div><div class=""meta-section""><div class=""translation"">消防演習預定在下週二舉行，所以所有學生必須遵守指示並迅速離開大樓。</div><div class=""entry-explanation"">名詞「演習」。指緊急情況的預防訓練。</div></div></div><div class=""entry""><div class=""sentence-row""><div class=""sentence"">You need to <span class=""target-word"">drill</span> <span class=""collocation"">the</span> basic grammar rules until you can use them correctly without thinking too much.</div><button class=""tts-button"" data-tts=""You need to drill the basic grammar rules until you can use them correctly without thinking too much."" onclick=""window.playTTS(this.getAttribute('data-tts'))""><svg viewBox=""0 0 24 24"" fill=""none"" stroke=""currentColor"" stroke-width=""2""><polygon points=""5 3 19 12 5 21 5 3""></polygon></svg></button></div><div class=""meta-section""><div class=""translation"">你需要反覆練習基本的文法規則，直到你不需要多想就能正確使用它們。</div><div class=""entry-explanation"">動詞「反覆練習」。指透過重複達到熟練。</div></div></div></div><div class=""related-forms""><span class=""label"">Related:</span> drilled, drilling</div></div>"
drowsy	"<div class=""anki-card-content""><div class=""general-explanation"">形容詞「昏昏欲睡的」。指因為疲勞或藥物作用而想睡覺。</div><div class=""entries-container""><div class=""entry""><div class=""sentence-row""><div class=""sentence"">The medicine made me feel very <span class=""target-word"">drowsy</span>, so I decided to take a short nap before starting my homework.</div><button class=""tts-button"" data-tts=""The medicine made me feel very drowsy, so I decided to take a short nap before starting my homework."" onclick=""window.playTTS(this.getAttribute('data-tts'))""><svg viewBox=""0 0 24 24"" fill=""none"" stroke=""currentColor"" stroke-width=""2""><polygon points=""5 3 19 12 5 21 5 3""></polygon></svg></button></div><div class=""meta-section""><div class=""translation"">這藥讓我感到很昏昏欲睡，所以我決定在開始寫作業前小睡一下。</div><div class=""entry-explanation"">形容詞「昏昏欲睡的」。常與 feel, make sb 搭配。</div></div></div><div class=""entry""><div class=""sentence-row""><div class=""sentence"">Driving while <span class=""target-word"">drowsy</span> <span class=""collocation"">is</span> extremely dangerous, as it slows down your reaction time and increases the risk of accidents.</div><button class=""tts-button"" data-tts=""Driving while drowsy is extremely dangerous, as it slows down your reaction time and increases the risk of accidents."" onclick=""window.playTTS(this.getAttribute('data-tts'))""><svg viewBox=""0 0 24 24"" fill=""none"" stroke=""currentColor"" stroke-width=""2""><polygon points=""5 3 19 12 5 21 5 3""></polygon></svg></button></div><div class=""meta-section""><div class=""translation"">在昏昏欲睡時開車極度危險，因為這會減慢你的反應時間並增加事故風險。</div><div class=""entry-explanation"">形容詞「昏昏欲睡的」。強調疲勞駕駛的危險性。</div></div></div><div class=""entry""><div class=""sentence-row""><div class=""sentence"">The warm sunlight and the quiet library made the student feel <span class=""target-word"">drowsy</span> while reading his history textbook.</div><button class=""tts-button"" data-tts=""The warm sunlight and the quiet library made the student feel drowsy while reading his history textbook."" onclick=""window.playTTS(this.getAttribute('data-tts'))""><svg viewBox=""0 0 24 24"" fill=""none"" stroke=""currentColor"" stroke-width=""2""><polygon points=""5 3 19 12 5 21 5 3""></polygon></svg></button></div><div class=""meta-section""><div class=""translation"">溫暖的陽光和安靜的圖書館讓學生在閱讀歷史課本時感到昏昏欲睡。</div><div class=""entry-explanation"">形容詞「昏昏欲睡的」。描述環境導致的睡意。</div></div></div></div><div class=""related-forms""><span class=""label"">Related:</span> drowsiness</div></div>"
durable	"<div class=""anki-card-content""><div class=""general-explanation"">形容詞「耐用的/持久的」。指物品品質好，不易損壞。</div><div class=""entries-container""><div class=""entry""><div class=""sentence-row""><div class=""sentence"">These hiking boots are very <span class=""target-word"">durable</span> <span class=""collocation"">and</span> can withstand harsh weather conditions during long trips in the mountains.</div><button class=""tts-button"" data-tts=""These hiking boots are very durable and can withstand harsh weather conditions during long trips in the mountains."" onclick=""window.playTTS(this.getAttribute('data-tts'))""><svg viewBox=""0 0 24 24"" fill=""none"" stroke=""currentColor"" stroke-width=""2""><polygon points=""5 3 19 12 5 21 5 3""></polygon></svg></button></div><div class=""meta-section""><div class=""translation"">這些登山靴非常耐用，可以在山區長途旅行中承受惡劣的天氣條件。</div><div class=""entry-explanation"">形容詞「耐用的」。指物品結構堅固。</div></div></div><div class=""entry""><div class=""sentence-row""><div class=""sentence"">We should invest in <span class=""target-word"">durable</span> <span class=""collocation"">goods</span> that will last for many years instead of buying cheap items that break easily.</div><button class=""tts-button"" data-tts=""We should invest in durable goods that will last for many years instead of buying cheap items that break easily."" onclick=""window.playTTS(this.getAttribute('data-tts'))""><svg viewBox=""0 0 24 24"" fill=""none"" stroke=""currentColor"" stroke-width=""2""><polygon points=""5 3 19 12 5 21 5 3""></polygon></svg></button></div><div class=""meta-section""><div class=""translation"">我們應該投資耐用的商品，讓它們能使用多年，而不是購買容易損壞的廉價品。</div><div class=""entry-explanation"">形容詞「耐用的」。常用 durable goods (耐用財)。</div></div></div><div class=""entry""><div class=""sentence-row""><div class=""sentence"">The plastic material is highly <span class=""target-word"">durable</span>, making it a popular choice for manufacturing outdoor furniture and playground equipment.</div><button class=""tts-button"" data-tts=""The plastic material is highly durable, making it a popular choice for manufacturing outdoor furniture and playground equipment."" onclick=""window.playTTS(this.getAttribute('data-tts'))""><svg viewBox=""0 0 24 24"" fill=""none"" stroke=""currentColor"" stroke-width=""2""><polygon points=""5 3 19 12 5 21 5 3""></polygon></svg></button></div><div class=""meta-section""><div class=""translation"">這種塑膠材質非常耐用，使其成為製造戶外家具和遊樂場設備的熱門選擇。</div><div class=""entry-explanation"">形容詞「耐用的」。強調材質的持久性。</div></div></div></div><div class=""related-forms""><span class=""label"">Related:</span> durability</div></div>"
dusty	"<div class=""anki-card-content""><div class=""general-explanation"">形容詞「佈滿灰塵的」。指表面積滿灰塵，通常暗示很久沒清理。</div><div class=""entries-container""><div class=""entry""><div class=""sentence-row""><div class=""sentence"">The old books in the attic were very <span class=""target-word"">dusty</span>, so I had to clean them carefully before reading them.</div><button class=""tts-button"" data-tts=""The old books in the attic were very dusty, so I had to clean them carefully before reading them."" onclick=""window.playTTS(this.getAttribute('data-tts'))""><svg viewBox=""0 0 24 24"" fill=""none"" stroke=""currentColor"" stroke-width=""2""><polygon points=""5 3 19 12 5 21 5 3""></polygon></svg></button></div><div class=""meta-section""><div class=""translation"">閣樓裡的舊書佈滿了灰塵，所以我必須在閱讀前小心地清理它們。</div><div class=""entry-explanation"">形容詞「佈滿灰塵的」。描述物品狀態。</div></div></div><div class=""entry""><div class=""sentence-row""><div class=""sentence"">After the long walk on the <span class=""target-word"">dusty</span> <span class=""collocation"">road</span>, our shoes were covered in dirt and we were very tired.</div><button class=""tts-button"" data-tts=""After the long walk on the dusty road, our shoes were covered in dirt and we were very tired."" onclick=""window.playTTS(this.getAttribute('data-tts'))""><svg viewBox=""0 0 24 24"" fill=""none"" stroke=""currentColor"" stroke-width=""2""><polygon points=""5 3 19 12 5 21 5 3""></polygon></svg></button></div><div class=""meta-section""><div class=""translation"">在佈滿灰塵的道路上長途跋涉後，我們的鞋子沾滿了泥土，我們也累壞了。</div><div class=""entry-explanation"">形容詞「佈滿灰塵的」。描述環境。</div></div></div><div class=""entry""><div class=""sentence-row""><div class=""sentence"">The <span class=""target-word"">dusty</span> <span class=""collocation"">shelves</span> in the basement showed that nobody had visited this room for a very long time.</div><button class=""tts-button"" data-tts=""The dusty shelves in the basement showed that nobody had visited this room for a very long time."" onclick=""window.playTTS(this.getAttribute('data-tts'))""><svg viewBox=""0 0 24 24"" fill=""none"" stroke=""currentColor"" stroke-width=""2""><polygon points=""5 3 19 12 5 21 5 3""></polygon></svg></button></div><div class=""meta-section""><div class=""translation"">地下室佈滿灰塵的架子顯示已經很久沒有人來過這個房間了。</div><div class=""entry-explanation"">形容詞「佈滿灰塵的」。暗示時間久遠。</div></div></div></div><div class=""related-forms""><span class=""label"">Related:</span> dust</div></div>"
dye	"<div class=""anki-card-content""><div class=""general-explanation"">名詞「染料」，動詞「染色」。指改變布料或頭髮的顏色。</div><div class=""entries-container""><div class=""entry""><div class=""sentence-row""><div class=""sentence"">She decided to <span class=""target-word"">dye</span> <span class=""collocation"">her</span> hair a bright blue color to express her unique personality and style.</div><button class=""tts-button"" data-tts=""She decided to dye her hair a bright blue color to express her unique personality and style."" onclick=""window.playTTS(this.getAttribute('data-tts'))""><svg viewBox=""0 0 24 24"" fill=""none"" stroke=""currentColor"" stroke-width=""2""><polygon points=""5 3 19 12 5 21 5 3""></polygon></svg></button></div><div class=""meta-section""><div class=""translation"">她決定把頭髮染成亮藍色，以表達她獨特的個性和風格。</div><div class=""entry-explanation"">動詞「染色」。常用 dye one&#x27;s hair。</div></div></div><div class=""entry""><div class=""sentence-row""><div class=""sentence"">The traditional fabric is made using a natural <span class=""target-word"">dye</span> <span class=""collocation"">extracted</span> from local plants found in the nearby forest.</div><button class=""tts-button"" data-tts=""The traditional fabric is made using a natural dye extracted from local plants found in the nearby forest."" onclick=""window.playTTS(this.getAttribute('data-tts'))""><svg viewBox=""0 0 24 24"" fill=""none"" stroke=""currentColor"" stroke-width=""2""><polygon points=""5 3 19 12 5 21 5 3""></polygon></svg></button></div><div class=""meta-section""><div class=""translation"">這種傳統布料是使用從附近森林中發現的當地植物中提取的天然染料製成的。</div><div class=""entry-explanation"">名詞「染料」。指用於改變顏色的物質。</div></div></div><div class=""entry""><div class=""sentence-row""><div class=""sentence"">They used a special <span class=""target-word"">dye</span> <span class=""collocation"">to</span> change the color of the white cotton shirts into a deep shade of green.</div><button class=""tts-button"" data-tts=""They used a special dye to change the color of the white cotton shirts into a deep shade of green."" onclick=""window.playTTS(this.getAttribute('data-tts'))""><svg viewBox=""0 0 24 24"" fill=""none"" stroke=""currentColor"" stroke-width=""2""><polygon points=""5 3 19 12 5 21 5 3""></polygon></svg></button></div><div class=""meta-section""><div class=""translation"">他們使用一種特殊的染料將白色棉襯衫的顏色變成了深綠色。</div><div class=""entry-explanation"">名詞「染料」。指染色過程。</div></div></div></div><div class=""related-forms""><span class=""label"">Related:</span> dyed, dyeing</div></div>"
dynamic	"<div class=""anki-card-content""><div class=""general-explanation"">形容詞「充滿活力的/動態的」。指不斷變化或非常有能量。</div><div class=""entries-container""><div class=""entry""><div class=""sentence-row""><div class=""sentence"">The city is a <span class=""target-word"">dynamic</span> <span class=""collocation"">place</span> where new businesses and creative ideas are constantly emerging every single day.</div><button class=""tts-button"" data-tts=""The city is a dynamic place where new businesses and creative ideas are constantly emerging every single day."" onclick=""window.playTTS(this.getAttribute('data-tts'))""><svg viewBox=""0 0 24 24"" fill=""none"" stroke=""currentColor"" stroke-width=""2""><polygon points=""5 3 19 12 5 21 5 3""></polygon></svg></button></div><div class=""meta-section""><div class=""translation"">這座城市是一個充滿活力的地方，新的企業和創意每天都在不斷湧現。</div><div class=""entry-explanation"">形容詞「充滿活力的」。指充滿變動與生機。</div></div></div><div class=""entry""><div class=""sentence-row""><div class=""sentence"">To succeed in the modern world, students need to develop <span class=""target-word"">dynamic</span> <span class=""collocation"">skills</span> that allow them to adapt to new challenges.</div><button class=""tts-button"" data-tts=""To succeed in the modern world, students need to develop dynamic skills that allow them to adapt to new challenges."" onclick=""window.playTTS(this.getAttribute('data-tts'))""><svg viewBox=""0 0 24 24"" fill=""none"" stroke=""currentColor"" stroke-width=""2""><polygon points=""5 3 19 12 5 21 5 3""></polygon></svg></button></div><div class=""meta-section""><div class=""translation"">為了在現代世界取得成功，學生需要培養動態的技能，使他們能夠適應新的挑戰。</div><div class=""entry-explanation"">形容詞「動態的/靈活的」。指能隨情況變化的能力。</div></div></div><div class=""entry""><div class=""sentence-row""><div class=""sentence"">The <span class=""target-word"">dynamic</span> <span class=""collocation"">relationship</span> between the two countries has changed significantly over the past few years due to new trade agreements.</div><button class=""tts-button"" data-tts=""The dynamic relationship between the two countries has changed significantly over the past few years due to new trade agreements."" onclick=""window.playTTS(this.getAttribute('data-tts'))""><svg viewBox=""0 0 24 24"" fill=""none"" stroke=""currentColor"" stroke-width=""2""><polygon points=""5 3 19 12 5 21 5 3""></polygon></svg></button></div><div class=""meta-section""><div class=""translation"">由於新的貿易協定，這兩國之間的動態關係在過去幾年中發生了顯著變化。</div><div class=""entry-explanation"">形容詞「動態的」。指關係是不斷變化的。</div></div></div></div><div class=""related-forms""><span class=""label"">Related:</span> dynamically</div></div>"
dynasty	"<div class=""anki-card-content""><div class=""general-explanation"">名詞「朝代」。指由同一家族統治的一系列君主。</div><div class=""entries-container""><div class=""entry""><div class=""sentence-row""><div class=""sentence"">The Tang <span class=""target-word"">dynasty</span> <span class=""collocation"">is</span> often considered one of the most prosperous periods in Chinese history, known for its poetry and art.</div><button class=""tts-button"" data-tts=""The Tang dynasty is often considered one of the most prosperous periods in Chinese history, known for its poetry and art."" onclick=""window.playTTS(this.getAttribute('data-tts'))""><svg viewBox=""0 0 24 24"" fill=""none"" stroke=""currentColor"" stroke-width=""2""><polygon points=""5 3 19 12 5 21 5 3""></polygon></svg></button></div><div class=""meta-section""><div class=""translation"">唐朝常被認為是中國歷史上最繁榮的時期之一，以其詩歌和藝術聞名。</div><div class=""entry-explanation"">名詞「朝代」。指歷史上的統治時期。</div></div></div><div class=""entry""><div class=""sentence-row""><div class=""sentence"">Many historical artifacts from the Ming <span class=""target-word"">dynasty</span> <span class=""collocation"">can</span> be found in the museum, showing the advanced technology of that time.</div><button class=""tts-button"" data-tts=""Many historical artifacts from the Ming dynasty can be found in the museum, showing the advanced technology of that time."" onclick=""window.playTTS(this.getAttribute('data-tts'))""><svg viewBox=""0 0 24 24"" fill=""none"" stroke=""currentColor"" stroke-width=""2""><polygon points=""5 3 19 12 5 21 5 3""></polygon></svg></button></div><div class=""meta-section""><div class=""translation"">許多來自明朝的歷史文物可以在博物館中找到，展示了當時先進的技術。</div><div class=""entry-explanation"">名詞「朝代」。常與特定朝代名稱連用。</div></div></div><div class=""entry""><div class=""sentence-row""><div class=""sentence"">The powerful family built a business <span class=""target-word"">dynasty</span> <span class=""collocation"">that</span> lasted for over a century, controlling many industries across the country.</div><button class=""tts-button"" data-tts=""The powerful family built a business dynasty that lasted for over a century, controlling many industries across the country."" onclick=""window.playTTS(this.getAttribute('data-tts'))""><svg viewBox=""0 0 24 24"" fill=""none"" stroke=""currentColor"" stroke-width=""2""><polygon points=""5 3 19 12 5 21 5 3""></polygon></svg></button></div><div class=""meta-section""><div class=""translation"">這個強大的家族建立了一個持續了一個多世紀的商業王朝，控制了全國許多產業。</div><div class=""entry-explanation"">名詞「王朝」。引申為長期控制某領域的家族或勢力。</div></div></div></div><div class=""related-forms""><span class=""label"">Related:</span> dynastic</div></div>"
earnest	"<div class=""anki-card-content""><div class=""general-explanation"">形容詞「認真的/誠摯的」。指態度非常嚴肅且真誠。</div><div class=""entries-container""><div class=""entry""><div class=""sentence-row""><div class=""sentence"">He made an <span class=""target-word"">earnest</span> <span class=""collocation"">effort</span> to improve his grades by studying extra hours every night after school.</div><button class=""tts-button"" data-tts=""He made an earnest effort to improve his grades by studying extra hours every night after school."" onclick=""window.playTTS(this.getAttribute('data-tts'))""><svg viewBox=""0 0 24 24"" fill=""none"" stroke=""currentColor"" stroke-width=""2""><polygon points=""5 3 19 12 5 21 5 3""></polygon></svg></button></div><div class=""meta-section""><div class=""translation"">他非常認真地努力提高成績，每天放學後都多花幾小時讀書。</div><div class=""entry-explanation"">形容詞「認真的」。常用 earnest effort。</div></div></div><div class=""entry""><div class=""sentence-row""><div class=""sentence"">She gave an <span class=""target-word"">earnest</span> <span class=""collocation"">apology</span> for her mistake, and everyone could see that she truly felt sorry for what happened.</div><button class=""tts-button"" data-tts=""She gave an earnest apology for her mistake, and everyone could see that she truly felt sorry for what happened."" onclick=""window.playTTS(this.getAttribute('data-tts'))""><svg viewBox=""0 0 24 24"" fill=""none"" stroke=""currentColor"" stroke-width=""2""><polygon points=""5 3 19 12 5 21 5 3""></polygon></svg></button></div><div class=""meta-section""><div class=""translation"">她為自己的錯誤做了誠摯的道歉，每個人都看得出她對發生的事感到非常抱歉。</div><div class=""entry-explanation"">形容詞「誠摯的」。指發自內心的真誠。</div></div></div><div class=""entry""><div class=""sentence-row""><div class=""sentence"">The student was in <span class=""target-word"">earnest</span> <span class=""collocation"">about</span> his goal of becoming a doctor, so he worked hard in all his science classes.</div><button class=""tts-button"" data-tts=""The student was in earnest about his goal of becoming a doctor, so he worked hard in all his science classes."" onclick=""window.playTTS(this.getAttribute('data-tts'))""><svg viewBox=""0 0 24 24"" fill=""none"" stroke=""currentColor"" stroke-width=""2""><polygon points=""5 3 19 12 5 21 5 3""></polygon></svg></button></div><div class=""meta-section""><div class=""translation"">這名學生對於成為醫生的目標非常認真，因此他在所有的科學課中都努力學習。</div><div class=""entry-explanation"">形容詞「認真的」。常用 in earnest (認真地/嚴肅地)。</div></div></div></div><div class=""related-forms""><span class=""label"">Related:</span> earnestly</div></div>"
earphone	"<div class=""anki-card-content""><div class=""general-explanation"">名詞「耳機」。指戴在耳朵上聽聲音的裝置。</div><div class=""entries-container""><div class=""entry""><div class=""sentence-row""><div class=""sentence"">I always wear my <span class=""target-word"">earphone</span> <span class=""collocation"">to</span> listen to music or podcasts while I am taking the bus to school.</div><button class=""tts-button"" data-tts=""I always wear my earphone to listen to music or podcasts while I am taking the bus to school."" onclick=""window.playTTS(this.getAttribute('data-tts'))""><svg viewBox=""0 0 24 24"" fill=""none"" stroke=""currentColor"" stroke-width=""2""><polygon points=""5 3 19 12 5 21 5 3""></polygon></svg></button></div><div class=""meta-section""><div class=""translation"">我搭公車去學校時，總是戴著耳機聽音樂或播客。</div><div class=""entry-explanation"">名詞「耳機」。常用 wear earphones。</div></div></div><div class=""entry""><div class=""sentence-row""><div class=""sentence"">Please take off your <span class=""target-word"">earphone</span> <span class=""collocation"">when</span> the teacher is speaking so that you can pay attention to the lesson.</div><button class=""tts-button"" data-tts=""Please take off your earphone when the teacher is speaking so that you can pay attention to the lesson."" onclick=""window.playTTS(this.getAttribute('data-tts'))""><svg viewBox=""0 0 24 24"" fill=""none"" stroke=""currentColor"" stroke-width=""2""><polygon points=""5 3 19 12 5 21 5 3""></polygon></svg></button></div><div class=""meta-section""><div class=""translation"">當老師在說話時，請把耳機拿下來，這樣你才能專心聽課。</div><div class=""entry-explanation"">名詞「耳機」。指聽課時應有的禮貌。</div></div></div><div class=""entry""><div class=""sentence-row""><div class=""sentence"">The new <span class=""target-word"">earphone</span> <span class=""collocation"">design</span> is very comfortable, allowing users to wear it for hours without feeling any pain.</div><button class=""tts-button"" data-tts=""The new earphone design is very comfortable, allowing users to wear it for hours without feeling any pain."" onclick=""window.playTTS(this.getAttribute('data-tts'))""><svg viewBox=""0 0 24 24"" fill=""none"" stroke=""currentColor"" stroke-width=""2""><polygon points=""5 3 19 12 5 21 5 3""></polygon></svg></button></div><div class=""meta-section""><div class=""translation"">這款新耳機設計非常舒適，讓使用者可以戴著它好幾個小時而不會感到任何疼痛。</div><div class=""entry-explanation"">名詞「耳機」。強調設計的舒適度。</div></div></div></div><div class=""related-forms""><span class=""label"">Related:</span> earphones</div></div>"
economic	"<div class=""anki-card-content""><div class=""general-explanation"">形容詞「經濟的」。指與經濟學或國家經濟狀況有關。</div><div class=""entries-container""><div class=""entry""><div class=""sentence-row""><div class=""sentence"">The country is facing serious <span class=""target-word"">economic</span> <span class=""collocation"">problems</span> due to the high inflation rate and the lack of new job opportunities.</div><button class=""tts-button"" data-tts=""The country is facing serious economic problems due to the high inflation rate and the lack of new job opportunities."" onclick=""window.playTTS(this.getAttribute('data-tts'))""><svg viewBox=""0 0 24 24"" fill=""none"" stroke=""currentColor"" stroke-width=""2""><polygon points=""5 3 19 12 5 21 5 3""></polygon></svg></button></div><div class=""meta-section""><div class=""translation"">由於高通貨膨脹率和缺乏新的就業機會，該國正面臨嚴重的經濟問題。</div><div class=""entry-explanation"">形容詞「經濟的」。常與 problems, growth, crisis 搭配。</div></div></div><div class=""entry""><div class=""sentence-row""><div class=""sentence"">The government is trying to improve the <span class=""target-word"">economic</span> <span class=""collocation"">situation</span> by encouraging foreign companies to invest in local businesses.</div><button class=""tts-button"" data-tts=""The government is trying to improve the economic situation by encouraging foreign companies to invest in local businesses."" onclick=""window.playTTS(this.getAttribute('data-tts'))""><svg viewBox=""0 0 24 24"" fill=""none"" stroke=""currentColor"" stroke-width=""2""><polygon points=""5 3 19 12 5 21 5 3""></polygon></svg></button></div><div class=""meta-section""><div class=""translation"">政府正試圖藉由鼓勵外國公司投資當地企業來改善經濟狀況。</div><div class=""entry-explanation"">形容詞「經濟的」。指整體的經濟環境。</div></div></div><div class=""entry""><div class=""sentence-row""><div class=""sentence"">We need to consider the <span class=""target-word"">economic</span> <span class=""collocation"">impact</span> of this new policy on small families before we decide to implement it.</div><button class=""tts-button"" data-tts=""We need to consider the economic impact of this new policy on small families before we decide to implement it."" onclick=""window.playTTS(this.getAttribute('data-tts'))""><svg viewBox=""0 0 24 24"" fill=""none"" stroke=""currentColor"" stroke-width=""2""><polygon points=""5 3 19 12 5 21 5 3""></polygon></svg></button></div><div class=""meta-section""><div class=""translation"">在決定實施這項新政策之前，我們需要考慮它對小家庭的經濟影響。</div><div class=""entry-explanation"">形容詞「經濟的」。指對財政的影響。</div></div></div></div><div class=""related-forms""><span class=""label"">Related:</span> economical, economics, economy</div></div>"
economical	"<div class=""anki-card-content""><div class=""general-explanation"">形容詞「節約的/經濟實惠的」。指花錢少、物超所值。</div><div class=""entries-container""><div class=""entry""><div class=""sentence-row""><div class=""sentence"">Buying in bulk is a very <span class=""target-word"">economical</span> <span class=""collocation"">way</span> to save money on groceries if you have enough storage space at home.</div><button class=""tts-button"" data-tts=""Buying in bulk is a very economical way to save money on groceries if you have enough storage space at home."" onclick=""window.playTTS(this.getAttribute('data-tts'))""><svg viewBox=""0 0 24 24"" fill=""none"" stroke=""currentColor"" stroke-width=""2""><polygon points=""5 3 19 12 5 21 5 3""></polygon></svg></button></div><div class=""meta-section""><div class=""translation"">如果你家裡有足夠的儲存空間，大量購買是節省雜貨開支的一種非常經濟實惠的方法。</div><div class=""entry-explanation"">形容詞「經濟實惠的」。指省錢的策略。</div></div></div><div class=""entry""><div class=""sentence-row""><div class=""sentence"">This small car is very <span class=""target-word"">economical</span> <span class=""collocation"">to</span> drive because it uses very little fuel compared to larger vehicles.</div><button class=""tts-button"" data-tts=""This small car is very economical to drive because it uses very little fuel compared to larger vehicles."" onclick=""window.playTTS(this.getAttribute('data-tts'))""><svg viewBox=""0 0 24 24"" fill=""none"" stroke=""currentColor"" stroke-width=""2""><polygon points=""5 3 19 12 5 21 5 3""></polygon></svg></button></div><div class=""meta-section""><div class=""translation"">這輛小車開起來非常省錢，因為與大型車輛相比，它消耗的燃料非常少。</div><div class=""entry-explanation"">形容詞「節約的」。指消耗資源少。</div></div></div><div class=""entry""><div class=""sentence-row""><div class=""sentence"">We are looking for an <span class=""target-word"">economical</span> <span class=""collocation"">solution</span> to our heating problem that will not cost too much money every month.</div><button class=""tts-button"" data-tts=""We are looking for an economical solution to our heating problem that will not cost too much money every month."" onclick=""window.playTTS(this.getAttribute('data-tts'))""><svg viewBox=""0 0 24 24"" fill=""none"" stroke=""currentColor"" stroke-width=""2""><polygon points=""5 3 19 12 5 21 5 3""></polygon></svg></button></div><div class=""meta-section""><div class=""translation"">我們正在尋找一種經濟實惠的供暖問題解決方案，每個月不會花費太多錢。</div><div class=""entry-explanation"">形容詞「節約的」。指成本低廉的方案。</div></div></div></div><div class=""related-forms""><span class=""label"">Related:</span> economic, economics, economy</div></div>"
economics	"<div class=""anki-card-content""><div class=""general-explanation"">名詞「經濟學」。指研究資源分配的學科。</div><div class=""entries-container""><div class=""entry""><div class=""sentence-row""><div class=""sentence"">She decided to study <span class=""target-word"">economics</span> <span class=""collocation"">at</span> university because she is interested in how money and resources are managed in society.</div><button class=""tts-button"" data-tts=""She decided to study economics at university because she is interested in how money and resources are managed in society."" onclick=""window.playTTS(this.getAttribute('data-tts'))""><svg viewBox=""0 0 24 24"" fill=""none"" stroke=""currentColor"" stroke-width=""2""><polygon points=""5 3 19 12 5 21 5 3""></polygon></svg></button></div><div class=""meta-section""><div class=""translation"">她決定在大學學習經濟學，因為她對社會中金錢和資源如何被管理感興趣。</div><div class=""entry-explanation"">名詞「經濟學」。學科名稱，視為單數。</div></div></div><div class=""entry""><div class=""sentence-row""><div class=""sentence"">Understanding the basic principles of <span class=""target-word"">economics</span> <span class=""collocation"">can</span> help you make better decisions about your personal finances and savings.</div><button class=""tts-button"" data-tts=""Understanding the basic principles of economics can help you make better decisions about your personal finances and savings."" onclick=""window.playTTS(this.getAttribute('data-tts'))""><svg viewBox=""0 0 24 24"" fill=""none"" stroke=""currentColor"" stroke-width=""2""><polygon points=""5 3 19 12 5 21 5 3""></polygon></svg></button></div><div class=""meta-section""><div class=""translation"">了解經濟學的基本原則可以幫助你對個人財務和儲蓄做出更好的決定。</div><div class=""entry-explanation"">名詞「經濟學」。指學科原則。</div></div></div><div class=""entry""><div class=""sentence-row""><div class=""sentence"">The professor gave a lecture on <span class=""target-word"">economics</span> <span class=""collocation"">that</span> explained why prices of goods change based on supply and demand.</div><button class=""tts-button"" data-tts=""The professor gave a lecture on economics that explained why prices of goods change based on supply and demand."" onclick=""window.playTTS(this.getAttribute('data-tts'))""><svg viewBox=""0 0 24 24"" fill=""none"" stroke=""currentColor"" stroke-width=""2""><polygon points=""5 3 19 12 5 21 5 3""></polygon></svg></button></div><div class=""meta-section""><div class=""translation"">教授做了一場關於經濟學的演講，解釋了為什麼商品價格會根據供需而改變。</div><div class=""entry-explanation"">名詞「經濟學」。指學科內容。</div></div></div></div><div class=""related-forms""><span class=""label"">Related:</span> economic, economical, economy</div></div>"
economist	"<div class=""anki-card-content""><div class=""general-explanation"">指研究經濟學的專家。常與形容詞搭配，如 leading, prominent, famous 等。注意與 economy (經濟) 和 economic (經濟的) 的區別。</div><div class=""entries-container""><div class=""entry""><div class=""sentence-row""><div class=""sentence"">The <span class=""target-word"">economist</span> <span class=""collocation"">predicted</span> that the country's financial situation would improve significantly by the end of the next fiscal year.</div><button class=""tts-button"" data-tts=""The economist predicted that the country&#x27;s financial situation would improve significantly by the end of the next fiscal year."" onclick=""window.playTTS(this.getAttribute('data-tts'))""><svg viewBox=""0 0 24 24"" fill=""none"" stroke=""currentColor"" stroke-width=""2""><polygon points=""5 3 19 12 5 21 5 3""></polygon></svg></button></div><div class=""meta-section""><div class=""translation"">該經濟學家預測，該國的財務狀況將在下個財政年度結束前顯著改善。</div><div class=""entry-explanation"">名詞「經濟學家」。常用動詞搭配 predict, warn, argue 等。</div></div></div><div class=""entry""><div class=""sentence-row""><div class=""sentence"">Many <span class=""target-word"">economists</span> <span class=""collocation"">are</span> <span class=""collocation"">concerned</span> about the rising inflation rates and their long-term impact on the global market.</div><button class=""tts-button"" data-tts=""Many economists are concerned about the rising inflation rates and their long-term impact on the global market."" onclick=""window.playTTS(this.getAttribute('data-tts'))""><svg viewBox=""0 0 24 24"" fill=""none"" stroke=""currentColor"" stroke-width=""2""><polygon points=""5 3 19 12 5 21 5 3""></polygon></svg></button></div><div class=""meta-section""><div class=""translation"">許多經濟學家對不斷上升的通貨膨脹率及其對全球市場的長期影響感到擔憂。</div><div class=""entry-explanation"">複數用法。be concerned about 是常見搭配。</div></div></div><div class=""entry""><div class=""sentence-row""><div class=""sentence"">As a leading <span class=""target-word"">economist</span>, she was invited to give a speech at the international conference about sustainable development.</div><button class=""tts-button"" data-tts=""As a leading economist, she was invited to give a speech at the international conference about sustainable development."" onclick=""window.playTTS(this.getAttribute('data-tts'))""><svg viewBox=""0 0 24 24"" fill=""none"" stroke=""currentColor"" stroke-width=""2""><polygon points=""5 3 19 12 5 21 5 3""></polygon></svg></button></div><div class=""meta-section""><div class=""translation"">身為一位頂尖的經濟學家，她受邀在國際會議上發表關於永續發展的演講。</div><div class=""entry-explanation"">描述職業身分。leading 為常見形容詞修飾詞。</div></div></div></div><div class=""related-forms""><span class=""label"">Related:</span> economy, economic, economical</div></div>"
economy	"<div class=""anki-card-content""><div class=""general-explanation"">指「經濟」或「節約」。常見用法包括 global economy (全球經濟), boost the economy (促進經濟)。注意形容詞 economic (經濟的) 與 economical (節儉的) 的差異。</div><div class=""entries-container""><div class=""entry""><div class=""sentence-row""><div class=""sentence"">The government is trying to <span class=""collocation"">boost</span> the national <span class=""target-word"">economy</span> by supporting small businesses and encouraging new technology investments.</div><button class=""tts-button"" data-tts=""The government is trying to boost the national economy by supporting small businesses and encouraging new technology investments."" onclick=""window.playTTS(this.getAttribute('data-tts'))""><svg viewBox=""0 0 24 24"" fill=""none"" stroke=""currentColor"" stroke-width=""2""><polygon points=""5 3 19 12 5 21 5 3""></polygon></svg></button></div><div class=""meta-section""><div class=""translation"">政府正試圖透過支持小型企業和鼓勵新技術投資來促進國家經濟。</div><div class=""entry-explanation"">名詞「經濟」。boost the economy 是常見的固定搭配。</div></div></div><div class=""entry""><div class=""sentence-row""><div class=""sentence"">Due to the weak <span class=""target-word"">economy</span>, many families have decided to cut down on their daily spending and save more money.</div><button class=""tts-button"" data-tts=""Due to the weak economy, many families have decided to cut down on their daily spending and save more money."" onclick=""window.playTTS(this.getAttribute('data-tts'))""><svg viewBox=""0 0 24 24"" fill=""none"" stroke=""currentColor"" stroke-width=""2""><polygon points=""5 3 19 12 5 21 5 3""></polygon></svg></button></div><div class=""meta-section""><div class=""translation"">由於經濟疲軟，許多家庭決定減少日常開支並存更多的錢。</div><div class=""entry-explanation"">描述經濟狀況。weak/strong economy 為常見搭配。</div></div></div><div class=""entry""><div class=""sentence-row""><div class=""sentence"">The company decided to switch to a more energy-efficient model for the sake of <span class=""target-word"">economy</span> and environmental protection.</div><button class=""tts-button"" data-tts=""The company decided to switch to a more energy-efficient model for the sake of economy and environmental protection."" onclick=""window.playTTS(this.getAttribute('data-tts'))""><svg viewBox=""0 0 24 24"" fill=""none"" stroke=""currentColor"" stroke-width=""2""><polygon points=""5 3 19 12 5 21 5 3""></polygon></svg></button></div><div class=""meta-section""><div class=""translation"">為了節約成本和保護環境，該公司決定改用更節能的型號。</div><div class=""entry-explanation"">名詞「節約/節省」。此處指節省開支。</div></div></div></div><div class=""related-forms""><span class=""label"">Related:</span> economic, economical, economize</div></div>"
efficiency	"<div class=""anki-card-content""><div class=""general-explanation"">指「效率」。常用搭配包括 improve efficiency, energy efficiency。注意與形容詞 efficient 的詞性轉換。</div><div class=""entries-container""><div class=""entry""><div class=""sentence-row""><div class=""sentence"">The new software was designed to <span class=""collocation"">improve</span> the <span class=""target-word"">efficiency</span> of the office staff by automating repetitive daily tasks.</div><button class=""tts-button"" data-tts=""The new software was designed to improve the efficiency of the office staff by automating repetitive daily tasks."" onclick=""window.playTTS(this.getAttribute('data-tts'))""><svg viewBox=""0 0 24 24"" fill=""none"" stroke=""currentColor"" stroke-width=""2""><polygon points=""5 3 19 12 5 21 5 3""></polygon></svg></button></div><div class=""meta-section""><div class=""translation"">這套新軟體旨在透過自動化重複的日常工作來提高辦公室員工的效率。</div><div class=""entry-explanation"">名詞「效率」。improve efficiency 為常見搭配。</div></div></div><div class=""entry""><div class=""sentence-row""><div class=""sentence"">We should focus on energy <span class=""target-word"">efficiency</span> to reduce our monthly electricity bills and protect the planet at the same time.</div><button class=""tts-button"" data-tts=""We should focus on energy efficiency to reduce our monthly electricity bills and protect the planet at the same time."" onclick=""window.playTTS(this.getAttribute('data-tts'))""><svg viewBox=""0 0 24 24"" fill=""none"" stroke=""currentColor"" stroke-width=""2""><polygon points=""5 3 19 12 5 21 5 3""></polygon></svg></button></div><div class=""meta-section""><div class=""translation"">我們應該專注於能源效率，以減少每月的電費，同時保護地球。</div><div class=""entry-explanation"">energy efficiency 為常見術語。</div></div></div><div class=""entry""><div class=""sentence-row""><div class=""sentence"">The manager praised the team for their high level of <span class=""target-word"">efficiency</span> in completing the project ahead of the deadline.</div><button class=""tts-button"" data-tts=""The manager praised the team for their high level of efficiency in completing the project ahead of the deadline."" onclick=""window.playTTS(this.getAttribute('data-tts'))""><svg viewBox=""0 0 24 24"" fill=""none"" stroke=""currentColor"" stroke-width=""2""><polygon points=""5 3 19 12 5 21 5 3""></polygon></svg></button></div><div class=""meta-section""><div class=""translation"">經理稱讚該團隊在提前完成專案時展現出的高效率。</div><div class=""entry-explanation"">high level of efficiency 為常見用法。</div></div></div></div><div class=""related-forms""><span class=""label"">Related:</span> efficient, efficiently</div></div>"
elastic	"<div class=""anki-card-content""><div class=""general-explanation"">指「有彈性的」。可指物理性質，也可引申為「靈活的」。</div><div class=""entries-container""><div class=""entry""><div class=""sentence-row""><div class=""sentence"">The waistband of these sports pants is made of <span class=""target-word"">elastic</span> material, making them very comfortable for running and jumping.</div><button class=""tts-button"" data-tts=""The waistband of these sports pants is made of elastic material, making them very comfortable for running and jumping."" onclick=""window.playTTS(this.getAttribute('data-tts'))""><svg viewBox=""0 0 24 24"" fill=""none"" stroke=""currentColor"" stroke-width=""2""><polygon points=""5 3 19 12 5 21 5 3""></polygon></svg></button></div><div class=""meta-section""><div class=""translation"">這條運動褲的腰帶是由有彈性的材質製成的，這讓它們在跑步和跳躍時非常舒適。</div><div class=""entry-explanation"">形容詞「有彈性的」。</div></div></div><div class=""entry""><div class=""sentence-row""><div class=""sentence"">The schedule for the summer camp is quite <span class=""target-word"">elastic</span>, so we can easily adjust the activities based on the weather conditions.</div><button class=""tts-button"" data-tts=""The schedule for the summer camp is quite elastic, so we can easily adjust the activities based on the weather conditions."" onclick=""window.playTTS(this.getAttribute('data-tts'))""><svg viewBox=""0 0 24 24"" fill=""none"" stroke=""currentColor"" stroke-width=""2""><polygon points=""5 3 19 12 5 21 5 3""></polygon></svg></button></div><div class=""meta-section""><div class=""translation"">夏令營的行程相當靈活，所以我們可以根據天氣狀況輕鬆調整活動。</div><div class=""entry-explanation"">形容詞「靈活的/可變動的」。</div></div></div><div class=""entry""><div class=""sentence-row""><div class=""sentence"">She used an <span class=""target-word"">elastic</span> band to tie her hair back while she was busy cleaning the house this morning.</div><button class=""tts-button"" data-tts=""She used an elastic band to tie her hair back while she was busy cleaning the house this morning."" onclick=""window.playTTS(this.getAttribute('data-tts'))""><svg viewBox=""0 0 24 24"" fill=""none"" stroke=""currentColor"" stroke-width=""2""><polygon points=""5 3 19 12 5 21 5 3""></polygon></svg></button></div><div class=""meta-section""><div class=""translation"">她今天早上忙著打掃房子時，用一條橡皮筋把頭髮綁起來。</div><div class=""entry-explanation"">名詞「橡皮筋/彈性帶」。</div></div></div></div><div class=""related-forms""><span class=""label"">Related:</span> elasticity</div></div>"
electronics	"<div class=""anki-card-content""><div class=""general-explanation"">指「電子學」或「電子產品」。注意此字結尾為 -s，但通常視為單數名詞（學科）或複數名詞（產品）。</div><div class=""entries-container""><div class=""entry""><div class=""sentence-row""><div class=""sentence"">He has a great interest in <span class=""target-word"">electronics</span> and spends his weekends building small robots in his garage.</div><button class=""tts-button"" data-tts=""He has a great interest in electronics and spends his weekends building small robots in his garage."" onclick=""window.playTTS(this.getAttribute('data-tts'))""><svg viewBox=""0 0 24 24"" fill=""none"" stroke=""currentColor"" stroke-width=""2""><polygon points=""5 3 19 12 5 21 5 3""></polygon></svg></button></div><div class=""meta-section""><div class=""translation"">他對電子學有很大的興趣，週末都在車庫裡組裝小型機器人。</div><div class=""entry-explanation"">名詞「電子學」。</div></div></div><div class=""entry""><div class=""sentence-row""><div class=""sentence"">The store sells a wide range of <span class=""target-word"">electronics</span>, including smartphones, laptops, and high-quality digital cameras.</div><button class=""tts-button"" data-tts=""The store sells a wide range of electronics, including smartphones, laptops, and high-quality digital cameras."" onclick=""window.playTTS(this.getAttribute('data-tts'))""><svg viewBox=""0 0 24 24"" fill=""none"" stroke=""currentColor"" stroke-width=""2""><polygon points=""5 3 19 12 5 21 5 3""></polygon></svg></button></div><div class=""meta-section""><div class=""translation"">這家商店販售各式各樣的電子產品，包括智慧型手機、筆記型電腦和高品質數位相機。</div><div class=""entry-explanation"">名詞「電子產品」。</div></div></div><div class=""entry""><div class=""sentence-row""><div class=""sentence"">Modern <span class=""target-word"">electronics</span> have <span class=""collocation"">changed</span> the way we communicate and access information in our daily lives.</div><button class=""tts-button"" data-tts=""Modern electronics have changed the way we communicate and access information in our daily lives."" onclick=""window.playTTS(this.getAttribute('data-tts'))""><svg viewBox=""0 0 24 24"" fill=""none"" stroke=""currentColor"" stroke-width=""2""><polygon points=""5 3 19 12 5 21 5 3""></polygon></svg></button></div><div class=""meta-section""><div class=""translation"">現代電子產品改變了我們在日常生活中溝通和獲取資訊的方式。</div><div class=""entry-explanation"">名詞「電子產品」。</div></div></div></div><div class=""related-forms""><span class=""label"">Related:</span> electronic, electron</div></div>"
elegant	"<div class=""anki-card-content""><div class=""general-explanation"">指「優雅的」。常用於形容人的舉止、裝扮或設計風格。</div><div class=""entries-container""><div class=""entry""><div class=""sentence-row""><div class=""sentence"">She wore an <span class=""target-word"">elegant</span> dress to the party and received many compliments from her friends throughout the evening.</div><button class=""tts-button"" data-tts=""She wore an elegant dress to the party and received many compliments from her friends throughout the evening."" onclick=""window.playTTS(this.getAttribute('data-tts'))""><svg viewBox=""0 0 24 24"" fill=""none"" stroke=""currentColor"" stroke-width=""2""><polygon points=""5 3 19 12 5 21 5 3""></polygon></svg></button></div><div class=""meta-section""><div class=""translation"">她穿了一件優雅的洋裝參加派對，整個晚上都收到朋友們的讚美。</div><div class=""entry-explanation"">形容詞「優雅的」。</div></div></div><div class=""entry""><div class=""sentence-row""><div class=""sentence"">The hotel is known for its <span class=""target-word"">elegant</span> design and excellent service, making it a popular choice for weddings.</div><button class=""tts-button"" data-tts=""The hotel is known for its elegant design and excellent service, making it a popular choice for weddings."" onclick=""window.playTTS(this.getAttribute('data-tts'))""><svg viewBox=""0 0 24 24"" fill=""none"" stroke=""currentColor"" stroke-width=""2""><polygon points=""5 3 19 12 5 21 5 3""></polygon></svg></button></div><div class=""meta-section""><div class=""translation"">這家飯店以其優雅的設計和卓越的服務聞名，使其成為婚禮的熱門選擇。</div><div class=""entry-explanation"">形容詞「優雅的」。</div></div></div><div class=""entry""><div class=""sentence-row""><div class=""sentence"">His <span class=""target-word"">elegant</span> manners and polite speech made a very good impression on everyone he met at the meeting.</div><button class=""tts-button"" data-tts=""His elegant manners and polite speech made a very good impression on everyone he met at the meeting."" onclick=""window.playTTS(this.getAttribute('data-tts'))""><svg viewBox=""0 0 24 24"" fill=""none"" stroke=""currentColor"" stroke-width=""2""><polygon points=""5 3 19 12 5 21 5 3""></polygon></svg></button></div><div class=""meta-section""><div class=""translation"">他優雅的舉止和禮貌的談吐給他在會議上遇到的每個人留下了很好的印象。</div><div class=""entry-explanation"">形容詞「優雅的」。</div></div></div></div><div class=""related-forms""><span class=""label"">Related:</span> elegance</div></div>"
elementary	"<div class=""anki-card-content""><div class=""general-explanation"">指「基本的」或「初級的」。常見搭配 elementary school (小學)。</div><div class=""entries-container""><div class=""entry""><div class=""sentence-row""><div class=""sentence"">Learning the alphabet is an <span class=""target-word"">elementary</span> step for anyone who wants to master a new language.</div><button class=""tts-button"" data-tts=""Learning the alphabet is an elementary step for anyone who wants to master a new language."" onclick=""window.playTTS(this.getAttribute('data-tts'))""><svg viewBox=""0 0 24 24"" fill=""none"" stroke=""currentColor"" stroke-width=""2""><polygon points=""5 3 19 12 5 21 5 3""></polygon></svg></button></div><div class=""meta-section""><div class=""translation"">學習字母表對於任何想要精通新語言的人來說都是一個基本的步驟。</div><div class=""entry-explanation"">形容詞「基本的」。</div></div></div><div class=""entry""><div class=""sentence-row""><div class=""sentence"">The teacher explained the <span class=""target-word"">elementary</span> rules of the game so that even the youngest students could understand how to play.</div><button class=""tts-button"" data-tts=""The teacher explained the elementary rules of the game so that even the youngest students could understand how to play."" onclick=""window.playTTS(this.getAttribute('data-tts'))""><svg viewBox=""0 0 24 24"" fill=""none"" stroke=""currentColor"" stroke-width=""2""><polygon points=""5 3 19 12 5 21 5 3""></polygon></svg></button></div><div class=""meta-section""><div class=""translation"">老師解釋了遊戲的基本規則，以便即使是最年幼的學生也能理解如何玩。</div><div class=""entry-explanation"">形容詞「基本的」。</div></div></div><div class=""entry""><div class=""sentence-row""><div class=""sentence"">After finishing <span class=""target-word"">elementary</span> school, he moved to a different city to attend a middle school with his brother.</div><button class=""tts-button"" data-tts=""After finishing elementary school, he moved to a different city to attend a middle school with his brother."" onclick=""window.playTTS(this.getAttribute('data-tts'))""><svg viewBox=""0 0 24 24"" fill=""none"" stroke=""currentColor"" stroke-width=""2""><polygon points=""5 3 19 12 5 21 5 3""></polygon></svg></button></div><div class=""meta-section""><div class=""translation"">小學畢業後，他搬到另一個城市與他的兄弟一起上國中。</div><div class=""entry-explanation"">形容詞「小學的」。</div></div></div></div><div class=""related-forms""><span class=""label"">Related:</span> element</div></div>"
eliminate	"<div class=""anki-card-content""><div class=""general-explanation"">指「消除」或「淘汰」。常用於消除問題、風險或在比賽中淘汰對手。</div><div class=""entries-container""><div class=""entry""><div class=""sentence-row""><div class=""sentence"">The new policy aims to <span class=""target-word"">eliminate</span> the use of plastic bags in our school to protect the environment.</div><button class=""tts-button"" data-tts=""The new policy aims to eliminate the use of plastic bags in our school to protect the environment."" onclick=""window.playTTS(this.getAttribute('data-tts'))""><svg viewBox=""0 0 24 24"" fill=""none"" stroke=""currentColor"" stroke-width=""2""><polygon points=""5 3 19 12 5 21 5 3""></polygon></svg></button></div><div class=""meta-section""><div class=""translation"">這項新政策旨在消除我們學校對塑膠袋的使用，以保護環境。</div><div class=""entry-explanation"">動詞「消除」。</div></div></div><div class=""entry""><div class=""sentence-row""><div class=""sentence"">Our team was <span class=""target-word"">eliminated</span> from the basketball tournament after losing the final game by only two points.</div><button class=""tts-button"" data-tts=""Our team was eliminated from the basketball tournament after losing the final game by only two points."" onclick=""window.playTTS(this.getAttribute('data-tts'))""><svg viewBox=""0 0 24 24"" fill=""none"" stroke=""currentColor"" stroke-width=""2""><polygon points=""5 3 19 12 5 21 5 3""></polygon></svg></button></div><div class=""meta-section""><div class=""translation"">我們的球隊在最後一場比賽以兩分之差輸掉後，被淘汰出籃球錦標賽。</div><div class=""entry-explanation"">動詞「淘汰」。常用被動語態 be eliminated from。</div></div></div><div class=""entry""><div class=""sentence-row""><div class=""sentence"">Regular exercise can help <span class=""target-word"">eliminate</span> stress and improve your overall health after a long day of work.</div><button class=""tts-button"" data-tts=""Regular exercise can help eliminate stress and improve your overall health after a long day of work."" onclick=""window.playTTS(this.getAttribute('data-tts'))""><svg viewBox=""0 0 24 24"" fill=""none"" stroke=""currentColor"" stroke-width=""2""><polygon points=""5 3 19 12 5 21 5 3""></polygon></svg></button></div><div class=""meta-section""><div class=""translation"">規律的運動可以幫助消除壓力，並在漫長的工作日後改善你的整體健康。</div><div class=""entry-explanation"">動詞「消除」。</div></div></div></div><div class=""related-forms""><span class=""label"">Related:</span> elimination</div></div>"
elsewhere	"<div class=""anki-card-content""><div class=""general-explanation"">指「在別處」或「到別處」。常作為副詞使用，不需要介係詞。</div><div class=""entries-container""><div class=""entry""><div class=""sentence-row""><div class=""sentence"">If you cannot find the book you need here, you should try looking for it <span class=""target-word"">elsewhere</span> in the library.</div><button class=""tts-button"" data-tts=""If you cannot find the book you need here, you should try looking for it elsewhere in the library."" onclick=""window.playTTS(this.getAttribute('data-tts'))""><svg viewBox=""0 0 24 24"" fill=""none"" stroke=""currentColor"" stroke-width=""2""><polygon points=""5 3 19 12 5 21 5 3""></polygon></svg></button></div><div class=""meta-section""><div class=""translation"">如果你在這裡找不到你需要的書，你應該試著在圖書館的其他地方找找看。</div><div class=""entry-explanation"">副詞「在別處」。</div></div></div><div class=""entry""><div class=""sentence-row""><div class=""sentence"">The company decided to move its factory <span class=""target-word"">elsewhere</span> because the rent in this city has become too expensive.</div><button class=""tts-button"" data-tts=""The company decided to move its factory elsewhere because the rent in this city has become too expensive."" onclick=""window.playTTS(this.getAttribute('data-tts'))""><svg viewBox=""0 0 24 24"" fill=""none"" stroke=""currentColor"" stroke-width=""2""><polygon points=""5 3 19 12 5 21 5 3""></polygon></svg></button></div><div class=""meta-section""><div class=""translation"">公司決定將工廠搬到別處，因為這座城市的租金變得太貴了。</div><div class=""entry-explanation"">副詞「到別處」。</div></div></div><div class=""entry""><div class=""sentence-row""><div class=""sentence"">He felt unhappy in his current job and started looking for opportunities <span class=""target-word"">elsewhere</span> to advance his career.</div><button class=""tts-button"" data-tts=""He felt unhappy in his current job and started looking for opportunities elsewhere to advance his career."" onclick=""window.playTTS(this.getAttribute('data-tts'))""><svg viewBox=""0 0 24 24"" fill=""none"" stroke=""currentColor"" stroke-width=""2""><polygon points=""5 3 19 12 5 21 5 3""></polygon></svg></button></div><div class=""meta-section""><div class=""translation"">他對目前的工作感到不快樂，並開始在別處尋找機會以促進他的職業生涯。</div><div class=""entry-explanation"">副詞「在別處」。</div></div></div></div></div>"
embarrass	"<div class=""anki-card-content""><div class=""general-explanation"">指「使尷尬」。注意拼字，中間有兩個 r。形容詞形式為 embarrassing (令人尷尬的) 或 embarrassed (感到尷尬的)。</div><div class=""entries-container""><div class=""entry""><div class=""sentence-row""><div class=""sentence"">I did not want to <span class=""target-word"">embarrass</span> him by asking about his low test scores in front of the whole class.</div><button class=""tts-button"" data-tts=""I did not want to embarrass him by asking about his low test scores in front of the whole class."" onclick=""window.playTTS(this.getAttribute('data-tts'))""><svg viewBox=""0 0 24 24"" fill=""none"" stroke=""currentColor"" stroke-width=""2""><polygon points=""5 3 19 12 5 21 5 3""></polygon></svg></button></div><div class=""meta-section""><div class=""translation"">我不想在全班面前問他關於低分成績的事，以免讓他感到尷尬。</div><div class=""entry-explanation"">動詞「使尷尬」。</div></div></div><div class=""entry""><div class=""sentence-row""><div class=""sentence"">It was very <span class=""target-word"">embarrassing</span> for her to realize that she had been wearing her shirt inside out all day.</div><button class=""tts-button"" data-tts=""It was very embarrassing for her to realize that she had been wearing her shirt inside out all day."" onclick=""window.playTTS(this.getAttribute('data-tts'))""><svg viewBox=""0 0 24 24"" fill=""none"" stroke=""currentColor"" stroke-width=""2""><polygon points=""5 3 19 12 5 21 5 3""></polygon></svg></button></div><div class=""meta-section""><div class=""translation"">當她發現自己整天都把襯衫穿反時，感到非常尷尬。</div><div class=""entry-explanation"">形容詞 embarrassing 指「令人尷尬的」。</div></div></div><div class=""entry""><div class=""sentence-row""><div class=""sentence"">He felt <span class=""target-word"">embarrassed</span> when he tripped and fell down in the middle of the crowded cafeteria during lunch.</div><button class=""tts-button"" data-tts=""He felt embarrassed when he tripped and fell down in the middle of the crowded cafeteria during lunch."" onclick=""window.playTTS(this.getAttribute('data-tts'))""><svg viewBox=""0 0 24 24"" fill=""none"" stroke=""currentColor"" stroke-width=""2""><polygon points=""5 3 19 12 5 21 5 3""></polygon></svg></button></div><div class=""meta-section""><div class=""translation"">當他在午餐時間於擁擠的餐廳中間絆倒摔跤時，他感到很尷尬。</div><div class=""entry-explanation"">形容詞 embarrassed 指「感到尷尬的」。</div></div></div></div><div class=""related-forms""><span class=""label"">Related:</span> embarrassment, embarrassing, embarrassed</div></div>"
embassy	"<div class=""anki-card-content""><div class=""general-explanation"">指「大使館」。通常指派駐在國外首都的官方機構。</div><div class=""entries-container""><div class=""entry""><div class=""sentence-row""><div class=""sentence"">She went to the <span class=""target-word"">embassy</span> to apply for a visa before her trip to Europe next month.</div><button class=""tts-button"" data-tts=""She went to the embassy to apply for a visa before her trip to Europe next month."" onclick=""window.playTTS(this.getAttribute('data-tts'))""><svg viewBox=""0 0 24 24"" fill=""none"" stroke=""currentColor"" stroke-width=""2""><polygon points=""5 3 19 12 5 21 5 3""></polygon></svg></button></div><div class=""meta-section""><div class=""translation"">她在下個月去歐洲旅行之前，去了大使館申請簽證。</div><div class=""entry-explanation"">名詞「大使館」。</div></div></div><div class=""entry""><div class=""sentence-row""><div class=""sentence"">The <span class=""target-word"">embassy</span> staff provided helpful information to the tourists who had lost their passports while traveling abroad.</div><button class=""tts-button"" data-tts=""The embassy staff provided helpful information to the tourists who had lost their passports while traveling abroad."" onclick=""window.playTTS(this.getAttribute('data-tts'))""><svg viewBox=""0 0 24 24"" fill=""none"" stroke=""currentColor"" stroke-width=""2""><polygon points=""5 3 19 12 5 21 5 3""></polygon></svg></button></div><div class=""meta-section""><div class=""translation"">大使館工作人員為在國外旅行時遺失護照的遊客提供了有用的資訊。</div><div class=""entry-explanation"">名詞「大使館」。</div></div></div><div class=""entry""><div class=""sentence-row""><div class=""sentence"">Many people gathered outside the <span class=""target-word"">embassy</span> to show their support for the peaceful protest happening in the country.</div><button class=""tts-button"" data-tts=""Many people gathered outside the embassy to show their support for the peaceful protest happening in the country."" onclick=""window.playTTS(this.getAttribute('data-tts'))""><svg viewBox=""0 0 24 24"" fill=""none"" stroke=""currentColor"" stroke-width=""2""><polygon points=""5 3 19 12 5 21 5 3""></polygon></svg></button></div><div class=""meta-section""><div class=""translation"">許多人聚集在大使館外，以表達他們對該國發生的和平抗議活動的支持。</div><div class=""entry-explanation"">名詞「大使館」。</div></div></div></div></div>"
emerge	"<div class=""anki-card-content""><div class=""general-explanation"">指「出現」或「浮現」。常用於從隱藏處出現，或問題、事實的顯現。</div><div class=""entries-container""><div class=""entry""><div class=""sentence-row""><div class=""sentence"">The sun began to <span class=""target-word"">emerge</span> from behind the clouds, and the sky turned a beautiful shade of orange.</div><button class=""tts-button"" data-tts=""The sun began to emerge from behind the clouds, and the sky turned a beautiful shade of orange."" onclick=""window.playTTS(this.getAttribute('data-tts'))""><svg viewBox=""0 0 24 24"" fill=""none"" stroke=""currentColor"" stroke-width=""2""><polygon points=""5 3 19 12 5 21 5 3""></polygon></svg></button></div><div class=""meta-section""><div class=""translation"">太陽開始從雲層後出現，天空變成了美麗的橘色。</div><div class=""entry-explanation"">動詞「出現」。</div></div></div><div class=""entry""><div class=""sentence-row""><div class=""sentence"">New evidence has <span class=""target-word"">emerged</span> that might change the outcome of the investigation into the mysterious accident.</div><button class=""tts-button"" data-tts=""New evidence has emerged that might change the outcome of the investigation into the mysterious accident."" onclick=""window.playTTS(this.getAttribute('data-tts'))""><svg viewBox=""0 0 24 24"" fill=""none"" stroke=""currentColor"" stroke-width=""2""><polygon points=""5 3 19 12 5 21 5 3""></polygon></svg></button></div><div class=""meta-section""><div class=""translation"">新的證據已經浮現，這可能會改變對這起神秘事故的調查結果。</div><div class=""entry-explanation"">動詞「浮現/顯現」。</div></div></div><div class=""entry""><div class=""sentence-row""><div class=""sentence"">After the long winter, small green plants started to <span class=""target-word"">emerge</span> from the soil in the garden.</div><button class=""tts-button"" data-tts=""After the long winter, small green plants started to emerge from the soil in the garden."" onclick=""window.playTTS(this.getAttribute('data-tts'))""><svg viewBox=""0 0 24 24"" fill=""none"" stroke=""currentColor"" stroke-width=""2""><polygon points=""5 3 19 12 5 21 5 3""></polygon></svg></button></div><div class=""meta-section""><div class=""translation"">漫長的冬天過後，小小的綠色植物開始從花園的土壤中冒出來。</div><div class=""entry-explanation"">動詞「出現」。</div></div></div></div><div class=""related-forms""><span class=""label"">Related:</span> emergence, emergency</div></div>"
emphasis	"<div class=""anki-card-content""><div class=""general-explanation"">指「強調」。常用搭配 place/put emphasis on sth。注意複數形式為 emphases。</div><div class=""entries-container""><div class=""entry""><div class=""sentence-row""><div class=""sentence"">The school <span class=""collocation"">places</span> great <span class=""target-word"">emphasis</span> <span class=""collocation"">on</span> the importance of teamwork and communication in all student projects.</div><button class=""tts-button"" data-tts=""The school places great emphasis on the importance of teamwork and communication in all student projects."" onclick=""window.playTTS(this.getAttribute('data-tts'))""><svg viewBox=""0 0 24 24"" fill=""none"" stroke=""currentColor"" stroke-width=""2""><polygon points=""5 3 19 12 5 21 5 3""></polygon></svg></button></div><div class=""meta-section""><div class=""translation"">學校在所有學生專案中都非常強調團隊合作與溝通的重要性。</div><div class=""entry-explanation"">名詞「強調」。place emphasis on 為固定搭配。</div></div></div><div class=""entry""><div class=""sentence-row""><div class=""sentence"">In his speech, the principal <span class=""collocation"">put</span> special <span class=""target-word"">emphasis</span> <span class=""collocation"">on</span> the need for students to develop good study habits.</div><button class=""tts-button"" data-tts=""In his speech, the principal put special emphasis on the need for students to develop good study habits."" onclick=""window.playTTS(this.getAttribute('data-tts'))""><svg viewBox=""0 0 24 24"" fill=""none"" stroke=""currentColor"" stroke-width=""2""><polygon points=""5 3 19 12 5 21 5 3""></polygon></svg></button></div><div class=""meta-section""><div class=""translation"">校長在演講中特別強調學生培養良好讀書習慣的必要性。</div><div class=""entry-explanation"">名詞「強調」。put emphasis on 為固定搭配。</div></div></div><div class=""entry""><div class=""sentence-row""><div class=""sentence"">There is a strong <span class=""target-word"">emphasis</span> <span class=""collocation"">on</span> learning practical skills in this vocational training program.</div><button class=""tts-button"" data-tts=""There is a strong emphasis on learning practical skills in this vocational training program."" onclick=""window.playTTS(this.getAttribute('data-tts'))""><svg viewBox=""0 0 24 24"" fill=""none"" stroke=""currentColor"" stroke-width=""2""><polygon points=""5 3 19 12 5 21 5 3""></polygon></svg></button></div><div class=""meta-section""><div class=""translation"">這個職業訓練課程非常強調學習實用技能。</div><div class=""entry-explanation"">名詞「強調」。</div></div></div></div><div class=""related-forms""><span class=""label"">Related:</span> emphasize</div></div>"
empire	"<div class=""anki-card-content""><div class=""general-explanation"">指「帝國」。可用於歷史背景，也可引申為龐大的企業組織。</div><div class=""entries-container""><div class=""entry""><div class=""sentence-row""><div class=""sentence"">The Roman <span class=""target-word"">empire</span> was one of the most powerful and influential civilizations in human history.</div><button class=""tts-button"" data-tts=""The Roman empire was one of the most powerful and influential civilizations in human history."" onclick=""window.playTTS(this.getAttribute('data-tts'))""><svg viewBox=""0 0 24 24"" fill=""none"" stroke=""currentColor"" stroke-width=""2""><polygon points=""5 3 19 12 5 21 5 3""></polygon></svg></button></div><div class=""meta-section""><div class=""translation"">羅馬帝國是人類歷史上最強大且最具影響力的文明之一。</div><div class=""entry-explanation"">名詞「帝國」。</div></div></div><div class=""entry""><div class=""sentence-row""><div class=""sentence"">He worked hard for many years to build his business <span class=""target-word"">empire</span> from a small local shop into a global company.</div><button class=""tts-button"" data-tts=""He worked hard for many years to build his business empire from a small local shop into a global company."" onclick=""window.playTTS(this.getAttribute('data-tts'))""><svg viewBox=""0 0 24 24"" fill=""none"" stroke=""currentColor"" stroke-width=""2""><polygon points=""5 3 19 12 5 21 5 3""></polygon></svg></button></div><div class=""meta-section""><div class=""translation"">他努力工作多年，將他的商業帝國從一家小型地方商店建立成一家全球性公司。</div><div class=""entry-explanation"">名詞「帝國」。此處引申為龐大的企業。</div></div></div><div class=""entry""><div class=""sentence-row""><div class=""sentence"">The fall of the <span class=""target-word"">empire</span> led to many changes in the political and social structure of the region.</div><button class=""tts-button"" data-tts=""The fall of the empire led to many changes in the political and social structure of the region."" onclick=""window.playTTS(this.getAttribute('data-tts'))""><svg viewBox=""0 0 24 24"" fill=""none"" stroke=""currentColor"" stroke-width=""2""><polygon points=""5 3 19 12 5 21 5 3""></polygon></svg></button></div><div class=""meta-section""><div class=""translation"">帝國的滅亡導致該地區政治和社會結構的許多改變。</div><div class=""entry-explanation"">名詞「帝國」。</div></div></div></div><div class=""related-forms""><span class=""label"">Related:</span> emperor</div></div>"
enclose	"<div class=""anki-card-content""><div class=""general-explanation"">指「圍住」或「隨信附上」。常見於書信用語。</div><div class=""entries-container""><div class=""entry""><div class=""sentence-row""><div class=""sentence"">The garden is <span class=""target-word"">enclosed</span> by a high stone wall to keep the animals safe and provide some privacy.</div><button class=""tts-button"" data-tts=""The garden is enclosed by a high stone wall to keep the animals safe and provide some privacy."" onclick=""window.playTTS(this.getAttribute('data-tts'))""><svg viewBox=""0 0 24 24"" fill=""none"" stroke=""currentColor"" stroke-width=""2""><polygon points=""5 3 19 12 5 21 5 3""></polygon></svg></button></div><div class=""meta-section""><div class=""translation"">花園被一道高高的石牆圍住，以確保動物的安全並提供一些隱私。</div><div class=""entry-explanation"">動詞「圍住」。</div></div></div><div class=""entry""><div class=""sentence-row""><div class=""sentence"">I have <span class=""target-word"">enclosed</span> a copy of my resume with this letter for your review and consideration.</div><button class=""tts-button"" data-tts=""I have enclosed a copy of my resume with this letter for your review and consideration."" onclick=""window.playTTS(this.getAttribute('data-tts'))""><svg viewBox=""0 0 24 24"" fill=""none"" stroke=""currentColor"" stroke-width=""2""><polygon points=""5 3 19 12 5 21 5 3""></polygon></svg></button></div><div class=""meta-section""><div class=""translation"">我已隨信附上一份我的履歷表，供您審閱與考慮。</div><div class=""entry-explanation"">動詞「隨信附上」。常見於商務書信。</div></div></div><div class=""entry""><div class=""sentence-row""><div class=""sentence"">The park is <span class=""target-word"">enclosed</span> within the city center, offering a quiet place for people to relax.</div><button class=""tts-button"" data-tts=""The park is enclosed within the city center, offering a quiet place for people to relax."" onclick=""window.playTTS(this.getAttribute('data-tts'))""><svg viewBox=""0 0 24 24"" fill=""none"" stroke=""currentColor"" stroke-width=""2""><polygon points=""5 3 19 12 5 21 5 3""></polygon></svg></button></div><div class=""meta-section""><div class=""translation"">這座公園被圍在市中心內，為人們提供了一個放鬆的安靜場所。</div><div class=""entry-explanation"">動詞「圍住」。</div></div></div></div><div class=""related-forms""><span class=""label"">Related:</span> enclosure</div></div>"
encounter	"<div class=""anki-card-content""><div class=""general-explanation"">指「遭遇」或「偶遇」。可作名詞或動詞。</div><div class=""entries-container""><div class=""entry""><div class=""sentence-row""><div class=""sentence"">During our hike in the mountains, we did not <span class=""target-word"">encounter</span> any wild animals, which was a relief for everyone.</div><button class=""tts-button"" data-tts=""During our hike in the mountains, we did not encounter any wild animals, which was a relief for everyone."" onclick=""window.playTTS(this.getAttribute('data-tts'))""><svg viewBox=""0 0 24 24"" fill=""none"" stroke=""currentColor"" stroke-width=""2""><polygon points=""5 3 19 12 5 21 5 3""></polygon></svg></button></div><div class=""meta-section""><div class=""translation"">在我們山中健行時，我們沒有遇到任何野生動物，這讓每個人都鬆了一口氣。</div><div class=""entry-explanation"">動詞「遭遇」。</div></div></div><div class=""entry""><div class=""sentence-row""><div class=""sentence"">She had a pleasant <span class=""target-word"">encounter</span> with her old teacher at the supermarket yesterday afternoon.</div><button class=""tts-button"" data-tts=""She had a pleasant encounter with her old teacher at the supermarket yesterday afternoon."" onclick=""window.playTTS(this.getAttribute('data-tts'))""><svg viewBox=""0 0 24 24"" fill=""none"" stroke=""currentColor"" stroke-width=""2""><polygon points=""5 3 19 12 5 21 5 3""></polygon></svg></button></div><div class=""meta-section""><div class=""translation"">她昨天下午在超市與她的老師有了一次愉快的偶遇。</div><div class=""entry-explanation"">名詞「偶遇」。</div></div></div><div class=""entry""><div class=""sentence-row""><div class=""sentence"">We might <span class=""target-word"">encounter</span> some difficulties when we start the new project, but we are prepared to solve them together.</div><button class=""tts-button"" data-tts=""We might encounter some difficulties when we start the new project, but we are prepared to solve them together."" onclick=""window.playTTS(this.getAttribute('data-tts'))""><svg viewBox=""0 0 24 24"" fill=""none"" stroke=""currentColor"" stroke-width=""2""><polygon points=""5 3 19 12 5 21 5 3""></polygon></svg></button></div><div class=""meta-section""><div class=""translation"">我們在開始新專案時可能會遇到一些困難，但我們準備好一起解決它們了。</div><div class=""entry-explanation"">動詞「遭遇」。常與 difficulties, problems 搭配。</div></div></div></div></div>"
endanger	"<div class=""anki-card-content""><div class=""general-explanation"">指「使危險」。常用被動語態 be endangered (瀕臨絕種的)。</div><div class=""entries-container""><div class=""entry""><div class=""sentence-row""><div class=""sentence"">Pollution and climate change continue to <span class=""target-word"">endanger</span> the lives of many species in the ocean.</div><button class=""tts-button"" data-tts=""Pollution and climate change continue to endanger the lives of many species in the ocean."" onclick=""window.playTTS(this.getAttribute('data-tts'))""><svg viewBox=""0 0 24 24"" fill=""none"" stroke=""currentColor"" stroke-width=""2""><polygon points=""5 3 19 12 5 21 5 3""></polygon></svg></button></div><div class=""meta-section""><div class=""translation"">污染和氣候變遷持續危及海洋中許多物種的生命。</div><div class=""entry-explanation"">動詞「危及」。</div></div></div><div class=""entry""><div class=""sentence-row""><div class=""sentence"">The giant panda is an <span class=""target-word"">endangered</span> species, and many organizations are working hard to protect its natural habitat.</div><button class=""tts-button"" data-tts=""The giant panda is an endangered species, and many organizations are working hard to protect its natural habitat."" onclick=""window.playTTS(this.getAttribute('data-tts'))""><svg viewBox=""0 0 24 24"" fill=""none"" stroke=""currentColor"" stroke-width=""2""><polygon points=""5 3 19 12 5 21 5 3""></polygon></svg></button></div><div class=""meta-section""><div class=""translation"">大貓熊是瀕臨絕種的物種，許多組織正努力保護牠們的自然棲息地。</div><div class=""entry-explanation"">形容詞 endangered 指「瀕臨絕種的」。</div></div></div><div class=""entry""><div class=""sentence-row""><div class=""sentence"">Driving too fast in bad weather will <span class=""target-word"">endanger</span> not only your own life but also the lives of other drivers.</div><button class=""tts-button"" data-tts=""Driving too fast in bad weather will endanger not only your own life but also the lives of other drivers."" onclick=""window.playTTS(this.getAttribute('data-tts'))""><svg viewBox=""0 0 24 24"" fill=""none"" stroke=""currentColor"" stroke-width=""2""><polygon points=""5 3 19 12 5 21 5 3""></polygon></svg></button></div><div class=""meta-section""><div class=""translation"">在惡劣天氣下開車太快不僅會危及你自己的生命，也會危及其他駕駛的生命。</div><div class=""entry-explanation"">動詞「危及」。</div></div></div></div><div class=""related-forms""><span class=""label"">Related:</span> danger, dangerous</div></div>"
endure	"<div class=""anki-card-content""><div class=""general-explanation"">指「忍受」或「持久」。</div><div class=""entries-container""><div class=""entry""><div class=""sentence-row""><div class=""sentence"">The athletes had to <span class=""target-word"">endure</span> extreme heat and humidity during the long marathon race this summer.</div><button class=""tts-button"" data-tts=""The athletes had to endure extreme heat and humidity during the long marathon race this summer."" onclick=""window.playTTS(this.getAttribute('data-tts'))""><svg viewBox=""0 0 24 24"" fill=""none"" stroke=""currentColor"" stroke-width=""2""><polygon points=""5 3 19 12 5 21 5 3""></polygon></svg></button></div><div class=""meta-section""><div class=""translation"">運動員在今年夏天的馬拉松長跑中必須忍受極端的炎熱和潮濕。</div><div class=""entry-explanation"">動詞「忍受」。</div></div></div><div class=""entry""><div class=""sentence-row""><div class=""sentence"">True friendship is something that can <span class=""target-word"">endure</span> through many years of separation and different life experiences.</div><button class=""tts-button"" data-tts=""True friendship is something that can endure through many years of separation and different life experiences."" onclick=""window.playTTS(this.getAttribute('data-tts'))""><svg viewBox=""0 0 24 24"" fill=""none"" stroke=""currentColor"" stroke-width=""2""><polygon points=""5 3 19 12 5 21 5 3""></polygon></svg></button></div><div class=""meta-section""><div class=""translation"">真正的友誼是可以經歷多年分離和不同人生經驗而持久的。</div><div class=""entry-explanation"">動詞「持久」。</div></div></div><div class=""entry""><div class=""sentence-row""><div class=""sentence"">She had to <span class=""target-word"">endure</span> a lot of pain after the surgery, but she remained positive throughout her recovery.</div><button class=""tts-button"" data-tts=""She had to endure a lot of pain after the surgery, but she remained positive throughout her recovery."" onclick=""window.playTTS(this.getAttribute('data-tts'))""><svg viewBox=""0 0 24 24"" fill=""none"" stroke=""currentColor"" stroke-width=""2""><polygon points=""5 3 19 12 5 21 5 3""></polygon></svg></button></div><div class=""meta-section""><div class=""translation"">她在手術後必須忍受許多疼痛，但她在整個恢復期間都保持樂觀。</div><div class=""entry-explanation"">動詞「忍受」。</div></div></div></div><div class=""related-forms""><span class=""label"">Related:</span> endurance</div></div>"
enforce	"<div class=""anki-card-content""><div class=""general-explanation"">指「執行」或「強制實施」。常用於法律、規則或政策。</div><div class=""entries-container""><div class=""entry""><div class=""sentence-row""><div class=""sentence"">The police are responsible for <span class=""target-word"">enforcing</span> the traffic laws to ensure the safety of all road users.</div><button class=""tts-button"" data-tts=""The police are responsible for enforcing the traffic laws to ensure the safety of all road users."" onclick=""window.playTTS(this.getAttribute('data-tts'))""><svg viewBox=""0 0 24 24"" fill=""none"" stroke=""currentColor"" stroke-width=""2""><polygon points=""5 3 19 12 5 21 5 3""></polygon></svg></button></div><div class=""meta-section""><div class=""translation"">警方有責任執行交通法規，以確保所有道路使用者的安全。</div><div class=""entry-explanation"">動詞「執行」。</div></div></div><div class=""entry""><div class=""sentence-row""><div class=""sentence"">The <span class=""target-word"">enforcement</span> of the new school rules has led to a quieter and more focused learning environment for everyone.</div><button class=""tts-button"" data-tts=""The enforcement of the new school rules has led to a quieter and more focused learning environment for everyone."" onclick=""window.playTTS(this.getAttribute('data-tts'))""><svg viewBox=""0 0 24 24"" fill=""none"" stroke=""currentColor"" stroke-width=""2""><polygon points=""5 3 19 12 5 21 5 3""></polygon></svg></button></div><div class=""meta-section""><div class=""translation"">新校規的執行為每個人帶來了一個更安靜、更專注的學習環境。</div><div class=""entry-explanation"">名詞 enforcement 指「執行/實施」。</div></div></div><div class=""entry""><div class=""sentence-row""><div class=""sentence"">It is difficult to <span class=""target-word"">enforce</span> these regulations when many people do not fully understand why they are necessary.</div><button class=""tts-button"" data-tts=""It is difficult to enforce these regulations when many people do not fully understand why they are necessary."" onclick=""window.playTTS(this.getAttribute('data-tts'))""><svg viewBox=""0 0 24 24"" fill=""none"" stroke=""currentColor"" stroke-width=""2""><polygon points=""5 3 19 12 5 21 5 3""></polygon></svg></button></div><div class=""meta-section""><div class=""translation"">當許多人並不完全理解這些規定為何必要時，要執行它們是很困難的。</div><div class=""entry-explanation"">動詞「執行」。</div></div></div></div><div class=""related-forms""><span class=""label"">Related:</span> enforcement</div></div>"
engineering	"<div class=""anki-card-content""><div class=""general-explanation"">指「工程學」。常見搭配 civil engineering, mechanical engineering。</div><div class=""entries-container""><div class=""entry""><div class=""sentence-row""><div class=""sentence"">He decided to study <span class=""target-word"">engineering</span> at university because he has always been interested in how machines work.</div><button class=""tts-button"" data-tts=""He decided to study engineering at university because he has always been interested in how machines work."" onclick=""window.playTTS(this.getAttribute('data-tts'))""><svg viewBox=""0 0 24 24"" fill=""none"" stroke=""currentColor"" stroke-width=""2""><polygon points=""5 3 19 12 5 21 5 3""></polygon></svg></button></div><div class=""meta-section""><div class=""translation"">他決定在大學學習工程學，因為他一直對機器如何運作很感興趣。</div><div class=""entry-explanation"">名詞「工程學」。</div></div></div><div class=""entry""><div class=""sentence-row""><div class=""sentence"">The bridge is a great achievement in modern <span class=""target-word"">engineering</span>, connecting the two sides of the river perfectly.</div><button class=""tts-button"" data-tts=""The bridge is a great achievement in modern engineering, connecting the two sides of the river perfectly."" onclick=""window.playTTS(this.getAttribute('data-tts'))""><svg viewBox=""0 0 24 24"" fill=""none"" stroke=""currentColor"" stroke-width=""2""><polygon points=""5 3 19 12 5 21 5 3""></polygon></svg></button></div><div class=""meta-section""><div class=""translation"">這座橋是現代工程學的一大成就，完美地連接了河流的兩岸。</div><div class=""entry-explanation"">名詞「工程學」。</div></div></div><div class=""entry""><div class=""sentence-row""><div class=""sentence"">Many students choose a career in <span class=""target-word"">engineering</span> because it offers many opportunities to solve real-world problems.</div><button class=""tts-button"" data-tts=""Many students choose a career in engineering because it offers many opportunities to solve real-world problems."" onclick=""window.playTTS(this.getAttribute('data-tts'))""><svg viewBox=""0 0 24 24"" fill=""none"" stroke=""currentColor"" stroke-width=""2""><polygon points=""5 3 19 12 5 21 5 3""></polygon></svg></button></div><div class=""meta-section""><div class=""translation"">許多學生選擇工程學作為職業，因為它提供了許多解決現實世界問題的機會。</div><div class=""entry-explanation"">名詞「工程學」。</div></div></div></div><div class=""related-forms""><span class=""label"">Related:</span> engineer</div></div>"
enlarge	"<div class=""anki-card-content""><div class=""general-explanation"">動詞「擴大/放大」；名詞 enlargement「擴大/擴建」。常與圖片、空間或規模搭配。注意拼字變化，去e加ing。</div><div class=""entries-container""><div class=""entry""><div class=""sentence-row""><div class=""sentence"">The photographer decided to <span class=""target-word"">enlarge</span> the <span class=""collocation"">digital photo</span> so that everyone could see the details clearly.</div><button class=""tts-button"" data-tts=""The photographer decided to enlarge the digital photo so that everyone could see the details clearly."" onclick=""window.playTTS(this.getAttribute('data-tts'))""><svg viewBox=""0 0 24 24"" fill=""none"" stroke=""currentColor"" stroke-width=""2""><polygon points=""5 3 19 12 5 21 5 3""></polygon></svg></button></div><div class=""meta-section""><div class=""translation"">攝影師決定將這張數位照片放大，這樣每個人都能清楚地看到細節。</div><div class=""entry-explanation"">動詞「放大」。常用於照片或影像。</div></div></div><div class=""entry""><div class=""sentence-row""><div class=""sentence"">The city council plans to <span class=""target-word"">enlarge</span> the <span class=""collocation"">public library</span> to provide more space for students to study.</div><button class=""tts-button"" data-tts=""The city council plans to enlarge the public library to provide more space for students to study."" onclick=""window.playTTS(this.getAttribute('data-tts'))""><svg viewBox=""0 0 24 24"" fill=""none"" stroke=""currentColor"" stroke-width=""2""><polygon points=""5 3 19 12 5 21 5 3""></polygon></svg></button></div><div class=""meta-section""><div class=""translation"">市議會計畫擴建公共圖書館，為學生提供更多學習空間。</div><div class=""entry-explanation"">動詞「擴建/擴大」。指空間或規模的增加。</div></div></div><div class=""entry""><div class=""sentence-row""><div class=""sentence"">The <span class=""target-word"">enlargement</span> <span class=""collocation"">of</span> the factory will create many new job opportunities for the local people.</div><button class=""tts-button"" data-tts=""The enlargement of the factory will create many new job opportunities for the local people."" onclick=""window.playTTS(this.getAttribute('data-tts'))""><svg viewBox=""0 0 24 24"" fill=""none"" stroke=""currentColor"" stroke-width=""2""><polygon points=""5 3 19 12 5 21 5 3""></polygon></svg></button></div><div class=""meta-section""><div class=""translation"">工廠的擴建將為當地居民創造許多新的就業機會。</div><div class=""entry-explanation"">名詞「擴建」。注意介係詞 of 的使用。</div></div></div></div><div class=""related-forms""><span class=""label"">Related:</span> enlargement, enlarges, enlarging</div></div>"
enormous	"<div class=""anki-card-content""><div class=""general-explanation"">形容詞「巨大的/龐大的」。與 huge 或 giant 同義，但語氣更強烈。常修飾數量、體積或影響力。</div><div class=""entries-container""><div class=""entry""><div class=""sentence-row""><div class=""sentence"">The construction project requires an <span class=""target-word"">enormous</span> <span class=""collocation"">amount of</span> money and effort to complete on time.</div><button class=""tts-button"" data-tts=""The construction project requires an enormous amount of money and effort to complete on time."" onclick=""window.playTTS(this.getAttribute('data-tts'))""><svg viewBox=""0 0 24 24"" fill=""none"" stroke=""currentColor"" stroke-width=""2""><polygon points=""5 3 19 12 5 21 5 3""></polygon></svg></button></div><div class=""meta-section""><div class=""translation"">這項建設工程需要巨大的資金和努力才能準時完成。</div><div class=""entry-explanation"">形容詞「巨大的」。常與 amount of 搭配。</div></div></div><div class=""entry""><div class=""sentence-row""><div class=""sentence"">There is an <span class=""target-word"">enormous</span> <span class=""collocation"">difference</span> between the two candidates' opinions on how to improve the economy.</div><button class=""tts-button"" data-tts=""There is an enormous difference between the two candidates&#x27; opinions on how to improve the economy."" onclick=""window.playTTS(this.getAttribute('data-tts'))""><svg viewBox=""0 0 24 24"" fill=""none"" stroke=""currentColor"" stroke-width=""2""><polygon points=""5 3 19 12 5 21 5 3""></polygon></svg></button></div><div class=""meta-section""><div class=""translation"">兩位候選人在如何改善經濟的看法上有巨大的差異。</div><div class=""entry-explanation"">形容詞「巨大的」。修飾抽象名詞 difference。</div></div></div><div class=""entry""><div class=""sentence-row""><div class=""sentence"">The whale is an <span class=""target-word"">enormous</span> <span class=""collocation"">creature</span> that lives deep in the ocean, far away from the coast.</div><button class=""tts-button"" data-tts=""The whale is an enormous creature that lives deep in the ocean, far away from the coast."" onclick=""window.playTTS(this.getAttribute('data-tts'))""><svg viewBox=""0 0 24 24"" fill=""none"" stroke=""currentColor"" stroke-width=""2""><polygon points=""5 3 19 12 5 21 5 3""></polygon></svg></button></div><div class=""meta-section""><div class=""translation"">鯨魚是一種生活在遠離海岸的深海中的巨大生物。</div><div class=""entry-explanation"">形容詞「巨大的」。修飾實體生物。</div></div></div></div><div class=""related-forms""><span class=""label"">Related:</span> enormously</div></div>"
ensure	"<div class=""anki-card-content""><div class=""general-explanation"">動詞「確保/保證」。用法：ensure that + 子句；ensure sth.；ensure sb. sth.。常與 success, safety 搭配。</div><div class=""entries-container""><div class=""entry""><div class=""sentence-row""><div class=""sentence"">Please check your luggage again to <span class=""target-word"">ensure</span> <span class=""collocation"">that</span> you have not left anything important behind.</div><button class=""tts-button"" data-tts=""Please check your luggage again to ensure that you have not left anything important behind."" onclick=""window.playTTS(this.getAttribute('data-tts'))""><svg viewBox=""0 0 24 24"" fill=""none"" stroke=""currentColor"" stroke-width=""2""><polygon points=""5 3 19 12 5 21 5 3""></polygon></svg></button></div><div class=""meta-section""><div class=""translation"">請再次檢查你的行李，以確保你沒有遺漏任何重要的東西。</div><div class=""entry-explanation"">動詞「確保」。後接 that 子句。</div></div></div><div class=""entry""><div class=""sentence-row""><div class=""sentence"">The school has taken strict measures to <span class=""target-word"">ensure</span> the <span class=""collocation"">safety of</span> all students during the field trip.</div><button class=""tts-button"" data-tts=""The school has taken strict measures to ensure the safety of all students during the field trip."" onclick=""window.playTTS(this.getAttribute('data-tts'))""><svg viewBox=""0 0 24 24"" fill=""none"" stroke=""currentColor"" stroke-width=""2""><polygon points=""5 3 19 12 5 21 5 3""></polygon></svg></button></div><div class=""meta-section""><div class=""translation"">學校已採取嚴格措施，以確保所有學生在校外教學期間的安全。</div><div class=""entry-explanation"">動詞「確保」。常用搭配 ensure the safety of。</div></div></div><div class=""entry""><div class=""sentence-row""><div class=""sentence"">Hard work and careful planning are the best ways to <span class=""target-word"">ensure</span> <span class=""collocation"">future success</span> in your career.</div><button class=""tts-button"" data-tts=""Hard work and careful planning are the best ways to ensure future success in your career."" onclick=""window.playTTS(this.getAttribute('data-tts'))""><svg viewBox=""0 0 24 24"" fill=""none"" stroke=""currentColor"" stroke-width=""2""><polygon points=""5 3 19 12 5 21 5 3""></polygon></svg></button></div><div class=""meta-section""><div class=""translation"">努力工作和謹慎規劃是確保未來職業生涯成功的最佳途徑。</div><div class=""entry-explanation"">動詞「確保」。常用搭配 ensure success。</div></div></div></div><div class=""related-forms""><span class=""label"">Related:</span> ensures, ensuring, ensured</div></div>"
entertain	"<div class=""anki-card-content""><div class=""general-explanation"">動詞「娛樂/款待」；名詞 entertainment「娛樂」。常用於形容表演、活動或對客人的款待。</div><div class=""entries-container""><div class=""entry""><div class=""sentence-row""><div class=""sentence"">The street performers tried to <span class=""target-word"">entertain</span> the <span class=""collocation"">crowd of</span> tourists with their amazing magic tricks.</div><button class=""tts-button"" data-tts=""The street performers tried to entertain the crowd of tourists with their amazing magic tricks."" onclick=""window.playTTS(this.getAttribute('data-tts'))""><svg viewBox=""0 0 24 24"" fill=""none"" stroke=""currentColor"" stroke-width=""2""><polygon points=""5 3 19 12 5 21 5 3""></polygon></svg></button></div><div class=""meta-section""><div class=""translation"">街頭藝人試圖用他們神奇的魔術來娛樂那群遊客。</div><div class=""entry-explanation"">動詞「娛樂」。指提供表演讓他人開心。</div></div></div><div class=""entry""><div class=""sentence-row""><div class=""sentence"">My parents often <span class=""target-word"">entertain</span> <span class=""collocation"">guests</span> at home by cooking a delicious dinner on weekends.</div><button class=""tts-button"" data-tts=""My parents often entertain guests at home by cooking a delicious dinner on weekends."" onclick=""window.playTTS(this.getAttribute('data-tts'))""><svg viewBox=""0 0 24 24"" fill=""none"" stroke=""currentColor"" stroke-width=""2""><polygon points=""5 3 19 12 5 21 5 3""></polygon></svg></button></div><div class=""meta-section""><div class=""translation"">我的父母週末常在家裡做一頓美味的晚餐來款待客人。</div><div class=""entry-explanation"">動詞「款待」。指招待客人。</div></div></div><div class=""entry""><div class=""sentence-row""><div class=""sentence"">The city offers a wide variety of <span class=""target-word"">entertainment</span>, such as movies, concerts, and art exhibitions.</div><button class=""tts-button"" data-tts=""The city offers a wide variety of entertainment, such as movies, concerts, and art exhibitions."" onclick=""window.playTTS(this.getAttribute('data-tts'))""><svg viewBox=""0 0 24 24"" fill=""none"" stroke=""currentColor"" stroke-width=""2""><polygon points=""5 3 19 12 5 21 5 3""></polygon></svg></button></div><div class=""meta-section""><div class=""translation"">這座城市提供多樣化的娛樂活動，例如電影、音樂會和藝術展覽。</div><div class=""entry-explanation"">名詞「娛樂」。不可數名詞。</div></div></div></div><div class=""related-forms""><span class=""label"">Related:</span> entertainment, entertainer, entertaining</div></div>"
enthusiasm	"<div class=""anki-card-content""><div class=""general-explanation"">名詞「熱忱/熱情」。常用搭配：show/have enthusiasm for。注意拼字，中間有 th 和 u。</div><div class=""entries-container""><div class=""entry""><div class=""sentence-row""><div class=""sentence"">The young teacher showed great <span class=""target-word"">enthusiasm</span> <span class=""collocation"">for</span> teaching, which inspired all the students in the class.</div><button class=""tts-button"" data-tts=""The young teacher showed great enthusiasm for teaching, which inspired all the students in the class."" onclick=""window.playTTS(this.getAttribute('data-tts'))""><svg viewBox=""0 0 24 24"" fill=""none"" stroke=""currentColor"" stroke-width=""2""><polygon points=""5 3 19 12 5 21 5 3""></polygon></svg></button></div><div class=""meta-section""><div class=""translation"">這位年輕老師展現了對教學的極大熱忱，這啟發了班上所有的學生。</div><div class=""entry-explanation"">名詞「熱忱」。常用搭配 enthusiasm for。</div></div></div><div class=""entry""><div class=""sentence-row""><div class=""sentence"">Despite the heavy rain, the fans cheered with <span class=""target-word"">enthusiasm</span> <span class=""collocation"">during</span> the entire baseball game.</div><button class=""tts-button"" data-tts=""Despite the heavy rain, the fans cheered with enthusiasm during the entire baseball game."" onclick=""window.playTTS(this.getAttribute('data-tts'))""><svg viewBox=""0 0 24 24"" fill=""none"" stroke=""currentColor"" stroke-width=""2""><polygon points=""5 3 19 12 5 21 5 3""></polygon></svg></button></div><div class=""meta-section""><div class=""translation"">儘管下著大雨，球迷們在整場棒球比賽中仍熱情地歡呼。</div><div class=""entry-explanation"">名詞「熱情」。表示情緒高昂。</div></div></div><div class=""entry""><div class=""sentence-row""><div class=""sentence"">He accepted the new project with <span class=""target-word"">enthusiasm</span>, eager to show his skills to the manager.</div><button class=""tts-button"" data-tts=""He accepted the new project with enthusiasm, eager to show his skills to the manager."" onclick=""window.playTTS(this.getAttribute('data-tts'))""><svg viewBox=""0 0 24 24"" fill=""none"" stroke=""currentColor"" stroke-width=""2""><polygon points=""5 3 19 12 5 21 5 3""></polygon></svg></button></div><div class=""meta-section""><div class=""translation"">他熱情地接受了這個新專案，渴望向經理展示他的技能。</div><div class=""entry-explanation"">名詞「熱忱」。表示積極的態度。</div></div></div></div><div class=""related-forms""><span class=""label"">Related:</span> enthusiastic, enthusiast</div></div>"
equality	"<div class=""anki-card-content""><div class=""general-explanation"">名詞「平等」。常與 gender, social, racial 搭配。強調權利或地位的對等。</div><div class=""entries-container""><div class=""entry""><div class=""sentence-row""><div class=""sentence"">The organization works hard to promote <span class=""collocation"">gender</span> <span class=""target-word"">equality</span> in the workplace and in society.</div><button class=""tts-button"" data-tts=""The organization works hard to promote gender equality in the workplace and in society."" onclick=""window.playTTS(this.getAttribute('data-tts'))""><svg viewBox=""0 0 24 24"" fill=""none"" stroke=""currentColor"" stroke-width=""2""><polygon points=""5 3 19 12 5 21 5 3""></polygon></svg></button></div><div class=""meta-section""><div class=""translation"">該組織致力於促進職場和社會中的性別平等。</div><div class=""entry-explanation"">名詞「平等」。常用搭配 gender equality。</div></div></div><div class=""entry""><div class=""sentence-row""><div class=""sentence"">Everyone deserves to be treated with respect and <span class=""target-word"">equality</span>, regardless of their background or beliefs.</div><button class=""tts-button"" data-tts=""Everyone deserves to be treated with respect and equality, regardless of their background or beliefs."" onclick=""window.playTTS(this.getAttribute('data-tts'))""><svg viewBox=""0 0 24 24"" fill=""none"" stroke=""currentColor"" stroke-width=""2""><polygon points=""5 3 19 12 5 21 5 3""></polygon></svg></button></div><div class=""meta-section""><div class=""translation"">每個人都值得被平等且尊重地對待，無論他們的背景或信仰為何。</div><div class=""entry-explanation"">名詞「平等」。指對待方式的公平。</div></div></div><div class=""entry""><div class=""sentence-row""><div class=""sentence"">The government is trying to achieve <span class=""collocation"">social</span> <span class=""target-word"">equality</span> by providing better education for poor children.</div><button class=""tts-button"" data-tts=""The government is trying to achieve social equality by providing better education for poor children."" onclick=""window.playTTS(this.getAttribute('data-tts'))""><svg viewBox=""0 0 24 24"" fill=""none"" stroke=""currentColor"" stroke-width=""2""><polygon points=""5 3 19 12 5 21 5 3""></polygon></svg></button></div><div class=""meta-section""><div class=""translation"">政府正試圖透過為貧困兒童提供更好的教育來實現社會平等。</div><div class=""entry-explanation"">名詞「平等」。常用搭配 social equality。</div></div></div></div><div class=""related-forms""><span class=""label"">Related:</span> equal, equally</div></div>"
equip	"<div class=""anki-card-content""><div class=""general-explanation"">動詞「裝備/配備」；名詞 equipment「設備/器材」。常用搭配：equip A with B (用B裝備A)。注意 equipment 是不可數名詞。</div><div class=""entries-container""><div class=""entry""><div class=""sentence-row""><div class=""sentence"">The school decided to <span class=""target-word"">equip</span> <span class=""collocation"">every classroom</span> <span class=""collocation"">with</span> a new computer and a projector.</div><button class=""tts-button"" data-tts=""The school decided to equip every classroom with a new computer and a projector."" onclick=""window.playTTS(this.getAttribute('data-tts'))""><svg viewBox=""0 0 24 24"" fill=""none"" stroke=""currentColor"" stroke-width=""2""><polygon points=""5 3 19 12 5 21 5 3""></polygon></svg></button></div><div class=""meta-section""><div class=""translation"">學校決定為每間教室配備一台新電腦和投影機。</div><div class=""entry-explanation"">動詞「配備」。常用搭配 equip A with B。</div></div></div><div class=""entry""><div class=""sentence-row""><div class=""sentence"">Before going hiking in the mountains, you should make sure you have the right <span class=""target-word"">equipment</span>.</div><button class=""tts-button"" data-tts=""Before going hiking in the mountains, you should make sure you have the right equipment."" onclick=""window.playTTS(this.getAttribute('data-tts'))""><svg viewBox=""0 0 24 24"" fill=""none"" stroke=""currentColor"" stroke-width=""2""><polygon points=""5 3 19 12 5 21 5 3""></polygon></svg></button></div><div class=""meta-section""><div class=""translation"">在去山裡健行之前，你應該確保你有正確的裝備。</div><div class=""entry-explanation"">名詞「裝備」。不可數名詞，不可加 s。</div></div></div><div class=""entry""><div class=""sentence-row""><div class=""sentence"">The laboratory is well <span class=""target-word"">equipped</span> <span class=""collocation"">with</span> modern tools for scientific research.</div><button class=""tts-button"" data-tts=""The laboratory is well equipped with modern tools for scientific research."" onclick=""window.playTTS(this.getAttribute('data-tts'))""><svg viewBox=""0 0 24 24"" fill=""none"" stroke=""currentColor"" stroke-width=""2""><polygon points=""5 3 19 12 5 21 5 3""></polygon></svg></button></div><div class=""meta-section""><div class=""translation"">這間實驗室配備了完善的現代化科學研究工具。</div><div class=""entry-explanation"">動詞過去分詞作形容詞。常用搭配 be equipped with。</div></div></div></div><div class=""related-forms""><span class=""label"">Related:</span> equipment, equipping, equipped</div></div>"
era	"<div class=""anki-card-content""><div class=""general-explanation"">名詞「時代/紀元」。指具有特定特徵的歷史時期。</div><div class=""entries-container""><div class=""entry""><div class=""sentence-row""><div class=""sentence"">We are living in an <span class=""target-word"">era</span> <span class=""collocation"">of</span> rapid technological change, where new inventions appear every day.</div><button class=""tts-button"" data-tts=""We are living in an era of rapid technological change, where new inventions appear every day."" onclick=""window.playTTS(this.getAttribute('data-tts'))""><svg viewBox=""0 0 24 24"" fill=""none"" stroke=""currentColor"" stroke-width=""2""><polygon points=""5 3 19 12 5 21 5 3""></polygon></svg></button></div><div class=""meta-section""><div class=""translation"">我們生活在一個科技快速變遷的時代，每天都有新的發明出現。</div><div class=""entry-explanation"">名詞「時代」。常用搭配 an era of。</div></div></div><div class=""entry""><div class=""sentence-row""><div class=""sentence"">The invention of the internet marked the beginning of a new <span class=""target-word"">era</span> <span class=""collocation"">in</span> global communication.</div><button class=""tts-button"" data-tts=""The invention of the internet marked the beginning of a new era in global communication."" onclick=""window.playTTS(this.getAttribute('data-tts'))""><svg viewBox=""0 0 24 24"" fill=""none"" stroke=""currentColor"" stroke-width=""2""><polygon points=""5 3 19 12 5 21 5 3""></polygon></svg></button></div><div class=""meta-section""><div class=""translation"">網際網路的發明標誌著全球通訊新時代的開始。</div><div class=""entry-explanation"">名詞「時代」。常用搭配 an era in。</div></div></div><div class=""entry""><div class=""sentence-row""><div class=""sentence"">Many people believe that the <span class=""target-word"">era</span> <span class=""collocation"">of</span> fossil fuels will soon end as green energy becomes popular.</div><button class=""tts-button"" data-tts=""Many people believe that the era of fossil fuels will soon end as green energy becomes popular."" onclick=""window.playTTS(this.getAttribute('data-tts'))""><svg viewBox=""0 0 24 24"" fill=""none"" stroke=""currentColor"" stroke-width=""2""><polygon points=""5 3 19 12 5 21 5 3""></polygon></svg></button></div><div class=""meta-section""><div class=""translation"">許多人相信，隨著綠色能源變得普及，化石燃料的時代將很快結束。</div><div class=""entry-explanation"">名詞「時代」。指特定能源主導的時期。</div></div></div></div></div>"
essential	"<div class=""anki-card-content""><div class=""general-explanation"">形容詞「必要的/不可或缺的」；名詞「必需品」。用法：It is essential that... (that子句動詞用原形)。</div><div class=""entries-container""><div class=""entry""><div class=""sentence-row""><div class=""sentence"">It is <span class=""target-word"">essential</span> <span class=""collocation"">that</span> every student <span class=""collocation"">attend</span> the meeting to discuss the upcoming school event.</div><button class=""tts-button"" data-tts=""It is essential that every student attend the meeting to discuss the upcoming school event."" onclick=""window.playTTS(this.getAttribute('data-tts'))""><svg viewBox=""0 0 24 24"" fill=""none"" stroke=""currentColor"" stroke-width=""2""><polygon points=""5 3 19 12 5 21 5 3""></polygon></svg></button></div><div class=""meta-section""><div class=""translation"">每位學生都必須參加會議，討論即將到來的學校活動。</div><div class=""entry-explanation"">形容詞「必要的」。It is essential that 後接原形動詞。</div></div></div><div class=""entry""><div class=""sentence-row""><div class=""sentence"">Water and food are <span class=""target-word"">essential</span> <span class=""collocation"">for</span> human survival, especially in hot and dry climates.</div><button class=""tts-button"" data-tts=""Water and food are essential for human survival, especially in hot and dry climates."" onclick=""window.playTTS(this.getAttribute('data-tts'))""><svg viewBox=""0 0 24 24"" fill=""none"" stroke=""currentColor"" stroke-width=""2""><polygon points=""5 3 19 12 5 21 5 3""></polygon></svg></button></div><div class=""meta-section""><div class=""translation"">水和食物對人類生存至關重要，尤其是在炎熱乾燥的氣候中。</div><div class=""entry-explanation"">形容詞「必要的」。常用搭配 essential for。</div></div></div><div class=""entry""><div class=""sentence-row""><div class=""sentence"">Before you start the journey, make sure you pack all the <span class=""target-word"">essentials</span> <span class=""collocation"">like</span> medicine and warm clothes.</div><button class=""tts-button"" data-tts=""Before you start the journey, make sure you pack all the essentials like medicine and warm clothes."" onclick=""window.playTTS(this.getAttribute('data-tts'))""><svg viewBox=""0 0 24 24"" fill=""none"" stroke=""currentColor"" stroke-width=""2""><polygon points=""5 3 19 12 5 21 5 3""></polygon></svg></button></div><div class=""meta-section""><div class=""translation"">在你開始旅程之前，確保你打包了所有必需品，像是藥品和保暖衣物。</div><div class=""entry-explanation"">名詞「必需品」。常用複數形 essentials。</div></div></div></div><div class=""related-forms""><span class=""label"">Related:</span> essentially</div></div>"
establish	"<div class=""anki-card-content""><div class=""general-explanation"">動詞「建立/設立」；名詞 establishment「建立/機構」。常指建立公司、制度或關係。</div><div class=""entries-container""><div class=""entry""><div class=""sentence-row""><div class=""sentence"">The company was <span class=""target-word"">established</span> <span class=""collocation"">in</span> 1990, and it has grown into a global business today.</div><button class=""tts-button"" data-tts=""The company was established in 1990, and it has grown into a global business today."" onclick=""window.playTTS(this.getAttribute('data-tts'))""><svg viewBox=""0 0 24 24"" fill=""none"" stroke=""currentColor"" stroke-width=""2""><polygon points=""5 3 19 12 5 21 5 3""></polygon></svg></button></div><div class=""meta-section""><div class=""translation"">這家公司成立於1990年，如今已成長為一家全球性企業。</div><div class=""entry-explanation"">動詞「建立」。常用於公司或組織。</div></div></div><div class=""entry""><div class=""sentence-row""><div class=""sentence"">It is important to <span class=""target-word"">establish</span> <span class=""collocation"">a good relationship</span> with your neighbors to live in peace.</div><button class=""tts-button"" data-tts=""It is important to establish a good relationship with your neighbors to live in peace."" onclick=""window.playTTS(this.getAttribute('data-tts'))""><svg viewBox=""0 0 24 24"" fill=""none"" stroke=""currentColor"" stroke-width=""2""><polygon points=""5 3 19 12 5 21 5 3""></polygon></svg></button></div><div class=""meta-section""><div class=""translation"">與鄰居建立良好的關係對於和平生活很重要。</div><div class=""entry-explanation"">動詞「建立」。常用搭配 establish a relationship。</div></div></div><div class=""entry""><div class=""sentence-row""><div class=""sentence"">The <span class=""target-word"">establishment</span> <span class=""collocation"">of</span> the new park has provided a great place for families to relax.</div><button class=""tts-button"" data-tts=""The establishment of the new park has provided a great place for families to relax."" onclick=""window.playTTS(this.getAttribute('data-tts'))""><svg viewBox=""0 0 24 24"" fill=""none"" stroke=""currentColor"" stroke-width=""2""><polygon points=""5 3 19 12 5 21 5 3""></polygon></svg></button></div><div class=""meta-section""><div class=""translation"">新公園的建立為家庭提供了一個放鬆的好地方。</div><div class=""entry-explanation"">名詞「建立」。指設立的過程或結果。</div></div></div></div><div class=""related-forms""><span class=""label"">Related:</span> establishment, establishes, establishing</div></div>"
estimate	"<div class=""anki-card-content""><div class=""general-explanation"">動詞「估計」；名詞「估計值」。注意發音，動詞結尾為 -ate 發 [et]，名詞結尾發 [ət]。</div><div class=""entries-container""><div class=""entry""><div class=""sentence-row""><div class=""sentence"">Experts <span class=""target-word"">estimate</span> <span class=""collocation"">that</span> the population of this city will reach one million within ten years.</div><button class=""tts-button"" data-tts=""Experts estimate that the population of this city will reach one million within ten years."" onclick=""window.playTTS(this.getAttribute('data-tts'))""><svg viewBox=""0 0 24 24"" fill=""none"" stroke=""currentColor"" stroke-width=""2""><polygon points=""5 3 19 12 5 21 5 3""></polygon></svg></button></div><div class=""meta-section""><div class=""translation"">專家估計這座城市的人口將在十年內達到一百萬。</div><div class=""entry-explanation"">動詞「估計」。後接 that 子句。</div></div></div><div class=""entry""><div class=""sentence-row""><div class=""sentence"">The repair cost is just an <span class=""target-word"">estimate</span>; the final price might be higher depending on the parts.</div><button class=""tts-button"" data-tts=""The repair cost is just an estimate; the final price might be higher depending on the parts."" onclick=""window.playTTS(this.getAttribute('data-tts'))""><svg viewBox=""0 0 24 24"" fill=""none"" stroke=""currentColor"" stroke-width=""2""><polygon points=""5 3 19 12 5 21 5 3""></polygon></svg></button></div><div class=""meta-section""><div class=""translation"">維修費用只是一個估計值；最終價格可能會根據零件而更高。</div><div class=""entry-explanation"">名詞「估計值」。指粗略的計算。</div></div></div><div class=""entry""><div class=""sentence-row""><div class=""sentence"">It is hard to <span class=""target-word"">estimate</span> <span class=""collocation"">the number of</span> people who will attend the concert this weekend.</div><button class=""tts-button"" data-tts=""It is hard to estimate the number of people who will attend the concert this weekend."" onclick=""window.playTTS(this.getAttribute('data-tts'))""><svg viewBox=""0 0 24 24"" fill=""none"" stroke=""currentColor"" stroke-width=""2""><polygon points=""5 3 19 12 5 21 5 3""></polygon></svg></button></div><div class=""meta-section""><div class=""translation"">很難估計這個週末會有多少人參加音樂會。</div><div class=""entry-explanation"">動詞「估計」。常用搭配 estimate the number of。</div></div></div></div><div class=""related-forms""><span class=""label"">Related:</span> estimated, estimation</div></div>"
ethnic	"<div class=""anki-card-content""><div class=""general-explanation"">形容詞「種族的/民族的」。指與特定文化或族群相關的特徵。</div><div class=""entries-container""><div class=""entry""><div class=""sentence-row""><div class=""sentence"">The country is home to many different <span class=""target-word"">ethnic</span> <span class=""collocation"">groups</span>, each with its own unique language and traditions.</div><button class=""tts-button"" data-tts=""The country is home to many different ethnic groups, each with its own unique language and traditions."" onclick=""window.playTTS(this.getAttribute('data-tts'))""><svg viewBox=""0 0 24 24"" fill=""none"" stroke=""currentColor"" stroke-width=""2""><polygon points=""5 3 19 12 5 21 5 3""></polygon></svg></button></div><div class=""meta-section""><div class=""translation"">這個國家是許多不同種族群體的家園，每個群體都有自己獨特的語言和傳統。</div><div class=""entry-explanation"">形容詞「種族的」。常用搭配 ethnic groups。</div></div></div><div class=""entry""><div class=""sentence-row""><div class=""sentence"">The restaurant serves a variety of <span class=""target-word"">ethnic</span> <span class=""collocation"">food</span>, including dishes from Thailand, India, and Mexico.</div><button class=""tts-button"" data-tts=""The restaurant serves a variety of ethnic food, including dishes from Thailand, India, and Mexico."" onclick=""window.playTTS(this.getAttribute('data-tts'))""><svg viewBox=""0 0 24 24"" fill=""none"" stroke=""currentColor"" stroke-width=""2""><polygon points=""5 3 19 12 5 21 5 3""></polygon></svg></button></div><div class=""meta-section""><div class=""translation"">這家餐廳供應各種民族風味的食物，包括來自泰國、印度和墨西哥的菜餚。</div><div class=""entry-explanation"">形容詞「民族的」。指特定文化的食物。</div></div></div><div class=""entry""><div class=""sentence-row""><div class=""sentence"">We should respect the <span class=""target-word"">ethnic</span> <span class=""collocation"">diversity</span> of our society and learn from each other's cultures.</div><button class=""tts-button"" data-tts=""We should respect the ethnic diversity of our society and learn from each other&#x27;s cultures."" onclick=""window.playTTS(this.getAttribute('data-tts'))""><svg viewBox=""0 0 24 24"" fill=""none"" stroke=""currentColor"" stroke-width=""2""><polygon points=""5 3 19 12 5 21 5 3""></polygon></svg></button></div><div class=""meta-section""><div class=""translation"">我們應該尊重社會的種族多樣性，並學習彼此的文化。</div><div class=""entry-explanation"">形容詞「種族的」。常用搭配 ethnic diversity。</div></div></div></div><div class=""related-forms""><span class=""label"">Related:</span> ethnicity</div></div>"
evaluate	"<div class=""anki-card-content""><div class=""general-explanation"">動詞「評估/評價」。指對某事物的價值或表現進行判斷。</div><div class=""entries-container""><div class=""entry""><div class=""sentence-row""><div class=""sentence"">Teachers often <span class=""target-word"">evaluate</span> <span class=""collocation"">students'</span> <span class=""collocation"">performance</span> based on their homework, tests, and class participation.</div><button class=""tts-button"" data-tts=""Teachers often evaluate students&#x27; performance based on their homework, tests, and class participation."" onclick=""window.playTTS(this.getAttribute('data-tts'))""><svg viewBox=""0 0 24 24"" fill=""none"" stroke=""currentColor"" stroke-width=""2""><polygon points=""5 3 19 12 5 21 5 3""></polygon></svg></button></div><div class=""meta-section""><div class=""translation"">老師通常根據學生的作業、考試和課堂參與度來評估他們的表現。</div><div class=""entry-explanation"">動詞「評估」。常用搭配 evaluate performance。</div></div></div><div class=""entry""><div class=""sentence-row""><div class=""sentence"">Before buying a new car, you should <span class=""target-word"">evaluate</span> <span class=""collocation"">the pros and cons</span> to make a wise decision.</div><button class=""tts-button"" data-tts=""Before buying a new car, you should evaluate the pros and cons to make a wise decision."" onclick=""window.playTTS(this.getAttribute('data-tts'))""><svg viewBox=""0 0 24 24"" fill=""none"" stroke=""currentColor"" stroke-width=""2""><polygon points=""5 3 19 12 5 21 5 3""></polygon></svg></button></div><div class=""meta-section""><div class=""translation"">在買新車之前，你應該評估優缺點，以做出明智的決定。</div><div class=""entry-explanation"">動詞「評估」。常用搭配 evaluate the pros and cons。</div></div></div><div class=""entry""><div class=""sentence-row""><div class=""sentence"">The manager needs more time to <span class=""target-word"">evaluate</span> the <span class=""collocation"">new plan</span> before deciding whether to support it.</div><button class=""tts-button"" data-tts=""The manager needs more time to evaluate the new plan before deciding whether to support it."" onclick=""window.playTTS(this.getAttribute('data-tts'))""><svg viewBox=""0 0 24 24"" fill=""none"" stroke=""currentColor"" stroke-width=""2""><polygon points=""5 3 19 12 5 21 5 3""></polygon></svg></button></div><div class=""meta-section""><div class=""translation"">經理需要更多時間來評估這個新計畫，再決定是否支持它。</div><div class=""entry-explanation"">動詞「評估」。指審慎考慮。</div></div></div></div><div class=""related-forms""><span class=""label"">Related:</span> evaluation, evaluates, evaluating</div></div>"
evaluation	"<div class=""anki-card-content""><div class=""general-explanation"">名詞「評估/評價」。指對表現或價值的正式判斷。</div><div class=""entries-container""><div class=""entry""><div class=""sentence-row""><div class=""sentence"">The final <span class=""target-word"">evaluation</span> <span class=""collocation"">of</span> the project will take place at the end of the semester.</div><button class=""tts-button"" data-tts=""The final evaluation of the project will take place at the end of the semester."" onclick=""window.playTTS(this.getAttribute('data-tts'))""><svg viewBox=""0 0 24 24"" fill=""none"" stroke=""currentColor"" stroke-width=""2""><polygon points=""5 3 19 12 5 21 5 3""></polygon></svg></button></div><div class=""meta-section""><div class=""translation"">該專案的最終評估將在學期末進行。</div><div class=""entry-explanation"">名詞「評估」。常用搭配 evaluation of。</div></div></div><div class=""entry""><div class=""sentence-row""><div class=""sentence"">After a careful <span class=""target-word"">evaluation</span>, the committee decided that the proposal was not suitable for the company.</div><button class=""tts-button"" data-tts=""After a careful evaluation, the committee decided that the proposal was not suitable for the company."" onclick=""window.playTTS(this.getAttribute('data-tts'))""><svg viewBox=""0 0 24 24"" fill=""none"" stroke=""currentColor"" stroke-width=""2""><polygon points=""5 3 19 12 5 21 5 3""></polygon></svg></button></div><div class=""meta-section""><div class=""translation"">經過仔細評估後，委員會認為該提案不適合公司。</div><div class=""entry-explanation"">名詞「評估」。指經過深思熟慮的判斷。</div></div></div><div class=""entry""><div class=""sentence-row""><div class=""sentence"">Students can improve their work by listening to the teacher's <span class=""target-word"">evaluation</span> <span class=""collocation"">and</span> suggestions.</div><button class=""tts-button"" data-tts=""Students can improve their work by listening to the teacher&#x27;s evaluation and suggestions."" onclick=""window.playTTS(this.getAttribute('data-tts'))""><svg viewBox=""0 0 24 24"" fill=""none"" stroke=""currentColor"" stroke-width=""2""><polygon points=""5 3 19 12 5 21 5 3""></polygon></svg></button></div><div class=""meta-section""><div class=""translation"">學生可以透過聽取老師的評價和建議來改進他們的作品。</div><div class=""entry-explanation"">名詞「評價」。指回饋意見。</div></div></div></div><div class=""related-forms""><span class=""label"">Related:</span> evaluate</div></div>"
eventual	"<div class=""anki-card-content""><div class=""general-explanation"">形容詞「最終的/結果的」。指經過一段時間後發生的事情。</div><div class=""entries-container""><div class=""entry""><div class=""sentence-row""><div class=""sentence"">Despite many difficulties, their <span class=""target-word"">eventual</span> <span class=""collocation"">success</span> was the result of hard work and persistence.</div><button class=""tts-button"" data-tts=""Despite many difficulties, their eventual success was the result of hard work and persistence."" onclick=""window.playTTS(this.getAttribute('data-tts'))""><svg viewBox=""0 0 24 24"" fill=""none"" stroke=""currentColor"" stroke-width=""2""><polygon points=""5 3 19 12 5 21 5 3""></polygon></svg></button></div><div class=""meta-section""><div class=""translation"">儘管困難重重，他們最終的成功是努力工作和堅持不懈的結果。</div><div class=""entry-explanation"">形容詞「最終的」。常用搭配 eventual success。</div></div></div><div class=""entry""><div class=""sentence-row""><div class=""sentence"">The <span class=""target-word"">eventual</span> <span class=""collocation"">goal</span> of the project is to provide clean water to all people in the village.</div><button class=""tts-button"" data-tts=""The eventual goal of the project is to provide clean water to all people in the village."" onclick=""window.playTTS(this.getAttribute('data-tts'))""><svg viewBox=""0 0 24 24"" fill=""none"" stroke=""currentColor"" stroke-width=""2""><polygon points=""5 3 19 12 5 21 5 3""></polygon></svg></button></div><div class=""meta-section""><div class=""translation"">該專案的最終目標是為村裡的所有人提供乾淨的水。</div><div class=""entry-explanation"">形容詞「最終的」。常用搭配 eventual goal。</div></div></div><div class=""entry""><div class=""sentence-row""><div class=""sentence"">We were worried about the <span class=""target-word"">eventual</span> <span class=""collocation"">outcome</span> of the election, but the results were peaceful.</div><button class=""tts-button"" data-tts=""We were worried about the eventual outcome of the election, but the results were peaceful."" onclick=""window.playTTS(this.getAttribute('data-tts'))""><svg viewBox=""0 0 24 24"" fill=""none"" stroke=""currentColor"" stroke-width=""2""><polygon points=""5 3 19 12 5 21 5 3""></polygon></svg></button></div><div class=""meta-section""><div class=""translation"">我們很擔心選舉的最終結果，但結果很和平。</div><div class=""entry-explanation"">形容詞「最終的」。常用搭配 eventual outcome。</div></div></div></div><div class=""related-forms""><span class=""label"">Related:</span> eventually</div></div>"
evidence	"<div class=""anki-card-content""><div class=""general-explanation"">名詞「證據/跡象」；動詞「證明」。名詞為不可數，若要表示「一項證據」需用 a piece of evidence。</div><div class=""entries-container""><div class=""entry""><div class=""sentence-row""><div class=""sentence"">The police found enough <span class=""target-word"">evidence</span> <span class=""collocation"">to</span> prove that the man was guilty of the crime.</div><button class=""tts-button"" data-tts=""The police found enough evidence to prove that the man was guilty of the crime."" onclick=""window.playTTS(this.getAttribute('data-tts'))""><svg viewBox=""0 0 24 24"" fill=""none"" stroke=""currentColor"" stroke-width=""2""><polygon points=""5 3 19 12 5 21 5 3""></polygon></svg></button></div><div class=""meta-section""><div class=""translation"">警方找到了足夠的證據來證明該男子犯了罪。</div><div class=""entry-explanation"">名詞「證據」。不可數名詞。</div></div></div><div class=""entry""><div class=""sentence-row""><div class=""sentence"">There is no <span class=""target-word"">evidence</span> <span class=""collocation"">that</span> the new medicine has any serious side effects on patients.</div><button class=""tts-button"" data-tts=""There is no evidence that the new medicine has any serious side effects on patients."" onclick=""window.playTTS(this.getAttribute('data-tts'))""><svg viewBox=""0 0 24 24"" fill=""none"" stroke=""currentColor"" stroke-width=""2""><polygon points=""5 3 19 12 5 21 5 3""></polygon></svg></button></div><div class=""meta-section""><div class=""translation"">沒有證據顯示這種新藥對病患有任何嚴重的副作用。</div><div class=""entry-explanation"">名詞「證據」。後接 that 子句。</div></div></div><div class=""entry""><div class=""sentence-row""><div class=""sentence"">The scientist's research <span class=""target-word"">evidences</span> <span class=""collocation"">the fact</span> that climate change is affecting our daily lives.</div><button class=""tts-button"" data-tts=""The scientist&#x27;s research evidences the fact that climate change is affecting our daily lives."" onclick=""window.playTTS(this.getAttribute('data-tts'))""><svg viewBox=""0 0 24 24"" fill=""none"" stroke=""currentColor"" stroke-width=""2""><polygon points=""5 3 19 12 5 21 5 3""></polygon></svg></button></div><div class=""meta-section""><div class=""translation"">這位科學家的研究證明了氣候變遷正在影響我們日常生活的事實。</div><div class=""entry-explanation"">動詞「證明」。較正式的用法。</div></div></div></div><div class=""related-forms""><span class=""label"">Related:</span> evident</div></div>"
evident	"<div class=""anki-card-content""><div class=""general-explanation"">形容詞「明顯的/顯而易見的」。與 obvious 同義。常用搭配：It is evident that...。</div><div class=""entries-container""><div class=""entry""><div class=""sentence-row""><div class=""sentence"">It is <span class=""target-word"">evident</span> <span class=""collocation"">that</span> the team worked very hard to win the championship this year.</div><button class=""tts-button"" data-tts=""It is evident that the team worked very hard to win the championship this year."" onclick=""window.playTTS(this.getAttribute('data-tts'))""><svg viewBox=""0 0 24 24"" fill=""none"" stroke=""currentColor"" stroke-width=""2""><polygon points=""5 3 19 12 5 21 5 3""></polygon></svg></button></div><div class=""meta-section""><div class=""translation"">顯而易見，這支隊伍為了贏得今年的冠軍非常努力。</div><div class=""entry-explanation"">形容詞「明顯的」。常用句型 It is evident that。</div></div></div><div class=""entry""><div class=""sentence-row""><div class=""sentence"">The change in her attitude was <span class=""target-word"">evident</span> <span class=""collocation"">to</span> everyone who talked to her today.</div><button class=""tts-button"" data-tts=""The change in her attitude was evident to everyone who talked to her today."" onclick=""window.playTTS(this.getAttribute('data-tts'))""><svg viewBox=""0 0 24 24"" fill=""none"" stroke=""currentColor"" stroke-width=""2""><polygon points=""5 3 19 12 5 21 5 3""></polygon></svg></button></div><div class=""meta-section""><div class=""translation"">她態度的轉變對今天跟她交談的每個人來說都很明顯。</div><div class=""entry-explanation"">形容詞「明顯的」。常用搭配 evident to sb.</div></div></div><div class=""entry""><div class=""sentence-row""><div class=""sentence"">His disappointment was <span class=""target-word"">evident</span> <span class=""collocation"">in</span> his voice when he heard the bad news.</div><button class=""tts-button"" data-tts=""His disappointment was evident in his voice when he heard the bad news."" onclick=""window.playTTS(this.getAttribute('data-tts'))""><svg viewBox=""0 0 24 24"" fill=""none"" stroke=""currentColor"" stroke-width=""2""><polygon points=""5 3 19 12 5 21 5 3""></polygon></svg></button></div><div class=""meta-section""><div class=""translation"">當他聽到壞消息時，他的失望在語氣中顯而易見。</div><div class=""entry-explanation"">形容詞「明顯的」。指情緒表現明顯。</div></div></div></div><div class=""related-forms""><span class=""label"">Related:</span> evidence, evidently</div></div>"
exaggerate	"<div class=""anki-card-content""><div class=""general-explanation"">動詞「誇張/誇大」。指把事情說得比實際情況更嚴重或更重要。</div><div class=""entries-container""><div class=""entry""><div class=""sentence-row""><div class=""sentence"">Don't <span class=""target-word"">exaggerate</span> <span class=""collocation"">the story</span>; just tell me exactly what happened at the party last night.</div><button class=""tts-button"" data-tts=""Don&#x27;t exaggerate the story; just tell me exactly what happened at the party last night."" onclick=""window.playTTS(this.getAttribute('data-tts'))""><svg viewBox=""0 0 24 24"" fill=""none"" stroke=""currentColor"" stroke-width=""2""><polygon points=""5 3 19 12 5 21 5 3""></polygon></svg></button></div><div class=""meta-section""><div class=""translation"">不要誇大故事；只要告訴我昨晚派對上到底發生了什麼事。</div><div class=""entry-explanation"">動詞「誇張」。指誇大事實。</div></div></div><div class=""entry""><div class=""sentence-row""><div class=""sentence"">He tends to <span class=""target-word"">exaggerate</span> <span class=""collocation"">his achievements</span> to make himself look more impressive to others.</div><button class=""tts-button"" data-tts=""He tends to exaggerate his achievements to make himself look more impressive to others."" onclick=""window.playTTS(this.getAttribute('data-tts'))""><svg viewBox=""0 0 24 24"" fill=""none"" stroke=""currentColor"" stroke-width=""2""><polygon points=""5 3 19 12 5 21 5 3""></polygon></svg></button></div><div class=""meta-section""><div class=""translation"">他傾向於誇大自己的成就，好讓自己在別人眼中看起來更令人印象深刻。</div><div class=""entry-explanation"">動詞「誇大」。常用搭配 exaggerate one&#x27;s achievements。</div></div></div><div class=""entry""><div class=""sentence-row""><div class=""sentence"">It is common for people to <span class=""target-word"">exaggerate</span> <span class=""collocation"">the size of</span> the fish they caught during their fishing trip.</div><button class=""tts-button"" data-tts=""It is common for people to exaggerate the size of the fish they caught during their fishing trip."" onclick=""window.playTTS(this.getAttribute('data-tts'))""><svg viewBox=""0 0 24 24"" fill=""none"" stroke=""currentColor"" stroke-width=""2""><polygon points=""5 3 19 12 5 21 5 3""></polygon></svg></button></div><div class=""meta-section""><div class=""translation"">人們在釣魚之旅中誇大他們釣到的魚的大小是很常見的。</div><div class=""entry-explanation"">動詞「誇大」。指誇大數量或尺寸。</div></div></div></div><div class=""related-forms""><span class=""label"">Related:</span> exaggerated, exaggeration</div></div>"
exception	"<div class=""anki-card-content""><div class=""general-explanation"">名詞「例外」。常用搭配：make an exception (破例)；with the exception of (除了...之外)。</div><div class=""entries-container""><div class=""entry""><div class=""sentence-row""><div class=""sentence"">Everyone must follow the school rules, and the teacher will not <span class=""target-word"">make an exception</span> <span class=""collocation"">for</span> anyone.</div><button class=""tts-button"" data-tts=""Everyone must follow the school rules, and the teacher will not make an exception for anyone."" onclick=""window.playTTS(this.getAttribute('data-tts'))""><svg viewBox=""0 0 24 24"" fill=""none"" stroke=""currentColor"" stroke-width=""2""><polygon points=""5 3 19 12 5 21 5 3""></polygon></svg></button></div><div class=""meta-section""><div class=""translation"">每個人都必須遵守校規，老師不會為任何人破例。</div><div class=""entry-explanation"">片語 make an exception。注意介係詞 for。</div></div></div><div class=""entry""><div class=""sentence-row""><div class=""sentence""><span class=""target-word"">With the exception of</span> <span class=""collocation"">the last question</span>, I found the math test quite easy to finish.</div><button class=""tts-button"" data-tts=""With the exception of the last question, I found the math test quite easy to finish."" onclick=""window.playTTS(this.getAttribute('data-tts'))""><svg viewBox=""0 0 24 24"" fill=""none"" stroke=""currentColor"" stroke-width=""2""><polygon points=""5 3 19 12 5 21 5 3""></polygon></svg></button></div><div class=""meta-section""><div class=""translation"">除了最後一題之外，我覺得數學考試很容易完成。</div><div class=""entry-explanation"">片語 with the exception of = except for。</div></div></div><div class=""entry""><div class=""sentence-row""><div class=""sentence"">Most of the students passed the exam, with only a few <span class=""target-word"">exceptions</span> <span class=""collocation"">in</span> the class.</div><button class=""tts-button"" data-tts=""Most of the students passed the exam, with only a few exceptions in the class."" onclick=""window.playTTS(this.getAttribute('data-tts'))""><svg viewBox=""0 0 24 24"" fill=""none"" stroke=""currentColor"" stroke-width=""2""><polygon points=""5 3 19 12 5 21 5 3""></polygon></svg></button></div><div class=""meta-section""><div class=""translation"">班上大多數學生都通過了考試，只有少數例外。</div><div class=""entry-explanation"">名詞「例外」。指不符合一般情況的人或事。</div></div></div></div><div class=""related-forms""><span class=""label"">Related:</span> except, exceptional</div></div>"
exhaust	"<div class=""anki-card-content""><div class=""general-explanation"">動詞「使筋疲力盡/耗盡」；名詞「廢氣」。常用被動語態 exhausted (感到疲憊的) 或主動語態 exhausting (令人疲憊的)。</div><div class=""entries-container""><div class=""entry""><div class=""sentence-row""><div class=""sentence"">The long hike up the mountain <span class=""target-word"">exhausted</span> <span class=""collocation"">all of</span> the students, so they slept early that night.</div><button class=""tts-button"" data-tts=""The long hike up the mountain exhausted all of the students, so they slept early that night."" onclick=""window.playTTS(this.getAttribute('data-tts'))""><svg viewBox=""0 0 24 24"" fill=""none"" stroke=""currentColor"" stroke-width=""2""><polygon points=""5 3 19 12 5 21 5 3""></polygon></svg></button></div><div class=""meta-section""><div class=""translation"">漫長的登山健行讓所有學生都筋疲力盡，所以他們那天晚上很早就睡了。</div><div class=""entry-explanation"">動詞「使筋疲力盡」。</div></div></div><div class=""entry""><div class=""sentence-row""><div class=""sentence"">We have <span class=""target-word"">exhausted</span> <span class=""collocation"">our supply of</span> water, so we need to find a new source immediately.</div><button class=""tts-button"" data-tts=""We have exhausted our supply of water, so we need to find a new source immediately."" onclick=""window.playTTS(this.getAttribute('data-tts'))""><svg viewBox=""0 0 24 24"" fill=""none"" stroke=""currentColor"" stroke-width=""2""><polygon points=""5 3 19 12 5 21 5 3""></polygon></svg></button></div><div class=""meta-section""><div class=""translation"">我們已經耗盡了水資源，所以我們需要立即找到新的水源。</div><div class=""entry-explanation"">動詞「耗盡」。指用光資源。</div></div></div><div class=""entry""><div class=""sentence-row""><div class=""sentence"">The <span class=""target-word"">exhaust</span> <span class=""collocation"">from</span> the cars in the city center makes the air quality very poor.</div><button class=""tts-button"" data-tts=""The exhaust from the cars in the city center makes the air quality very poor."" onclick=""window.playTTS(this.getAttribute('data-tts'))""><svg viewBox=""0 0 24 24"" fill=""none"" stroke=""currentColor"" stroke-width=""2""><polygon points=""5 3 19 12 5 21 5 3""></polygon></svg></button></div><div class=""meta-section""><div class=""translation"">市中心汽車排放的廢氣使得空氣品質非常差。</div><div class=""entry-explanation"">名詞「廢氣」。指引擎排出的氣體。</div></div></div></div><div class=""related-forms""><span class=""label"">Related:</span> exhausted, exhausting, exhaustion</div></div>"
exhibit	"<div class=""anki-card-content""><div class=""general-explanation"">名詞指「展覽品/展覽會」；動詞指「展現/陳列」。注意動詞用法常與 display 互換，名詞則常指具體的展出物。</div><div class=""entries-container""><div class=""entry""><div class=""sentence-row""><div class=""sentence"">The museum <span class=""target-word"">exhibits</span> <span class=""collocation"">a</span> wide <span class=""collocation"">range</span> of ancient pottery, attracting thousands of visitors from all over the world every summer.</div><button class=""tts-button"" data-tts=""The museum exhibits a wide range of ancient pottery, attracting thousands of visitors from all over the world every summer."" onclick=""window.playTTS(this.getAttribute('data-tts'))""><svg viewBox=""0 0 24 24"" fill=""none"" stroke=""currentColor"" stroke-width=""2""><polygon points=""5 3 19 12 5 21 5 3""></polygon></svg></button></div><div class=""meta-section""><div class=""translation"">博物館展出各式各樣的古代陶器，每年夏天吸引來自世界各地的數千名遊客。</div><div class=""entry-explanation"">動詞用法，意為「展出/陳列」。常用搭配 exhibit a range of sth。</div></div></div><div class=""entry""><div class=""sentence-row""><div class=""sentence"">The young artist <span class=""target-word"">exhibited</span> <span class=""collocation"">great</span> <span class=""collocation"">talent</span> for painting during the school art competition, surprising all the teachers and judges.</div><button class=""tts-button"" data-tts=""The young artist exhibited great talent for painting during the school art competition, surprising all the teachers and judges."" onclick=""window.playTTS(this.getAttribute('data-tts'))""><svg viewBox=""0 0 24 24"" fill=""none"" stroke=""currentColor"" stroke-width=""2""><polygon points=""5 3 19 12 5 21 5 3""></polygon></svg></button></div><div class=""meta-section""><div class=""translation"">那位年輕藝術家在學校美術比賽中展現了極高的繪畫天賦，讓所有老師和評審感到驚訝。</div><div class=""entry-explanation"">動詞用法，意為「展現/顯露」。常用搭配 exhibit talent/ability。</div></div></div><div class=""entry""><div class=""sentence-row""><div class=""sentence"">Visitors are not allowed to touch any of the <span class=""target-word"">exhibits</span> <span class=""collocation"">in</span> the gallery to ensure the safety of these valuable historical items.</div><button class=""tts-button"" data-tts=""Visitors are not allowed to touch any of the exhibits in the gallery to ensure the safety of these valuable historical items."" onclick=""window.playTTS(this.getAttribute('data-tts'))""><svg viewBox=""0 0 24 24"" fill=""none"" stroke=""currentColor"" stroke-width=""2""><polygon points=""5 3 19 12 5 21 5 3""></polygon></svg></button></div><div class=""meta-section""><div class=""translation"">為了確保這些珍貴歷史文物的安全，參觀者不得觸摸畫廊內的任何展覽品。</div><div class=""entry-explanation"">名詞用法，意為「展覽品」。</div></div></div></div><div class=""related-forms""><span class=""label"">Related:</span> exhibits, exhibited, exhibiting, exhibition</div></div>"
expand	"<div class=""anki-card-content""><div class=""general-explanation"">動詞「擴張/擴大」。注意與 extend 的區別，expand 多指體積、範圍或規模的增加。</div><div class=""entries-container""><div class=""entry""><div class=""sentence-row""><div class=""sentence"">The company plans to <span class=""target-word"">expand</span> <span class=""collocation"">its</span> <span class=""collocation"">business</span> <span class=""collocation"">into</span> international markets to increase its annual revenue and global influence.</div><button class=""tts-button"" data-tts=""The company plans to expand its business into international markets to increase its annual revenue and global influence."" onclick=""window.playTTS(this.getAttribute('data-tts'))""><svg viewBox=""0 0 24 24"" fill=""none"" stroke=""currentColor"" stroke-width=""2""><polygon points=""5 3 19 12 5 21 5 3""></polygon></svg></button></div><div class=""meta-section""><div class=""translation"">公司計劃將業務擴展到國際市場，以增加年度營收和全球影響力。</div><div class=""entry-explanation"">動詞用法，指業務規模的擴張。常用搭配 expand into markets。</div></div></div><div class=""entry""><div class=""sentence-row""><div class=""sentence"">Water <span class=""target-word"">expands</span> <span class=""collocation"">when</span> it <span class=""collocation"">freezes</span>, which is why you should not fill a glass bottle completely with water before putting it in the freezer.</div><button class=""tts-button"" data-tts=""Water expands when it freezes, which is why you should not fill a glass bottle completely with water before putting it in the freezer."" onclick=""window.playTTS(this.getAttribute('data-tts'))""><svg viewBox=""0 0 24 24"" fill=""none"" stroke=""currentColor"" stroke-width=""2""><polygon points=""5 3 19 12 5 21 5 3""></polygon></svg></button></div><div class=""meta-section""><div class=""translation"">水結冰時會膨脹，這就是為什麼你不應該在放入冷凍庫前將玻璃瓶裝滿水。</div><div class=""entry-explanation"">動詞用法，指物理上的膨脹。</div></div></div><div class=""entry""><div class=""sentence-row""><div class=""sentence"">The city government decided to <span class=""target-word"">expand</span> <span class=""collocation"">the</span> <span class=""collocation"">public</span> <span class=""collocation"">transportation</span> system to reduce traffic congestion during rush hours.</div><button class=""tts-button"" data-tts=""The city government decided to expand the public transportation system to reduce traffic congestion during rush hours."" onclick=""window.playTTS(this.getAttribute('data-tts'))""><svg viewBox=""0 0 24 24"" fill=""none"" stroke=""currentColor"" stroke-width=""2""><polygon points=""5 3 19 12 5 21 5 3""></polygon></svg></button></div><div class=""meta-section""><div class=""translation"">市政府決定擴大公共交通系統，以減少尖峰時刻的交通擁堵。</div><div class=""entry-explanation"">動詞用法，指系統或規模的擴大。</div></div></div></div><div class=""related-forms""><span class=""label"">Related:</span> expands, expanded, expanding</div></div>"
expansion	"<div class=""anki-card-content""><div class=""general-explanation"">名詞「擴張/膨脹」。常指經濟、領土或規模的成長。</div><div class=""entries-container""><div class=""entry""><div class=""sentence-row""><div class=""sentence"">The rapid <span class=""target-word"">expansion</span> <span class=""collocation"">of</span> the internet has changed the way people communicate and access information in their daily lives.</div><button class=""tts-button"" data-tts=""The rapid expansion of the internet has changed the way people communicate and access information in their daily lives."" onclick=""window.playTTS(this.getAttribute('data-tts'))""><svg viewBox=""0 0 24 24"" fill=""none"" stroke=""currentColor"" stroke-width=""2""><polygon points=""5 3 19 12 5 21 5 3""></polygon></svg></button></div><div class=""meta-section""><div class=""translation"">網際網路的快速擴張改變了人們在日常生活中溝通和獲取資訊的方式。</div><div class=""entry-explanation"">名詞用法，指科技或影響力的擴張。</div></div></div><div class=""entry""><div class=""sentence-row""><div class=""sentence"">Economic <span class=""target-word"">expansion</span> <span class=""collocation"">leads</span> <span class=""collocation"">to</span> more job opportunities, which helps improve the overall standard of living for the citizens.</div><button class=""tts-button"" data-tts=""Economic expansion leads to more job opportunities, which helps improve the overall standard of living for the citizens."" onclick=""window.playTTS(this.getAttribute('data-tts'))""><svg viewBox=""0 0 24 24"" fill=""none"" stroke=""currentColor"" stroke-width=""2""><polygon points=""5 3 19 12 5 21 5 3""></polygon></svg></button></div><div class=""meta-section""><div class=""translation"">經濟擴張帶來更多就業機會，這有助於提升公民的整體生活水準。</div><div class=""entry-explanation"">名詞用法，指經濟成長。</div></div></div><div class=""entry""><div class=""sentence-row""><div class=""sentence"">The company's recent <span class=""target-word"">expansion</span> <span class=""collocation"">into</span> new regions has brought both great success and many new challenges for the management team.</div><button class=""tts-button"" data-tts=""The company&#x27;s recent expansion into new regions has brought both great success and many new challenges for the management team."" onclick=""window.playTTS(this.getAttribute('data-tts'))""><svg viewBox=""0 0 24 24"" fill=""none"" stroke=""currentColor"" stroke-width=""2""><polygon points=""5 3 19 12 5 21 5 3""></polygon></svg></button></div><div class=""meta-section""><div class=""translation"">公司最近向新地區的擴張，為管理團隊帶來了巨大的成功，也帶來了許多新的挑戰。</div><div class=""entry-explanation"">名詞用法，指市場或地理範圍的擴張。</div></div></div></div><div class=""related-forms""><span class=""label"">Related:</span> expansions</div></div>"
experimental	"<div class=""anki-card-content""><div class=""general-explanation"">形容詞「實驗性的/試驗性的」。指處於測試階段或用於科學實驗。</div><div class=""entries-container""><div class=""entry""><div class=""sentence-row""><div class=""sentence"">The scientists are conducting an <span class=""target-word"">experimental</span> <span class=""collocation"">study</span> <span class=""collocation"">to</span> determine whether the new medicine is effective against the virus.</div><button class=""tts-button"" data-tts=""The scientists are conducting an experimental study to determine whether the new medicine is effective against the virus."" onclick=""window.playTTS(this.getAttribute('data-tts'))""><svg viewBox=""0 0 24 24"" fill=""none"" stroke=""currentColor"" stroke-width=""2""><polygon points=""5 3 19 12 5 21 5 3""></polygon></svg></button></div><div class=""meta-section""><div class=""translation"">科學家們正在進行一項實驗性研究，以確定這種新藥是否對該病毒有效。</div><div class=""entry-explanation"">形容詞用法，修飾研究。</div></div></div><div class=""entry""><div class=""sentence-row""><div class=""sentence"">This <span class=""target-word"">experimental</span> <span class=""collocation"">method</span> <span class=""collocation"">of</span> teaching has proven to be very popular among students who prefer hands-on learning activities.</div><button class=""tts-button"" data-tts=""This experimental method of teaching has proven to be very popular among students who prefer hands-on learning activities."" onclick=""window.playTTS(this.getAttribute('data-tts'))""><svg viewBox=""0 0 24 24"" fill=""none"" stroke=""currentColor"" stroke-width=""2""><polygon points=""5 3 19 12 5 21 5 3""></polygon></svg></button></div><div class=""meta-section""><div class=""translation"">這種實驗性的教學方法已被證明在喜歡動手學習活動的學生中非常受歡迎。</div><div class=""entry-explanation"">形容詞用法，指創新的或處於測試階段的方法。</div></div></div><div class=""entry""><div class=""sentence-row""><div class=""sentence"">The car is still at an <span class=""target-word"">experimental</span> <span class=""collocation"">stage</span>, so it is not yet ready for mass production or public sale.</div><button class=""tts-button"" data-tts=""The car is still at an experimental stage, so it is not yet ready for mass production or public sale."" onclick=""window.playTTS(this.getAttribute('data-tts'))""><svg viewBox=""0 0 24 24"" fill=""none"" stroke=""currentColor"" stroke-width=""2""><polygon points=""5 3 19 12 5 21 5 3""></polygon></svg></button></div><div class=""meta-section""><div class=""translation"">這輛車仍處於實驗階段，因此尚未準備好進行量產或公開銷售。</div><div class=""entry-explanation"">形容詞用法，指處於測試階段的狀態。</div></div></div></div><div class=""related-forms""><span class=""label"">Related:</span> experiment</div></div>"
explanation	"<div class=""anki-card-content""><div class=""general-explanation"">名詞「解釋/說明」。常見搭配 give/provide an explanation for sth。</div><div class=""entries-container""><div class=""entry""><div class=""sentence-row""><div class=""sentence"">The teacher asked the student to provide a clear <span class=""target-word"">explanation</span> <span class=""collocation"">for</span> his absence from class yesterday morning.</div><button class=""tts-button"" data-tts=""The teacher asked the student to provide a clear explanation for his absence from class yesterday morning."" onclick=""window.playTTS(this.getAttribute('data-tts'))""><svg viewBox=""0 0 24 24"" fill=""none"" stroke=""currentColor"" stroke-width=""2""><polygon points=""5 3 19 12 5 21 5 3""></polygon></svg></button></div><div class=""meta-section""><div class=""translation"">老師要求學生為他昨天早上缺席課堂提供一個清楚的解釋。</div><div class=""entry-explanation"">名詞用法，指對某事的解釋。注意介係詞 for。</div></div></div><div class=""entry""><div class=""sentence-row""><div class=""sentence"">There is no simple <span class=""target-word"">explanation</span> <span class=""collocation"">for</span> why the weather has been so unpredictable throughout this entire month.</div><button class=""tts-button"" data-tts=""There is no simple explanation for why the weather has been so unpredictable throughout this entire month."" onclick=""window.playTTS(this.getAttribute('data-tts'))""><svg viewBox=""0 0 24 24"" fill=""none"" stroke=""currentColor"" stroke-width=""2""><polygon points=""5 3 19 12 5 21 5 3""></polygon></svg></button></div><div class=""meta-section""><div class=""translation"">對於為什麼這個月的天氣一直如此難以預測，並沒有簡單的解釋。</div><div class=""entry-explanation"">名詞用法，指對現象的說明。</div></div></div><div class=""entry""><div class=""sentence-row""><div class=""sentence"">After a brief <span class=""target-word"">explanation</span> <span class=""collocation"">of</span> the rules, the game finally started, and everyone was excited to participate.</div><button class=""tts-button"" data-tts=""After a brief explanation of the rules, the game finally started, and everyone was excited to participate."" onclick=""window.playTTS(this.getAttribute('data-tts'))""><svg viewBox=""0 0 24 24"" fill=""none"" stroke=""currentColor"" stroke-width=""2""><polygon points=""5 3 19 12 5 21 5 3""></polygon></svg></button></div><div class=""meta-section""><div class=""translation"">在對規則進行簡短說明後，遊戲終於開始了，每個人都很興奮地參與其中。</div><div class=""entry-explanation"">名詞用法，指對規則或程序的說明。</div></div></div></div><div class=""related-forms""><span class=""label"">Related:</span> explanations</div></div>"
explosion	"<div class=""anki-card-content""><div class=""general-explanation"">名詞「爆炸/爆發」。可用於物理爆炸，也可用於指數量或現象的激增。</div><div class=""entries-container""><div class=""entry""><div class=""sentence-row""><div class=""sentence"">The loud <span class=""target-word"">explosion</span> <span class=""collocation"">caused</span> <span class=""collocation"">by</span> the gas leak damaged several buildings in the neighborhood early this morning.</div><button class=""tts-button"" data-tts=""The loud explosion caused by the gas leak damaged several buildings in the neighborhood early this morning."" onclick=""window.playTTS(this.getAttribute('data-tts'))""><svg viewBox=""0 0 24 24"" fill=""none"" stroke=""currentColor"" stroke-width=""2""><polygon points=""5 3 19 12 5 21 5 3""></polygon></svg></button></div><div class=""meta-section""><div class=""translation"">今天清晨由瓦斯外洩引起的巨大爆炸損壞了附近幾棟建築物。</div><div class=""entry-explanation"">名詞用法，指物理上的爆炸。</div></div></div><div class=""entry""><div class=""sentence-row""><div class=""sentence"">The sudden <span class=""target-word"">explosion</span> <span class=""collocation"">of</span> interest in AI technology has led many students to choose computer science as their major.</div><button class=""tts-button"" data-tts=""The sudden explosion of interest in AI technology has led many students to choose computer science as their major."" onclick=""window.playTTS(this.getAttribute('data-tts'))""><svg viewBox=""0 0 24 24"" fill=""none"" stroke=""currentColor"" stroke-width=""2""><polygon points=""5 3 19 12 5 21 5 3""></polygon></svg></button></div><div class=""meta-section""><div class=""translation"">對人工智慧技術興趣的突然激增，導致許多學生選擇電腦科學作為主修。</div><div class=""entry-explanation"">名詞用法，指興趣或現象的激增。</div></div></div><div class=""entry""><div class=""sentence-row""><div class=""sentence"">Firefighters arrived quickly to prevent another <span class=""target-word"">explosion</span> <span class=""collocation"">at</span> the factory after the first fire broke out.</div><button class=""tts-button"" data-tts=""Firefighters arrived quickly to prevent another explosion at the factory after the first fire broke out."" onclick=""window.playTTS(this.getAttribute('data-tts'))""><svg viewBox=""0 0 24 24"" fill=""none"" stroke=""currentColor"" stroke-width=""2""><polygon points=""5 3 19 12 5 21 5 3""></polygon></svg></button></div><div class=""meta-section""><div class=""translation"">在第一次火災發生後，消防員迅速趕到以防止工廠發生另一次爆炸。</div><div class=""entry-explanation"">名詞用法，指潛在的爆炸危險。</div></div></div></div><div class=""related-forms""><span class=""label"">Related:</span> explosions</div></div>"
explosive	"<div class=""anki-card-content""><div class=""general-explanation"">形容詞「爆炸性的/易爆的」；名詞「炸藥」。形容詞也可用於形容情緒或局勢一觸即發。</div><div class=""entries-container""><div class=""entry""><div class=""sentence-row""><div class=""sentence"">The police warned the public to stay away from the area because of the <span class=""target-word"">explosive</span> <span class=""collocation"">materials</span> found in the abandoned warehouse.</div><button class=""tts-button"" data-tts=""The police warned the public to stay away from the area because of the explosive materials found in the abandoned warehouse."" onclick=""window.playTTS(this.getAttribute('data-tts'))""><svg viewBox=""0 0 24 24"" fill=""none"" stroke=""currentColor"" stroke-width=""2""><polygon points=""5 3 19 12 5 21 5 3""></polygon></svg></button></div><div class=""meta-section""><div class=""translation"">警方警告大眾遠離該區域，因為在廢棄倉庫中發現了爆炸性物質。</div><div class=""entry-explanation"">形容詞用法，指易爆的物質。</div></div></div><div class=""entry""><div class=""sentence-row""><div class=""sentence"">The politician's <span class=""target-word"">explosive</span> <span class=""collocation"">remarks</span> <span class=""collocation"">about</span> the new policy caused a heated debate among the members of the parliament.</div><button class=""tts-button"" data-tts=""The politician&#x27;s explosive remarks about the new policy caused a heated debate among the members of the parliament."" onclick=""window.playTTS(this.getAttribute('data-tts'))""><svg viewBox=""0 0 24 24"" fill=""none"" stroke=""currentColor"" stroke-width=""2""><polygon points=""5 3 19 12 5 21 5 3""></polygon></svg></button></div><div class=""meta-section""><div class=""translation"">那位政治人物關於新政策的爆炸性言論，在國會議員之間引發了激烈的辯論。</div><div class=""entry-explanation"">形容詞用法，指引起強烈反應的言論。</div></div></div><div class=""entry""><div class=""sentence-row""><div class=""sentence"">The soldiers carefully handled the <span class=""target-word"">explosives</span> <span class=""collocation"">to</span> ensure that no accidents would occur during the construction project.</div><button class=""tts-button"" data-tts=""The soldiers carefully handled the explosives to ensure that no accidents would occur during the construction project."" onclick=""window.playTTS(this.getAttribute('data-tts'))""><svg viewBox=""0 0 24 24"" fill=""none"" stroke=""currentColor"" stroke-width=""2""><polygon points=""5 3 19 12 5 21 5 3""></polygon></svg></button></div><div class=""meta-section""><div class=""translation"">士兵們小心地處理炸藥，以確保在施工過程中不會發生任何意外。</div><div class=""entry-explanation"">名詞用法，指炸藥。</div></div></div></div><div class=""related-forms""><span class=""label"">Related:</span> explosives</div></div>"
expose	"<div class=""anki-card-content""><div class=""general-explanation"">動詞「暴露/揭露」。常用搭配 expose A to B (使 A 接觸 B) 或 expose the truth (揭露真相)。</div><div class=""entries-container""><div class=""entry""><div class=""sentence-row""><div class=""sentence"">You should wear sunscreen to avoid <span class=""target-word"">exposing</span> <span class=""collocation"">your</span> <span class=""collocation"">skin</span> <span class=""collocation"">to</span> the harmful ultraviolet rays of the sun.</div><button class=""tts-button"" data-tts=""You should wear sunscreen to avoid exposing your skin to the harmful ultraviolet rays of the sun."" onclick=""window.playTTS(this.getAttribute('data-tts'))""><svg viewBox=""0 0 24 24"" fill=""none"" stroke=""currentColor"" stroke-width=""2""><polygon points=""5 3 19 12 5 21 5 3""></polygon></svg></button></div><div class=""meta-section""><div class=""translation"">你應該擦防曬乳，以避免皮膚暴露在太陽有害的紫外線下。</div><div class=""entry-explanation"">動詞用法，指使接觸。常用搭配 expose to。</div></div></div><div class=""entry""><div class=""sentence-row""><div class=""sentence"">The investigative reporter worked hard to <span class=""target-word"">expose</span> <span class=""collocation"">the</span> <span class=""collocation"">corruption</span> <span class=""collocation"">within</span> the local government and bring justice to the people.</div><button class=""tts-button"" data-tts=""The investigative reporter worked hard to expose the corruption within the local government and bring justice to the people."" onclick=""window.playTTS(this.getAttribute('data-tts'))""><svg viewBox=""0 0 24 24"" fill=""none"" stroke=""currentColor"" stroke-width=""2""><polygon points=""5 3 19 12 5 21 5 3""></polygon></svg></button></div><div class=""meta-section""><div class=""translation"">那位調查記者努力揭露地方政府內部的貪腐，並為人民伸張正義。</div><div class=""entry-explanation"">動詞用法，指揭露真相或醜聞。</div></div></div><div class=""entry""><div class=""sentence-row""><div class=""sentence"">The children were <span class=""target-word"">exposed</span> <span class=""collocation"">to</span> classical music at a very young age, which helped develop their appreciation for the arts.</div><button class=""tts-button"" data-tts=""The children were exposed to classical music at a very young age, which helped develop their appreciation for the arts."" onclick=""window.playTTS(this.getAttribute('data-tts'))""><svg viewBox=""0 0 24 24"" fill=""none"" stroke=""currentColor"" stroke-width=""2""><polygon points=""5 3 19 12 5 21 5 3""></polygon></svg></button></div><div class=""meta-section""><div class=""translation"">孩子們在很小的時候就接觸到古典音樂，這有助於培養他們對藝術的欣賞力。</div><div class=""entry-explanation"">動詞用法，指使接觸某種環境或事物。</div></div></div></div><div class=""related-forms""><span class=""label"">Related:</span> exposes, exposed, exposing</div></div>"
exposure	"<div class=""anki-card-content""><div class=""general-explanation"">名詞「暴露/接觸」。常指接觸到有害物質或環境，或指曝光度。</div><div class=""entries-container""><div class=""entry""><div class=""sentence-row""><div class=""sentence"">Prolonged <span class=""target-word"">exposure</span> <span class=""collocation"">to</span> loud noise can lead to permanent hearing loss, so it is important to protect your ears.</div><button class=""tts-button"" data-tts=""Prolonged exposure to loud noise can lead to permanent hearing loss, so it is important to protect your ears."" onclick=""window.playTTS(this.getAttribute('data-tts'))""><svg viewBox=""0 0 24 24"" fill=""none"" stroke=""currentColor"" stroke-width=""2""><polygon points=""5 3 19 12 5 21 5 3""></polygon></svg></button></div><div class=""meta-section""><div class=""translation"">長時間暴露在巨大的噪音中會導致永久性聽力喪失，因此保護耳朵很重要。</div><div class=""entry-explanation"">名詞用法，指接觸到環境。常用搭配 exposure to。</div></div></div><div class=""entry""><div class=""sentence-row""><div class=""sentence"">The company's <span class=""target-word"">exposure</span> <span class=""collocation"">to</span> financial risks increased significantly after they invested all their money in the unstable stock market.</div><button class=""tts-button"" data-tts=""The company&#x27;s exposure to financial risks increased significantly after they invested all their money in the unstable stock market."" onclick=""window.playTTS(this.getAttribute('data-tts'))""><svg viewBox=""0 0 24 24"" fill=""none"" stroke=""currentColor"" stroke-width=""2""><polygon points=""5 3 19 12 5 21 5 3""></polygon></svg></button></div><div class=""meta-section""><div class=""translation"">在將所有資金投入不穩定的股市後，該公司面臨的財務風險顯著增加。</div><div class=""entry-explanation"">名詞用法，指面臨風險。</div></div></div><div class=""entry""><div class=""sentence-row""><div class=""sentence"">The singer gained more <span class=""target-word"">exposure</span> <span class=""collocation"">after</span> appearing on the popular television show, which helped boost her music career.</div><button class=""tts-button"" data-tts=""The singer gained more exposure after appearing on the popular television show, which helped boost her music career."" onclick=""window.playTTS(this.getAttribute('data-tts'))""><svg viewBox=""0 0 24 24"" fill=""none"" stroke=""currentColor"" stroke-width=""2""><polygon points=""5 3 19 12 5 21 5 3""></polygon></svg></button></div><div class=""meta-section""><div class=""translation"">那位歌手在參加熱門電視節目後獲得了更多曝光度，這有助於推動她的音樂事業。</div><div class=""entry-explanation"">名詞用法，指媒體曝光度。</div></div></div></div><div class=""related-forms""><span class=""label"">Related:</span> exposures</div></div>"
extend	"<div class=""anki-card-content""><div class=""general-explanation"">動詞「延伸/延長」。指時間、空間或範圍的拉長。注意與 expand 的區別，extend 常指長度或期限。</div><div class=""entries-container""><div class=""entry""><div class=""sentence-row""><div class=""sentence"">The government decided to <span class=""target-word"">extend</span> <span class=""collocation"">the</span> <span class=""collocation"">deadline</span> <span class=""collocation"">for</span> submitting the tax forms by two weeks to help busy citizens.</div><button class=""tts-button"" data-tts=""The government decided to extend the deadline for submitting the tax forms by two weeks to help busy citizens."" onclick=""window.playTTS(this.getAttribute('data-tts'))""><svg viewBox=""0 0 24 24"" fill=""none"" stroke=""currentColor"" stroke-width=""2""><polygon points=""5 3 19 12 5 21 5 3""></polygon></svg></button></div><div class=""meta-section""><div class=""translation"">政府決定將提交稅務表格的截止日期延長兩週，以幫助忙碌的公民。</div><div class=""entry-explanation"">動詞用法，指延長時間。</div></div></div><div class=""entry""><div class=""sentence-row""><div class=""sentence"">The beautiful beach <span class=""target-word"">extends</span> <span class=""collocation"">for</span> miles along the coast, making it a perfect place for long walks in the morning.</div><button class=""tts-button"" data-tts=""The beautiful beach extends for miles along the coast, making it a perfect place for long walks in the morning."" onclick=""window.playTTS(this.getAttribute('data-tts'))""><svg viewBox=""0 0 24 24"" fill=""none"" stroke=""currentColor"" stroke-width=""2""><polygon points=""5 3 19 12 5 21 5 3""></polygon></svg></button></div><div class=""meta-section""><div class=""translation"">美麗的海灘沿著海岸延伸數英里，使其成為早晨散步的絕佳地點。</div><div class=""entry-explanation"">動詞用法，指空間上的延伸。</div></div></div><div class=""entry""><div class=""sentence-row""><div class=""sentence"">I would like to <span class=""target-word"">extend</span> <span class=""collocation"">my</span> <span class=""collocation"">sincere</span> <span class=""collocation"">thanks</span> to everyone who helped me complete this difficult project on time.</div><button class=""tts-button"" data-tts=""I would like to extend my sincere thanks to everyone who helped me complete this difficult project on time."" onclick=""window.playTTS(this.getAttribute('data-tts'))""><svg viewBox=""0 0 24 24"" fill=""none"" stroke=""currentColor"" stroke-width=""2""><polygon points=""5 3 19 12 5 21 5 3""></polygon></svg></button></div><div class=""meta-section""><div class=""translation"">我想向所有幫助我準時完成這個困難專案的人表達我誠摯的謝意。</div><div class=""entry-explanation"">動詞用法，指表達（感謝、邀請等）。</div></div></div></div><div class=""related-forms""><span class=""label"">Related:</span> extends, extended, extending</div></div>"
extent	"<div class=""anki-card-content""><div class=""general-explanation"">名詞「程度/範圍」。常用片語 to a certain extent (在某種程度上)。</div><div class=""entries-container""><div class=""entry""><div class=""sentence-row""><div class=""sentence"">The <span class=""target-word"">extent</span> <span class=""collocation"">of</span> the damage caused by the earthquake was much greater than what the experts had initially predicted.</div><button class=""tts-button"" data-tts=""The extent of the damage caused by the earthquake was much greater than what the experts had initially predicted."" onclick=""window.playTTS(this.getAttribute('data-tts'))""><svg viewBox=""0 0 24 24"" fill=""none"" stroke=""currentColor"" stroke-width=""2""><polygon points=""5 3 19 12 5 21 5 3""></polygon></svg></button></div><div class=""meta-section""><div class=""translation"">地震造成的損害程度遠大於專家們最初的預測。</div><div class=""entry-explanation"">名詞用法，指損害的程度。</div></div></div><div class=""entry""><div class=""sentence-row""><div class=""sentence"">To <span class=""collocation"">a</span> <span class=""collocation"">certain</span> <span class=""target-word"">extent</span>, I agree with your opinion, but I still think we need to consider other factors.</div><button class=""tts-button"" data-tts=""To a certain extent, I agree with your opinion, but I still think we need to consider other factors."" onclick=""window.playTTS(this.getAttribute('data-tts'))""><svg viewBox=""0 0 24 24"" fill=""none"" stroke=""currentColor"" stroke-width=""2""><polygon points=""5 3 19 12 5 21 5 3""></polygon></svg></button></div><div class=""meta-section""><div class=""translation"">在某種程度上，我同意你的觀點，但我仍然認為我們需要考慮其他因素。</div><div class=""entry-explanation"">名詞用法，固定片語 to a certain extent。</div></div></div><div class=""entry""><div class=""sentence-row""><div class=""sentence"">The <span class=""target-word"">extent</span> <span class=""collocation"">of</span> the forest is so vast that it is impossible to explore the whole area in just one day.</div><button class=""tts-button"" data-tts=""The extent of the forest is so vast that it is impossible to explore the whole area in just one day."" onclick=""window.playTTS(this.getAttribute('data-tts'))""><svg viewBox=""0 0 24 24"" fill=""none"" stroke=""currentColor"" stroke-width=""2""><polygon points=""5 3 19 12 5 21 5 3""></polygon></svg></button></div><div class=""meta-section""><div class=""translation"">森林的範圍非常廣闊，以至於一天之內不可能探索整個區域。</div><div class=""entry-explanation"">名詞用法，指地理範圍。</div></div></div></div><div class=""related-forms""><span class=""label"">Related:</span> extents</div></div>"
facial	"<div class=""anki-card-content""><div class=""general-explanation"">形容詞「臉部的」。常指臉部特徵或護理。</div><div class=""entries-container""><div class=""entry""><div class=""sentence-row""><div class=""sentence"">The suspect was identified by his <span class=""target-word"">facial</span> <span class=""collocation"">features</span> <span class=""collocation"">captured</span> by the security cameras at the entrance of the building.</div><button class=""tts-button"" data-tts=""The suspect was identified by his facial features captured by the security cameras at the entrance of the building."" onclick=""window.playTTS(this.getAttribute('data-tts'))""><svg viewBox=""0 0 24 24"" fill=""none"" stroke=""currentColor"" stroke-width=""2""><polygon points=""5 3 19 12 5 21 5 3""></polygon></svg></button></div><div class=""meta-section""><div class=""translation"">嫌疑人是透過建築物入口處監視器捕捉到的臉部特徵而被識別出來的。</div><div class=""entry-explanation"">形容詞用法，修飾 features。</div></div></div><div class=""entry""><div class=""sentence-row""><div class=""sentence"">She enjoys getting a <span class=""target-word"">facial</span> <span class=""collocation"">treatment</span> <span class=""collocation"">at</span> the spa every month to keep her skin looking healthy and smooth.</div><button class=""tts-button"" data-tts=""She enjoys getting a facial treatment at the spa every month to keep her skin looking healthy and smooth."" onclick=""window.playTTS(this.getAttribute('data-tts'))""><svg viewBox=""0 0 24 24"" fill=""none"" stroke=""currentColor"" stroke-width=""2""><polygon points=""5 3 19 12 5 21 5 3""></polygon></svg></button></div><div class=""meta-section""><div class=""translation"">她喜歡每個月在水療中心做臉部護理，以保持皮膚看起來健康光滑。</div><div class=""entry-explanation"">形容詞用法，指臉部護理。</div></div></div><div class=""entry""><div class=""sentence-row""><div class=""sentence"">The baby made a funny <span class=""target-word"">facial</span> <span class=""collocation"">expression</span> when he tasted the sour lemon for the very first time.</div><button class=""tts-button"" data-tts=""The baby made a funny facial expression when he tasted the sour lemon for the very first time."" onclick=""window.playTTS(this.getAttribute('data-tts'))""><svg viewBox=""0 0 24 24"" fill=""none"" stroke=""currentColor"" stroke-width=""2""><polygon points=""5 3 19 12 5 21 5 3""></polygon></svg></button></div><div class=""meta-section""><div class=""translation"">當嬰兒第一次嚐到酸檸檬時，他做了一個有趣的臉部表情。</div><div class=""entry-explanation"">形容詞用法，修飾 expression。</div></div></div></div><div class=""related-forms""><span class=""label"">Related:</span> face</div></div>"
facility	"<div class=""anki-card-content""><div class=""general-explanation"">名詞「設施/設備」。常指提供特定服務的場所或建築。</div><div class=""entries-container""><div class=""entry""><div class=""sentence-row""><div class=""sentence"">The school has excellent sports <span class=""target-word"">facilities</span>, including a large swimming pool, a gym, and a running track for students.</div><button class=""tts-button"" data-tts=""The school has excellent sports facilities, including a large swimming pool, a gym, and a running track for students."" onclick=""window.playTTS(this.getAttribute('data-tts'))""><svg viewBox=""0 0 24 24"" fill=""none"" stroke=""currentColor"" stroke-width=""2""><polygon points=""5 3 19 12 5 21 5 3""></polygon></svg></button></div><div class=""meta-section""><div class=""translation"">學校有很棒的運動設施，包括一個大游泳池、健身房和供學生使用的跑道。</div><div class=""entry-explanation"">名詞用法，指運動設施。常用複數。</div></div></div><div class=""entry""><div class=""sentence-row""><div class=""sentence"">The new medical <span class=""target-word"">facility</span> <span class=""collocation"">provides</span> <span class=""collocation"">high-quality</span> care to patients in the rural area who previously had no access to doctors.</div><button class=""tts-button"" data-tts=""The new medical facility provides high-quality care to patients in the rural area who previously had no access to doctors."" onclick=""window.playTTS(this.getAttribute('data-tts'))""><svg viewBox=""0 0 24 24"" fill=""none"" stroke=""currentColor"" stroke-width=""2""><polygon points=""5 3 19 12 5 21 5 3""></polygon></svg></button></div><div class=""meta-section""><div class=""translation"">這家新的醫療機構為偏鄉地區以前無法看醫生的病患提供高品質的照護。</div><div class=""entry-explanation"">名詞用法，指醫療機構。</div></div></div><div class=""entry""><div class=""sentence-row""><div class=""sentence"">The research <span class=""target-word"">facility</span> <span class=""collocation"">is</span> <span class=""collocation"">equipped</span> <span class=""collocation"">with</span> the latest technology to help scientists conduct their experiments more efficiently.</div><button class=""tts-button"" data-tts=""The research facility is equipped with the latest technology to help scientists conduct their experiments more efficiently."" onclick=""window.playTTS(this.getAttribute('data-tts'))""><svg viewBox=""0 0 24 24"" fill=""none"" stroke=""currentColor"" stroke-width=""2""><polygon points=""5 3 19 12 5 21 5 3""></polygon></svg></button></div><div class=""meta-section""><div class=""translation"">該研究設施配備了最新技術，以幫助科學家更有效率地進行實驗。</div><div class=""entry-explanation"">名詞用法，指研究場所。</div></div></div></div><div class=""related-forms""><span class=""label"">Related:</span> facilities</div></div>"
faithful	"<div class=""anki-card-content""><div class=""general-explanation"">形容詞「忠誠的/忠實的」。指對人忠誠或對事物準確。</div><div class=""entries-container""><div class=""entry""><div class=""sentence-row""><div class=""sentence"">Dogs are known for being <span class=""target-word"">faithful</span> <span class=""collocation"">companions</span> <span class=""collocation"">to</span> their owners, always staying by their side through good times and bad.</div><button class=""tts-button"" data-tts=""Dogs are known for being faithful companions to their owners, always staying by their side through good times and bad."" onclick=""window.playTTS(this.getAttribute('data-tts'))""><svg viewBox=""0 0 24 24"" fill=""none"" stroke=""currentColor"" stroke-width=""2""><polygon points=""5 3 19 12 5 21 5 3""></polygon></svg></button></div><div class=""meta-section""><div class=""translation"">狗以對主人忠誠的夥伴而聞名，無論好壞總是陪伴在他們身邊。</div><div class=""entry-explanation"">形容詞用法，指忠誠的。</div></div></div><div class=""entry""><div class=""sentence-row""><div class=""sentence"">The movie is a <span class=""target-word"">faithful</span> <span class=""collocation"">adaptation</span> <span class=""collocation"">of</span> the original novel, keeping all the important characters and plot twists intact.</div><button class=""tts-button"" data-tts=""The movie is a faithful adaptation of the original novel, keeping all the important characters and plot twists intact."" onclick=""window.playTTS(this.getAttribute('data-tts'))""><svg viewBox=""0 0 24 24"" fill=""none"" stroke=""currentColor"" stroke-width=""2""><polygon points=""5 3 19 12 5 21 5 3""></polygon></svg></button></div><div class=""meta-section""><div class=""translation"">這部電影是原著小說的忠實改編，保留了所有重要角色和情節轉折。</div><div class=""entry-explanation"">形容詞用法，指忠實的（改編或描述）。</div></div></div><div class=""entry""><div class=""sentence-row""><div class=""sentence"">He has been a <span class=""target-word"">faithful</span> <span class=""collocation"">supporter</span> <span class=""collocation"">of</span> the local football team for over twenty years, never missing a single game.</div><button class=""tts-button"" data-tts=""He has been a faithful supporter of the local football team for over twenty years, never missing a single game."" onclick=""window.playTTS(this.getAttribute('data-tts'))""><svg viewBox=""0 0 24 24"" fill=""none"" stroke=""currentColor"" stroke-width=""2""><polygon points=""5 3 19 12 5 21 5 3""></polygon></svg></button></div><div class=""meta-section""><div class=""translation"">他二十多年來一直是當地足球隊的忠實支持者，從未錯過任何一場比賽。</div><div class=""entry-explanation"">形容詞用法，指忠實的支持者。</div></div></div></div><div class=""related-forms""><span class=""label"">Related:</span> faith, faithfully</div></div>"
fame	"<div class=""anki-card-content""><div class=""general-explanation"">名詞「名聲/名氣」。常用搭配 rise to fame (成名)。</div><div class=""entries-container""><div class=""entry""><div class=""sentence-row""><div class=""sentence"">The young actor rose to <span class=""target-word"">fame</span> <span class=""collocation"">after</span> starring in the hit movie that became a global success last year.</div><button class=""tts-button"" data-tts=""The young actor rose to fame after starring in the hit movie that became a global success last year."" onclick=""window.playTTS(this.getAttribute('data-tts'))""><svg viewBox=""0 0 24 24"" fill=""none"" stroke=""currentColor"" stroke-width=""2""><polygon points=""5 3 19 12 5 21 5 3""></polygon></svg></button></div><div class=""meta-section""><div class=""translation"">那位年輕演員在主演了去年在全球取得成功的熱門電影後成名。</div><div class=""entry-explanation"">名詞用法，片語 rise to fame。</div></div></div><div class=""entry""><div class=""sentence-row""><div class=""sentence"">Despite his great <span class=""target-word"">fame</span> <span class=""collocation"">and</span> <span class=""collocation"">wealth</span>, he remains a humble person who enjoys helping those in need.</div><button class=""tts-button"" data-tts=""Despite his great fame and wealth, he remains a humble person who enjoys helping those in need."" onclick=""window.playTTS(this.getAttribute('data-tts'))""><svg viewBox=""0 0 24 24"" fill=""none"" stroke=""currentColor"" stroke-width=""2""><polygon points=""5 3 19 12 5 21 5 3""></polygon></svg></button></div><div class=""meta-section""><div class=""translation"">儘管他擁有巨大的名聲和財富，他仍然是一個樂於幫助有需要的人的謙虛之人。</div><div class=""entry-explanation"">名詞用法，指名氣。</div></div></div><div class=""entry""><div class=""sentence-row""><div class=""sentence"">She decided to leave the world of <span class=""target-word"">fame</span> <span class=""collocation"">behind</span> to live a quiet and simple life in the countryside.</div><button class=""tts-button"" data-tts=""She decided to leave the world of fame behind to live a quiet and simple life in the countryside."" onclick=""window.playTTS(this.getAttribute('data-tts'))""><svg viewBox=""0 0 24 24"" fill=""none"" stroke=""currentColor"" stroke-width=""2""><polygon points=""5 3 19 12 5 21 5 3""></polygon></svg></button></div><div class=""meta-section""><div class=""translation"">她決定拋下名利世界，到鄉下過著平靜簡單的生活。</div><div class=""entry-explanation"">名詞用法，指名利。</div></div></div></div><div class=""related-forms""><span class=""label"">Related:</span> famous</div></div>"
fantastic	"<div class=""anki-card-content""><div class=""general-explanation"">形容詞「極好的/幻想的」。口語中常用來表示「非常棒」。</div><div class=""entries-container""><div class=""entry""><div class=""sentence-row""><div class=""sentence"">We had a <span class=""target-word"">fantastic</span> <span class=""collocation"">time</span> <span class=""collocation"">at</span> the beach yesterday, enjoying the warm sun and the clear blue water.</div><button class=""tts-button"" data-tts=""We had a fantastic time at the beach yesterday, enjoying the warm sun and the clear blue water."" onclick=""window.playTTS(this.getAttribute('data-tts'))""><svg viewBox=""0 0 24 24"" fill=""none"" stroke=""currentColor"" stroke-width=""2""><polygon points=""5 3 19 12 5 21 5 3""></polygon></svg></button></div><div class=""meta-section""><div class=""translation"">我們昨天在海灘玩得很開心，享受著溫暖的陽光和清澈的藍色海水。</div><div class=""entry-explanation"">形容詞用法，指極好的體驗。</div></div></div><div class=""entry""><div class=""sentence-row""><div class=""sentence"">The author is famous for writing <span class=""target-word"">fantastic</span> <span class=""collocation"">stories</span> <span class=""collocation"">about</span> magical creatures living in a hidden world.</div><button class=""tts-button"" data-tts=""The author is famous for writing fantastic stories about magical creatures living in a hidden world."" onclick=""window.playTTS(this.getAttribute('data-tts'))""><svg viewBox=""0 0 24 24"" fill=""none"" stroke=""currentColor"" stroke-width=""2""><polygon points=""5 3 19 12 5 21 5 3""></polygon></svg></button></div><div class=""meta-section""><div class=""translation"">這位作家以撰寫關於生活在隱藏世界中的神奇生物的幻想故事而聞名。</div><div class=""entry-explanation"">形容詞用法，指幻想的。</div></div></div><div class=""entry""><div class=""sentence-row""><div class=""sentence"">That is a <span class=""target-word"">fantastic</span> <span class=""collocation"">idea</span>! I think we should start working on the project as soon as possible.</div><button class=""tts-button"" data-tts=""That is a fantastic idea! I think we should start working on the project as soon as possible."" onclick=""window.playTTS(this.getAttribute('data-tts'))""><svg viewBox=""0 0 24 24"" fill=""none"" stroke=""currentColor"" stroke-width=""2""><polygon points=""5 3 19 12 5 21 5 3""></polygon></svg></button></div><div class=""meta-section""><div class=""translation"">那真是個好主意！我想我們應該盡快開始進行這個專案。</div><div class=""entry-explanation"">形容詞用法，指極好的點子。</div></div></div></div><div class=""related-forms""><span class=""label"">Related:</span> fantasy</div></div>"
fantasy	"<div class=""anki-card-content""><div class=""general-explanation"">名詞「幻想/奇幻作品」。指想像中的事物或文學類型。</div><div class=""entries-container""><div class=""entry""><div class=""sentence-row""><div class=""sentence"">Living on a deserted island is just a <span class=""target-word"">fantasy</span> <span class=""collocation"">for</span> most people, but for some, it is a dream they want to achieve.</div><button class=""tts-button"" data-tts=""Living on a deserted island is just a fantasy for most people, but for some, it is a dream they want to achieve."" onclick=""window.playTTS(this.getAttribute('data-tts'))""><svg viewBox=""0 0 24 24"" fill=""none"" stroke=""currentColor"" stroke-width=""2""><polygon points=""5 3 19 12 5 21 5 3""></polygon></svg></button></div><div class=""meta-section""><div class=""translation"">住在荒島對大多數人來說只是一種幻想，但對某些人來說，這是他們想要實現的夢想。</div><div class=""entry-explanation"">名詞用法，指幻想。</div></div></div><div class=""entry""><div class=""sentence-row""><div class=""sentence"">He loves reading <span class=""target-word"">fantasy</span> <span class=""collocation"">novels</span> <span class=""collocation"">that</span> take him to different worlds filled with magic and adventure.</div><button class=""tts-button"" data-tts=""He loves reading fantasy novels that take him to different worlds filled with magic and adventure."" onclick=""window.playTTS(this.getAttribute('data-tts'))""><svg viewBox=""0 0 24 24"" fill=""none"" stroke=""currentColor"" stroke-width=""2""><polygon points=""5 3 19 12 5 21 5 3""></polygon></svg></button></div><div class=""meta-section""><div class=""translation"">他喜歡閱讀帶他進入充滿魔法和冒險的不同世界的奇幻小說。</div><div class=""entry-explanation"">名詞用法，指奇幻文學類型。</div></div></div><div class=""entry""><div class=""sentence-row""><div class=""sentence"">It is important to distinguish between reality and <span class=""target-word"">fantasy</span> <span class=""collocation"">to</span> avoid becoming disappointed with your own life.</div><button class=""tts-button"" data-tts=""It is important to distinguish between reality and fantasy to avoid becoming disappointed with your own life."" onclick=""window.playTTS(this.getAttribute('data-tts'))""><svg viewBox=""0 0 24 24"" fill=""none"" stroke=""currentColor"" stroke-width=""2""><polygon points=""5 3 19 12 5 21 5 3""></polygon></svg></button></div><div class=""meta-section""><div class=""translation"">區分現實與幻想很重要，以避免對自己的生活感到失望。</div><div class=""entry-explanation"">名詞用法，指幻想。</div></div></div></div><div class=""related-forms""><span class=""label"">Related:</span> fantastic</div></div>"
farewell	"<div class=""anki-card-content""><div class=""general-explanation"">名詞「告別/再見」。常用於正式場合或道別。</div><div class=""entries-container""><div class=""entry""><div class=""sentence-row""><div class=""sentence"">The students held a <span class=""target-word"">farewell</span> <span class=""collocation"">party</span> <span class=""collocation"">for</span> their favorite teacher who is retiring after thirty years of service.</div><button class=""tts-button"" data-tts=""The students held a farewell party for their favorite teacher who is retiring after thirty years of service."" onclick=""window.playTTS(this.getAttribute('data-tts'))""><svg viewBox=""0 0 24 24"" fill=""none"" stroke=""currentColor"" stroke-width=""2""><polygon points=""5 3 19 12 5 21 5 3""></polygon></svg></button></div><div class=""meta-section""><div class=""translation"">學生們為他們最喜愛的老師舉辦了告別派對，該老師在服務三十年後即將退休。</div><div class=""entry-explanation"">名詞用法，修飾 party。</div></div></div><div class=""entry""><div class=""sentence-row""><div class=""sentence"">It is always hard to say <span class=""target-word"">farewell</span> <span class=""collocation"">to</span> friends when you know you might not see them for a long time.</div><button class=""tts-button"" data-tts=""It is always hard to say farewell to friends when you know you might not see them for a long time."" onclick=""window.playTTS(this.getAttribute('data-tts'))""><svg viewBox=""0 0 24 24"" fill=""none"" stroke=""currentColor"" stroke-width=""2""><polygon points=""5 3 19 12 5 21 5 3""></polygon></svg></button></div><div class=""meta-section""><div class=""translation"">當你知道可能很長一段時間見不到朋友時，向他們道別總是很困難。</div><div class=""entry-explanation"">名詞用法，片語 say farewell to。</div></div></div><div class=""entry""><div class=""sentence-row""><div class=""sentence"">The captain gave a short <span class=""target-word"">farewell</span> <span class=""collocation"">speech</span> <span class=""collocation"">before</span> the ship left the harbor for the long journey ahead.</div><button class=""tts-button"" data-tts=""The captain gave a short farewell speech before the ship left the harbor for the long journey ahead."" onclick=""window.playTTS(this.getAttribute('data-tts'))""><svg viewBox=""0 0 24 24"" fill=""none"" stroke=""currentColor"" stroke-width=""2""><polygon points=""5 3 19 12 5 21 5 3""></polygon></svg></button></div><div class=""meta-section""><div class=""translation"">船長在船隻離開港口進行前方漫長旅程之前，發表了簡短的告別演說。</div><div class=""entry-explanation"">名詞用法，修飾 speech。</div></div></div></div></div>"
fasten	"<div class=""anki-card-content""><div class=""general-explanation"">動詞「繫緊/扣上」。常用於安全帶或鈕扣。</div><div class=""entries-container""><div class=""entry""><div class=""sentence-row""><div class=""sentence"">Please <span class=""target-word"">fasten</span> <span class=""collocation"">your</span> <span class=""collocation"">seat</span> <span class=""collocation"">belt</span> before the plane takes off to ensure your safety during the flight.</div><button class=""tts-button"" data-tts=""Please fasten your seat belt before the plane takes off to ensure your safety during the flight."" onclick=""window.playTTS(this.getAttribute('data-tts'))""><svg viewBox=""0 0 24 24"" fill=""none"" stroke=""currentColor"" stroke-width=""2""><polygon points=""5 3 19 12 5 21 5 3""></polygon></svg></button></div><div class=""meta-section""><div class=""translation"">請在飛機起飛前繫好安全帶，以確保您在飛行期間的安全。</div><div class=""entry-explanation"">動詞用法，常用搭配 fasten seat belt。</div></div></div><div class=""entry""><div class=""sentence-row""><div class=""sentence"">She <span class=""target-word"">fastened</span> <span class=""collocation"">the</span> <span class=""collocation"">buttons</span> <span class=""collocation"">of</span> her coat because the wind was blowing very hard outside.</div><button class=""tts-button"" data-tts=""She fastened the buttons of her coat because the wind was blowing very hard outside."" onclick=""window.playTTS(this.getAttribute('data-tts'))""><svg viewBox=""0 0 24 24"" fill=""none"" stroke=""currentColor"" stroke-width=""2""><polygon points=""5 3 19 12 5 21 5 3""></polygon></svg></button></div><div class=""meta-section""><div class=""translation"">她扣上了外套的鈕扣，因為外面的風吹得很大。</div><div class=""entry-explanation"">動詞用法，指扣上鈕扣。</div></div></div><div class=""entry""><div class=""sentence-row""><div class=""sentence"">Make sure you <span class=""target-word"">fasten</span> <span class=""collocation"">the</span> <span class=""collocation"">door</span> <span class=""collocation"">securely</span> so that no one can enter the room while you are away.</div><button class=""tts-button"" data-tts=""Make sure you fasten the door securely so that no one can enter the room while you are away."" onclick=""window.playTTS(this.getAttribute('data-tts'))""><svg viewBox=""0 0 24 24"" fill=""none"" stroke=""currentColor"" stroke-width=""2""><polygon points=""5 3 19 12 5 21 5 3""></polygon></svg></button></div><div class=""meta-section""><div class=""translation"">確保你將門鎖緊，這樣在你離開時就沒有人能進入房間。</div><div class=""entry-explanation"">動詞用法，指鎖緊或固定。</div></div></div></div><div class=""related-forms""><span class=""label"">Related:</span> fastens, fastened, fastening</div></div>"
fatal	"<div class=""anki-card-content""><div class=""general-explanation"">形容詞「致命的」。指導致死亡或毀滅性的。</div><div class=""entries-container""><div class=""entry""><div class=""sentence-row""><div class=""sentence"">The driver made a <span class=""target-word"">fatal</span> <span class=""collocation"">mistake</span> <span class=""collocation"">by</span> falling asleep at the wheel, which led to a serious car accident.</div><button class=""tts-button"" data-tts=""The driver made a fatal mistake by falling asleep at the wheel, which led to a serious car accident."" onclick=""window.playTTS(this.getAttribute('data-tts'))""><svg viewBox=""0 0 24 24"" fill=""none"" stroke=""currentColor"" stroke-width=""2""><polygon points=""5 3 19 12 5 21 5 3""></polygon></svg></button></div><div class=""meta-section""><div class=""translation"">駕駛因開車時睡著而犯了致命的錯誤，導致了一場嚴重的車禍。</div><div class=""entry-explanation"">形容詞用法，指致命的錯誤。</div></div></div><div class=""entry""><div class=""sentence-row""><div class=""sentence"">The virus can be <span class=""target-word"">fatal</span> <span class=""collocation"">to</span> elderly people or those who have existing health problems, so they must be careful.</div><button class=""tts-button"" data-tts=""The virus can be fatal to elderly people or those who have existing health problems, so they must be careful."" onclick=""window.playTTS(this.getAttribute('data-tts'))""><svg viewBox=""0 0 24 24"" fill=""none"" stroke=""currentColor"" stroke-width=""2""><polygon points=""5 3 19 12 5 21 5 3""></polygon></svg></button></div><div class=""meta-section""><div class=""translation"">這種病毒對老年人或有既有健康問題的人可能是致命的，所以他們必須小心。</div><div class=""entry-explanation"">形容詞用法，指對某人致命。</div></div></div><div class=""entry""><div class=""sentence-row""><div class=""sentence"">He suffered a <span class=""target-word"">fatal</span> <span class=""collocation"">injury</span> <span class=""collocation"">in</span> the accident and passed away shortly after arriving at the hospital.</div><button class=""tts-button"" data-tts=""He suffered a fatal injury in the accident and passed away shortly after arriving at the hospital."" onclick=""window.playTTS(this.getAttribute('data-tts'))""><svg viewBox=""0 0 24 24"" fill=""none"" stroke=""currentColor"" stroke-width=""2""><polygon points=""5 3 19 12 5 21 5 3""></polygon></svg></button></div><div class=""meta-section""><div class=""translation"">他在事故中受了致命傷，並在抵達醫院後不久去世。</div><div class=""entry-explanation"">形容詞用法，指致命的傷害。</div></div></div></div><div class=""related-forms""><span class=""label"">Related:</span> fatally</div></div>"
favorable	"<div class=""anki-card-content""><div class=""general-explanation"">形容詞「有利的、贊同的」。常搭配條件、反應或評價。注意拼字為 favorable (美式) 或 favourable (英式)。</div><div class=""entries-container""><div class=""entry""><div class=""sentence-row""><div class=""sentence"">The weather conditions were <span class=""target-word"">favorable</span> <span class=""collocation"">for</span> the outdoor sports competition, so all the students enjoyed the game under the bright sunshine.</div><button class=""tts-button"" data-tts=""The weather conditions were favorable for the outdoor sports competition, so all the students enjoyed the game under the bright sunshine."" onclick=""window.playTTS(this.getAttribute('data-tts'))""><svg viewBox=""0 0 24 24"" fill=""none"" stroke=""currentColor"" stroke-width=""2""><polygon points=""5 3 19 12 5 21 5 3""></polygon></svg></button></div><div class=""meta-section""><div class=""translation"">天氣條件對戶外運動競賽很有利，所以所有學生都在明亮的陽光下享受了比賽。</div><div class=""entry-explanation"">favorable for sth. 表示「對某事有利的」。</div></div></div><div class=""entry""><div class=""sentence-row""><div class=""sentence"">The new policy received a <span class=""target-word"">favorable</span> <span class=""collocation"">response</span> <span class=""collocation"">from</span> the public because it helps reduce the living costs for young families.</div><button class=""tts-button"" data-tts=""The new policy received a favorable response from the public because it helps reduce the living costs for young families."" onclick=""window.playTTS(this.getAttribute('data-tts'))""><svg viewBox=""0 0 24 24"" fill=""none"" stroke=""currentColor"" stroke-width=""2""><polygon points=""5 3 19 12 5 21 5 3""></polygon></svg></button></div><div class=""meta-section""><div class=""translation"">這項新政策得到了公眾的正面回應，因為它有助於降低年輕家庭的生活成本。</div><div class=""entry-explanation"">favorable response 表示「正面的/贊同的回應」。</div></div></div><div class=""entry""><div class=""sentence-row""><div class=""sentence"">With a <span class=""target-word"">favorable</span> <span class=""collocation"">impression</span> <span class=""collocation"">of</span> the candidate, the manager decided to offer him the job immediately after the interview.</div><button class=""tts-button"" data-tts=""With a favorable impression of the candidate, the manager decided to offer him the job immediately after the interview."" onclick=""window.playTTS(this.getAttribute('data-tts'))""><svg viewBox=""0 0 24 24"" fill=""none"" stroke=""currentColor"" stroke-width=""2""><polygon points=""5 3 19 12 5 21 5 3""></polygon></svg></button></div><div class=""meta-section""><div class=""translation"">對這位候選人有良好的印象，經理決定在面試後立即錄用他。</div><div class=""entry-explanation"">favorable impression 表示「良好的印象」。</div></div></div></div><div class=""related-forms""><span class=""label"">Related:</span> favor, favorably</div></div>"
fax	"<div class=""anki-card-content""><div class=""general-explanation"">名詞「傳真」；動詞「傳真」。雖然現代通訊發達，但在商務情境中仍偶爾使用。</div><div class=""entries-container""><div class=""entry""><div class=""sentence-row""><div class=""sentence"">Please <span class=""target-word"">fax</span> the signed contract <span class=""collocation"">to</span> our office before five o'clock so that we can process your application today.</div><button class=""tts-button"" data-tts=""Please fax the signed contract to our office before five o&#x27;clock so that we can process your application today."" onclick=""window.playTTS(this.getAttribute('data-tts'))""><svg viewBox=""0 0 24 24"" fill=""none"" stroke=""currentColor"" stroke-width=""2""><polygon points=""5 3 19 12 5 21 5 3""></polygon></svg></button></div><div class=""meta-section""><div class=""translation"">請在五點前將簽署的合約傳真到我們辦公室，以便我們今天能處理您的申請。</div><div class=""entry-explanation"">動詞用法，fax sth. to sb. 表示「傳真某物給某人」。</div></div></div><div class=""entry""><div class=""sentence-row""><div class=""sentence"">I sent a <span class=""target-word"">fax</span> <span class=""collocation"">to</span> the hotel to confirm my room reservation for the upcoming summer vacation.</div><button class=""tts-button"" data-tts=""I sent a fax to the hotel to confirm my room reservation for the upcoming summer vacation."" onclick=""window.playTTS(this.getAttribute('data-tts'))""><svg viewBox=""0 0 24 24"" fill=""none"" stroke=""currentColor"" stroke-width=""2""><polygon points=""5 3 19 12 5 21 5 3""></polygon></svg></button></div><div class=""meta-section""><div class=""translation"">我傳真了一份文件給飯店，以確認我即將到來的暑假訂房。</div><div class=""entry-explanation"">名詞用法，send a fax to sb. 表示「傳真給某人」。</div></div></div><div class=""entry""><div class=""sentence-row""><div class=""sentence"">The <span class=""target-word"">fax</span> <span class=""collocation"">machine</span> <span class=""collocation"">in</span> the library is broken, so you might need to find another way to send your documents.</div><button class=""tts-button"" data-tts=""The fax machine in the library is broken, so you might need to find another way to send your documents."" onclick=""window.playTTS(this.getAttribute('data-tts'))""><svg viewBox=""0 0 24 24"" fill=""none"" stroke=""currentColor"" stroke-width=""2""><polygon points=""5 3 19 12 5 21 5 3""></polygon></svg></button></div><div class=""meta-section""><div class=""translation"">圖書館的傳真機壞了，所以你可能需要找其他方式來寄送你的文件。</div><div class=""entry-explanation"">fax machine 是常見的複合名詞。</div></div></div></div><div class=""related-forms""><span class=""label"">Related:</span> faxes, faxed</div></div>"
feast	"<div class=""anki-card-content""><div class=""general-explanation"">名詞「盛宴、節日」；動詞「盡情享用」。常指豐盛的食物或感官享受。</div><div class=""entries-container""><div class=""entry""><div class=""sentence-row""><div class=""sentence"">The family prepared a grand <span class=""target-word"">feast</span> <span class=""collocation"">for</span> the Thanksgiving dinner, including a large turkey and many delicious side dishes.</div><button class=""tts-button"" data-tts=""The family prepared a grand feast for the Thanksgiving dinner, including a large turkey and many delicious side dishes."" onclick=""window.playTTS(this.getAttribute('data-tts'))""><svg viewBox=""0 0 24 24"" fill=""none"" stroke=""currentColor"" stroke-width=""2""><polygon points=""5 3 19 12 5 21 5 3""></polygon></svg></button></div><div class=""meta-section""><div class=""translation"">這家人為感恩節晚餐準備了一場盛宴，包括一隻大火雞和許多美味的配菜。</div><div class=""entry-explanation"">名詞用法，指豐盛的餐點。</div></div></div><div class=""entry""><div class=""sentence-row""><div class=""sentence"">We <span class=""target-word"">feasted</span> <span class=""collocation"">on</span> fresh seafood and local fruits during our wonderful trip to the coastal village last weekend.</div><button class=""tts-button"" data-tts=""We feasted on fresh seafood and local fruits during our wonderful trip to the coastal village last weekend."" onclick=""window.playTTS(this.getAttribute('data-tts'))""><svg viewBox=""0 0 24 24"" fill=""none"" stroke=""currentColor"" stroke-width=""2""><polygon points=""5 3 19 12 5 21 5 3""></polygon></svg></button></div><div class=""meta-section""><div class=""translation"">上週末我們去沿海村莊旅行時，盡情享用了新鮮的海鮮和當地水果。</div><div class=""entry-explanation"">動詞用法，feast on sth. 表示「盡情享用某物」。</div></div></div><div class=""entry""><div class=""sentence-row""><div class=""sentence"">The annual music festival is a real <span class=""target-word"">feast</span> <span class=""collocation"">for</span> the ears, attracting thousands of fans from all over the country.</div><button class=""tts-button"" data-tts=""The annual music festival is a real feast for the ears, attracting thousands of fans from all over the country."" onclick=""window.playTTS(this.getAttribute('data-tts'))""><svg viewBox=""0 0 24 24"" fill=""none"" stroke=""currentColor"" stroke-width=""2""><polygon points=""5 3 19 12 5 21 5 3""></polygon></svg></button></div><div class=""meta-section""><div class=""translation"">年度音樂節是一場真正的聽覺盛宴，吸引了來自全國各地的數千名粉絲。</div><div class=""entry-explanation"">名詞用法，a feast for the eyes/ears 指「視覺/聽覺的饗宴」。</div></div></div></div><div class=""related-forms""><span class=""label"">Related:</span> feasts, feasting</div></div>"
feedback	"<div class=""anki-card-content""><div class=""general-explanation"">名詞「回饋、意見」。注意此字為不可數名詞，不可加 s。</div><div class=""entries-container""><div class=""entry""><div class=""sentence-row""><div class=""sentence"">The teacher asked the students to provide <span class=""target-word"">feedback</span> <span class=""collocation"">on</span> the new teaching method so that she could improve her lessons.</div><button class=""tts-button"" data-tts=""The teacher asked the students to provide feedback on the new teaching method so that she could improve her lessons."" onclick=""window.playTTS(this.getAttribute('data-tts'))""><svg viewBox=""0 0 24 24"" fill=""none"" stroke=""currentColor"" stroke-width=""2""><polygon points=""5 3 19 12 5 21 5 3""></polygon></svg></button></div><div class=""meta-section""><div class=""translation"">老師請學生對新的教學方法提供回饋，以便她能改進課程。</div><div class=""entry-explanation"">feedback on sth. 表示「對某事的意見」。</div></div></div><div class=""entry""><div class=""sentence-row""><div class=""sentence"">We appreciate your valuable <span class=""target-word"">feedback</span>, which helps us understand how to serve our customers better in the future.</div><button class=""tts-button"" data-tts=""We appreciate your valuable feedback, which helps us understand how to serve our customers better in the future."" onclick=""window.playTTS(this.getAttribute('data-tts'))""><svg viewBox=""0 0 24 24"" fill=""none"" stroke=""currentColor"" stroke-width=""2""><polygon points=""5 3 19 12 5 21 5 3""></polygon></svg></button></div><div class=""meta-section""><div class=""translation"">我們感謝您寶貴的意見，這有助於我們了解未來如何更好地服務客戶。</div><div class=""entry-explanation"">valuable feedback 是常見搭配。</div></div></div><div class=""entry""><div class=""sentence-row""><div class=""sentence"">After the presentation, the manager gave some positive <span class=""target-word"">feedback</span> <span class=""collocation"">to</span> the team members about their hard work.</div><button class=""tts-button"" data-tts=""After the presentation, the manager gave some positive feedback to the team members about their hard work."" onclick=""window.playTTS(this.getAttribute('data-tts'))""><svg viewBox=""0 0 24 24"" fill=""none"" stroke=""currentColor"" stroke-width=""2""><polygon points=""5 3 19 12 5 21 5 3""></polygon></svg></button></div><div class=""meta-section""><div class=""translation"">簡報結束後，經理給了團隊成員一些關於他們辛勤工作的正面回饋。</div><div class=""entry-explanation"">give feedback to sb. 表示「給某人回饋」。</div></div></div></div><div class=""related-forms""><span class=""label"">Related:</span> feedbacks</div></div>"
ferry	"<div class=""anki-card-content""><div class=""general-explanation"">名詞「渡輪」；動詞「運送」。指在兩岸間往返的交通工具或行為。</div><div class=""entries-container""><div class=""entry""><div class=""sentence-row""><div class=""sentence"">We took a <span class=""target-word"">ferry</span> <span class=""collocation"">across</span> the river to reach the small island where we spent a relaxing afternoon.</div><button class=""tts-button"" data-tts=""We took a ferry across the river to reach the small island where we spent a relaxing afternoon."" onclick=""window.playTTS(this.getAttribute('data-tts'))""><svg viewBox=""0 0 24 24"" fill=""none"" stroke=""currentColor"" stroke-width=""2""><polygon points=""5 3 19 12 5 21 5 3""></polygon></svg></button></div><div class=""meta-section""><div class=""translation"">我們搭乘渡輪過河，到達了我們度過輕鬆下午的小島。</div><div class=""entry-explanation"">名詞用法，take a ferry 表示「搭乘渡輪」。</div></div></div><div class=""entry""><div class=""sentence-row""><div class=""sentence"">The small boat <span class=""target-word"">ferried</span> passengers <span class=""collocation"">between</span> the two islands every hour throughout the busy summer season.</div><button class=""tts-button"" data-tts=""The small boat ferried passengers between the two islands every hour throughout the busy summer season."" onclick=""window.playTTS(this.getAttribute('data-tts'))""><svg viewBox=""0 0 24 24"" fill=""none"" stroke=""currentColor"" stroke-width=""2""><polygon points=""5 3 19 12 5 21 5 3""></polygon></svg></button></div><div class=""meta-section""><div class=""translation"">在繁忙的夏季，這艘小船每小時在兩座島嶼之間運送乘客。</div><div class=""entry-explanation"">動詞用法，ferry sb./sth. between A and B 表示「在A與B之間運送」。</div></div></div><div class=""entry""><div class=""sentence-row""><div class=""sentence"">The <span class=""target-word"">ferry</span> <span class=""collocation"">terminal</span> is located near the city center, making it very convenient for tourists to travel to the nearby islands.</div><button class=""tts-button"" data-tts=""The ferry terminal is located near the city center, making it very convenient for tourists to travel to the nearby islands."" onclick=""window.playTTS(this.getAttribute('data-tts'))""><svg viewBox=""0 0 24 24"" fill=""none"" stroke=""currentColor"" stroke-width=""2""><polygon points=""5 3 19 12 5 21 5 3""></polygon></svg></button></div><div class=""meta-section""><div class=""translation"">渡輪碼頭位於市中心附近，這使得遊客前往附近的島嶼非常方便。</div><div class=""entry-explanation"">ferry terminal 是常見的複合名詞。</div></div></div></div><div class=""related-forms""><span class=""label"">Related:</span> ferries, ferried</div></div>"
fertile	"<div class=""anki-card-content""><div class=""general-explanation"">形容詞「肥沃的、多產的」。常用於描述土地或想像力。</div><div class=""entries-container""><div class=""entry""><div class=""sentence-row""><div class=""sentence"">The <span class=""target-word"">fertile</span> <span class=""collocation"">soil</span> <span class=""collocation"">in</span> this valley is perfect for growing various vegetables and fruits throughout the year.</div><button class=""tts-button"" data-tts=""The fertile soil in this valley is perfect for growing various vegetables and fruits throughout the year."" onclick=""window.playTTS(this.getAttribute('data-tts'))""><svg viewBox=""0 0 24 24"" fill=""none"" stroke=""currentColor"" stroke-width=""2""><polygon points=""5 3 19 12 5 21 5 3""></polygon></svg></button></div><div class=""meta-section""><div class=""translation"">這個山谷肥沃的土壤非常適合全年種植各種蔬菜和水果。</div><div class=""entry-explanation"">fertile soil 表示「肥沃的土壤」。</div></div></div><div class=""entry""><div class=""sentence-row""><div class=""sentence"">The artist has a <span class=""target-word"">fertile</span> <span class=""collocation"">imagination</span>, which allows him to create many unique and beautiful paintings every year.</div><button class=""tts-button"" data-tts=""The artist has a fertile imagination, which allows him to create many unique and beautiful paintings every year."" onclick=""window.playTTS(this.getAttribute('data-tts'))""><svg viewBox=""0 0 24 24"" fill=""none"" stroke=""currentColor"" stroke-width=""2""><polygon points=""5 3 19 12 5 21 5 3""></polygon></svg></button></div><div class=""meta-section""><div class=""translation"">這位藝術家有豐富的想像力，這使他每年都能創作出許多獨特而美麗的畫作。</div><div class=""entry-explanation"">fertile imagination 表示「豐富的想像力」。</div></div></div><div class=""entry""><div class=""sentence-row""><div class=""sentence"">Farmers work hard to keep the land <span class=""target-word"">fertile</span> <span class=""collocation"">by</span> using natural fertilizers and rotating their crops every season.</div><button class=""tts-button"" data-tts=""Farmers work hard to keep the land fertile by using natural fertilizers and rotating their crops every season."" onclick=""window.playTTS(this.getAttribute('data-tts'))""><svg viewBox=""0 0 24 24"" fill=""none"" stroke=""currentColor"" stroke-width=""2""><polygon points=""5 3 19 12 5 21 5 3""></polygon></svg></button></div><div class=""meta-section""><div class=""translation"">農夫們努力透過使用天然肥料和每季輪作來保持土地肥沃。</div><div class=""entry-explanation"">keep the land fertile 表示「保持土地肥沃」。</div></div></div></div><div class=""related-forms""><span class=""label"">Related:</span> fertility, fertilize</div></div>"
fetch	"<div class=""anki-card-content""><div class=""general-explanation"">動詞「去拿來、取回」。常指去某處拿東西並帶回來。</div><div class=""entries-container""><div class=""entry""><div class=""sentence-row""><div class=""sentence"">Could you please <span class=""target-word"">fetch</span> a glass <span class=""collocation"">of</span> water <span class=""collocation"">for</span> me? I am feeling a bit thirsty after the long run.</div><button class=""tts-button"" data-tts=""Could you please fetch a glass of water for me? I am feeling a bit thirsty after the long run."" onclick=""window.playTTS(this.getAttribute('data-tts'))""><svg viewBox=""0 0 24 24"" fill=""none"" stroke=""currentColor"" stroke-width=""2""><polygon points=""5 3 19 12 5 21 5 3""></polygon></svg></button></div><div class=""meta-section""><div class=""translation"">你可以幫我拿杯水嗎？長跑後我感到有點口渴。</div><div class=""entry-explanation"">fetch sth. for sb. 表示「幫某人拿某物」。</div></div></div><div class=""entry""><div class=""sentence-row""><div class=""sentence"">The dog loves to play with a ball; it will always run to <span class=""target-word"">fetch</span> it whenever I throw it far away.</div><button class=""tts-button"" data-tts=""The dog loves to play with a ball; it will always run to fetch it whenever I throw it far away."" onclick=""window.playTTS(this.getAttribute('data-tts'))""><svg viewBox=""0 0 24 24"" fill=""none"" stroke=""currentColor"" stroke-width=""2""><polygon points=""5 3 19 12 5 21 5 3""></polygon></svg></button></div><div class=""meta-section""><div class=""translation"">這隻狗很喜歡玩球；每當我把它丟遠時，牠總會跑去把它撿回來。</div><div class=""entry-explanation"">fetch 常用於描述狗撿球的動作。</div></div></div><div class=""entry""><div class=""sentence-row""><div class=""sentence"">I need to <span class=""target-word"">fetch</span> my sister <span class=""collocation"">from</span> the airport because her flight arrives late at night.</div><button class=""tts-button"" data-tts=""I need to fetch my sister from the airport because her flight arrives late at night."" onclick=""window.playTTS(this.getAttribute('data-tts'))""><svg viewBox=""0 0 24 24"" fill=""none"" stroke=""currentColor"" stroke-width=""2""><polygon points=""5 3 19 12 5 21 5 3""></polygon></svg></button></div><div class=""meta-section""><div class=""translation"">我需要去機場接我妹妹，因為她的班機很晚才到。</div><div class=""entry-explanation"">fetch sb. from a place 表示「去某地接某人」。</div></div></div></div><div class=""related-forms""><span class=""label"">Related:</span> fetches, fetched</div></div>"
fiction	"<div class=""anki-card-content""><div class=""general-explanation"">名詞「小說、虛構故事」。與 nonfiction (非小說/紀實文學) 相對。</div><div class=""entries-container""><div class=""entry""><div class=""sentence-row""><div class=""sentence"">She enjoys reading science <span class=""target-word"">fiction</span> because it allows her to explore different worlds and future possibilities.</div><button class=""tts-button"" data-tts=""She enjoys reading science fiction because it allows her to explore different worlds and future possibilities."" onclick=""window.playTTS(this.getAttribute('data-tts'))""><svg viewBox=""0 0 24 24"" fill=""none"" stroke=""currentColor"" stroke-width=""2""><polygon points=""5 3 19 12 5 21 5 3""></polygon></svg></button></div><div class=""meta-section""><div class=""translation"">她喜歡閱讀科幻小說，因為這讓她能探索不同的世界和未來的可能性。</div><div class=""entry-explanation"">science fiction 是常見的類型。</div></div></div><div class=""entry""><div class=""sentence-row""><div class=""sentence"">Although the story is based <span class=""collocation"">on</span> real events, the author added some <span class=""target-word"">fiction</span> to make the plot more exciting.</div><button class=""tts-button"" data-tts=""Although the story is based on real events, the author added some fiction to make the plot more exciting."" onclick=""window.playTTS(this.getAttribute('data-tts'))""><svg viewBox=""0 0 24 24"" fill=""none"" stroke=""currentColor"" stroke-width=""2""><polygon points=""5 3 19 12 5 21 5 3""></polygon></svg></button></div><div class=""meta-section""><div class=""translation"">雖然這個故事是基於真實事件，但作者加入了一些虛構情節，使劇情更刺激。</div><div class=""entry-explanation"">fiction 在此指「虛構的成分」。</div></div></div><div class=""entry""><div class=""sentence-row""><div class=""sentence"">Many people find it difficult to distinguish between fact and <span class=""target-word"">fiction</span> when they read news on the internet.</div><button class=""tts-button"" data-tts=""Many people find it difficult to distinguish between fact and fiction when they read news on the internet."" onclick=""window.playTTS(this.getAttribute('data-tts'))""><svg viewBox=""0 0 24 24"" fill=""none"" stroke=""currentColor"" stroke-width=""2""><polygon points=""5 3 19 12 5 21 5 3""></polygon></svg></button></div><div class=""meta-section""><div class=""translation"">許多人在網路上閱讀新聞時，發現很難區分事實與虛構。</div><div class=""entry-explanation"">fact and fiction 是常見的對比搭配。</div></div></div></div><div class=""related-forms""><span class=""label"">Related:</span> fictional</div></div>"
fierce	"<div class=""anki-card-content""><div class=""general-explanation"">形容詞「激烈的、兇猛的」。可用於描述競爭、天氣或動物。</div><div class=""entries-container""><div class=""entry""><div class=""sentence-row""><div class=""sentence"">There was <span class=""target-word"">fierce</span> <span class=""collocation"">competition</span> <span class=""collocation"">among</span> the students to win the first prize in the national writing contest.</div><button class=""tts-button"" data-tts=""There was fierce competition among the students to win the first prize in the national writing contest."" onclick=""window.playTTS(this.getAttribute('data-tts'))""><svg viewBox=""0 0 24 24"" fill=""none"" stroke=""currentColor"" stroke-width=""2""><polygon points=""5 3 19 12 5 21 5 3""></polygon></svg></button></div><div class=""meta-section""><div class=""translation"">學生之間為了贏得全國寫作比賽的第一名，競爭非常激烈。</div><div class=""entry-explanation"">fierce competition 表示「激烈的競爭」。</div></div></div><div class=""entry""><div class=""sentence-row""><div class=""sentence"">The <span class=""target-word"">fierce</span> <span class=""collocation"">storm</span> caused a lot of damage to the houses and trees in the small village last night.</div><button class=""tts-button"" data-tts=""The fierce storm caused a lot of damage to the houses and trees in the small village last night."" onclick=""window.playTTS(this.getAttribute('data-tts'))""><svg viewBox=""0 0 24 24"" fill=""none"" stroke=""currentColor"" stroke-width=""2""><polygon points=""5 3 19 12 5 21 5 3""></polygon></svg></button></div><div class=""meta-section""><div class=""translation"">昨晚猛烈的暴風雨對小村莊的房屋和樹木造成了很大的損壞。</div><div class=""entry-explanation"">fierce storm 表示「猛烈的暴風雨」。</div></div></div><div class=""entry""><div class=""sentence-row""><div class=""sentence"">The lion is known for its <span class=""target-word"">fierce</span> <span class=""collocation"">nature</span>, but it usually only attacks when it feels threatened by others.</div><button class=""tts-button"" data-tts=""The lion is known for its fierce nature, but it usually only attacks when it feels threatened by others."" onclick=""window.playTTS(this.getAttribute('data-tts'))""><svg viewBox=""0 0 24 24"" fill=""none"" stroke=""currentColor"" stroke-width=""2""><polygon points=""5 3 19 12 5 21 5 3""></polygon></svg></button></div><div class=""meta-section""><div class=""translation"">獅子以其兇猛的本性聞名，但牠通常只有在感到被威脅時才會攻擊。</div><div class=""entry-explanation"">fierce nature 表示「兇猛的本性」。</div></div></div></div><div class=""related-forms""><span class=""label"">Related:</span> fiercely</div></div>"
finance	"<div class=""anki-card-content""><div class=""general-explanation"">名詞「財務、金融」；動詞「資助」。注意重音位置，名詞重音在第一音節，動詞重音在第二音節。</div><div class=""entries-container""><div class=""entry""><div class=""sentence-row""><div class=""sentence"">He decided to study <span class=""target-word"">finance</span> <span class=""collocation"">at</span> the university because he wants to work in a bank in the future.</div><button class=""tts-button"" data-tts=""He decided to study finance at the university because he wants to work in a bank in the future."" onclick=""window.playTTS(this.getAttribute('data-tts'))""><svg viewBox=""0 0 24 24"" fill=""none"" stroke=""currentColor"" stroke-width=""2""><polygon points=""5 3 19 12 5 21 5 3""></polygon></svg></button></div><div class=""meta-section""><div class=""translation"">他決定在大學學習金融，因為他未來想在銀行工作。</div><div class=""entry-explanation"">名詞用法，指金融學科或財務狀況。</div></div></div><div class=""entry""><div class=""sentence-row""><div class=""sentence"">The government will <span class=""target-word"">finance</span> the new project <span class=""collocation"">to</span> build more public parks in the city center.</div><button class=""tts-button"" data-tts=""The government will finance the new project to build more public parks in the city center."" onclick=""window.playTTS(this.getAttribute('data-tts'))""><svg viewBox=""0 0 24 24"" fill=""none"" stroke=""currentColor"" stroke-width=""2""><polygon points=""5 3 19 12 5 21 5 3""></polygon></svg></button></div><div class=""meta-section""><div class=""translation"">政府將資助這項在市中心興建更多公園的新計畫。</div><div class=""entry-explanation"">動詞用法，finance sth. 表示「資助某計畫」。</div></div></div><div class=""entry""><div class=""sentence-row""><div class=""sentence"">The company is having some <span class=""target-word"">finance</span> <span class=""collocation"">problems</span> because of the recent economic downturn in the market.</div><button class=""tts-button"" data-tts=""The company is having some finance problems because of the recent economic downturn in the market."" onclick=""window.playTTS(this.getAttribute('data-tts'))""><svg viewBox=""0 0 24 24"" fill=""none"" stroke=""currentColor"" stroke-width=""2""><polygon points=""5 3 19 12 5 21 5 3""></polygon></svg></button></div><div class=""meta-section""><div class=""translation"">由於市場最近的經濟衰退，這家公司正遇到一些財務問題。</div><div class=""entry-explanation"">finance problems 表示「財務問題」。</div></div></div></div><div class=""related-forms""><span class=""label"">Related:</span> finances, financed</div></div>"
financial	"<div class=""anki-card-content""><div class=""general-explanation"">形容詞「財務的、金融的」。常用於描述與錢有關的事務。</div><div class=""entries-container""><div class=""entry""><div class=""sentence-row""><div class=""sentence"">The company is facing a serious <span class=""target-word"">financial</span> <span class=""collocation"">crisis</span> and may need to cut down on its expenses.</div><button class=""tts-button"" data-tts=""The company is facing a serious financial crisis and may need to cut down on its expenses."" onclick=""window.playTTS(this.getAttribute('data-tts'))""><svg viewBox=""0 0 24 24"" fill=""none"" stroke=""currentColor"" stroke-width=""2""><polygon points=""5 3 19 12 5 21 5 3""></polygon></svg></button></div><div class=""meta-section""><div class=""translation"">這家公司正面臨嚴重的財務危機，可能需要削減開支。</div><div class=""entry-explanation"">financial crisis 表示「財務危機」。</div></div></div><div class=""entry""><div class=""sentence-row""><div class=""sentence"">Students can apply for <span class=""target-word"">financial</span> <span class=""collocation"">aid</span> <span class=""collocation"">from</span> the school if they have difficulty paying their tuition fees.</div><button class=""tts-button"" data-tts=""Students can apply for financial aid from the school if they have difficulty paying their tuition fees."" onclick=""window.playTTS(this.getAttribute('data-tts'))""><svg viewBox=""0 0 24 24"" fill=""none"" stroke=""currentColor"" stroke-width=""2""><polygon points=""5 3 19 12 5 21 5 3""></polygon></svg></button></div><div class=""meta-section""><div class=""translation"">如果學生在支付學費方面有困難，可以向學校申請財務補助。</div><div class=""entry-explanation"">financial aid 表示「財務補助」。</div></div></div><div class=""entry""><div class=""sentence-row""><div class=""sentence"">It is important to have a good <span class=""target-word"">financial</span> <span class=""collocation"">plan</span> to manage your savings and future investments effectively.</div><button class=""tts-button"" data-tts=""It is important to have a good financial plan to manage your savings and future investments effectively."" onclick=""window.playTTS(this.getAttribute('data-tts'))""><svg viewBox=""0 0 24 24"" fill=""none"" stroke=""currentColor"" stroke-width=""2""><polygon points=""5 3 19 12 5 21 5 3""></polygon></svg></button></div><div class=""meta-section""><div class=""translation"">擁有良好的財務計畫來有效管理你的儲蓄和未來投資是很重要的。</div><div class=""entry-explanation"">financial plan 表示「財務計畫」。</div></div></div></div><div class=""related-forms""><span class=""label"">Related:</span> financially</div></div>"
fireplace	"<div class=""anki-card-content""><div class=""general-explanation"">名詞「壁爐」。常與寒冷天氣或溫馨家庭場景連結。</div><div class=""entries-container""><div class=""entry""><div class=""sentence-row""><div class=""sentence"">We sat <span class=""collocation"">by</span> the <span class=""target-word"">fireplace</span> to keep warm while it was snowing heavily outside the house.</div><button class=""tts-button"" data-tts=""We sat by the fireplace to keep warm while it was snowing heavily outside the house."" onclick=""window.playTTS(this.getAttribute('data-tts'))""><svg viewBox=""0 0 24 24"" fill=""none"" stroke=""currentColor"" stroke-width=""2""><polygon points=""5 3 19 12 5 21 5 3""></polygon></svg></button></div><div class=""meta-section""><div class=""translation"">我們坐在壁爐旁取暖，同時房子外面正下著大雪。</div><div class=""entry-explanation"">sit by the fireplace 表示「坐在壁爐旁」。</div></div></div><div class=""entry""><div class=""sentence-row""><div class=""sentence"">The family hung their socks <span class=""collocation"">above</span> the <span class=""target-word"">fireplace</span> on Christmas Eve, hoping to receive gifts from Santa Claus.</div><button class=""tts-button"" data-tts=""The family hung their socks above the fireplace on Christmas Eve, hoping to receive gifts from Santa Claus."" onclick=""window.playTTS(this.getAttribute('data-tts'))""><svg viewBox=""0 0 24 24"" fill=""none"" stroke=""currentColor"" stroke-width=""2""><polygon points=""5 3 19 12 5 21 5 3""></polygon></svg></button></div><div class=""meta-section""><div class=""translation"">平安夜時，這家人把襪子掛在壁爐上方，希望能收到聖誕老人的禮物。</div><div class=""entry-explanation"">above the fireplace 表示「在壁爐上方」。</div></div></div><div class=""entry""><div class=""sentence-row""><div class=""sentence"">The living room looks very cozy with a large <span class=""target-word"">fireplace</span> and comfortable chairs for everyone to relax.</div><button class=""tts-button"" data-tts=""The living room looks very cozy with a large fireplace and comfortable chairs for everyone to relax."" onclick=""window.playTTS(this.getAttribute('data-tts'))""><svg viewBox=""0 0 24 24"" fill=""none"" stroke=""currentColor"" stroke-width=""2""><polygon points=""5 3 19 12 5 21 5 3""></polygon></svg></button></div><div class=""meta-section""><div class=""translation"">客廳看起來非常舒適，有一個大壁爐和讓每個人放鬆的舒適椅子。</div><div class=""entry-explanation"">名詞用法，描述居家環境。</div></div></div></div><div class=""related-forms""><span class=""label"">Related:</span> fireplaces</div></div>"
flatter	"<div class=""anki-card-content""><div class=""general-explanation"">動詞「奉承、討好」。指為了某種目的而說好話。</div><div class=""entries-container""><div class=""entry""><div class=""sentence-row""><div class=""sentence"">He tried to <span class=""target-word"">flatter</span> his boss <span class=""collocation"">by</span> giving him many compliments, hoping to get a promotion soon.</div><button class=""tts-button"" data-tts=""He tried to flatter his boss by giving him many compliments, hoping to get a promotion soon."" onclick=""window.playTTS(this.getAttribute('data-tts'))""><svg viewBox=""0 0 24 24"" fill=""none"" stroke=""currentColor"" stroke-width=""2""><polygon points=""5 3 19 12 5 21 5 3""></polygon></svg></button></div><div class=""meta-section""><div class=""translation"">他試圖透過給老闆許多讚美來奉承他，希望很快能獲得升遷。</div><div class=""entry-explanation"">flatter sb. by doing sth. 表示「透過做某事來奉承某人」。</div></div></div><div class=""entry""><div class=""sentence-row""><div class=""sentence"">I was <span class=""target-word"">flattered</span> <span class=""collocation"">by</span> her kind words, but I knew she was just trying to be polite to me.</div><button class=""tts-button"" data-tts=""I was flattered by her kind words, but I knew she was just trying to be polite to me."" onclick=""window.playTTS(this.getAttribute('data-tts'))""><svg viewBox=""0 0 24 24"" fill=""none"" stroke=""currentColor"" stroke-width=""2""><polygon points=""5 3 19 12 5 21 5 3""></polygon></svg></button></div><div class=""meta-section""><div class=""translation"">我對她的好話感到受寵若驚，但我知道她只是試著對我有禮貌。</div><div class=""entry-explanation"">be flattered by sth. 表示「對某事感到受寵若驚」。</div></div></div><div class=""entry""><div class=""sentence-row""><div class=""sentence"">Don't let his sweet words <span class=""target-word"">flatter</span> you; he often says things he doesn't really mean.</div><button class=""tts-button"" data-tts=""Don&#x27;t let his sweet words flatter you; he often says things he doesn&#x27;t really mean."" onclick=""window.playTTS(this.getAttribute('data-tts'))""><svg viewBox=""0 0 24 24"" fill=""none"" stroke=""currentColor"" stroke-width=""2""><polygon points=""5 3 19 12 5 21 5 3""></polygon></svg></button></div><div class=""meta-section""><div class=""translation"">別被他的甜言蜜語給奉承到了；他常說些他並非真心實意的話。</div><div class=""entry-explanation"">動詞用法，指被言語所迷惑。</div></div></div></div><div class=""related-forms""><span class=""label"">Related:</span> flatters, flattered, flattery</div></div>"
flea	"<div class=""anki-card-content""><div class=""general-explanation"">名詞「跳蚤」。常與寵物衛生相關。</div><div class=""entries-container""><div class=""entry""><div class=""sentence-row""><div class=""sentence"">The dog was scratching itself because it had <span class=""target-word"">flea</span> <span class=""collocation"">bites</span> all over its body after playing in the grass.</div><button class=""tts-button"" data-tts=""The dog was scratching itself because it had flea bites all over its body after playing in the grass."" onclick=""window.playTTS(this.getAttribute('data-tts'))""><svg viewBox=""0 0 24 24"" fill=""none"" stroke=""currentColor"" stroke-width=""2""><polygon points=""5 3 19 12 5 21 5 3""></polygon></svg></button></div><div class=""meta-section""><div class=""translation"">這隻狗一直在抓癢，因為牠在草地上玩耍後全身都是跳蚤咬的痕跡。</div><div class=""entry-explanation"">flea bites 表示「跳蚤咬痕」。</div></div></div><div class=""entry""><div class=""sentence-row""><div class=""sentence"">You should take your cat to the vet to get some <span class=""target-word"">flea</span> <span class=""collocation"">medicine</span> to keep it healthy and clean.</div><button class=""tts-button"" data-tts=""You should take your cat to the vet to get some flea medicine to keep it healthy and clean."" onclick=""window.playTTS(this.getAttribute('data-tts'))""><svg viewBox=""0 0 24 24"" fill=""none"" stroke=""currentColor"" stroke-width=""2""><polygon points=""5 3 19 12 5 21 5 3""></polygon></svg></button></div><div class=""meta-section""><div class=""translation"">你應該帶你的貓去看獸醫，買些除跳蚤藥，以保持牠健康乾淨。</div><div class=""entry-explanation"">flea medicine 表示「除跳蚤藥」。</div></div></div><div class=""entry""><div class=""sentence-row""><div class=""sentence"">The <span class=""target-word"">flea</span> <span class=""collocation"">market</span> is a great place to find old books, clothes, and unique items at very low prices.</div><button class=""tts-button"" data-tts=""The flea market is a great place to find old books, clothes, and unique items at very low prices."" onclick=""window.playTTS(this.getAttribute('data-tts'))""><svg viewBox=""0 0 24 24"" fill=""none"" stroke=""currentColor"" stroke-width=""2""><polygon points=""5 3 19 12 5 21 5 3""></polygon></svg></button></div><div class=""meta-section""><div class=""translation"">跳蚤市場是一個能以非常低的價格找到舊書、衣服和獨特物品的好地方。</div><div class=""entry-explanation"">flea market 是固定用法，指「跳蚤市場」。</div></div></div></div><div class=""related-forms""><span class=""label"">Related:</span> fleas</div></div>"
flee	"<div class=""anki-card-content""><div class=""general-explanation"">動詞「逃跑、逃離」。通常指為了躲避危險而離開。注意過去式與過去分詞為 fled。</div><div class=""entries-container""><div class=""entry""><div class=""sentence-row""><div class=""sentence"">Many people had to <span class=""target-word"">flee</span> <span class=""collocation"">from</span> their homes when the war started in their country last year.</div><button class=""tts-button"" data-tts=""Many people had to flee from their homes when the war started in their country last year."" onclick=""window.playTTS(this.getAttribute('data-tts'))""><svg viewBox=""0 0 24 24"" fill=""none"" stroke=""currentColor"" stroke-width=""2""><polygon points=""5 3 19 12 5 21 5 3""></polygon></svg></button></div><div class=""meta-section""><div class=""translation"">去年當他們的國家爆發戰爭時，許多人不得不逃離家園。</div><div class=""entry-explanation"">flee from a place 表示「從某地逃離」。</div></div></div><div class=""entry""><div class=""sentence-row""><div class=""sentence"">The thief <span class=""target-word"">fled</span> <span class=""collocation"">the</span> <span class=""collocation"">scene</span> immediately after the police arrived at the bank to investigate the robbery.</div><button class=""tts-button"" data-tts=""The thief fled the scene immediately after the police arrived at the bank to investigate the robbery."" onclick=""window.playTTS(this.getAttribute('data-tts'))""><svg viewBox=""0 0 24 24"" fill=""none"" stroke=""currentColor"" stroke-width=""2""><polygon points=""5 3 19 12 5 21 5 3""></polygon></svg></button></div><div class=""meta-section""><div class=""translation"">警察到達銀行調查搶案後，小偷立刻逃離了現場。</div><div class=""entry-explanation"">flee the scene 表示「逃離現場」。</div></div></div><div class=""entry""><div class=""sentence-row""><div class=""sentence"">The animals <span class=""target-word"">fled</span> <span class=""collocation"">in</span> <span class=""collocation"">terror</span> when they heard the loud noise of the forest fire nearby.</div><button class=""tts-button"" data-tts=""The animals fled in terror when they heard the loud noise of the forest fire nearby."" onclick=""window.playTTS(this.getAttribute('data-tts'))""><svg viewBox=""0 0 24 24"" fill=""none"" stroke=""currentColor"" stroke-width=""2""><polygon points=""5 3 19 12 5 21 5 3""></polygon></svg></button></div><div class=""meta-section""><div class=""translation"">當動物們聽到附近森林大火的巨大聲響時，牠們驚恐地逃跑了。</div><div class=""entry-explanation"">flee in terror 表示「驚恐地逃跑」。</div></div></div></div><div class=""related-forms""><span class=""label"">Related:</span> flees, fled</div></div>"
flexible	"<div class=""anki-card-content""><div class=""general-explanation"">形容詞「靈活的、有彈性的」。可用於描述時間、計畫或身體。</div><div class=""entries-container""><div class=""entry""><div class=""sentence-row""><div class=""sentence"">Our company has a <span class=""target-word"">flexible</span> <span class=""collocation"">working</span> <span class=""collocation"">schedule</span>, which allows employees to choose their own hours.</div><button class=""tts-button"" data-tts=""Our company has a flexible working schedule, which allows employees to choose their own hours."" onclick=""window.playTTS(this.getAttribute('data-tts'))""><svg viewBox=""0 0 24 24"" fill=""none"" stroke=""currentColor"" stroke-width=""2""><polygon points=""5 3 19 12 5 21 5 3""></polygon></svg></button></div><div class=""meta-section""><div class=""translation"">我們公司有靈活的工作時間表，這讓員工可以選擇自己的工作時數。</div><div class=""entry-explanation"">flexible working schedule 表示「靈活的工作時間表」。</div></div></div><div class=""entry""><div class=""sentence-row""><div class=""sentence"">You need to be <span class=""target-word"">flexible</span> <span class=""collocation"">with</span> your study plan because unexpected things might happen during the semester.</div><button class=""tts-button"" data-tts=""You need to be flexible with your study plan because unexpected things might happen during the semester."" onclick=""window.playTTS(this.getAttribute('data-tts'))""><svg viewBox=""0 0 24 24"" fill=""none"" stroke=""currentColor"" stroke-width=""2""><polygon points=""5 3 19 12 5 21 5 3""></polygon></svg></button></div><div class=""meta-section""><div class=""translation"">你需要對你的學習計畫保持靈活，因為學期中可能會發生意想不到的事情。</div><div class=""entry-explanation"">flexible with sth. 表示「對某事保持靈活」。</div></div></div><div class=""entry""><div class=""sentence-row""><div class=""sentence"">Doing yoga every morning can help you become more <span class=""target-word"">flexible</span> and improve your overall physical health.</div><button class=""tts-button"" data-tts=""Doing yoga every morning can help you become more flexible and improve your overall physical health."" onclick=""window.playTTS(this.getAttribute('data-tts'))""><svg viewBox=""0 0 24 24"" fill=""none"" stroke=""currentColor"" stroke-width=""2""><polygon points=""5 3 19 12 5 21 5 3""></polygon></svg></button></div><div class=""meta-section""><div class=""translation"">每天早上做瑜伽可以幫助你變得更柔軟，並改善你的整體身體健康。</div><div class=""entry-explanation"">形容詞用法，指身體柔軟。</div></div></div></div><div class=""related-forms""><span class=""label"">Related:</span> flexibility</div></div>"
fluent	"<div class=""anki-card-content""><div class=""general-explanation"">形容詞「流利的」。常用於描述語言能力。</div><div class=""entries-container""><div class=""entry""><div class=""sentence-row""><div class=""sentence"">She is <span class=""target-word"">fluent</span> <span class=""collocation"">in</span> English and French, so she can easily communicate with people from different countries.</div><button class=""tts-button"" data-tts=""She is fluent in English and French, so she can easily communicate with people from different countries."" onclick=""window.playTTS(this.getAttribute('data-tts'))""><svg viewBox=""0 0 24 24"" fill=""none"" stroke=""currentColor"" stroke-width=""2""><polygon points=""5 3 19 12 5 21 5 3""></polygon></svg></button></div><div class=""meta-section""><div class=""translation"">她精通英語和法語，所以她可以輕鬆地與來自不同國家的人溝通。</div><div class=""entry-explanation"">fluent in + 語言 表示「精通某語言」。</div></div></div><div class=""entry""><div class=""sentence-row""><div class=""sentence"">After living in Japan for three years, he became <span class=""target-word"">fluent</span> <span class=""collocation"">in</span> Japanese and made many local friends.</div><button class=""tts-button"" data-tts=""After living in Japan for three years, he became fluent in Japanese and made many local friends."" onclick=""window.playTTS(this.getAttribute('data-tts'))""><svg viewBox=""0 0 24 24"" fill=""none"" stroke=""currentColor"" stroke-width=""2""><polygon points=""5 3 19 12 5 21 5 3""></polygon></svg></button></div><div class=""meta-section""><div class=""translation"">在日本住了三年後，他變得精通日語，並結交了許多當地朋友。</div><div class=""entry-explanation"">become fluent in 表示「變得精通」。</div></div></div><div class=""entry""><div class=""sentence-row""><div class=""sentence"">The student gave a <span class=""target-word"">fluent</span> <span class=""collocation"">presentation</span> <span class=""collocation"">about</span> environmental protection, impressing all the teachers in the room.</div><button class=""tts-button"" data-tts=""The student gave a fluent presentation about environmental protection, impressing all the teachers in the room."" onclick=""window.playTTS(this.getAttribute('data-tts'))""><svg viewBox=""0 0 24 24"" fill=""none"" stroke=""currentColor"" stroke-width=""2""><polygon points=""5 3 19 12 5 21 5 3""></polygon></svg></button></div><div class=""meta-section""><div class=""translation"">這位學生做了一場關於環境保護的流利簡報，讓室內所有的老師印象深刻。</div><div class=""entry-explanation"">fluent presentation 表示「流利的簡報」。</div></div></div></div><div class=""related-forms""><span class=""label"">Related:</span> fluency</div></div>"
flush	"<div class=""anki-card-content""><div class=""general-explanation"">動詞「沖水、臉紅」；名詞「沖水」。</div><div class=""entries-container""><div class=""entry""><div class=""sentence-row""><div class=""sentence"">Please remember to <span class=""target-word"">flush</span> the toilet after you use it to keep the bathroom clean and fresh.</div><button class=""tts-button"" data-tts=""Please remember to flush the toilet after you use it to keep the bathroom clean and fresh."" onclick=""window.playTTS(this.getAttribute('data-tts'))""><svg viewBox=""0 0 24 24"" fill=""none"" stroke=""currentColor"" stroke-width=""2""><polygon points=""5 3 19 12 5 21 5 3""></polygon></svg></button></div><div class=""meta-section""><div class=""translation"">請記得在使用後沖馬桶，以保持浴室乾淨清爽。</div><div class=""entry-explanation"">動詞用法，指沖馬桶。</div></div></div><div class=""entry""><div class=""sentence-row""><div class=""sentence"">She felt her face <span class=""target-word"">flush</span> <span class=""collocation"">with</span> embarrassment when everyone started singing happy birthday to her in public.</div><button class=""tts-button"" data-tts=""She felt her face flush with embarrassment when everyone started singing happy birthday to her in public."" onclick=""window.playTTS(this.getAttribute('data-tts'))""><svg viewBox=""0 0 24 24"" fill=""none"" stroke=""currentColor"" stroke-width=""2""><polygon points=""5 3 19 12 5 21 5 3""></polygon></svg></button></div><div class=""meta-section""><div class=""translation"">當大家開始在公共場合為她唱生日快樂歌時，她感到臉紅尷尬。</div><div class=""entry-explanation"">flush with embarrassment 表示「因尷尬而臉紅」。</div></div></div><div class=""entry""><div class=""sentence-row""><div class=""sentence"">The <span class=""target-word"">flush</span> <span class=""collocation"">of</span> the water was not strong enough to clean the sink, so I had to use a brush.</div><button class=""tts-button"" data-tts=""The flush of the water was not strong enough to clean the sink, so I had to use a brush."" onclick=""window.playTTS(this.getAttribute('data-tts'))""><svg viewBox=""0 0 24 24"" fill=""none"" stroke=""currentColor"" stroke-width=""2""><polygon points=""5 3 19 12 5 21 5 3""></polygon></svg></button></div><div class=""meta-section""><div class=""translation"">沖水的水流不夠強，無法清潔水槽，所以我必須使用刷子。</div><div class=""entry-explanation"">名詞用法，指沖水的水流。</div></div></div></div><div class=""related-forms""><span class=""label"">Related:</span> flushes, flushed</div></div>"
foam	"<div class=""anki-card-content""><div class=""general-explanation"">名詞「泡沫」；動詞「起泡沫」。</div><div class=""entries-container""><div class=""entry""><div class=""sentence-row""><div class=""sentence"">The waves were covered <span class=""collocation"">in</span> white <span class=""target-word"">foam</span> as they crashed against the rocks on the beach.</div><button class=""tts-button"" data-tts=""The waves were covered in white foam as they crashed against the rocks on the beach."" onclick=""window.playTTS(this.getAttribute('data-tts'))""><svg viewBox=""0 0 24 24"" fill=""none"" stroke=""currentColor"" stroke-width=""2""><polygon points=""5 3 19 12 5 21 5 3""></polygon></svg></button></div><div class=""meta-section""><div class=""translation"">當海浪拍打在海灘的岩石上時，上面覆蓋著白色的泡沫。</div><div class=""entry-explanation"">名詞用法，指海浪的泡沫。</div></div></div><div class=""entry""><div class=""sentence-row""><div class=""sentence"">The soap began to <span class=""target-word"">foam</span> <span class=""collocation"">when</span> I added some water and rubbed it between my hands.</div><button class=""tts-button"" data-tts=""The soap began to foam when I added some water and rubbed it between my hands."" onclick=""window.playTTS(this.getAttribute('data-tts'))""><svg viewBox=""0 0 24 24"" fill=""none"" stroke=""currentColor"" stroke-width=""2""><polygon points=""5 3 19 12 5 21 5 3""></polygon></svg></button></div><div class=""meta-section""><div class=""translation"">當我加了一些水並在雙手之間搓揉時，肥皂開始起泡沫。</div><div class=""entry-explanation"">動詞用法，指起泡沫。</div></div></div><div class=""entry""><div class=""sentence-row""><div class=""sentence"">The coffee has a thick layer <span class=""collocation"">of</span> milk <span class=""target-word"">foam</span> <span class=""collocation"">on</span> top, which makes it taste very smooth and delicious.</div><button class=""tts-button"" data-tts=""The coffee has a thick layer of milk foam on top, which makes it taste very smooth and delicious."" onclick=""window.playTTS(this.getAttribute('data-tts'))""><svg viewBox=""0 0 24 24"" fill=""none"" stroke=""currentColor"" stroke-width=""2""><polygon points=""5 3 19 12 5 21 5 3""></polygon></svg></button></div><div class=""meta-section""><div class=""translation"">咖啡上面有一層厚厚的奶泡，這讓它喝起來非常滑順美味。</div><div class=""entry-explanation"">milk foam 表示「奶泡」。</div></div></div></div><div class=""related-forms""><span class=""label"">Related:</span> foams, foamed</div></div>"
forbid	"<div class=""anki-card-content""><div class=""general-explanation"">動詞「禁止」。注意過去式為 forbade，過去分詞為 forbidden。</div><div class=""entries-container""><div class=""entry""><div class=""sentence-row""><div class=""sentence"">The school rules <span class=""target-word"">forbid</span> students <span class=""collocation"">from</span> using their mobile phones during class to help them focus better.</div><button class=""tts-button"" data-tts=""The school rules forbid students from using their mobile phones during class to help them focus better."" onclick=""window.playTTS(this.getAttribute('data-tts'))""><svg viewBox=""0 0 24 24"" fill=""none"" stroke=""currentColor"" stroke-width=""2""><polygon points=""5 3 19 12 5 21 5 3""></polygon></svg></button></div><div class=""meta-section""><div class=""translation"">校規禁止學生在上課期間使用手機，以幫助他們更專注。</div><div class=""entry-explanation"">forbid sb. from doing sth. 表示「禁止某人做某事」。</div></div></div><div class=""entry""><div class=""sentence-row""><div class=""sentence"">It is <span class=""target-word"">forbidden</span> <span class=""collocation"">to</span> smoke in this building, so please go outside if you want to have a cigarette.</div><button class=""tts-button"" data-tts=""It is forbidden to smoke in this building, so please go outside if you want to have a cigarette."" onclick=""window.playTTS(this.getAttribute('data-tts'))""><svg viewBox=""0 0 24 24"" fill=""none"" stroke=""currentColor"" stroke-width=""2""><polygon points=""5 3 19 12 5 21 5 3""></polygon></svg></button></div><div class=""meta-section""><div class=""translation"">這棟建築內禁止吸菸，所以如果你想抽菸，請到外面去。</div><div class=""entry-explanation"">It is forbidden to do sth. 表示「做某事是被禁止的」。</div></div></div><div class=""entry""><div class=""sentence-row""><div class=""sentence"">The law <span class=""target-word"">forbids</span> the sale <span class=""collocation"">of</span> alcohol to anyone under the age of eighteen in this country.</div><button class=""tts-button"" data-tts=""The law forbids the sale of alcohol to anyone under the age of eighteen in this country."" onclick=""window.playTTS(this.getAttribute('data-tts'))""><svg viewBox=""0 0 24 24"" fill=""none"" stroke=""currentColor"" stroke-width=""2""><polygon points=""5 3 19 12 5 21 5 3""></polygon></svg></button></div><div class=""meta-section""><div class=""translation"">在這個國家，法律禁止向任何未滿十八歲的人販售酒精飲料。</div><div class=""entry-explanation"">forbid the sale of sth. 表示「禁止販售某物」。</div></div></div></div><div class=""related-forms""><span class=""label"">Related:</span> forbids, forbade, forbidden</div></div>"
forecast	"<div class=""anki-card-content""><div class=""general-explanation"">名詞「預測/預報」；動詞「預測」。常見搭配 weather forecast。動詞三態同形 (forecast-forecast-forecast)。</div><div class=""entries-container""><div class=""entry""><div class=""sentence-row""><div class=""sentence"">The weather <span class=""target-word"">forecast</span> <span class=""collocation"">predicts</span> heavy rain for the weekend, so we should probably cancel our outdoor hiking trip to the mountains.</div><button class=""tts-button"" data-tts=""The weather forecast predicts heavy rain for the weekend, so we should probably cancel our outdoor hiking trip to the mountains."" onclick=""window.playTTS(this.getAttribute('data-tts'))""><svg viewBox=""0 0 24 24"" fill=""none"" stroke=""currentColor"" stroke-width=""2""><polygon points=""5 3 19 12 5 21 5 3""></polygon></svg></button></div><div class=""meta-section""><div class=""translation"">天氣預報預測週末會有大雨，所以我們或許應該取消去山上的戶外健行之旅。</div><div class=""entry-explanation"">名詞用法，常與動詞 predict 或 call for 連用。</div></div></div><div class=""entry""><div class=""sentence-row""><div class=""sentence"">Experts <span class=""target-word"">forecast</span> <span class=""collocation"">a</span> significant <span class=""collocation"">increase</span> in global temperatures over the next decade due to the ongoing effects of climate change.</div><button class=""tts-button"" data-tts=""Experts forecast a significant increase in global temperatures over the next decade due to the ongoing effects of climate change."" onclick=""window.playTTS(this.getAttribute('data-tts'))""><svg viewBox=""0 0 24 24"" fill=""none"" stroke=""currentColor"" stroke-width=""2""><polygon points=""5 3 19 12 5 21 5 3""></polygon></svg></button></div><div class=""meta-section""><div class=""translation"">專家預測，由於氣候變遷的持續影響，未來十年全球氣溫將顯著上升。</div><div class=""entry-explanation"">動詞用法，表示對未來的推測。</div></div></div><div class=""entry""><div class=""sentence-row""><div class=""sentence"">Based on the latest economic <span class=""target-word"">forecast</span>, the company decided to reduce its production to avoid having too much stock in the warehouse.</div><button class=""tts-button"" data-tts=""Based on the latest economic forecast, the company decided to reduce its production to avoid having too much stock in the warehouse."" onclick=""window.playTTS(this.getAttribute('data-tts'))""><svg viewBox=""0 0 24 24"" fill=""none"" stroke=""currentColor"" stroke-width=""2""><polygon points=""5 3 19 12 5 21 5 3""></polygon></svg></button></div><div class=""meta-section""><div class=""translation"">根據最新的經濟預測，該公司決定減少生產，以避免倉庫中有過多的庫存。</div><div class=""entry-explanation"">名詞用法，用於商業或經濟領域的預測。</div></div></div></div><div class=""related-forms""><span class=""label"">Related:</span> forecasting</div></div>"
formation	"<div class=""anki-card-content""><div class=""general-explanation"">名詞「形成/構成/隊形」。指事物被創造或排列的過程。</div><div class=""entries-container""><div class=""entry""><div class=""sentence-row""><div class=""sentence"">The <span class=""target-word"">formation</span> <span class=""collocation"">of</span> the new government took several weeks of intense negotiation between the different political parties involved in the election.</div><button class=""tts-button"" data-tts=""The formation of the new government took several weeks of intense negotiation between the different political parties involved in the election."" onclick=""window.playTTS(this.getAttribute('data-tts'))""><svg viewBox=""0 0 24 24"" fill=""none"" stroke=""currentColor"" stroke-width=""2""><polygon points=""5 3 19 12 5 21 5 3""></polygon></svg></button></div><div class=""meta-section""><div class=""translation"">新政府的組成花了參與選舉的不同政黨之間數週的激烈談判。</div><div class=""entry-explanation"">指組織或政府的建立過程。</div></div></div><div class=""entry""><div class=""sentence-row""><div class=""sentence"">Geologists study the <span class=""target-word"">formation</span> <span class=""collocation"">of</span> rocks to understand how the Earth's surface has changed over millions of years.</div><button class=""tts-button"" data-tts=""Geologists study the formation of rocks to understand how the Earth&#x27;s surface has changed over millions of years."" onclick=""window.playTTS(this.getAttribute('data-tts'))""><svg viewBox=""0 0 24 24"" fill=""none"" stroke=""currentColor"" stroke-width=""2""><polygon points=""5 3 19 12 5 21 5 3""></polygon></svg></button></div><div class=""meta-section""><div class=""translation"">地質學家研究岩石的形成，以了解地球表面在數百萬年間是如何改變的。</div><div class=""entry-explanation"">指自然界的形成過程。</div></div></div><div class=""entry""><div class=""sentence-row""><div class=""sentence"">The birds flew in a V-shaped <span class=""target-word"">formation</span> <span class=""collocation"">across</span> the sky, which helps them save energy during their long migration journey.</div><button class=""tts-button"" data-tts=""The birds flew in a V-shaped formation across the sky, which helps them save energy during their long migration journey."" onclick=""window.playTTS(this.getAttribute('data-tts'))""><svg viewBox=""0 0 24 24"" fill=""none"" stroke=""currentColor"" stroke-width=""2""><polygon points=""5 3 19 12 5 21 5 3""></polygon></svg></button></div><div class=""meta-section""><div class=""translation"">鳥兒以 V 字型隊形飛過天空，這有助於牠們在漫長的遷徙旅途中節省體力。</div><div class=""entry-explanation"">指物體排列的隊形。</div></div></div></div><div class=""related-forms""><span class=""label"">Related:</span> form, formative</div></div>"
formula	"<div class=""anki-card-content""><div class=""general-explanation"">名詞「公式/配方/準則」。在數學中指公式，在商業或科學中指配方或解決問題的方法。</div><div class=""entries-container""><div class=""entry""><div class=""sentence-row""><div class=""sentence"">The student memorized the math <span class=""target-word"">formula</span> <span class=""collocation"">to</span> solve the complex geometry problems on the final examination paper.</div><button class=""tts-button"" data-tts=""The student memorized the math formula to solve the complex geometry problems on the final examination paper."" onclick=""window.playTTS(this.getAttribute('data-tts'))""><svg viewBox=""0 0 24 24"" fill=""none"" stroke=""currentColor"" stroke-width=""2""><polygon points=""5 3 19 12 5 21 5 3""></polygon></svg></button></div><div class=""meta-section""><div class=""translation"">這名學生背下了數學公式，以解決期末考卷上複雜的幾何問題。</div><div class=""entry-explanation"">指數學或科學公式。</div></div></div><div class=""entry""><div class=""sentence-row""><div class=""sentence"">The company has a secret <span class=""target-word"">formula</span> <span class=""collocation"">for</span> its success, which involves high-quality products and excellent customer service.</div><button class=""tts-button"" data-tts=""The company has a secret formula for its success, which involves high-quality products and excellent customer service."" onclick=""window.playTTS(this.getAttribute('data-tts'))""><svg viewBox=""0 0 24 24"" fill=""none"" stroke=""currentColor"" stroke-width=""2""><polygon points=""5 3 19 12 5 21 5 3""></polygon></svg></button></div><div class=""meta-section""><div class=""translation"">該公司有一套成功的秘訣，其中包括高品質的產品和卓越的客戶服務。</div><div class=""entry-explanation"">指成功的秘訣或方法。</div></div></div><div class=""entry""><div class=""sentence-row""><div class=""sentence"">The scientist is trying to find the right chemical <span class=""target-word"">formula</span> <span class=""collocation"">to</span> create a new type of environmentally friendly plastic.</div><button class=""tts-button"" data-tts=""The scientist is trying to find the right chemical formula to create a new type of environmentally friendly plastic."" onclick=""window.playTTS(this.getAttribute('data-tts'))""><svg viewBox=""0 0 24 24"" fill=""none"" stroke=""currentColor"" stroke-width=""2""><polygon points=""5 3 19 12 5 21 5 3""></polygon></svg></button></div><div class=""meta-section""><div class=""translation"">科學家正試圖找到正確的化學配方，以創造出一種新型的環保塑膠。</div><div class=""entry-explanation"">指化學配方。</div></div></div></div><div class=""related-forms""><span class=""label"">Related:</span> formulate, formulation</div></div>"
fort	"<div class=""anki-card-content""><div class=""general-explanation"">名詞「堡壘/要塞」。指防禦性的軍事建築。</div><div class=""entries-container""><div class=""entry""><div class=""sentence-row""><div class=""sentence"">The soldiers defended the <span class=""target-word"">fort</span> <span class=""collocation"">against</span> the enemy attacks for several days until reinforcements finally arrived from the capital.</div><button class=""tts-button"" data-tts=""The soldiers defended the fort against the enemy attacks for several days until reinforcements finally arrived from the capital."" onclick=""window.playTTS(this.getAttribute('data-tts'))""><svg viewBox=""0 0 24 24"" fill=""none"" stroke=""currentColor"" stroke-width=""2""><polygon points=""5 3 19 12 5 21 5 3""></polygon></svg></button></div><div class=""meta-section""><div class=""translation"">士兵們防守堡壘抵抗敵人的攻擊數日，直到來自首都的援軍終於抵達。</div><div class=""entry-explanation"">指軍事防禦工事。</div></div></div><div class=""entry""><div class=""sentence-row""><div class=""sentence"">We visited an old stone <span class=""target-word"">fort</span> <span class=""collocation"">on</span> the coast that was built hundreds of years ago to protect the city from pirates.</div><button class=""tts-button"" data-tts=""We visited an old stone fort on the coast that was built hundreds of years ago to protect the city from pirates."" onclick=""window.playTTS(this.getAttribute('data-tts'))""><svg viewBox=""0 0 24 24"" fill=""none"" stroke=""currentColor"" stroke-width=""2""><polygon points=""5 3 19 12 5 21 5 3""></polygon></svg></button></div><div class=""meta-section""><div class=""translation"">我們參觀了海岸邊一座古老的石造堡壘，它是數百年前為了保護城市免受海盜侵擾而建的。</div><div class=""entry-explanation"">指歷史性的防禦建築。</div></div></div><div class=""entry""><div class=""sentence-row""><div class=""sentence"">The children built a small <span class=""target-word"">fort</span> <span class=""collocation"">out</span> of blankets and pillows in the living room to play games during the rainy afternoon.</div><button class=""tts-button"" data-tts=""The children built a small fort out of blankets and pillows in the living room to play games during the rainy afternoon."" onclick=""window.playTTS(this.getAttribute('data-tts'))""><svg viewBox=""0 0 24 24"" fill=""none"" stroke=""currentColor"" stroke-width=""2""><polygon points=""5 3 19 12 5 21 5 3""></polygon></svg></button></div><div class=""meta-section""><div class=""translation"">孩子們在客廳用毯子和枕頭蓋了一座小堡壘，以便在下雨的午後玩遊戲。</div><div class=""entry-explanation"">指用物品搭建的類似堡壘的遮蔽物。</div></div></div></div><div class=""related-forms""><span class=""label"">Related:</span> fortress, fortify</div></div>"
fortunate	"<div class=""anki-card-content""><div class=""general-explanation"">形容詞「幸運的」。常用搭配 be fortunate to V 或 be fortunate in sth。</div><div class=""entries-container""><div class=""entry""><div class=""sentence-row""><div class=""sentence"">I was very <span class=""target-word"">fortunate</span> <span class=""collocation"">to</span> receive a scholarship, which allowed me to focus on my studies without worrying about tuition fees.</div><button class=""tts-button"" data-tts=""I was very fortunate to receive a scholarship, which allowed me to focus on my studies without worrying about tuition fees."" onclick=""window.playTTS(this.getAttribute('data-tts'))""><svg viewBox=""0 0 24 24"" fill=""none"" stroke=""currentColor"" stroke-width=""2""><polygon points=""5 3 19 12 5 21 5 3""></polygon></svg></button></div><div class=""meta-section""><div class=""translation"">我很幸運能獲得獎學金，這讓我能專注於學業，而不必擔心學費問題。</div><div class=""entry-explanation"">be fortunate to V 表示「很幸運能做某事」。</div></div></div><div class=""entry""><div class=""sentence-row""><div class=""sentence"">She is <span class=""target-word"">fortunate</span> <span class=""collocation"">in</span> having a supportive family that always encourages her to pursue her dreams no matter how difficult they seem.</div><button class=""tts-button"" data-tts=""She is fortunate in having a supportive family that always encourages her to pursue her dreams no matter how difficult they seem."" onclick=""window.playTTS(this.getAttribute('data-tts'))""><svg viewBox=""0 0 24 24"" fill=""none"" stroke=""currentColor"" stroke-width=""2""><polygon points=""5 3 19 12 5 21 5 3""></polygon></svg></button></div><div class=""meta-section""><div class=""translation"">她很幸運擁有一個支持她的家庭，無論夢想看起來多麼困難，他們總是鼓勵她去追求。</div><div class=""entry-explanation"">be fortunate in sth 表示「在某方面很幸運」。</div></div></div><div class=""entry""><div class=""sentence-row""><div class=""sentence"">It was a <span class=""target-word"">fortunate</span> <span class=""collocation"">coincidence</span> that we met at the airport, as we had not seen each other for over ten years.</div><button class=""tts-button"" data-tts=""It was a fortunate coincidence that we met at the airport, as we had not seen each other for over ten years."" onclick=""window.playTTS(this.getAttribute('data-tts'))""><svg viewBox=""0 0 24 24"" fill=""none"" stroke=""currentColor"" stroke-width=""2""><polygon points=""5 3 19 12 5 21 5 3""></polygon></svg></button></div><div class=""meta-section""><div class=""translation"">我們在機場相遇真是幸運的巧合，因為我們已經超過十年沒見面了。</div><div class=""entry-explanation"">形容詞修飾名詞，表示幸運的。</div></div></div></div><div class=""related-forms""><span class=""label"">Related:</span> fortunately, fortune</div></div>"
fossil	"<div class=""anki-card-content""><div class=""general-explanation"">名詞「化石」；形容詞「化石的/守舊的」。常與 fuel 搭配 (fossil fuel)。</div><div class=""entries-container""><div class=""entry""><div class=""sentence-row""><div class=""sentence"">The museum displays a giant dinosaur <span class=""target-word"">fossil</span> <span class=""collocation"">found</span> in the desert, which attracts many visitors from all over the world.</div><button class=""tts-button"" data-tts=""The museum displays a giant dinosaur fossil found in the desert, which attracts many visitors from all over the world."" onclick=""window.playTTS(this.getAttribute('data-tts'))""><svg viewBox=""0 0 24 24"" fill=""none"" stroke=""currentColor"" stroke-width=""2""><polygon points=""5 3 19 12 5 21 5 3""></polygon></svg></button></div><div class=""meta-section""><div class=""translation"">博物館展示了一具在沙漠中發現的巨大恐龍化石，吸引了來自世界各地的遊客。</div><div class=""entry-explanation"">名詞用法，指古代生物遺骸。</div></div></div><div class=""entry""><div class=""sentence-row""><div class=""sentence"">Many countries are trying to reduce their reliance <span class=""collocation"">on</span> <span class=""target-word"">fossil</span> <span class=""collocation"">fuels</span> to combat global warming and protect the environment.</div><button class=""tts-button"" data-tts=""Many countries are trying to reduce their reliance on fossil fuels to combat global warming and protect the environment."" onclick=""window.playTTS(this.getAttribute('data-tts'))""><svg viewBox=""0 0 24 24"" fill=""none"" stroke=""currentColor"" stroke-width=""2""><polygon points=""5 3 19 12 5 21 5 3""></polygon></svg></button></div><div class=""meta-section""><div class=""translation"">許多國家正試圖減少對化石燃料的依賴，以對抗全球暖化並保護環境。</div><div class=""entry-explanation"">fossil fuel 是常見的固定搭配。</div></div></div><div class=""entry""><div class=""sentence-row""><div class=""sentence"">Scientists believe that this rare <span class=""target-word"">fossil</span> <span class=""collocation"">provides</span> important clues about how early life on Earth evolved over millions of years.</div><button class=""tts-button"" data-tts=""Scientists believe that this rare fossil provides important clues about how early life on Earth evolved over millions of years."" onclick=""window.playTTS(this.getAttribute('data-tts'))""><svg viewBox=""0 0 24 24"" fill=""none"" stroke=""currentColor"" stroke-width=""2""><polygon points=""5 3 19 12 5 21 5 3""></polygon></svg></button></div><div class=""meta-section""><div class=""translation"">科學家認為這個罕見的化石提供了關於地球早期生命如何在數百萬年間演化的重要線索。</div><div class=""entry-explanation"">指化石作為科學研究的證據。</div></div></div></div><div class=""related-forms""><span class=""label"">Related:</span> fossilize</div></div>"
foundation	"<div class=""anki-card-content""><div class=""general-explanation"">名詞「基礎/地基/基金會」。指建築物的地基或抽象事物的根基。</div><div class=""entries-container""><div class=""entry""><div class=""sentence-row""><div class=""sentence"">A strong <span class=""target-word"">foundation</span> <span class=""collocation"">in</span> mathematics is essential for students who want to pursue a career in engineering or computer science.</div><button class=""tts-button"" data-tts=""A strong foundation in mathematics is essential for students who want to pursue a career in engineering or computer science."" onclick=""window.playTTS(this.getAttribute('data-tts'))""><svg viewBox=""0 0 24 24"" fill=""none"" stroke=""currentColor"" stroke-width=""2""><polygon points=""5 3 19 12 5 21 5 3""></polygon></svg></button></div><div class=""meta-section""><div class=""translation"">對於想要從事工程或電腦科學職涯的學生來說，紮實的數學基礎是必要的。</div><div class=""entry-explanation"">指抽象的基礎，常搭配 in/of。</div></div></div><div class=""entry""><div class=""sentence-row""><div class=""sentence"">The charity <span class=""target-word"">foundation</span> <span class=""collocation"">provides</span> financial support to children in need, helping them get a better education and a brighter future.</div><button class=""tts-button"" data-tts=""The charity foundation provides financial support to children in need, helping them get a better education and a brighter future."" onclick=""window.playTTS(this.getAttribute('data-tts'))""><svg viewBox=""0 0 24 24"" fill=""none"" stroke=""currentColor"" stroke-width=""2""><polygon points=""5 3 19 12 5 21 5 3""></polygon></svg></button></div><div class=""meta-section""><div class=""translation"">該慈善基金會為有需要的兒童提供經濟支持，幫助他們獲得更好的教育和更光明的未來。</div><div class=""entry-explanation"">指組織機構，即基金會。</div></div></div><div class=""entry""><div class=""sentence-row""><div class=""sentence"">The workers poured concrete to build the <span class=""target-word"">foundation</span> <span class=""collocation"">of</span> the new library, ensuring the building would be safe and stable for years.</div><button class=""tts-button"" data-tts=""The workers poured concrete to build the foundation of the new library, ensuring the building would be safe and stable for years."" onclick=""window.playTTS(this.getAttribute('data-tts'))""><svg viewBox=""0 0 24 24"" fill=""none"" stroke=""currentColor"" stroke-width=""2""><polygon points=""5 3 19 12 5 21 5 3""></polygon></svg></button></div><div class=""meta-section""><div class=""translation"">工人們澆灌混凝土來建造新圖書館的地基，確保建築物多年來都能安全且穩固。</div><div class=""entry-explanation"">指建築物的地基。</div></div></div></div><div class=""related-forms""><span class=""label"">Related:</span> found</div></div>"
founder	"<div class=""anki-card-content""><div class=""general-explanation"">名詞「創辦人/創立者」。指建立公司、組織或機構的人。</div><div class=""entries-container""><div class=""entry""><div class=""sentence-row""><div class=""sentence"">The <span class=""target-word"">founder</span> <span class=""collocation"">of</span> the technology company started the business in a small garage with only a few friends and limited resources.</div><button class=""tts-button"" data-tts=""The founder of the technology company started the business in a small garage with only a few friends and limited resources."" onclick=""window.playTTS(this.getAttribute('data-tts'))""><svg viewBox=""0 0 24 24"" fill=""none"" stroke=""currentColor"" stroke-width=""2""><polygon points=""5 3 19 12 5 21 5 3""></polygon></svg></button></div><div class=""meta-section""><div class=""translation"">這家科技公司的創辦人在一個小車庫裡開始創業，當時只有幾個朋友和有限的資源。</div><div class=""entry-explanation"">指公司或組織的創立者。</div></div></div><div class=""entry""><div class=""sentence-row""><div class=""sentence"">As the <span class=""target-word"">founder</span> <span class=""collocation"">of</span> the local animal shelter, she has dedicated her life to helping stray dogs and cats find new homes.</div><button class=""tts-button"" data-tts=""As the founder of the local animal shelter, she has dedicated her life to helping stray dogs and cats find new homes."" onclick=""window.playTTS(this.getAttribute('data-tts'))""><svg viewBox=""0 0 24 24"" fill=""none"" stroke=""currentColor"" stroke-width=""2""><polygon points=""5 3 19 12 5 21 5 3""></polygon></svg></button></div><div class=""meta-section""><div class=""translation"">身為當地動物收容所的創辦人，她畢生致力於幫助流浪狗和貓找到新家。</div><div class=""entry-explanation"">指機構的創立者。</div></div></div><div class=""entry""><div class=""sentence-row""><div class=""sentence"">The university was established by a group of scholars, and its <span class=""target-word"">founder</span> <span class=""collocation"">is</span> remembered every year during the graduation ceremony.</div><button class=""tts-button"" data-tts=""The university was established by a group of scholars, and its founder is remembered every year during the graduation ceremony."" onclick=""window.playTTS(this.getAttribute('data-tts'))""><svg viewBox=""0 0 24 24"" fill=""none"" stroke=""currentColor"" stroke-width=""2""><polygon points=""5 3 19 12 5 21 5 3""></polygon></svg></button></div><div class=""meta-section""><div class=""translation"">這所大學是由一群學者建立的，其創辦人在每年畢業典禮時都會被紀念。</div><div class=""entry-explanation"">指大學或學校的創立者。</div></div></div></div><div class=""related-forms""><span class=""label"">Related:</span> found</div></div>"
fragile	"<div class=""anki-card-content""><div class=""general-explanation"">形容詞「脆弱的/易碎的」。指容易損壞的物品或身體、心理狀態。</div><div class=""entries-container""><div class=""entry""><div class=""sentence-row""><div class=""sentence"">Please handle the glass vase with care because it is extremely <span class=""target-word"">fragile</span> <span class=""collocation"">and</span> can break into pieces if you drop it.</div><button class=""tts-button"" data-tts=""Please handle the glass vase with care because it is extremely fragile and can break into pieces if you drop it."" onclick=""window.playTTS(this.getAttribute('data-tts'))""><svg viewBox=""0 0 24 24"" fill=""none"" stroke=""currentColor"" stroke-width=""2""><polygon points=""5 3 19 12 5 21 5 3""></polygon></svg></button></div><div class=""meta-section""><div class=""translation"">請小心處理那個玻璃花瓶，因為它非常脆弱，如果掉落可能會碎成碎片。</div><div class=""entry-explanation"">指物品易碎。</div></div></div><div class=""entry""><div class=""sentence-row""><div class=""sentence"">The peace in the region is very <span class=""target-word"">fragile</span>, and any small conflict could lead to a major war between the two countries.</div><button class=""tts-button"" data-tts=""The peace in the region is very fragile, and any small conflict could lead to a major war between the two countries."" onclick=""window.playTTS(this.getAttribute('data-tts'))""><svg viewBox=""0 0 24 24"" fill=""none"" stroke=""currentColor"" stroke-width=""2""><polygon points=""5 3 19 12 5 21 5 3""></polygon></svg></button></div><div class=""meta-section""><div class=""translation"">該地區的和平非常脆弱，任何小衝突都可能導致兩國之間的大戰。</div><div class=""entry-explanation"">指抽象概念（如和平、關係）的脆弱。</div></div></div><div class=""entry""><div class=""sentence-row""><div class=""sentence"">After the long illness, his health remained <span class=""target-word"">fragile</span>, so he had to rest and avoid any strenuous physical activities for a while.</div><button class=""tts-button"" data-tts=""After the long illness, his health remained fragile, so he had to rest and avoid any strenuous physical activities for a while."" onclick=""window.playTTS(this.getAttribute('data-tts'))""><svg viewBox=""0 0 24 24"" fill=""none"" stroke=""currentColor"" stroke-width=""2""><polygon points=""5 3 19 12 5 21 5 3""></polygon></svg></button></div><div class=""meta-section""><div class=""translation"">生了一場大病後，他的健康狀況仍然很脆弱，所以他必須休息並暫時避免任何劇烈的體能活動。</div><div class=""entry-explanation"">指身體狀況虛弱。</div></div></div></div><div class=""related-forms""><span class=""label"">Related:</span> fragility</div></div>"
frame	"<div class=""anki-card-content""><div class=""general-explanation"">名詞「框架/框」；動詞「給...裝框/陷害」。</div><div class=""entries-container""><div class=""entry""><div class=""sentence-row""><div class=""sentence"">She decided to <span class=""target-word"">frame</span> <span class=""collocation"">the</span> beautiful painting and hang it on the living room wall to decorate her new apartment.</div><button class=""tts-button"" data-tts=""She decided to frame the beautiful painting and hang it on the living room wall to decorate her new apartment."" onclick=""window.playTTS(this.getAttribute('data-tts'))""><svg viewBox=""0 0 24 24"" fill=""none"" stroke=""currentColor"" stroke-width=""2""><polygon points=""5 3 19 12 5 21 5 3""></polygon></svg></button></div><div class=""meta-section""><div class=""translation"">她決定把那幅美麗的畫裝上框，並掛在客廳牆上來裝飾她的新公寓。</div><div class=""entry-explanation"">動詞用法，指給畫作裝框。</div></div></div><div class=""entry""><div class=""sentence-row""><div class=""sentence"">The wooden <span class=""target-word"">frame</span> <span class=""collocation"">of</span> the window was rotten due to years of exposure to heavy rain and humidity in the coastal area.</div><button class=""tts-button"" data-tts=""The wooden frame of the window was rotten due to years of exposure to heavy rain and humidity in the coastal area."" onclick=""window.playTTS(this.getAttribute('data-tts'))""><svg viewBox=""0 0 24 24"" fill=""none"" stroke=""currentColor"" stroke-width=""2""><polygon points=""5 3 19 12 5 21 5 3""></polygon></svg></button></div><div class=""meta-section""><div class=""translation"">窗戶的木製框架因為多年暴露在沿海地區的大雨和潮濕中而腐爛了。</div><div class=""entry-explanation"">名詞用法，指窗框。</div></div></div><div class=""entry""><div class=""sentence-row""><div class=""sentence"">The innocent man claimed that someone had tried to <span class=""target-word"">frame</span> <span class=""collocation"">him</span> for the crime by planting evidence at his house.</div><button class=""tts-button"" data-tts=""The innocent man claimed that someone had tried to frame him for the crime by planting evidence at his house."" onclick=""window.playTTS(this.getAttribute('data-tts'))""><svg viewBox=""0 0 24 24"" fill=""none"" stroke=""currentColor"" stroke-width=""2""><polygon points=""5 3 19 12 5 21 5 3""></polygon></svg></button></div><div class=""meta-section""><div class=""translation"">那名無辜的男子聲稱有人試圖透過在他家放置證據來陷害他犯罪。</div><div class=""entry-explanation"">動詞用法，指陷害某人。</div></div></div></div><div class=""related-forms""><span class=""label"">Related:</span> framework</div></div>"
frequency	"<div class=""anki-card-content""><div class=""general-explanation"">名詞「頻率/發生次數」。指某事發生的頻繁程度。</div><div class=""entries-container""><div class=""entry""><div class=""sentence-row""><div class=""sentence"">The <span class=""target-word"">frequency</span> <span class=""collocation"">of</span> the bus service has been increased to every ten minutes to accommodate the growing number of passengers.</div><button class=""tts-button"" data-tts=""The frequency of the bus service has been increased to every ten minutes to accommodate the growing number of passengers."" onclick=""window.playTTS(this.getAttribute('data-tts'))""><svg viewBox=""0 0 24 24"" fill=""none"" stroke=""currentColor"" stroke-width=""2""><polygon points=""5 3 19 12 5 21 5 3""></polygon></svg></button></div><div class=""meta-section""><div class=""translation"">公車服務的頻率已增加到每十分鐘一班，以容納越來越多的乘客。</div><div class=""entry-explanation"">指事件發生的頻率。</div></div></div><div class=""entry""><div class=""sentence-row""><div class=""sentence"">Scientists are studying the <span class=""target-word"">frequency</span> <span class=""collocation"">of</span> earthquakes in this area to better predict and prepare for future natural disasters.</div><button class=""tts-button"" data-tts=""Scientists are studying the frequency of earthquakes in this area to better predict and prepare for future natural disasters."" onclick=""window.playTTS(this.getAttribute('data-tts'))""><svg viewBox=""0 0 24 24"" fill=""none"" stroke=""currentColor"" stroke-width=""2""><polygon points=""5 3 19 12 5 21 5 3""></polygon></svg></button></div><div class=""meta-section""><div class=""translation"">科學家正在研究該地區地震的發生頻率，以便更好地預測並為未來的自然災害做準備。</div><div class=""entry-explanation"">指災害發生的頻率。</div></div></div><div class=""entry""><div class=""sentence-row""><div class=""sentence"">You can tune your radio to a different <span class=""target-word"">frequency</span> <span class=""collocation"">to</span> listen to a variety of music stations throughout the city.</div><button class=""tts-button"" data-tts=""You can tune your radio to a different frequency to listen to a variety of music stations throughout the city."" onclick=""window.playTTS(this.getAttribute('data-tts'))""><svg viewBox=""0 0 24 24"" fill=""none"" stroke=""currentColor"" stroke-width=""2""><polygon points=""5 3 19 12 5 21 5 3""></polygon></svg></button></div><div class=""meta-section""><div class=""translation"">你可以將收音機調到不同的頻率，以收聽城市中各種不同的音樂電台。</div><div class=""entry-explanation"">指無線電頻率。</div></div></div></div><div class=""related-forms""><span class=""label"">Related:</span> frequent</div></div>"
freshman	"<div class=""anki-card-content""><div class=""general-explanation"">名詞「大一新生」。在美國高中或大學的第一年學生。</div><div class=""entries-container""><div class=""entry""><div class=""sentence-row""><div class=""sentence"">As a college <span class=""target-word"">freshman</span>, he felt nervous about living away from home for the first time and meeting so many new people.</div><button class=""tts-button"" data-tts=""As a college freshman, he felt nervous about living away from home for the first time and meeting so many new people."" onclick=""window.playTTS(this.getAttribute('data-tts'))""><svg viewBox=""0 0 24 24"" fill=""none"" stroke=""currentColor"" stroke-width=""2""><polygon points=""5 3 19 12 5 21 5 3""></polygon></svg></button></div><div class=""meta-section""><div class=""translation"">身為大學新鮮人，他對於第一次離家生活以及結識這麼多新朋友感到緊張。</div><div class=""entry-explanation"">指大學一年級學生。</div></div></div><div class=""entry""><div class=""sentence-row""><div class=""sentence"">The university organized an orientation program for all <span class=""target-word"">freshmen</span> <span class=""collocation"">to</span> help them adjust to campus life and learn about school resources.</div><button class=""tts-button"" data-tts=""The university organized an orientation program for all freshmen to help them adjust to campus life and learn about school resources."" onclick=""window.playTTS(this.getAttribute('data-tts'))""><svg viewBox=""0 0 24 24"" fill=""none"" stroke=""currentColor"" stroke-width=""2""><polygon points=""5 3 19 12 5 21 5 3""></polygon></svg></button></div><div class=""meta-section""><div class=""translation"">大學為所有大一新生舉辦了迎新活動，幫助他們適應校園生活並了解學校資源。</div><div class=""entry-explanation"">複數形式為 freshmen。</div></div></div><div class=""entry""><div class=""sentence-row""><div class=""sentence"">During her <span class=""target-word"">freshman</span> <span class=""collocation"">year</span>, she joined several clubs to explore her interests and make friends with students from different departments.</div><button class=""tts-button"" data-tts=""During her freshman year, she joined several clubs to explore her interests and make friends with students from different departments."" onclick=""window.playTTS(this.getAttribute('data-tts'))""><svg viewBox=""0 0 24 24"" fill=""none"" stroke=""currentColor"" stroke-width=""2""><polygon points=""5 3 19 12 5 21 5 3""></polygon></svg></button></div><div class=""meta-section""><div class=""translation"">在大一那年，她參加了幾個社團，以探索自己的興趣並與不同系的學生交朋友。</div><div class=""entry-explanation"">形容詞用法，修飾 year。</div></div></div></div><div class=""related-forms""><span class=""label"">Related:</span> fresh</div></div>"
frost	"<div class=""anki-card-content""><div class=""general-explanation"">名詞「霜」；動詞「結霜」。指低溫造成的現象。</div><div class=""entries-container""><div class=""entry""><div class=""sentence-row""><div class=""sentence"">The grass was covered with <span class=""target-word"">frost</span> <span class=""collocation"">in</span> the early morning, making the garden look like a beautiful winter wonderland.</div><button class=""tts-button"" data-tts=""The grass was covered with frost in the early morning, making the garden look like a beautiful winter wonderland."" onclick=""window.playTTS(this.getAttribute('data-tts'))""><svg viewBox=""0 0 24 24"" fill=""none"" stroke=""currentColor"" stroke-width=""2""><polygon points=""5 3 19 12 5 21 5 3""></polygon></svg></button></div><div class=""meta-section""><div class=""translation"">清晨草地上覆蓋著一層霜，使花園看起來像一個美麗的冬日仙境。</div><div class=""entry-explanation"">名詞用法，指地表的霜。</div></div></div><div class=""entry""><div class=""sentence-row""><div class=""sentence"">The cold weather caused the car windows to <span class=""target-word"">frost</span> <span class=""collocation"">over</span> during the night, so I had to scrape the ice off before driving.</div><button class=""tts-button"" data-tts=""The cold weather caused the car windows to frost over during the night, so I had to scrape the ice off before driving."" onclick=""window.playTTS(this.getAttribute('data-tts'))""><svg viewBox=""0 0 24 24"" fill=""none"" stroke=""currentColor"" stroke-width=""2""><polygon points=""5 3 19 12 5 21 5 3""></polygon></svg></button></div><div class=""meta-section""><div class=""translation"">寒冷的天氣導致車窗在夜間結霜，所以我開車前必須把冰刮掉。</div><div class=""entry-explanation"">動詞用法，指結霜。</div></div></div><div class=""entry""><div class=""sentence-row""><div class=""sentence"">A sudden <span class=""target-word"">frost</span> <span class=""collocation"">destroyed</span> most of the crops in the field, causing a significant financial loss for the local farmers this year.</div><button class=""tts-button"" data-tts=""A sudden frost destroyed most of the crops in the field, causing a significant financial loss for the local farmers this year."" onclick=""window.playTTS(this.getAttribute('data-tts'))""><svg viewBox=""0 0 24 24"" fill=""none"" stroke=""currentColor"" stroke-width=""2""><polygon points=""5 3 19 12 5 21 5 3""></polygon></svg></button></div><div class=""meta-section""><div class=""translation"">突如其來的霜害摧毀了田裡大部分的農作物，導致當地農民今年損失慘重。</div><div class=""entry-explanation"">名詞用法，指霜害。</div></div></div></div><div class=""related-forms""><span class=""label"">Related:</span> frosty</div></div>"
frown	"<div class=""anki-card-content""><div class=""general-explanation"">名詞「皺眉」；動詞「皺眉」。常用搭配 frown at sb/sth。</div><div class=""entries-container""><div class=""entry""><div class=""sentence-row""><div class=""sentence"">She <span class=""target-word"">frowned</span> <span class=""collocation"">at</span> the difficult math problem, trying to figure out the correct answer before the time ran out.</div><button class=""tts-button"" data-tts=""She frowned at the difficult math problem, trying to figure out the correct answer before the time ran out."" onclick=""window.playTTS(this.getAttribute('data-tts'))""><svg viewBox=""0 0 24 24"" fill=""none"" stroke=""currentColor"" stroke-width=""2""><polygon points=""5 3 19 12 5 21 5 3""></polygon></svg></button></div><div class=""meta-section""><div class=""translation"">她對著那道困難的數學題皺眉，試圖在時間結束前算出正確答案。</div><div class=""entry-explanation"">動詞用法，表示對某事感到困惑或不滿。</div></div></div><div class=""entry""><div class=""sentence-row""><div class=""sentence"">A deep <span class=""target-word"">frown</span> <span class=""collocation"">appeared</span> on his face when he heard the bad news about the cancellation of the school trip.</div><button class=""tts-button"" data-tts=""A deep frown appeared on his face when he heard the bad news about the cancellation of the school trip."" onclick=""window.playTTS(this.getAttribute('data-tts'))""><svg viewBox=""0 0 24 24"" fill=""none"" stroke=""currentColor"" stroke-width=""2""><polygon points=""5 3 19 12 5 21 5 3""></polygon></svg></button></div><div class=""meta-section""><div class=""translation"">當他聽到學校旅行取消的壞消息時，臉上出現了深鎖的眉頭。</div><div class=""entry-explanation"">名詞用法，指皺眉的表情。</div></div></div><div class=""entry""><div class=""sentence-row""><div class=""sentence"">The teacher <span class=""target-word"">frowned</span> <span class=""collocation"">upon</span> students using their mobile phones during class, as it distracted them from learning the lesson.</div><button class=""tts-button"" data-tts=""The teacher frowned upon students using their mobile phones during class, as it distracted them from learning the lesson."" onclick=""window.playTTS(this.getAttribute('data-tts'))""><svg viewBox=""0 0 24 24"" fill=""none"" stroke=""currentColor"" stroke-width=""2""><polygon points=""5 3 19 12 5 21 5 3""></polygon></svg></button></div><div class=""meta-section""><div class=""translation"">老師不贊成學生在課堂上使用手機，因為這會讓他們分心而無法學習課程。</div><div class=""entry-explanation"">片語 frown upon sth 表示「不贊成/反對」。</div></div></div></div><div class=""related-forms""><span class=""label"">Related:</span> frowning</div></div>"
frustrate	"<div class=""anki-card-content""><div class=""general-explanation"">動詞「使受挫/使沮喪」。常以被動語態 be frustrated with/by 表示「對...感到沮喪」。</div><div class=""entries-container""><div class=""entry""><div class=""sentence-row""><div class=""sentence"">It can <span class=""target-word"">frustrate</span> <span class=""collocation"">students</span> when they study hard for an exam but still do not get the grades they expected.</div><button class=""tts-button"" data-tts=""It can frustrate students when they study hard for an exam but still do not get the grades they expected."" onclick=""window.playTTS(this.getAttribute('data-tts'))""><svg viewBox=""0 0 24 24"" fill=""none"" stroke=""currentColor"" stroke-width=""2""><polygon points=""5 3 19 12 5 21 5 3""></polygon></svg></button></div><div class=""meta-section""><div class=""translation"">當學生為考試努力讀書卻仍未得到預期的成績時，這會讓他們感到沮喪。</div><div class=""entry-explanation"">主動用法，指某事讓人感到沮喪。</div></div></div><div class=""entry""><div class=""sentence-row""><div class=""sentence"">She was <span class=""target-word"">frustrated</span> <span class=""collocation"">by</span> the slow internet connection, which made it impossible for her to finish her online assignment on time.</div><button class=""tts-button"" data-tts=""She was frustrated by the slow internet connection, which made it impossible for her to finish her online assignment on time."" onclick=""window.playTTS(this.getAttribute('data-tts'))""><svg viewBox=""0 0 24 24"" fill=""none"" stroke=""currentColor"" stroke-width=""2""><polygon points=""5 3 19 12 5 21 5 3""></polygon></svg></button></div><div class=""meta-section""><div class=""translation"">她對緩慢的網路連線感到沮喪，這讓她無法準時完成線上作業。</div><div class=""entry-explanation"">被動用法，表示對某事感到沮喪。</div></div></div><div class=""entry""><div class=""sentence-row""><div class=""sentence"">The lack of progress in the project began to <span class=""target-word"">frustrate</span> <span class=""collocation"">the</span> team members, leading to many arguments during the weekly meetings.</div><button class=""tts-button"" data-tts=""The lack of progress in the project began to frustrate the team members, leading to many arguments during the weekly meetings."" onclick=""window.playTTS(this.getAttribute('data-tts'))""><svg viewBox=""0 0 24 24"" fill=""none"" stroke=""currentColor"" stroke-width=""2""><polygon points=""5 3 19 12 5 21 5 3""></polygon></svg></button></div><div class=""meta-section""><div class=""translation"">專案進度停滯不前開始讓團隊成員感到挫折，導致每週會議中出現許多爭論。</div><div class=""entry-explanation"">主動用法，指挫折感影響了團隊。</div></div></div></div><div class=""related-forms""><span class=""label"">Related:</span> frustrated, frustrating, frustration</div></div>"
frustration	"<div class=""anki-card-content""><div class=""general-explanation"">名詞「挫折/沮喪」。指無法達成目標時產生的情緒。</div><div class=""entries-container""><div class=""entry""><div class=""sentence-row""><div class=""sentence"">He expressed his <span class=""target-word"">frustration</span> <span class=""collocation"">with</span> the new software, which was difficult to use and kept crashing during his work.</div><button class=""tts-button"" data-tts=""He expressed his frustration with the new software, which was difficult to use and kept crashing during his work."" onclick=""window.playTTS(this.getAttribute('data-tts'))""><svg viewBox=""0 0 24 24"" fill=""none"" stroke=""currentColor"" stroke-width=""2""><polygon points=""5 3 19 12 5 21 5 3""></polygon></svg></button></div><div class=""meta-section""><div class=""translation"">他表達了對新軟體的挫折感，因為它很難使用，而且工作時一直當機。</div><div class=""entry-explanation"">搭配 with，表示對某事感到挫折。</div></div></div><div class=""entry""><div class=""sentence-row""><div class=""sentence"">Despite her <span class=""target-word"">frustration</span> <span class=""collocation"">at</span> not being able to solve the puzzle, she decided to take a break and try again later.</div><button class=""tts-button"" data-tts=""Despite her frustration at not being able to solve the puzzle, she decided to take a break and try again later."" onclick=""window.playTTS(this.getAttribute('data-tts'))""><svg viewBox=""0 0 24 24"" fill=""none"" stroke=""currentColor"" stroke-width=""2""><polygon points=""5 3 19 12 5 21 5 3""></polygon></svg></button></div><div class=""meta-section""><div class=""translation"">儘管對無法解開謎題感到沮喪，她還是決定休息一下，稍後再試一次。</div><div class=""entry-explanation"">搭配 at，表示對某事感到沮喪。</div></div></div><div class=""entry""><div class=""sentence-row""><div class=""sentence"">Learning a new language can be full of <span class=""target-word"">frustration</span>, but the sense of achievement when you finally speak it is worth it.</div><button class=""tts-button"" data-tts=""Learning a new language can be full of frustration, but the sense of achievement when you finally speak it is worth it."" onclick=""window.playTTS(this.getAttribute('data-tts'))""><svg viewBox=""0 0 24 24"" fill=""none"" stroke=""currentColor"" stroke-width=""2""><polygon points=""5 3 19 12 5 21 5 3""></polygon></svg></button></div><div class=""meta-section""><div class=""translation"">學習一門新語言可能會充滿挫折，但當你最終能開口說時，那種成就感是值得的。</div><div class=""entry-explanation"">指學習過程中的挫折感。</div></div></div></div><div class=""related-forms""><span class=""label"">Related:</span> frustrate</div></div>"
fulfill	"<div class=""anki-card-content""><div class=""general-explanation"">動詞「履行/實現/滿足」。常用搭配 fulfill a dream/promise/requirement。</div><div class=""entries-container""><div class=""entry""><div class=""sentence-row""><div class=""sentence"">She worked hard to <span class=""target-word"">fulfill</span> <span class=""collocation"">her</span> long-held <span class=""collocation"">dream</span> of becoming a doctor and helping people in need.</div><button class=""tts-button"" data-tts=""She worked hard to fulfill her long-held dream of becoming a doctor and helping people in need."" onclick=""window.playTTS(this.getAttribute('data-tts'))""><svg viewBox=""0 0 24 24"" fill=""none"" stroke=""currentColor"" stroke-width=""2""><polygon points=""5 3 19 12 5 21 5 3""></polygon></svg></button></div><div class=""meta-section""><div class=""translation"">她努力工作以實現她成為醫生並幫助有需要的人的長久夢想。</div><div class=""entry-explanation"">fulfill a dream 表示實現夢想。</div></div></div><div class=""entry""><div class=""sentence-row""><div class=""sentence"">The company failed to <span class=""target-word"">fulfill</span> <span class=""collocation"">the</span> requirements of the contract, so they had to pay a large fine to the client.</div><button class=""tts-button"" data-tts=""The company failed to fulfill the requirements of the contract, so they had to pay a large fine to the client."" onclick=""window.playTTS(this.getAttribute('data-tts'))""><svg viewBox=""0 0 24 24"" fill=""none"" stroke=""currentColor"" stroke-width=""2""><polygon points=""5 3 19 12 5 21 5 3""></polygon></svg></button></div><div class=""meta-section""><div class=""translation"">該公司未能履行合約的要求，因此他們必須支付客戶一筆大額罰款。</div><div class=""entry-explanation"">fulfill requirements 表示履行要求。</div></div></div><div class=""entry""><div class=""sentence-row""><div class=""sentence"">He promised to help his friend, and he was determined to <span class=""target-word"">fulfill</span> <span class=""collocation"">his</span> promise no matter how busy he was.</div><button class=""tts-button"" data-tts=""He promised to help his friend, and he was determined to fulfill his promise no matter how busy he was."" onclick=""window.playTTS(this.getAttribute('data-tts'))""><svg viewBox=""0 0 24 24"" fill=""none"" stroke=""currentColor"" stroke-width=""2""><polygon points=""5 3 19 12 5 21 5 3""></polygon></svg></button></div><div class=""meta-section""><div class=""translation"">他答應要幫助朋友，無論多忙，他都決心履行他的承諾。</div><div class=""entry-explanation"">fulfill a promise 表示履行承諾。</div></div></div></div><div class=""related-forms""><span class=""label"">Related:</span> fulfillment</div></div>"
functional	"<div class=""anki-card-content""><div class=""general-explanation"">形容詞「功能的/實用的」。指物品具有實際用途或運作正常。</div><div class=""entries-container""><div class=""entry""><div class=""sentence-row""><div class=""sentence"">The new office design is very <span class=""target-word"">functional</span>, with plenty of space for employees to work comfortably and efficiently.</div><button class=""tts-button"" data-tts=""The new office design is very functional, with plenty of space for employees to work comfortably and efficiently."" onclick=""window.playTTS(this.getAttribute('data-tts'))""><svg viewBox=""0 0 24 24"" fill=""none"" stroke=""currentColor"" stroke-width=""2""><polygon points=""5 3 19 12 5 21 5 3""></polygon></svg></button></div><div class=""meta-section""><div class=""translation"">新的辦公室設計非常實用，有足夠的空間讓員工舒適且有效率地工作。</div><div class=""entry-explanation"">指設計實用。</div></div></div><div class=""entry""><div class=""sentence-row""><div class=""sentence"">Although the old computer is slow, it is still <span class=""target-word"">functional</span> <span class=""collocation"">for</span> basic tasks like writing documents and checking emails.</div><button class=""tts-button"" data-tts=""Although the old computer is slow, it is still functional for basic tasks like writing documents and checking emails."" onclick=""window.playTTS(this.getAttribute('data-tts'))""><svg viewBox=""0 0 24 24"" fill=""none"" stroke=""currentColor"" stroke-width=""2""><polygon points=""5 3 19 12 5 21 5 3""></polygon></svg></button></div><div class=""meta-section""><div class=""translation"">雖然這台舊電腦很慢，但對於編寫文件和查看電子郵件等基本任務來說，它仍然可以運作。</div><div class=""entry-explanation"">指機器運作正常。</div></div></div><div class=""entry""><div class=""sentence-row""><div class=""sentence"">The kitchen was designed to be <span class=""target-word"">functional</span> <span class=""collocation"">rather</span> than beautiful, focusing on making cooking easier for the chef.</div><button class=""tts-button"" data-tts=""The kitchen was designed to be functional rather than beautiful, focusing on making cooking easier for the chef."" onclick=""window.playTTS(this.getAttribute('data-tts'))""><svg viewBox=""0 0 24 24"" fill=""none"" stroke=""currentColor"" stroke-width=""2""><polygon points=""5 3 19 12 5 21 5 3""></polygon></svg></button></div><div class=""meta-section""><div class=""translation"">廚房的設計旨在實用而非美觀，重點在於讓廚師烹飪更輕鬆。</div><div class=""entry-explanation"">指功能性重於美觀。</div></div></div></div><div class=""related-forms""><span class=""label"">Related:</span> function</div></div>"
fundamental	"<div class=""anki-card-content""><div class=""general-explanation"">形容詞「基本的/根本的」；名詞「基本原則」。</div><div class=""entries-container""><div class=""entry""><div class=""sentence-row""><div class=""sentence"">Respect is a <span class=""target-word"">fundamental</span> <span class=""collocation"">part</span> of any healthy relationship, whether it is between friends, family members, or colleagues.</div><button class=""tts-button"" data-tts=""Respect is a fundamental part of any healthy relationship, whether it is between friends, family members, or colleagues."" onclick=""window.playTTS(this.getAttribute('data-tts'))""><svg viewBox=""0 0 24 24"" fill=""none"" stroke=""currentColor"" stroke-width=""2""><polygon points=""5 3 19 12 5 21 5 3""></polygon></svg></button></div><div class=""meta-section""><div class=""translation"">尊重是任何健康關係的基本部分，無論是在朋友、家人或同事之間。</div><div class=""entry-explanation"">形容詞用法，指根本的。</div></div></div><div class=""entry""><div class=""sentence-row""><div class=""sentence"">The teacher explained the <span class=""target-word"">fundamental</span> <span class=""collocation"">principles</span> of physics to help students understand how the world around them works.</div><button class=""tts-button"" data-tts=""The teacher explained the fundamental principles of physics to help students understand how the world around them works."" onclick=""window.playTTS(this.getAttribute('data-tts'))""><svg viewBox=""0 0 24 24"" fill=""none"" stroke=""currentColor"" stroke-width=""2""><polygon points=""5 3 19 12 5 21 5 3""></polygon></svg></button></div><div class=""meta-section""><div class=""translation"">老師解釋了物理學的基本原則，以幫助學生了解周遭世界是如何運作的。</div><div class=""entry-explanation"">形容詞用法，指基本原則。</div></div></div><div class=""entry""><div class=""sentence-row""><div class=""sentence"">We need to make some <span class=""target-word"">fundamental</span> <span class=""collocation"">changes</span> to our lifestyle if we want to improve our health and live longer.</div><button class=""tts-button"" data-tts=""We need to make some fundamental changes to our lifestyle if we want to improve our health and live longer."" onclick=""window.playTTS(this.getAttribute('data-tts'))""><svg viewBox=""0 0 24 24"" fill=""none"" stroke=""currentColor"" stroke-width=""2""><polygon points=""5 3 19 12 5 21 5 3""></polygon></svg></button></div><div class=""meta-section""><div class=""translation"">如果我們想要改善健康並活得更久，我們需要對生活方式做出一些根本性的改變。</div><div class=""entry-explanation"">形容詞用法，指根本性的改變。</div></div></div></div><div class=""related-forms""><span class=""label"">Related:</span> fundamentally</div></div>"
funeral	"<div class=""anki-card-content""><div class=""general-explanation"">名詞「葬禮」。</div><div class=""entries-container""><div class=""entry""><div class=""sentence-row""><div class=""sentence"">Many friends and family members attended the <span class=""target-word"">funeral</span> <span class=""collocation"">to</span> pay their last respects to the man who had passed away.</div><button class=""tts-button"" data-tts=""Many friends and family members attended the funeral to pay their last respects to the man who had passed away."" onclick=""window.playTTS(this.getAttribute('data-tts'))""><svg viewBox=""0 0 24 24"" fill=""none"" stroke=""currentColor"" stroke-width=""2""><polygon points=""5 3 19 12 5 21 5 3""></polygon></svg></button></div><div class=""meta-section""><div class=""translation"">許多親友參加了葬禮，向那位過世的男子致上最後的敬意。</div><div class=""entry-explanation"">指參加葬禮。</div></div></div><div class=""entry""><div class=""sentence-row""><div class=""sentence"">She felt very sad during the <span class=""target-word"">funeral</span>, but she was comforted by the kind words of support from her friends.</div><button class=""tts-button"" data-tts=""She felt very sad during the funeral, but she was comforted by the kind words of support from her friends."" onclick=""window.playTTS(this.getAttribute('data-tts'))""><svg viewBox=""0 0 24 24"" fill=""none"" stroke=""currentColor"" stroke-width=""2""><polygon points=""5 3 19 12 5 21 5 3""></polygon></svg></button></div><div class=""meta-section""><div class=""translation"">她在葬禮期間感到非常難過，但朋友們溫暖的支持話語安慰了她。</div><div class=""entry-explanation"">指在葬禮期間的感受。</div></div></div><div class=""entry""><div class=""sentence-row""><div class=""sentence"">The family decided to hold a small, private <span class=""target-word"">funeral</span> <span class=""collocation"">for</span> their grandfather, inviting only close relatives to the ceremony.</div><button class=""tts-button"" data-tts=""The family decided to hold a small, private funeral for their grandfather, inviting only close relatives to the ceremony."" onclick=""window.playTTS(this.getAttribute('data-tts'))""><svg viewBox=""0 0 24 24"" fill=""none"" stroke=""currentColor"" stroke-width=""2""><polygon points=""5 3 19 12 5 21 5 3""></polygon></svg></button></div><div class=""meta-section""><div class=""translation"">這家人決定為他們的祖父舉行一場小型、私人的葬禮，只邀請親近的親戚參加儀式。</div><div class=""entry-explanation"">指舉行葬禮。</div></div></div></div></div>"
furious	"<div class=""anki-card-content""><div class=""general-explanation"">形容詞「暴怒的/激烈的」。常見搭配 be furious with sb about/at sth。注意與 angry 相比，furious 語氣更強，意指「極度憤怒」。</div><div class=""entries-container""><div class=""entry""><div class=""sentence-row""><div class=""sentence"">The teacher was <span class=""target-word"">furious</span> <span class=""collocation"">with</span> the students who were talking loudly while she was explaining the difficult math problem to the class.</div><button class=""tts-button"" data-tts=""The teacher was furious with the students who were talking loudly while she was explaining the difficult math problem to the class."" onclick=""window.playTTS(this.getAttribute('data-tts'))""><svg viewBox=""0 0 24 24"" fill=""none"" stroke=""currentColor"" stroke-width=""2""><polygon points=""5 3 19 12 5 21 5 3""></polygon></svg></button></div><div class=""meta-section""><div class=""translation"">老師對於在她向全班解釋困難數學題時大聲交談的學生感到非常憤怒。</div><div class=""entry-explanation"">furious with sb 結構，表示對某人生氣。</div></div></div><div class=""entry""><div class=""sentence-row""><div class=""sentence"">He was <span class=""target-word"">furious</span> <span class=""collocation"">at</span> the unfair decision made by the manager, so he decided to quit his job immediately and look for a new one.</div><button class=""tts-button"" data-tts=""He was furious at the unfair decision made by the manager, so he decided to quit his job immediately and look for a new one."" onclick=""window.playTTS(this.getAttribute('data-tts'))""><svg viewBox=""0 0 24 24"" fill=""none"" stroke=""currentColor"" stroke-width=""2""><polygon points=""5 3 19 12 5 21 5 3""></polygon></svg></button></div><div class=""meta-section""><div class=""translation"">他對經理做出的不公平決定感到非常憤怒，因此他決定立即辭職並尋找新工作。</div><div class=""entry-explanation"">furious at sth 結構，表示對某事感到憤怒。</div></div></div><div class=""entry""><div class=""sentence-row""><div class=""sentence"">There was a <span class=""target-word"">furious</span> <span class=""collocation"">debate</span> among the committee members regarding the new school policy, as everyone had different opinions about the changes.</div><button class=""tts-button"" data-tts=""There was a furious debate among the committee members regarding the new school policy, as everyone had different opinions about the changes."" onclick=""window.playTTS(this.getAttribute('data-tts'))""><svg viewBox=""0 0 24 24"" fill=""none"" stroke=""currentColor"" stroke-width=""2""><polygon points=""5 3 19 12 5 21 5 3""></polygon></svg></button></div><div class=""meta-section""><div class=""translation"">委員會成員之間針對新校規進行了激烈的辯論，因為每個人對這些變動都有不同的看法。</div><div class=""entry-explanation"">furious 亦可用於形容活動或爭論「激烈的」。</div></div></div></div><div class=""related-forms""><span class=""label"">Related:</span> furiously, fury</div></div>"
furnish	"<div class=""anki-card-content""><div class=""general-explanation"">動詞「佈置/提供」。常見搭配 furnish a room with furniture 或 furnish sb with sth。在學測中常考「提供資訊/設備」的用法。</div><div class=""entries-container""><div class=""entry""><div class=""sentence-row""><div class=""sentence"">The young couple decided to <span class=""target-word"">furnish</span> their new apartment <span class=""collocation"">with</span> simple and modern wooden furniture to create a comfortable living space.</div><button class=""tts-button"" data-tts=""The young couple decided to furnish their new apartment with simple and modern wooden furniture to create a comfortable living space."" onclick=""window.playTTS(this.getAttribute('data-tts'))""><svg viewBox=""0 0 24 24"" fill=""none"" stroke=""currentColor"" stroke-width=""2""><polygon points=""5 3 19 12 5 21 5 3""></polygon></svg></button></div><div class=""meta-section""><div class=""translation"">這對年輕夫婦決定用簡單現代的木製家具佈置他們的新公寓，以創造一個舒適的居住空間。</div><div class=""entry-explanation"">furnish sth with sth 結構，表示用某物佈置某處。</div></div></div><div class=""entry""><div class=""sentence-row""><div class=""sentence"">The witness was asked to <span class=""target-word"">furnish</span> the police <span class=""collocation"">with</span> more details about the suspect he saw near the bank yesterday afternoon.</div><button class=""tts-button"" data-tts=""The witness was asked to furnish the police with more details about the suspect he saw near the bank yesterday afternoon."" onclick=""window.playTTS(this.getAttribute('data-tts'))""><svg viewBox=""0 0 24 24"" fill=""none"" stroke=""currentColor"" stroke-width=""2""><polygon points=""5 3 19 12 5 21 5 3""></polygon></svg></button></div><div class=""meta-section""><div class=""translation"">警方要求目擊者提供更多關於他昨天下午在銀行附近看到的嫌疑人的細節。</div><div class=""entry-explanation"">furnish sb with sth 結構，表示提供某人某物，等同於 provide sb with sth。</div></div></div><div class=""entry""><div class=""sentence-row""><div class=""sentence"">The hotel room was <span class=""target-word"">furnished</span> <span class=""collocation"">with</span> all the necessary equipment, including a high-speed internet connection and a large desk for working.</div><button class=""tts-button"" data-tts=""The hotel room was furnished with all the necessary equipment, including a high-speed internet connection and a large desk for working."" onclick=""window.playTTS(this.getAttribute('data-tts'))""><svg viewBox=""0 0 24 24"" fill=""none"" stroke=""currentColor"" stroke-width=""2""><polygon points=""5 3 19 12 5 21 5 3""></polygon></svg></button></div><div class=""meta-section""><div class=""translation"">飯店房間配備了所有必要的設備，包括高速網路連線和一張適合工作的大桌子。</div><div class=""entry-explanation"">被動語態用法，表示某處配備了某物。</div></div></div></div><div class=""related-forms""><span class=""label"">Related:</span> furnished, furnishing, furniture</div></div>"
furthermore	"<div class=""anki-card-content""><div class=""general-explanation"">副詞「此外/而且」。用於連接兩個觀點，表示補充說明。在寫作中常用於段落銜接，語氣比 moreover 正式。</div><div class=""entries-container""><div class=""entry""><div class=""sentence-row""><div class=""sentence"">Eating healthy food helps you stay in good shape; <span class=""target-word"">furthermore</span>, it can improve your concentration and energy levels throughout the busy school day.</div><button class=""tts-button"" data-tts=""Eating healthy food helps you stay in good shape; furthermore, it can improve your concentration and energy levels throughout the busy school day."" onclick=""window.playTTS(this.getAttribute('data-tts'))""><svg viewBox=""0 0 24 24"" fill=""none"" stroke=""currentColor"" stroke-width=""2""><polygon points=""5 3 19 12 5 21 5 3""></polygon></svg></button></div><div class=""meta-section""><div class=""translation"">吃健康的食物有助於保持良好的體態；此外，它還能提高你在繁忙校園生活中的專注力和能量水平。</div><div class=""entry-explanation"">用於補充說明前述觀點的好處。</div></div></div><div class=""entry""><div class=""sentence-row""><div class=""sentence"">The library offers a wide range of books for students to borrow; <span class=""target-word"">furthermore</span>, it provides a quiet environment for those who need to study.</div><button class=""tts-button"" data-tts=""The library offers a wide range of books for students to borrow; furthermore, it provides a quiet environment for those who need to study."" onclick=""window.playTTS(this.getAttribute('data-tts'))""><svg viewBox=""0 0 24 24"" fill=""none"" stroke=""currentColor"" stroke-width=""2""><polygon points=""5 3 19 12 5 21 5 3""></polygon></svg></button></div><div class=""meta-section""><div class=""translation"">圖書館提供各種書籍供學生借閱；此外，它還為需要讀書的人提供了一個安靜的環境。</div><div class=""entry-explanation"">用於列舉圖書館的另一項功能。</div></div></div><div class=""entry""><div class=""sentence-row""><div class=""sentence"">The project is too expensive for our current budget; <span class=""target-word"">furthermore</span>, we do not have enough staff members to complete it on time.</div><button class=""tts-button"" data-tts=""The project is too expensive for our current budget; furthermore, we do not have enough staff members to complete it on time."" onclick=""window.playTTS(this.getAttribute('data-tts'))""><svg viewBox=""0 0 24 24"" fill=""none"" stroke=""currentColor"" stroke-width=""2""><polygon points=""5 3 19 12 5 21 5 3""></polygon></svg></button></div><div class=""meta-section""><div class=""translation"">這個計畫對我們目前的預算來說太昂貴了；此外，我們也沒有足夠的員工能按時完成它。</div><div class=""entry-explanation"">用於列舉計畫不可行的另一個原因。</div></div></div></div><div class=""related-forms""><span class=""label"">Related:</span> further</div></div>"
gallery	"<div class=""anki-card-content""><div class=""general-explanation"">名詞「畫廊/美術館」。指展示藝術品的地方。注意拼字，不要與 galaxy (銀河) 混淆。</div><div class=""entries-container""><div class=""entry""><div class=""sentence-row""><div class=""sentence"">We visited a local art <span class=""target-word"">gallery</span> to see the latest paintings by young artists, which were very impressive and creative.</div><button class=""tts-button"" data-tts=""We visited a local art gallery to see the latest paintings by young artists, which were very impressive and creative."" onclick=""window.playTTS(this.getAttribute('data-tts'))""><svg viewBox=""0 0 24 24"" fill=""none"" stroke=""currentColor"" stroke-width=""2""><polygon points=""5 3 19 12 5 21 5 3""></polygon></svg></button></div><div class=""meta-section""><div class=""translation"">我們參觀了一間當地的藝術畫廊，欣賞年輕藝術家們最新的畫作，那些作品非常令人印象深刻且富有創意。</div><div class=""entry-explanation"">指展示藝術品的場所。</div></div></div><div class=""entry""><div class=""sentence-row""><div class=""sentence"">The famous <span class=""target-word"">gallery</span> <span class=""collocation"">in</span> the city center will hold a special exhibition next month, featuring works from the nineteenth century.</div><button class=""tts-button"" data-tts=""The famous gallery in the city center will hold a special exhibition next month, featuring works from the nineteenth century."" onclick=""window.playTTS(this.getAttribute('data-tts'))""><svg viewBox=""0 0 24 24"" fill=""none"" stroke=""currentColor"" stroke-width=""2""><polygon points=""5 3 19 12 5 21 5 3""></polygon></svg></button></div><div class=""meta-section""><div class=""translation"">市中心那間著名的美術館下個月將舉辦一場特別展覽，展出十九世紀的作品。</div><div class=""entry-explanation"">指美術館或畫廊。</div></div></div><div class=""entry""><div class=""sentence-row""><div class=""sentence"">After walking around the <span class=""target-word"">gallery</span> for two hours, we felt a bit tired but enjoyed learning about the history of modern art.</div><button class=""tts-button"" data-tts=""After walking around the gallery for two hours, we felt a bit tired but enjoyed learning about the history of modern art."" onclick=""window.playTTS(this.getAttribute('data-tts'))""><svg viewBox=""0 0 24 24"" fill=""none"" stroke=""currentColor"" stroke-width=""2""><polygon points=""5 3 19 12 5 21 5 3""></polygon></svg></button></div><div class=""meta-section""><div class=""translation"">在畫廊逛了兩個小時後，我們感到有點累，但很享受了解現代藝術歷史的過程。</div><div class=""entry-explanation"">指逛畫廊的活動。</div></div></div></div></div>"
gaze	"<div class=""anki-card-content""><div class=""general-explanation"">名詞/動詞「凝視/注視」。通常指長時間、專注地看。常見搭配 gaze at sb/sth。</div><div class=""entries-container""><div class=""entry""><div class=""sentence-row""><div class=""sentence"">The little boy <span class=""target-word"">gazed</span> <span class=""collocation"">at</span> the colorful toys in the shop window, wishing he could have one for his upcoming birthday.</div><button class=""tts-button"" data-tts=""The little boy gazed at the colorful toys in the shop window, wishing he could have one for his upcoming birthday."" onclick=""window.playTTS(this.getAttribute('data-tts'))""><svg viewBox=""0 0 24 24"" fill=""none"" stroke=""currentColor"" stroke-width=""2""><polygon points=""5 3 19 12 5 21 5 3""></polygon></svg></button></div><div class=""meta-section""><div class=""translation"">小男孩凝視著櫥窗裡色彩繽紛的玩具，希望他即將到來的生日能得到一個。</div><div class=""entry-explanation"">動詞用法，表示專注地看。</div></div></div><div class=""entry""><div class=""sentence-row""><div class=""sentence"">She kept her <span class=""target-word"">gaze</span> <span class=""collocation"">fixed</span> <span class=""collocation"">on</span> the stage, waiting for her favorite singer to appear and start the concert.</div><button class=""tts-button"" data-tts=""She kept her gaze fixed on the stage, waiting for her favorite singer to appear and start the concert."" onclick=""window.playTTS(this.getAttribute('data-tts'))""><svg viewBox=""0 0 24 24"" fill=""none"" stroke=""currentColor"" stroke-width=""2""><polygon points=""5 3 19 12 5 21 5 3""></polygon></svg></button></div><div class=""meta-section""><div class=""translation"">她的目光固定在舞台上，等待她最喜歡的歌手出現並開始演唱會。</div><div class=""entry-explanation"">名詞用法，常用搭配 keep one&#x27;s gaze fixed on sth。</div></div></div><div class=""entry""><div class=""sentence-row""><div class=""sentence"">It is rude to <span class=""target-word"">gaze</span> <span class=""collocation"">at</span> strangers in public, so you should try to avoid staring at people while you are on the bus.</div><button class=""tts-button"" data-tts=""It is rude to gaze at strangers in public, so you should try to avoid staring at people while you are on the bus."" onclick=""window.playTTS(this.getAttribute('data-tts'))""><svg viewBox=""0 0 24 24"" fill=""none"" stroke=""currentColor"" stroke-width=""2""><polygon points=""5 3 19 12 5 21 5 3""></polygon></svg></button></div><div class=""meta-section""><div class=""translation"">在公共場合凝視陌生人是不禮貌的，所以你在搭公車時應該盡量避免盯著別人看。</div><div class=""entry-explanation"">動詞用法，提醒社交禮儀。</div></div></div></div><div class=""related-forms""><span class=""label"">Related:</span> gazed, gazing</div></div>"
gear	"<div class=""anki-card-content""><div class=""general-explanation"">名詞「裝備/齒輪」；動詞「使適合/調整」。常見搭配 gear toward/to (使適合...)。</div><div class=""entries-container""><div class=""entry""><div class=""sentence-row""><div class=""sentence"">Before going hiking in the mountains, you should make sure you have all the necessary <span class=""target-word"">gear</span>, such as a map and a flashlight.</div><button class=""tts-button"" data-tts=""Before going hiking in the mountains, you should make sure you have all the necessary gear, such as a map and a flashlight."" onclick=""window.playTTS(this.getAttribute('data-tts'))""><svg viewBox=""0 0 24 24"" fill=""none"" stroke=""currentColor"" stroke-width=""2""><polygon points=""5 3 19 12 5 21 5 3""></polygon></svg></button></div><div class=""meta-section""><div class=""translation"">在去山裡健行之前，你應該確保你有所有必要的裝備，例如地圖和手電筒。</div><div class=""entry-explanation"">名詞用法，指裝備。</div></div></div><div class=""entry""><div class=""sentence-row""><div class=""sentence"">The new English course is <span class=""target-word"">geared</span> <span class=""collocation"">toward</span> beginners who want to improve their basic communication skills in a short period.</div><button class=""tts-button"" data-tts=""The new English course is geared toward beginners who want to improve their basic communication skills in a short period."" onclick=""window.playTTS(this.getAttribute('data-tts'))""><svg viewBox=""0 0 24 24"" fill=""none"" stroke=""currentColor"" stroke-width=""2""><polygon points=""5 3 19 12 5 21 5 3""></polygon></svg></button></div><div class=""meta-section""><div class=""translation"">這門新的英語課程是為想要在短時間內提升基本溝通技巧的初學者所設計的。</div><div class=""entry-explanation"">動詞片語 be geared toward，表示「專門為...設計/調整」。</div></div></div><div class=""entry""><div class=""sentence-row""><div class=""sentence"">The bicycle's <span class=""target-word"">gear</span> system needs to be checked regularly to ensure that you can ride smoothly on different types of roads.</div><button class=""tts-button"" data-tts=""The bicycle&#x27;s gear system needs to be checked regularly to ensure that you can ride smoothly on different types of roads."" onclick=""window.playTTS(this.getAttribute('data-tts'))""><svg viewBox=""0 0 24 24"" fill=""none"" stroke=""currentColor"" stroke-width=""2""><polygon points=""5 3 19 12 5 21 5 3""></polygon></svg></button></div><div class=""meta-section""><div class=""translation"">腳踏車的變速系統需要定期檢查，以確保你能在不同類型的道路上順暢騎行。</div><div class=""entry-explanation"">名詞用法，指機械齒輪或變速系統。</div></div></div></div><div class=""related-forms""><span class=""label"">Related:</span> gears</div></div>"
gender	"<div class=""anki-card-content""><div class=""general-explanation"">名詞「性別」。指社會或文化上的性別區分。注意與 sex (生理性別) 的細微差別。</div><div class=""entries-container""><div class=""entry""><div class=""sentence-row""><div class=""sentence"">The school promotes <span class=""target-word"">gender</span> <span class=""collocation"">equality</span> by ensuring that both boys and girls have equal opportunities to participate in all sports activities.</div><button class=""tts-button"" data-tts=""The school promotes gender equality by ensuring that both boys and girls have equal opportunities to participate in all sports activities."" onclick=""window.playTTS(this.getAttribute('data-tts'))""><svg viewBox=""0 0 24 24"" fill=""none"" stroke=""currentColor"" stroke-width=""2""><polygon points=""5 3 19 12 5 21 5 3""></polygon></svg></button></div><div class=""meta-section""><div class=""translation"">學校透過確保男孩和女孩都有平等的機會參與所有體育活動，來提倡性別平等。</div><div class=""entry-explanation"">常見搭配 gender equality (性別平等)。</div></div></div><div class=""entry""><div class=""sentence-row""><div class=""sentence"">In many modern companies, employees are treated equally regardless of their <span class=""target-word"">gender</span>, age, or background, which creates a better working environment.</div><button class=""tts-button"" data-tts=""In many modern companies, employees are treated equally regardless of their gender, age, or background, which creates a better working environment."" onclick=""window.playTTS(this.getAttribute('data-tts'))""><svg viewBox=""0 0 24 24"" fill=""none"" stroke=""currentColor"" stroke-width=""2""><polygon points=""5 3 19 12 5 21 5 3""></polygon></svg></button></div><div class=""meta-section""><div class=""translation"">在許多現代公司中，員工無論性別、年齡或背景如何，都受到平等待遇，這創造了更好的工作環境。</div><div class=""entry-explanation"">指不分性別的平等對待。</div></div></div><div class=""entry""><div class=""sentence-row""><div class=""sentence"">Sociologists often study how <span class=""target-word"">gender</span> <span class=""collocation"">roles</span> have changed over the past few decades in different parts of the world.</div><button class=""tts-button"" data-tts=""Sociologists often study how gender roles have changed over the past few decades in different parts of the world."" onclick=""window.playTTS(this.getAttribute('data-tts'))""><svg viewBox=""0 0 24 24"" fill=""none"" stroke=""currentColor"" stroke-width=""2""><polygon points=""5 3 19 12 5 21 5 3""></polygon></svg></button></div><div class=""meta-section""><div class=""translation"">社會學家經常研究過去幾十年來，世界各地對性別角色的看法是如何改變的。</div><div class=""entry-explanation"">常見搭配 gender roles (性別角色)。</div></div></div></div></div>"
gene	"<div class=""anki-card-content""><div class=""general-explanation"">名詞「基因」。指生物遺傳的基本單位。常與 genetic (基因的) 混淆，gene 是名詞，genetic 是形容詞。</div><div class=""entries-container""><div class=""entry""><div class=""sentence-row""><div class=""sentence"">Scientists have discovered a specific <span class=""target-word"">gene</span> that may be related to how our bodies respond to certain types of medicine.</div><button class=""tts-button"" data-tts=""Scientists have discovered a specific gene that may be related to how our bodies respond to certain types of medicine."" onclick=""window.playTTS(this.getAttribute('data-tts'))""><svg viewBox=""0 0 24 24"" fill=""none"" stroke=""currentColor"" stroke-width=""2""><polygon points=""5 3 19 12 5 21 5 3""></polygon></svg></button></div><div class=""meta-section""><div class=""translation"">科學家發現了一種特定的基因，可能與我們的身體對某些藥物的反應方式有關。</div><div class=""entry-explanation"">指生物學上的基因。</div></div></div><div class=""entry""><div class=""sentence-row""><div class=""sentence"">It is interesting to learn how our <span class=""target-word"">genes</span> determine our physical characteristics, such as eye color and height, from our parents.</div><button class=""tts-button"" data-tts=""It is interesting to learn how our genes determine our physical characteristics, such as eye color and height, from our parents."" onclick=""window.playTTS(this.getAttribute('data-tts'))""><svg viewBox=""0 0 24 24"" fill=""none"" stroke=""currentColor"" stroke-width=""2""><polygon points=""5 3 19 12 5 21 5 3""></polygon></svg></button></div><div class=""meta-section""><div class=""translation"">了解我們的基因如何從父母那裡決定我們的身體特徵（例如眼睛顏色和身高）是很有趣的。</div><div class=""entry-explanation"">指遺傳特徵的基因。</div></div></div><div class=""entry""><div class=""sentence-row""><div class=""sentence"">Through advanced <span class=""target-word"">gene</span> <span class=""collocation"">research</span>, doctors hope to find new ways to treat diseases that were once considered impossible to cure.</div><button class=""tts-button"" data-tts=""Through advanced gene research, doctors hope to find new ways to treat diseases that were once considered impossible to cure."" onclick=""window.playTTS(this.getAttribute('data-tts'))""><svg viewBox=""0 0 24 24"" fill=""none"" stroke=""currentColor"" stroke-width=""2""><polygon points=""5 3 19 12 5 21 5 3""></polygon></svg></button></div><div class=""meta-section""><div class=""translation"">透過先進的基因研究，醫生們希望能找到治療過去被認為無法治癒的疾病的新方法。</div><div class=""entry-explanation"">常見搭配 gene research (基因研究)。</div></div></div></div><div class=""related-forms""><span class=""label"">Related:</span> genetic, genetics</div></div>"
generation	"<div class=""anki-card-content""><div class=""general-explanation"">名詞「世代」。指大約 20-30 年的時間跨度，或指同一時期出生的人。常見搭配 the younger/older generation。</div><div class=""entries-container""><div class=""entry""><div class=""sentence-row""><div class=""sentence"">The gap between the older <span class=""target-word"">generation</span> and the younger one can sometimes lead to misunderstandings about values and lifestyle choices.</div><button class=""tts-button"" data-tts=""The gap between the older generation and the younger one can sometimes lead to misunderstandings about values and lifestyle choices."" onclick=""window.playTTS(this.getAttribute('data-tts'))""><svg viewBox=""0 0 24 24"" fill=""none"" stroke=""currentColor"" stroke-width=""2""><polygon points=""5 3 19 12 5 21 5 3""></polygon></svg></button></div><div class=""meta-section""><div class=""translation"">年長一代與年輕一代之間的代溝，有時會導致對價值觀和生活方式選擇的誤解。</div><div class=""entry-explanation"">指不同年齡層的群體。</div></div></div><div class=""entry""><div class=""sentence-row""><div class=""sentence"">This traditional craft has been passed down from one <span class=""target-word"">generation</span> <span class=""collocation"">to</span> the next for over two hundred years in this small village.</div><button class=""tts-button"" data-tts=""This traditional craft has been passed down from one generation to the next for over two hundred years in this small village."" onclick=""window.playTTS(this.getAttribute('data-tts'))""><svg viewBox=""0 0 24 24"" fill=""none"" stroke=""currentColor"" stroke-width=""2""><polygon points=""5 3 19 12 5 21 5 3""></polygon></svg></button></div><div class=""meta-section""><div class=""translation"">這項傳統工藝在這個小村莊裡已經傳承了兩百多年，一代傳給下一代。</div><div class=""entry-explanation"">常見搭配 from one generation to the next。</div></div></div><div class=""entry""><div class=""sentence-row""><div class=""sentence"">The new <span class=""target-word"">generation</span> of smartphones is much faster and has a better camera than the models released just two years ago.</div><button class=""tts-button"" data-tts=""The new generation of smartphones is much faster and has a better camera than the models released just two years ago."" onclick=""window.playTTS(this.getAttribute('data-tts'))""><svg viewBox=""0 0 24 24"" fill=""none"" stroke=""currentColor"" stroke-width=""2""><polygon points=""5 3 19 12 5 21 5 3""></polygon></svg></button></div><div class=""meta-section""><div class=""translation"">新一代的智慧型手機比兩年前發布的型號快得多，且相機功能更好。</div><div class=""entry-explanation"">指產品的新一代。</div></div></div></div><div class=""related-forms""><span class=""label"">Related:</span> generational</div></div>"
generosity	"<div class=""anki-card-content""><div class=""general-explanation"">名詞「慷慨/大方」。形容詞為 generous。注意拼字，結尾是 -osity。</div><div class=""entries-container""><div class=""entry""><div class=""sentence-row""><div class=""sentence"">The charity was able to build a new school for the children thanks to the <span class=""target-word"">generosity</span> of many anonymous donors.</div><button class=""tts-button"" data-tts=""The charity was able to build a new school for the children thanks to the generosity of many anonymous donors."" onclick=""window.playTTS(this.getAttribute('data-tts'))""><svg viewBox=""0 0 24 24"" fill=""none"" stroke=""currentColor"" stroke-width=""2""><polygon points=""5 3 19 12 5 21 5 3""></polygon></svg></button></div><div class=""meta-section""><div class=""translation"">多虧了許多匿名捐贈者的慷慨，慈善機構才能為孩子們蓋一所新學校。</div><div class=""entry-explanation"">指捐贈者的慷慨行為。</div></div></div><div class=""entry""><div class=""sentence-row""><div class=""sentence"">He is known for his <span class=""target-word"">generosity</span> <span class=""collocation"">toward</span> his friends, as he is always willing to help them when they are in trouble.</div><button class=""tts-button"" data-tts=""He is known for his generosity toward his friends, as he is always willing to help them when they are in trouble."" onclick=""window.playTTS(this.getAttribute('data-tts'))""><svg viewBox=""0 0 24 24"" fill=""none"" stroke=""currentColor"" stroke-width=""2""><polygon points=""5 3 19 12 5 21 5 3""></polygon></svg></button></div><div class=""meta-section""><div class=""translation"">他以對朋友慷慨而聞名，因為當朋友遇到困難時，他總是樂於伸出援手。</div><div class=""entry-explanation"">指對人的慷慨。</div></div></div><div class=""entry""><div class=""sentence-row""><div class=""sentence"">We were touched by the <span class=""target-word"">generosity</span> of the local people, who welcomed us into their homes and shared their food with us.</div><button class=""tts-button"" data-tts=""We were touched by the generosity of the local people, who welcomed us into their homes and shared their food with us."" onclick=""window.playTTS(this.getAttribute('data-tts'))""><svg viewBox=""0 0 24 24"" fill=""none"" stroke=""currentColor"" stroke-width=""2""><polygon points=""5 3 19 12 5 21 5 3""></polygon></svg></button></div><div class=""meta-section""><div class=""translation"">我們被當地人的慷慨所感動，他們歡迎我們進入他們的家，並與我們分享他們的食物。</div><div class=""entry-explanation"">指待人的慷慨。</div></div></div></div><div class=""related-forms""><span class=""label"">Related:</span> generous, generously</div></div>"
genius	"<div class=""anki-card-content""><div class=""general-explanation"">名詞「天才/天賦」。指極高的智力或特殊才能。複數形為 geniuses。</div><div class=""entries-container""><div class=""entry""><div class=""sentence-row""><div class=""sentence"">Albert Einstein was a <span class=""target-word"">genius</span> who changed our understanding of the universe with his groundbreaking theories in physics.</div><button class=""tts-button"" data-tts=""Albert Einstein was a genius who changed our understanding of the universe with his groundbreaking theories in physics."" onclick=""window.playTTS(this.getAttribute('data-tts'))""><svg viewBox=""0 0 24 24"" fill=""none"" stroke=""currentColor"" stroke-width=""2""><polygon points=""5 3 19 12 5 21 5 3""></polygon></svg></button></div><div class=""meta-section""><div class=""translation"">阿爾伯特·愛因斯坦是一位天才，他以其在物理學上的開創性理論改變了我們對宇宙的理解。</div><div class=""entry-explanation"">指具有極高智力的人。</div></div></div><div class=""entry""><div class=""sentence-row""><div class=""sentence"">She has a <span class=""target-word"">genius</span> <span class=""collocation"">for</span> music; she can play any song on the piano after hearing it just once.</div><button class=""tts-button"" data-tts=""She has a genius for music; she can play any song on the piano after hearing it just once."" onclick=""window.playTTS(this.getAttribute('data-tts'))""><svg viewBox=""0 0 24 24"" fill=""none"" stroke=""currentColor"" stroke-width=""2""><polygon points=""5 3 19 12 5 21 5 3""></polygon></svg></button></div><div class=""meta-section""><div class=""translation"">她在音樂方面有天賦；她聽過一次後就能在鋼琴上彈奏任何歌曲。</div><div class=""entry-explanation"">常見搭配 have a genius for sth (在某方面有天賦)。</div></div></div><div class=""entry""><div class=""sentence-row""><div class=""sentence"">It was a stroke of <span class=""target-word"">genius</span> to organize the event online, as it allowed more people from different countries to participate.</div><button class=""tts-button"" data-tts=""It was a stroke of genius to organize the event online, as it allowed more people from different countries to participate."" onclick=""window.playTTS(this.getAttribute('data-tts'))""><svg viewBox=""0 0 24 24"" fill=""none"" stroke=""currentColor"" stroke-width=""2""><polygon points=""5 3 19 12 5 21 5 3""></polygon></svg></button></div><div class=""meta-section""><div class=""translation"">將活動改為線上舉辦真是天才之舉，因為這讓更多來自不同國家的人能夠參與。</div><div class=""entry-explanation"">指極佳的點子或策略。</div></div></div></div><div class=""related-forms""><span class=""label"">Related:</span> geniuses</div></div>"
genuine	"<div class=""anki-card-content""><div class=""general-explanation"">形容詞「真正的/真誠的」。指非偽造的，或情感真實的。常見搭配 genuine interest/concern。</div><div class=""entries-container""><div class=""entry""><div class=""sentence-row""><div class=""sentence"">The antique dealer confirmed that the painting was a <span class=""target-word"">genuine</span> work of art from the eighteenth century, not a copy.</div><button class=""tts-button"" data-tts=""The antique dealer confirmed that the painting was a genuine work of art from the eighteenth century, not a copy."" onclick=""window.playTTS(this.getAttribute('data-tts'))""><svg viewBox=""0 0 24 24"" fill=""none"" stroke=""currentColor"" stroke-width=""2""><polygon points=""5 3 19 12 5 21 5 3""></polygon></svg></button></div><div class=""meta-section""><div class=""translation"">古董商證實這幅畫是十八世紀的真跡，而不是複製品。</div><div class=""entry-explanation"">指物品是真的，非偽造。</div></div></div><div class=""entry""><div class=""sentence-row""><div class=""sentence"">He showed a <span class=""target-word"">genuine</span> <span class=""collocation"">interest</span> in learning about other cultures, so he spent a lot of time talking to international students.</div><button class=""tts-button"" data-tts=""He showed a genuine interest in learning about other cultures, so he spent a lot of time talking to international students."" onclick=""window.playTTS(this.getAttribute('data-tts'))""><svg viewBox=""0 0 24 24"" fill=""none"" stroke=""currentColor"" stroke-width=""2""><polygon points=""5 3 19 12 5 21 5 3""></polygon></svg></button></div><div class=""meta-section""><div class=""translation"">他對了解其他文化表現出真誠的興趣，因此他花了很多時間與國際學生交談。</div><div class=""entry-explanation"">指情感是真誠的。</div></div></div><div class=""entry""><div class=""sentence-row""><div class=""sentence"">It is hard to find <span class=""target-word"">genuine</span> <span class=""collocation"">friendship</span> in a busy city, but he was lucky enough to meet someone he could trust completely.</div><button class=""tts-button"" data-tts=""It is hard to find genuine friendship in a busy city, but he was lucky enough to meet someone he could trust completely."" onclick=""window.playTTS(this.getAttribute('data-tts'))""><svg viewBox=""0 0 24 24"" fill=""none"" stroke=""currentColor"" stroke-width=""2""><polygon points=""5 3 19 12 5 21 5 3""></polygon></svg></button></div><div class=""meta-section""><div class=""translation"">在繁忙的城市中很難找到真誠的友誼，但他很幸運地遇到了一個他可以完全信任的人。</div><div class=""entry-explanation"">指友誼是真誠的。</div></div></div></div><div class=""related-forms""><span class=""label"">Related:</span> genuinely</div></div>"
germ	"<div class=""anki-card-content""><div class=""general-explanation"">名詞「細菌/病菌」。指引起疾病的微生物。常用複數 germs。</div><div class=""entries-container""><div class=""entry""><div class=""sentence-row""><div class=""sentence"">You should wash your hands before eating to kill any <span class=""target-word"">germs</span> that might have been picked up from touching public surfaces.</div><button class=""tts-button"" data-tts=""You should wash your hands before eating to kill any germs that might have been picked up from touching public surfaces."" onclick=""window.playTTS(this.getAttribute('data-tts'))""><svg viewBox=""0 0 24 24"" fill=""none"" stroke=""currentColor"" stroke-width=""2""><polygon points=""5 3 19 12 5 21 5 3""></polygon></svg></button></div><div class=""meta-section""><div class=""translation"">飯前應該洗手，以殺死可能因觸摸公共表面而沾上的細菌。</div><div class=""entry-explanation"">指引起疾病的細菌。</div></div></div><div class=""entry""><div class=""sentence-row""><div class=""sentence"">The doctor explained that the <span class=""target-word"">germs</span> spread quickly in crowded places, so it is important to keep the room well-ventilated.</div><button class=""tts-button"" data-tts=""The doctor explained that the germs spread quickly in crowded places, so it is important to keep the room well-ventilated."" onclick=""window.playTTS(this.getAttribute('data-tts'))""><svg viewBox=""0 0 24 24"" fill=""none"" stroke=""currentColor"" stroke-width=""2""><polygon points=""5 3 19 12 5 21 5 3""></polygon></svg></button></div><div class=""meta-section""><div class=""translation"">醫生解釋說細菌在擁擠的地方傳播得很快，所以保持房間通風很重要。</div><div class=""entry-explanation"">指細菌的傳播。</div></div></div><div class=""entry""><div class=""sentence-row""><div class=""sentence"">Using soap and water is the most effective way to remove <span class=""target-word"">germs</span> and prevent the spread of common colds and flu.</div><button class=""tts-button"" data-tts=""Using soap and water is the most effective way to remove germs and prevent the spread of common colds and flu."" onclick=""window.playTTS(this.getAttribute('data-tts'))""><svg viewBox=""0 0 24 24"" fill=""none"" stroke=""currentColor"" stroke-width=""2""><polygon points=""5 3 19 12 5 21 5 3""></polygon></svg></button></div><div class=""meta-section""><div class=""translation"">使用肥皂和水是去除細菌並預防普通感冒和流感傳播最有效的方法。</div><div class=""entry-explanation"">指衛生習慣與細菌的關係。</div></div></div></div></div>"
gifted	"<div class=""anki-card-content""><div class=""general-explanation"">形容詞「有天賦的」。指在某方面具有特殊才能。常與 talented 互換使用。</div><div class=""entries-container""><div class=""entry""><div class=""sentence-row""><div class=""sentence"">The <span class=""target-word"">gifted</span> student was able to solve the complex math problem in just a few minutes, while others were still struggling.</div><button class=""tts-button"" data-tts=""The gifted student was able to solve the complex math problem in just a few minutes, while others were still struggling."" onclick=""window.playTTS(this.getAttribute('data-tts'))""><svg viewBox=""0 0 24 24"" fill=""none"" stroke=""currentColor"" stroke-width=""2""><polygon points=""5 3 19 12 5 21 5 3""></polygon></svg></button></div><div class=""meta-section""><div class=""translation"">那位有天賦的學生能在幾分鐘內解開複雜的數學題，而其他人還在掙扎。</div><div class=""entry-explanation"">指在學習上有天賦。</div></div></div><div class=""entry""><div class=""sentence-row""><div class=""sentence"">She is a <span class=""target-word"">gifted</span> <span class=""collocation"">musician</span> who has won several international awards for her beautiful violin performances.</div><button class=""tts-button"" data-tts=""She is a gifted musician who has won several international awards for her beautiful violin performances."" onclick=""window.playTTS(this.getAttribute('data-tts'))""><svg viewBox=""0 0 24 24"" fill=""none"" stroke=""currentColor"" stroke-width=""2""><polygon points=""5 3 19 12 5 21 5 3""></polygon></svg></button></div><div class=""meta-section""><div class=""translation"">她是一位有天賦的音樂家，因其優美的鋼琴演奏而贏得了多項國際獎項。</div><div class=""entry-explanation"">指在藝術上有天賦。</div></div></div><div class=""entry""><div class=""sentence-row""><div class=""sentence"">The school provides special programs for <span class=""target-word"">gifted</span> children to help them develop their potential and explore their interests further.</div><button class=""tts-button"" data-tts=""The school provides special programs for gifted children to help them develop their potential and explore their interests further."" onclick=""window.playTTS(this.getAttribute('data-tts'))""><svg viewBox=""0 0 24 24"" fill=""none"" stroke=""currentColor"" stroke-width=""2""><polygon points=""5 3 19 12 5 21 5 3""></polygon></svg></button></div><div class=""meta-section""><div class=""translation"">學校為有天賦的兒童提供特別課程，幫助他們發展潛力並進一步探索興趣。</div><div class=""entry-explanation"">指資優兒童。</div></div></div></div><div class=""related-forms""><span class=""label"">Related:</span> gift</div></div>"
gigantic	"<div class=""anki-card-content""><div class=""general-explanation"">形容詞「巨大的」。指體積或規模非常大。與 huge, enormous 同義。</div><div class=""entries-container""><div class=""entry""><div class=""sentence-row""><div class=""sentence"">The <span class=""target-word"">gigantic</span> statue in the middle of the park was built to honor the heroes who protected the city during the war.</div><button class=""tts-button"" data-tts=""The gigantic statue in the middle of the park was built to honor the heroes who protected the city during the war."" onclick=""window.playTTS(this.getAttribute('data-tts'))""><svg viewBox=""0 0 24 24"" fill=""none"" stroke=""currentColor"" stroke-width=""2""><polygon points=""5 3 19 12 5 21 5 3""></polygon></svg></button></div><div class=""meta-section""><div class=""translation"">公園中央那座巨大的雕像，是為了紀念在戰爭期間保護城市的英雄們而建的。</div><div class=""entry-explanation"">指體積巨大。</div></div></div><div class=""entry""><div class=""sentence-row""><div class=""sentence"">The company faces a <span class=""target-word"">gigantic</span> <span class=""collocation"">task</span> of moving all its offices to a new location within just one month.</div><button class=""tts-button"" data-tts=""The company faces a gigantic task of moving all its offices to a new location within just one month."" onclick=""window.playTTS(this.getAttribute('data-tts'))""><svg viewBox=""0 0 24 24"" fill=""none"" stroke=""currentColor"" stroke-width=""2""><polygon points=""5 3 19 12 5 21 5 3""></polygon></svg></button></div><div class=""meta-section""><div class=""translation"">公司面臨著在短短一個月內將所有辦公室搬遷到新地點的巨大任務。</div><div class=""entry-explanation"">指任務規模巨大。</div></div></div><div class=""entry""><div class=""sentence-row""><div class=""sentence"">We were amazed by the <span class=""target-word"">gigantic</span> size of the whale when it suddenly jumped out of the water near our boat.</div><button class=""tts-button"" data-tts=""We were amazed by the gigantic size of the whale when it suddenly jumped out of the water near our boat."" onclick=""window.playTTS(this.getAttribute('data-tts'))""><svg viewBox=""0 0 24 24"" fill=""none"" stroke=""currentColor"" stroke-width=""2""><polygon points=""5 3 19 12 5 21 5 3""></polygon></svg></button></div><div class=""meta-section""><div class=""translation"">當鯨魚突然從我們船附近的水中跳出來時，我們對它巨大的體型感到震驚。</div><div class=""entry-explanation"">指鯨魚體型巨大。</div></div></div></div></div>"
giggle	"<div class=""anki-card-content""><div class=""general-explanation"">名詞/動詞「咯咯笑」。指輕微、抑制不住的笑聲。常帶有羞澀或開心的意味。</div><div class=""entries-container""><div class=""entry""><div class=""sentence-row""><div class=""sentence"">The two friends couldn't stop <span class=""target-word"">giggling</span> <span class=""collocation"">at</span> the funny faces the clown was making during the birthday party.</div><button class=""tts-button"" data-tts=""The two friends couldn&#x27;t stop giggling at the funny faces the clown was making during the birthday party."" onclick=""window.playTTS(this.getAttribute('data-tts'))""><svg viewBox=""0 0 24 24"" fill=""none"" stroke=""currentColor"" stroke-width=""2""><polygon points=""5 3 19 12 5 21 5 3""></polygon></svg></button></div><div class=""meta-section""><div class=""translation"">這兩個朋友在生日派對上，對小丑做的鬼臉忍不住一直咯咯笑。</div><div class=""entry-explanation"">動詞用法，表示因好笑而咯咯笑。</div></div></div><div class=""entry""><div class=""sentence-row""><div class=""sentence"">I heard a soft <span class=""target-word"">giggle</span> coming from the next room, so I knew that my little sister was playing with her toys.</div><button class=""tts-button"" data-tts=""I heard a soft giggle coming from the next room, so I knew that my little sister was playing with her toys."" onclick=""window.playTTS(this.getAttribute('data-tts'))""><svg viewBox=""0 0 24 24"" fill=""none"" stroke=""currentColor"" stroke-width=""2""><polygon points=""5 3 19 12 5 21 5 3""></polygon></svg></button></div><div class=""meta-section""><div class=""translation"">我聽到隔壁房間傳來一陣輕微的咯咯笑聲，所以我知道我妹妹正在玩她的玩具。</div><div class=""entry-explanation"">名詞用法，指笑聲。</div></div></div><div class=""entry""><div class=""sentence-row""><div class=""sentence"">It is sometimes hard to suppress a <span class=""target-word"">giggle</span> when someone tells a joke in a very serious meeting, even if you know it is inappropriate.</div><button class=""tts-button"" data-tts=""It is sometimes hard to suppress a giggle when someone tells a joke in a very serious meeting, even if you know it is inappropriate."" onclick=""window.playTTS(this.getAttribute('data-tts'))""><svg viewBox=""0 0 24 24"" fill=""none"" stroke=""currentColor"" stroke-width=""2""><polygon points=""5 3 19 12 5 21 5 3""></polygon></svg></button></div><div class=""meta-section""><div class=""translation"">當有人在非常嚴肅的會議中講笑話時，有時很難抑制住咯咯笑，即使你知道那是不恰當的。</div><div class=""entry-explanation"">指在不適當場合想笑的衝動。</div></div></div></div><div class=""related-forms""><span class=""label"">Related:</span> giggled, giggling</div></div>"
ginger	"<div class=""anki-card-content""><div class=""general-explanation"">名詞「薑」。常用於烹飪或作為藥用。亦可形容顏色「薑黃色/紅棕色」。</div><div class=""entries-container""><div class=""entry""><div class=""sentence-row""><div class=""sentence"">Adding some fresh <span class=""target-word"">ginger</span> to the soup can help improve the flavor and is also good for your health during the winter.</div><button class=""tts-button"" data-tts=""Adding some fresh ginger to the soup can help improve the flavor and is also good for your health during the winter."" onclick=""window.playTTS(this.getAttribute('data-tts'))""><svg viewBox=""0 0 24 24"" fill=""none"" stroke=""currentColor"" stroke-width=""2""><polygon points=""5 3 19 12 5 21 5 3""></polygon></svg></button></div><div class=""meta-section""><div class=""translation"">在湯裡加一些新鮮的薑可以幫助提升風味，在冬天對你的健康也很有幫助。</div><div class=""entry-explanation"">指烹飪用的薑。</div></div></div><div class=""entry""><div class=""sentence-row""><div class=""sentence"">She has beautiful <span class=""target-word"">ginger</span> hair that shines brightly under the sunlight, making her stand out in the crowd.</div><button class=""tts-button"" data-tts=""She has beautiful ginger hair that shines brightly under the sunlight, making her stand out in the crowd."" onclick=""window.playTTS(this.getAttribute('data-tts'))""><svg viewBox=""0 0 24 24"" fill=""none"" stroke=""currentColor"" stroke-width=""2""><polygon points=""5 3 19 12 5 21 5 3""></polygon></svg></button></div><div class=""meta-section""><div class=""translation"">她有一頭漂亮的紅棕色頭髮，在陽光下閃閃發光，使她在人群中脫穎而出。</div><div class=""entry-explanation"">指紅棕色的頭髮。</div></div></div><div class=""entry""><div class=""sentence-row""><div class=""sentence"">Many people drink <span class=""target-word"">ginger</span> <span class=""collocation"">tea</span> when they have a cold because it is known to help warm the body and soothe a sore throat.</div><button class=""tts-button"" data-tts=""Many people drink ginger tea when they have a cold because it is known to help warm the body and soothe a sore throat."" onclick=""window.playTTS(this.getAttribute('data-tts'))""><svg viewBox=""0 0 24 24"" fill=""none"" stroke=""currentColor"" stroke-width=""2""><polygon points=""5 3 19 12 5 21 5 3""></polygon></svg></button></div><div class=""meta-section""><div class=""translation"">許多人在感冒時會喝薑茶，因為眾所周知它有助於溫暖身體並緩解喉嚨痛。</div><div class=""entry-explanation"">常見搭配 ginger tea (薑茶)。</div></div></div></div></div>"
glimpse	"<div class=""anki-card-content""><div class=""general-explanation"">名詞/動詞「瞥見/一瞥」。指短暫地看一眼。常見搭配 catch a glimpse of sth。</div><div class=""entries-container""><div class=""entry""><div class=""sentence-row""><div class=""sentence"">I managed to catch a <span class=""target-word"">glimpse</span> <span class=""collocation"">of</span> the famous actor as he was getting into his car after the movie premiere.</div><button class=""tts-button"" data-tts=""I managed to catch a glimpse of the famous actor as he was getting into his car after the movie premiere."" onclick=""window.playTTS(this.getAttribute('data-tts'))""><svg viewBox=""0 0 24 24"" fill=""none"" stroke=""currentColor"" stroke-width=""2""><polygon points=""5 3 19 12 5 21 5 3""></polygon></svg></button></div><div class=""meta-section""><div class=""translation"">在電影首映後，那位著名演員上車時，我設法瞥見了他一眼。</div><div class=""entry-explanation"">常見搭配 catch a glimpse of sth (瞥見某物)。</div></div></div><div class=""entry""><div class=""sentence-row""><div class=""sentence"">The short documentary gave us a brief <span class=""target-word"">glimpse</span> <span class=""collocation"">into</span> the daily lives of people living in remote mountain villages.</div><button class=""tts-button"" data-tts=""The short documentary gave us a brief glimpse into the daily lives of people living in remote mountain villages."" onclick=""window.playTTS(this.getAttribute('data-tts'))""><svg viewBox=""0 0 24 24"" fill=""none"" stroke=""currentColor"" stroke-width=""2""><polygon points=""5 3 19 12 5 21 5 3""></polygon></svg></button></div><div class=""meta-section""><div class=""translation"">這部短紀錄片讓我們簡短地一窺住在偏遠山村人們的日常生活。</div><div class=""entry-explanation"">指對某事物的初步了解。</div></div></div><div class=""entry""><div class=""sentence-row""><div class=""sentence"">She <span class=""target-word"">glimpsed</span> a shadow moving in the garden, but when she looked again, there was nothing there.</div><button class=""tts-button"" data-tts=""She glimpsed a shadow moving in the garden, but when she looked again, there was nothing there."" onclick=""window.playTTS(this.getAttribute('data-tts'))""><svg viewBox=""0 0 24 24"" fill=""none"" stroke=""currentColor"" stroke-width=""2""><polygon points=""5 3 19 12 5 21 5 3""></polygon></svg></button></div><div class=""meta-section""><div class=""translation"">她瞥見花園裡有個影子在移動，但當她再看一次時，那裡什麼也沒有。</div><div class=""entry-explanation"">動詞用法，表示瞥見。</div></div></div></div><div class=""related-forms""><span class=""label"">Related:</span> glimpsed, glimpsing</div></div>"
globe	"<div class=""anki-card-content""><div class=""general-explanation"">名詞「地球儀/全球」。指球狀模型或指整個世界。常見搭配 around the globe (全球)。</div><div class=""entries-container""><div class=""entry""><div class=""sentence-row""><div class=""sentence"">The teacher used a large <span class=""target-word"">globe</span> to show the students where different countries are located and how they relate to each other.</div><button class=""tts-button"" data-tts=""The teacher used a large globe to show the students where different countries are located and how they relate to each other."" onclick=""window.playTTS(this.getAttribute('data-tts'))""><svg viewBox=""0 0 24 24"" fill=""none"" stroke=""currentColor"" stroke-width=""2""><polygon points=""5 3 19 12 5 21 5 3""></polygon></svg></button></div><div class=""meta-section""><div class=""translation"">老師用一個大的地球儀向學生展示不同國家位於何處，以及它們彼此之間的相對位置。</div><div class=""entry-explanation"">指地球儀。</div></div></div><div class=""entry""><div class=""sentence-row""><div class=""sentence"">The internet has connected people from all over the <span class=""target-word"">globe</span>, allowing them to share information and ideas instantly.</div><button class=""tts-button"" data-tts=""The internet has connected people from all over the globe, allowing them to share information and ideas instantly."" onclick=""window.playTTS(this.getAttribute('data-tts'))""><svg viewBox=""0 0 24 24"" fill=""none"" stroke=""currentColor"" stroke-width=""2""><polygon points=""5 3 19 12 5 21 5 3""></polygon></svg></button></div><div class=""meta-section""><div class=""translation"">網際網路連結了來自全球各地的人們，讓他們能即時分享資訊與想法。</div><div class=""entry-explanation"">指全世界。</div></div></div><div class=""entry""><div class=""sentence-row""><div class=""sentence"">Environmental issues are a concern for people <span class=""collocation"">around</span> the <span class=""target-word"">globe</span>, as climate change affects everyone regardless of where they live.</div><button class=""tts-button"" data-tts=""Environmental issues are a concern for people around the globe, as climate change affects everyone regardless of where they live."" onclick=""window.playTTS(this.getAttribute('data-tts'))""><svg viewBox=""0 0 24 24"" fill=""none"" stroke=""currentColor"" stroke-width=""2""><polygon points=""5 3 19 12 5 21 5 3""></polygon></svg></button></div><div class=""meta-section""><div class=""translation"">環境議題是全球人們所關心的，因為氣候變遷影響著每一個人，無論他們住在何處。</div><div class=""entry-explanation"">常見搭配 around the globe (全球)。</div></div></div></div><div class=""related-forms""><span class=""label"">Related:</span> global</div></div>"
glorious	"<div class=""anki-card-content""><div class=""general-explanation"">形容詞「光榮的/壯麗的」。指極好的、令人讚嘆的，或與榮耀相關的。</div><div class=""entries-container""><div class=""entry""><div class=""sentence-row""><div class=""sentence"">We spent a <span class=""target-word"">glorious</span> afternoon walking along the beach, enjoying the warm sunshine and the beautiful view of the ocean.</div><button class=""tts-button"" data-tts=""We spent a glorious afternoon walking along the beach, enjoying the warm sunshine and the beautiful view of the ocean."" onclick=""window.playTTS(this.getAttribute('data-tts'))""><svg viewBox=""0 0 24 24"" fill=""none"" stroke=""currentColor"" stroke-width=""2""><polygon points=""5 3 19 12 5 21 5 3""></polygon></svg></button></div><div class=""meta-section""><div class=""translation"">我們在海邊度過了一個美好的下午，享受著溫暖的陽光和美麗的海景。</div><div class=""entry-explanation"">指極好的、美好的。</div></div></div><div class=""entry""><div class=""sentence-row""><div class=""sentence"">The team achieved a <span class=""target-word"">glorious</span> <span class=""collocation"">victory</span> in the final game, making all their hard work and training over the past year worthwhile.</div><button class=""tts-button"" data-tts=""The team achieved a glorious victory in the final game, making all their hard work and training over the past year worthwhile."" onclick=""window.playTTS(this.getAttribute('data-tts'))""><svg viewBox=""0 0 24 24"" fill=""none"" stroke=""currentColor"" stroke-width=""2""><polygon points=""5 3 19 12 5 21 5 3""></polygon></svg></button></div><div class=""meta-section""><div class=""translation"">球隊在決賽中取得了光榮的勝利，讓他們過去一年所有的努力和訓練都變得值得。</div><div class=""entry-explanation"">指光榮的勝利。</div></div></div><div class=""entry""><div class=""sentence-row""><div class=""sentence"">The sunset over the mountains was truly <span class=""target-word"">glorious</span>, with colors of orange and purple filling the entire sky.</div><button class=""tts-button"" data-tts=""The sunset over the mountains was truly glorious, with colors of orange and purple filling the entire sky."" onclick=""window.playTTS(this.getAttribute('data-tts'))""><svg viewBox=""0 0 24 24"" fill=""none"" stroke=""currentColor"" stroke-width=""2""><polygon points=""5 3 19 12 5 21 5 3""></polygon></svg></button></div><div class=""meta-section""><div class=""translation"">山上的日落景象真是壯麗，橘色和紫色的光芒填滿了整個天空。</div><div class=""entry-explanation"">指壯麗的景象。</div></div></div></div><div class=""related-forms""><span class=""label"">Related:</span> glory</div></div>"
goods	"<div class=""anki-card-content""><div class=""general-explanation"">名詞「商品/貨物」，恆為複數形。常見搭配：consumer goods (消費品), stolen goods (贓物)。注意不可單數使用。</div><div class=""entries-container""><div class=""entry""><div class=""sentence-row""><div class=""sentence"">The store offers a wide variety of <span class=""collocation"">consumer</span> <span class=""target-word"">goods</span>, ranging from fresh vegetables to high-quality electronic devices for local residents.</div><button class=""tts-button"" data-tts=""The store offers a wide variety of consumer goods, ranging from fresh vegetables to high-quality electronic devices for local residents."" onclick=""window.playTTS(this.getAttribute('data-tts'))""><svg viewBox=""0 0 24 24"" fill=""none"" stroke=""currentColor"" stroke-width=""2""><polygon points=""5 3 19 12 5 21 5 3""></polygon></svg></button></div><div class=""meta-section""><div class=""translation"">這家商店為當地居民提供各式各樣的消費品，從新鮮蔬菜到高品質電子設備應有盡有。</div><div class=""entry-explanation"">consumer goods 為常見搭配，指一般大眾購買的商品。</div></div></div><div class=""entry""><div class=""sentence-row""><div class=""sentence"">The police searched the warehouse and successfully <span class=""collocation"">recovered</span> the <span class=""collocation"">stolen</span> <span class=""target-word"">goods</span> that were taken from the jewelry store last week.</div><button class=""tts-button"" data-tts=""The police searched the warehouse and successfully recovered the stolen goods that were taken from the jewelry store last week."" onclick=""window.playTTS(this.getAttribute('data-tts'))""><svg viewBox=""0 0 24 24"" fill=""none"" stroke=""currentColor"" stroke-width=""2""><polygon points=""5 3 19 12 5 21 5 3""></polygon></svg></button></div><div class=""meta-section""><div class=""translation"">警方搜索了倉庫，並成功找回了上週從珠寶店被偷走的贓物。</div><div class=""entry-explanation"">stolen goods 指被竊取的貨物，常與 recover 或 find 搭配。</div></div></div></div></div>"
gown	"<div class=""anki-card-content""><div class=""general-explanation"">名詞「禮服/長袍」。常指正式場合穿著的長裙 (evening gown) 或畢業典禮穿的學位袍 (graduation gown)。</div><div class=""entries-container""><div class=""entry""><div class=""sentence-row""><div class=""sentence"">The young actress wore a beautiful <span class=""collocation"">evening</span> <span class=""target-word"">gown</span> to the film festival, attracting the attention of many photographers on the red carpet.</div><button class=""tts-button"" data-tts=""The young actress wore a beautiful evening gown to the film festival, attracting the attention of many photographers on the red carpet."" onclick=""window.playTTS(this.getAttribute('data-tts'))""><svg viewBox=""0 0 24 24"" fill=""none"" stroke=""currentColor"" stroke-width=""2""><polygon points=""5 3 19 12 5 21 5 3""></polygon></svg></button></div><div class=""meta-section""><div class=""translation"">那位年輕女演員穿著一件美麗的晚禮服參加影展，在紅地毯上吸引了許多攝影師的目光。</div><div class=""entry-explanation"">evening gown 指正式晚宴穿的長禮服。</div></div></div><div class=""entry""><div class=""sentence-row""><div class=""sentence"">All the students were required to wear their <span class=""collocation"">graduation</span> <span class=""target-word"">gown</span> and cap during the ceremony to receive their diplomas on stage.</div><button class=""tts-button"" data-tts=""All the students were required to wear their graduation gown and cap during the ceremony to receive their diplomas on stage."" onclick=""window.playTTS(this.getAttribute('data-tts'))""><svg viewBox=""0 0 24 24"" fill=""none"" stroke=""currentColor"" stroke-width=""2""><polygon points=""5 3 19 12 5 21 5 3""></polygon></svg></button></div><div class=""meta-section""><div class=""translation"">所有學生在典禮期間都被要求穿上畢業袍和學士帽，以便在台上領取畢業證書。</div><div class=""entry-explanation"">graduation gown 指畢業典禮穿的學位袍。</div></div></div></div></div>"
grace	"<div class=""anki-card-content""><div class=""general-explanation"">名詞「優雅/恩典」；動詞「使優雅/增色」。常見片語：with grace (優雅地), fall from grace (失寵)。</div><div class=""entries-container""><div class=""entry""><div class=""sentence-row""><div class=""sentence"">The ballerina moved across the stage <span class=""collocation"">with</span> such <span class=""target-word"">grace</span> that the entire audience was completely captivated by her performance.</div><button class=""tts-button"" data-tts=""The ballerina moved across the stage with such grace that the entire audience was completely captivated by her performance."" onclick=""window.playTTS(this.getAttribute('data-tts'))""><svg viewBox=""0 0 24 24"" fill=""none"" stroke=""currentColor"" stroke-width=""2""><polygon points=""5 3 19 12 5 21 5 3""></polygon></svg></button></div><div class=""meta-section""><div class=""translation"">芭蕾舞者在舞台上移動的姿態如此優雅，讓全場觀眾都被她的表演深深吸引。</div><div class=""entry-explanation"">with grace 為固定用法，形容動作優雅。</div></div></div><div class=""entry""><div class=""sentence-row""><div class=""sentence"">Her presence <span class=""target-word"">graced</span> the <span class=""collocation"">charity event</span>, making the night even more special for all the guests who attended.</div><button class=""tts-button"" data-tts=""Her presence graced the charity event, making the night even more special for all the guests who attended."" onclick=""window.playTTS(this.getAttribute('data-tts'))""><svg viewBox=""0 0 24 24"" fill=""none"" stroke=""currentColor"" stroke-width=""2""><polygon points=""5 3 19 12 5 21 5 3""></polygon></svg></button></div><div class=""meta-section""><div class=""translation"">她的出席為慈善活動增色不少，讓所有參加的賓客都覺得那個夜晚更加特別。</div><div class=""entry-explanation"">動詞用法，指使某場合因某人的出現而更顯光彩。</div></div></div></div><div class=""related-forms""><span class=""label"">Related:</span> graces, graced, gracing</div></div>"
graceful	"<div class=""anki-card-content""><div class=""general-explanation"">形容詞「優雅的」。常用於形容人的動作、姿態或外表。</div><div class=""entries-container""><div class=""entry""><div class=""sentence-row""><div class=""sentence"">Despite her age, the old lady still maintained a <span class=""target-word"">graceful</span> <span class=""collocation"">posture</span> and walked with confidence in the park every morning.</div><button class=""tts-button"" data-tts=""Despite her age, the old lady still maintained a graceful posture and walked with confidence in the park every morning."" onclick=""window.playTTS(this.getAttribute('data-tts'))""><svg viewBox=""0 0 24 24"" fill=""none"" stroke=""currentColor"" stroke-width=""2""><polygon points=""5 3 19 12 5 21 5 3""></polygon></svg></button></div><div class=""meta-section""><div class=""translation"">儘管年事已高，這位老太太依然保持著優雅的姿態，每天早上都自信地在公園散步。</div><div class=""entry-explanation"">graceful posture 指優雅的姿勢。</div></div></div><div class=""entry""><div class=""sentence-row""><div class=""sentence"">The swan made a <span class=""target-word"">graceful</span> <span class=""collocation"">movement</span> across the calm lake, creating a peaceful scene for the tourists nearby.</div><button class=""tts-button"" data-tts=""The swan made a graceful movement across the calm lake, creating a peaceful scene for the tourists nearby."" onclick=""window.playTTS(this.getAttribute('data-tts'))""><svg viewBox=""0 0 24 24"" fill=""none"" stroke=""currentColor"" stroke-width=""2""><polygon points=""5 3 19 12 5 21 5 3""></polygon></svg></button></div><div class=""meta-section""><div class=""translation"">天鵝在平靜的湖面上優雅地移動，為附近的遊客創造了一幅寧靜的景象。</div><div class=""entry-explanation"">形容動作優雅，與 movement 搭配。</div></div></div></div><div class=""related-forms""><span class=""label"">Related:</span> gracefully</div></div>"
gracious	"<div class=""anki-card-content""><div class=""general-explanation"">形容詞「親切的/和藹的」。常用於形容對人友善、有禮貌，特別是地位較高者對人親切。</div><div class=""entries-container""><div class=""entry""><div class=""sentence-row""><div class=""sentence"">The host was very <span class=""target-word"">gracious</span> <span class=""collocation"">to</span> all the guests, ensuring that everyone felt welcome and comfortable throughout the dinner party.</div><button class=""tts-button"" data-tts=""The host was very gracious to all the guests, ensuring that everyone felt welcome and comfortable throughout the dinner party."" onclick=""window.playTTS(this.getAttribute('data-tts'))""><svg viewBox=""0 0 24 24"" fill=""none"" stroke=""currentColor"" stroke-width=""2""><polygon points=""5 3 19 12 5 21 5 3""></polygon></svg></button></div><div class=""meta-section""><div class=""translation"">主人對所有賓客都非常親切，確保每個人在晚宴期間都感到受歡迎且舒適。</div><div class=""entry-explanation"">gracious to sb 指對某人親切。</div></div></div><div class=""entry""><div class=""sentence-row""><div class=""sentence"">She gave a <span class=""target-word"">gracious</span> <span class=""collocation"">smile</span> when she accepted the award, showing her appreciation for the support she received from her team.</div><button class=""tts-button"" data-tts=""She gave a gracious smile when she accepted the award, showing her appreciation for the support she received from her team."" onclick=""window.playTTS(this.getAttribute('data-tts'))""><svg viewBox=""0 0 24 24"" fill=""none"" stroke=""currentColor"" stroke-width=""2""><polygon points=""5 3 19 12 5 21 5 3""></polygon></svg></button></div><div class=""meta-section""><div class=""translation"">她在領獎時露出親切的微笑，表達對團隊支持的感謝。</div><div class=""entry-explanation"">gracious smile 指親切的微笑。</div></div></div></div><div class=""related-forms""><span class=""label"">Related:</span> graciously</div></div>"
graduation	"<div class=""anki-card-content""><div class=""general-explanation"">名詞「畢業」。常見搭配：graduation ceremony (畢業典禮), graduation cap (學士帽)。</div><div class=""entries-container""><div class=""entry""><div class=""sentence-row""><div class=""sentence"">Many students feel both excited and nervous about their future as they prepare for their upcoming <span class=""target-word"">graduation</span> <span class=""collocation"">ceremony</span> next month.</div><button class=""tts-button"" data-tts=""Many students feel both excited and nervous about their future as they prepare for their upcoming graduation ceremony next month."" onclick=""window.playTTS(this.getAttribute('data-tts'))""><svg viewBox=""0 0 24 24"" fill=""none"" stroke=""currentColor"" stroke-width=""2""><polygon points=""5 3 19 12 5 21 5 3""></polygon></svg></button></div><div class=""meta-section""><div class=""translation"">許多學生在準備下個月即將到來的畢業典禮時，對未來感到既興奮又緊張。</div><div class=""entry-explanation"">graduation ceremony 為固定搭配。</div></div></div><div class=""entry""><div class=""sentence-row""><div class=""sentence"">After four years of hard work, he finally reached his <span class=""target-word"">graduation</span> <span class=""collocation"">day</span> and felt proud of everything he had achieved.</div><button class=""tts-button"" data-tts=""After four years of hard work, he finally reached his graduation day and felt proud of everything he had achieved."" onclick=""window.playTTS(this.getAttribute('data-tts'))""><svg viewBox=""0 0 24 24"" fill=""none"" stroke=""currentColor"" stroke-width=""2""><polygon points=""5 3 19 12 5 21 5 3""></polygon></svg></button></div><div class=""meta-section""><div class=""translation"">經過四年的努力，他終於迎來了畢業日，並對自己所達成的一切感到驕傲。</div><div class=""entry-explanation"">graduation day 指畢業當天。</div></div></div></div><div class=""related-forms""><span class=""label"">Related:</span> graduate</div></div>"
grammar	"<div class=""anki-card-content""><div class=""general-explanation"">名詞「文法」。注意拼字結尾是 -ar，非 -er。</div><div class=""entries-container""><div class=""entry""><div class=""sentence-row""><div class=""sentence"">Learning English <span class=""target-word"">grammar</span> <span class=""collocation"">rules</span> can be challenging, but it is essential for writing clear and professional emails in the workplace.</div><button class=""tts-button"" data-tts=""Learning English grammar rules can be challenging, but it is essential for writing clear and professional emails in the workplace."" onclick=""window.playTTS(this.getAttribute('data-tts'))""><svg viewBox=""0 0 24 24"" fill=""none"" stroke=""currentColor"" stroke-width=""2""><polygon points=""5 3 19 12 5 21 5 3""></polygon></svg></button></div><div class=""meta-section""><div class=""translation"">學習英文文法規則可能很有挑戰性，但這對於在職場上撰寫清晰且專業的電子郵件至關重要。</div><div class=""entry-explanation"">grammar rules 指文法規則。</div></div></div><div class=""entry""><div class=""sentence-row""><div class=""sentence"">The teacher corrected the <span class=""target-word"">grammar</span> <span class=""collocation"">mistakes</span> in my essay and explained how to improve my sentence structure for better flow.</div><button class=""tts-button"" data-tts=""The teacher corrected the grammar mistakes in my essay and explained how to improve my sentence structure for better flow."" onclick=""window.playTTS(this.getAttribute('data-tts'))""><svg viewBox=""0 0 24 24"" fill=""none"" stroke=""currentColor"" stroke-width=""2""><polygon points=""5 3 19 12 5 21 5 3""></polygon></svg></button></div><div class=""meta-section""><div class=""translation"">老師糾正了我作文中的文法錯誤，並解釋如何改善句型結構以增加流暢度。</div><div class=""entry-explanation"">grammar mistakes 指文法錯誤。</div></div></div></div></div>"
grammatical	"<div class=""anki-card-content""><div class=""general-explanation"">形容詞「文法上的」。常用於描述錯誤或結構。</div><div class=""entries-container""><div class=""entry""><div class=""sentence-row""><div class=""sentence"">Before submitting your report, please check it carefully for any <span class=""target-word"">grammatical</span> <span class=""collocation"">errors</span> that might affect the quality of your writing.</div><button class=""tts-button"" data-tts=""Before submitting your report, please check it carefully for any grammatical errors that might affect the quality of your writing."" onclick=""window.playTTS(this.getAttribute('data-tts'))""><svg viewBox=""0 0 24 24"" fill=""none"" stroke=""currentColor"" stroke-width=""2""><polygon points=""5 3 19 12 5 21 5 3""></polygon></svg></button></div><div class=""meta-section""><div class=""translation"">在提交報告之前，請仔細檢查是否有任何可能影響寫作品質的文法錯誤。</div><div class=""entry-explanation"">grammatical errors 為常見搭配。</div></div></div><div class=""entry""><div class=""sentence-row""><div class=""sentence"">The student struggled to form a <span class=""target-word"">grammatical</span> <span class=""collocation"">sentence</span> in his first attempt at speaking a foreign language during class.</div><button class=""tts-button"" data-tts=""The student struggled to form a grammatical sentence in his first attempt at speaking a foreign language during class."" onclick=""window.playTTS(this.getAttribute('data-tts'))""><svg viewBox=""0 0 24 24"" fill=""none"" stroke=""currentColor"" stroke-width=""2""><polygon points=""5 3 19 12 5 21 5 3""></polygon></svg></button></div><div class=""meta-section""><div class=""translation"">這名學生在課堂上第一次嘗試說外語時，很難組成一個文法正確的句子。</div><div class=""entry-explanation"">grammatical sentence 指文法正確的句子。</div></div></div></div><div class=""related-forms""><span class=""label"">Related:</span> grammatically</div></div>"
graph	"<div class=""anki-card-content""><div class=""general-explanation"">名詞「圖表/曲線圖」；動詞「用圖表表示」。常見搭配：bar graph (長條圖), line graph (折線圖)。</div><div class=""entries-container""><div class=""entry""><div class=""sentence-row""><div class=""sentence"">The <span class=""target-word"">graph</span> <span class=""collocation"">shows</span> a steady increase in the company's sales over the past twelve months, indicating a successful marketing strategy.</div><button class=""tts-button"" data-tts=""The graph shows a steady increase in the company&#x27;s sales over the past twelve months, indicating a successful marketing strategy."" onclick=""window.playTTS(this.getAttribute('data-tts'))""><svg viewBox=""0 0 24 24"" fill=""none"" stroke=""currentColor"" stroke-width=""2""><polygon points=""5 3 19 12 5 21 5 3""></polygon></svg></button></div><div class=""meta-section""><div class=""translation"">圖表顯示過去十二個月公司銷售額穩定成長，顯示行銷策略相當成功。</div><div class=""entry-explanation"">graph shows 為常見搭配。</div></div></div><div class=""entry""><div class=""sentence-row""><div class=""sentence"">It is helpful to <span class=""target-word"">graph</span> the <span class=""collocation"">data</span> so that we can easily identify the trends and patterns in the research results.</div><button class=""tts-button"" data-tts=""It is helpful to graph the data so that we can easily identify the trends and patterns in the research results."" onclick=""window.playTTS(this.getAttribute('data-tts'))""><svg viewBox=""0 0 24 24"" fill=""none"" stroke=""currentColor"" stroke-width=""2""><polygon points=""5 3 19 12 5 21 5 3""></polygon></svg></button></div><div class=""meta-section""><div class=""translation"">將數據繪製成圖表很有幫助，這樣我們就能輕鬆識別研究結果中的趨勢和模式。</div><div class=""entry-explanation"">動詞用法，指將數據繪製成圖表。</div></div></div></div><div class=""related-forms""><span class=""label"">Related:</span> graphs, graphed, graphing</div></div>"
grateful	"<div class=""anki-card-content""><div class=""general-explanation"">形容詞「感激的」。常用搭配：be grateful to sb for sth。</div><div class=""entries-container""><div class=""entry""><div class=""sentence-row""><div class=""sentence"">I am deeply <span class=""target-word"">grateful</span> <span class=""collocation"">to</span> my teacher for all the guidance and support she provided during my preparation for the exam.</div><button class=""tts-button"" data-tts=""I am deeply grateful to my teacher for all the guidance and support she provided during my preparation for the exam."" onclick=""window.playTTS(this.getAttribute('data-tts'))""><svg viewBox=""0 0 24 24"" fill=""none"" stroke=""currentColor"" stroke-width=""2""><polygon points=""5 3 19 12 5 21 5 3""></polygon></svg></button></div><div class=""meta-section""><div class=""translation"">我非常感激老師在我準備考試期間所提供的所有指導與支持。</div><div class=""entry-explanation"">grateful to sb for sth 為固定句型。</div></div></div><div class=""entry""><div class=""sentence-row""><div class=""sentence"">The volunteers were <span class=""target-word"">grateful</span> <span class=""collocation"">for</span> the donations from the community, which helped them provide more food for the homeless.</div><button class=""tts-button"" data-tts=""The volunteers were grateful for the donations from the community, which helped them provide more food for the homeless."" onclick=""window.playTTS(this.getAttribute('data-tts'))""><svg viewBox=""0 0 24 24"" fill=""none"" stroke=""currentColor"" stroke-width=""2""><polygon points=""5 3 19 12 5 21 5 3""></polygon></svg></button></div><div class=""meta-section""><div class=""translation"">志工們很感激社區的捐款，這幫助他們為遊民提供了更多的食物。</div><div class=""entry-explanation"">grateful for sth 指對某事感到感激。</div></div></div></div><div class=""related-forms""><span class=""label"">Related:</span> gratefully</div></div>"
gratitude	"<div class=""anki-card-content""><div class=""general-explanation"">名詞「感激之情」。常與 express 搭配。</div><div class=""entries-container""><div class=""entry""><div class=""sentence-row""><div class=""sentence"">She wanted to <span class=""collocation"">express</span> her <span class=""target-word"">gratitude</span> <span class=""collocation"">to</span> the doctors who saved her life by sending them a thank-you card.</div><button class=""tts-button"" data-tts=""She wanted to express her gratitude to the doctors who saved her life by sending them a thank-you card."" onclick=""window.playTTS(this.getAttribute('data-tts'))""><svg viewBox=""0 0 24 24"" fill=""none"" stroke=""currentColor"" stroke-width=""2""><polygon points=""5 3 19 12 5 21 5 3""></polygon></svg></button></div><div class=""meta-section""><div class=""translation"">她想透過寄送感謝卡，表達她對救了她一命的醫生的感激之情。</div><div class=""entry-explanation"">express gratitude to sb 為固定用法。</div></div></div><div class=""entry""><div class=""sentence-row""><div class=""sentence"">The students showed their <span class=""target-word"">gratitude</span> <span class=""collocation"">by</span> preparing a small gift for their coach at the end of the sports season.</div><button class=""tts-button"" data-tts=""The students showed their gratitude by preparing a small gift for their coach at the end of the sports season."" onclick=""window.playTTS(this.getAttribute('data-tts'))""><svg viewBox=""0 0 24 24"" fill=""none"" stroke=""currentColor"" stroke-width=""2""><polygon points=""5 3 19 12 5 21 5 3""></polygon></svg></button></div><div class=""meta-section""><div class=""translation"">學生們在運動賽季結束時，透過準備一份小禮物給教練來表達他們的感激之情。</div><div class=""entry-explanation"">show gratitude by doing sth 指透過某行動表達感激。</div></div></div></div></div>"
grave	"<div class=""anki-card-content""><div class=""general-explanation"">名詞「墳墓」；形容詞「嚴重的/嚴肅的」。注意形容詞用法在 GSAT 常考。</div><div class=""entries-container""><div class=""entry""><div class=""sentence-row""><div class=""sentence"">The country is facing a <span class=""target-word"">grave</span> <span class=""collocation"">situation</span> due to the sudden economic crisis, and the government is taking urgent measures.</div><button class=""tts-button"" data-tts=""The country is facing a grave situation due to the sudden economic crisis, and the government is taking urgent measures."" onclick=""window.playTTS(this.getAttribute('data-tts'))""><svg viewBox=""0 0 24 24"" fill=""none"" stroke=""currentColor"" stroke-width=""2""><polygon points=""5 3 19 12 5 21 5 3""></polygon></svg></button></div><div class=""meta-section""><div class=""translation"">由於突如其來的經濟危機，該國正面臨嚴峻的局勢，政府正在採取緊急措施。</div><div class=""entry-explanation"">grave situation 指嚴重的局勢。</div></div></div><div class=""entry""><div class=""sentence-row""><div class=""sentence"">He visited his grandfather's <span class=""target-word"">grave</span> <span class=""collocation"">in</span> the cemetery to pay his respects on the anniversary of his passing.</div><button class=""tts-button"" data-tts=""He visited his grandfather&#x27;s grave in the cemetery to pay his respects on the anniversary of his passing."" onclick=""window.playTTS(this.getAttribute('data-tts'))""><svg viewBox=""0 0 24 24"" fill=""none"" stroke=""currentColor"" stroke-width=""2""><polygon points=""5 3 19 12 5 21 5 3""></polygon></svg></button></div><div class=""meta-section""><div class=""translation"">他在祖父逝世週年時前往墓園探視祖父的墳墓，以表達他的敬意。</div><div class=""entry-explanation"">名詞用法，指墳墓。</div></div></div></div><div class=""related-forms""><span class=""label"">Related:</span> gravely</div></div>"
greasy	"<div class=""anki-card-content""><div class=""general-explanation"">形容詞「油膩的」。常用於形容食物或表面。</div><div class=""entries-container""><div class=""entry""><div class=""sentence-row""><div class=""sentence"">Eating too much <span class=""target-word"">greasy</span> <span class=""collocation"">food</span> can lead to health problems, such as high cholesterol and weight gain over time.</div><button class=""tts-button"" data-tts=""Eating too much greasy food can lead to health problems, such as high cholesterol and weight gain over time."" onclick=""window.playTTS(this.getAttribute('data-tts'))""><svg viewBox=""0 0 24 24"" fill=""none"" stroke=""currentColor"" stroke-width=""2""><polygon points=""5 3 19 12 5 21 5 3""></polygon></svg></button></div><div class=""meta-section""><div class=""translation"">吃太多油膩的食物會導致健康問題，例如長期的膽固醇過高和體重增加。</div><div class=""entry-explanation"">greasy food 指油膩的食物。</div></div></div><div class=""entry""><div class=""sentence-row""><div class=""sentence"">The kitchen floor became <span class=""target-word"">greasy</span> <span class=""collocation"">after</span> the cooking accident, so we had to clean it thoroughly with soap and water.</div><button class=""tts-button"" data-tts=""The kitchen floor became greasy after the cooking accident, so we had to clean it thoroughly with soap and water."" onclick=""window.playTTS(this.getAttribute('data-tts'))""><svg viewBox=""0 0 24 24"" fill=""none"" stroke=""currentColor"" stroke-width=""2""><polygon points=""5 3 19 12 5 21 5 3""></polygon></svg></button></div><div class=""meta-section""><div class=""translation"">烹飪意外發生後，廚房地板變得油膩膩的，所以我們必須用肥皂和水徹底清理乾淨。</div><div class=""entry-explanation"">形容表面油膩。</div></div></div></div><div class=""related-forms""><span class=""label"">Related:</span> grease</div></div>"
greeting	"<div class=""anki-card-content""><div class=""general-explanation"">名詞「問候/招呼」。常用複數 greetings 表「問候語」。</div><div class=""entries-container""><div class=""entry""><div class=""sentence-row""><div class=""sentence"">He offered a <span class=""collocation"">warm</span> <span class=""target-word"">greeting</span> <span class=""collocation"">to</span> his colleagues when he walked into the office this morning to start the day.</div><button class=""tts-button"" data-tts=""He offered a warm greeting to his colleagues when he walked into the office this morning to start the day."" onclick=""window.playTTS(this.getAttribute('data-tts'))""><svg viewBox=""0 0 24 24"" fill=""none"" stroke=""currentColor"" stroke-width=""2""><polygon points=""5 3 19 12 5 21 5 3""></polygon></svg></button></div><div class=""meta-section""><div class=""translation"">他今天早上走進辦公室開始一天的工作時，給了同事們一個溫暖的問候。</div><div class=""entry-explanation"">warm greeting 指溫暖的問候。</div></div></div><div class=""entry""><div class=""sentence-row""><div class=""sentence"">Please send my <span class=""collocation"">best</span> <span class=""target-word"">greetings</span> <span class=""collocation"">to</span> your family when you see them at the party this weekend.</div><button class=""tts-button"" data-tts=""Please send my best greetings to your family when you see them at the party this weekend."" onclick=""window.playTTS(this.getAttribute('data-tts'))""><svg viewBox=""0 0 24 24"" fill=""none"" stroke=""currentColor"" stroke-width=""2""><polygon points=""5 3 19 12 5 21 5 3""></polygon></svg></button></div><div class=""meta-section""><div class=""translation"">這個週末你在派對上見到你家人時，請代我向他們問好。</div><div class=""entry-explanation"">send one&#x27;s greetings to sb 為固定用法。</div></div></div></div><div class=""related-forms""><span class=""label"">Related:</span> greet</div></div>"
grief	"<div class=""anki-card-content""><div class=""general-explanation"">名詞「悲傷/悲痛」。常用於形容失去親人後的強烈情緒。</div><div class=""entries-container""><div class=""entry""><div class=""sentence-row""><div class=""sentence"">She was <span class=""collocation"">overcome</span> <span class=""collocation"">with</span> <span class=""target-word"">grief</span> after hearing the news of her best friend's sudden death in the accident.</div><button class=""tts-button"" data-tts=""She was overcome with grief after hearing the news of her best friend&#x27;s sudden death in the accident."" onclick=""window.playTTS(this.getAttribute('data-tts'))""><svg viewBox=""0 0 24 24"" fill=""none"" stroke=""currentColor"" stroke-width=""2""><polygon points=""5 3 19 12 5 21 5 3""></polygon></svg></button></div><div class=""meta-section""><div class=""translation"">在聽到她最好的朋友在事故中突然過世的消息後，她陷入了極度的悲痛之中。</div><div class=""entry-explanation"">overcome with grief 為固定搭配，指悲痛欲絕。</div></div></div><div class=""entry""><div class=""sentence-row""><div class=""sentence"">It takes time to <span class=""collocation"">deal</span> <span class=""collocation"">with</span> <span class=""target-word"">grief</span>, and it is important to talk to someone you trust during difficult times.</div><button class=""tts-button"" data-tts=""It takes time to deal with grief, and it is important to talk to someone you trust during difficult times."" onclick=""window.playTTS(this.getAttribute('data-tts'))""><svg viewBox=""0 0 24 24"" fill=""none"" stroke=""currentColor"" stroke-width=""2""><polygon points=""5 3 19 12 5 21 5 3""></polygon></svg></button></div><div class=""meta-section""><div class=""translation"">處理悲傷需要時間，在困難時期與你信任的人交談是很重要的。</div><div class=""entry-explanation"">deal with grief 指處理悲傷情緒。</div></div></div></div><div class=""related-forms""><span class=""label"">Related:</span> grieve</div></div>"
grind	"<div class=""anki-card-content""><div class=""general-explanation"">動詞「研磨/苦幹」；名詞「苦差事」。常見搭配：grind coffee beans (磨咖啡豆)。</div><div class=""entries-container""><div class=""entry""><div class=""sentence-row""><div class=""sentence"">The chef likes to <span class=""target-word"">grind</span> <span class=""collocation"">fresh</span> coffee beans every morning to make the best cup of coffee for his customers.</div><button class=""tts-button"" data-tts=""The chef likes to grind fresh coffee beans every morning to make the best cup of coffee for his customers."" onclick=""window.playTTS(this.getAttribute('data-tts'))""><svg viewBox=""0 0 24 24"" fill=""none"" stroke=""currentColor"" stroke-width=""2""><polygon points=""5 3 19 12 5 21 5 3""></polygon></svg></button></div><div class=""meta-section""><div class=""translation"">主廚喜歡每天早上研磨新鮮咖啡豆，為他的顧客製作最棒的咖啡。</div><div class=""entry-explanation"">grind coffee beans 指磨咖啡豆。</div></div></div><div class=""entry""><div class=""sentence-row""><div class=""sentence"">Studying for the final exams is a real <span class=""target-word"">grind</span>, but it is necessary if you want to get good grades.</div><button class=""tts-button"" data-tts=""Studying for the final exams is a real grind, but it is necessary if you want to get good grades."" onclick=""window.playTTS(this.getAttribute('data-tts'))""><svg viewBox=""0 0 24 24"" fill=""none"" stroke=""currentColor"" stroke-width=""2""><polygon points=""5 3 19 12 5 21 5 3""></polygon></svg></button></div><div class=""meta-section""><div class=""translation"">準備期末考真的是件苦差事，但如果你想拿到好成績，這是必要的過程。</div><div class=""entry-explanation"">名詞用法，指枯燥乏味的苦差事。</div></div></div></div><div class=""related-forms""><span class=""label"">Related:</span> ground</div></div>"
guarantee	"<div class=""anki-card-content""><div class=""general-explanation"">動詞「保證」；名詞「保證/保固」。常見搭配：guarantee that... (保證...)。</div><div class=""entries-container""><div class=""entry""><div class=""sentence-row""><div class=""sentence"">The company <span class=""target-word"">guarantees</span> <span class=""collocation"">that</span> all their products are made of high-quality materials and will last for many years.</div><button class=""tts-button"" data-tts=""The company guarantees that all their products are made of high-quality materials and will last for many years."" onclick=""window.playTTS(this.getAttribute('data-tts'))""><svg viewBox=""0 0 24 24"" fill=""none"" stroke=""currentColor"" stroke-width=""2""><polygon points=""5 3 19 12 5 21 5 3""></polygon></svg></button></div><div class=""meta-section""><div class=""translation"">該公司保證他們所有的產品都是由高品質材料製成，並且可以使用多年。</div><div class=""entry-explanation"">guarantee that... 為常見句型。</div></div></div><div class=""entry""><div class=""sentence-row""><div class=""sentence"">This laptop comes with a <span class=""collocation"">one-year</span> <span class=""target-word"">guarantee</span>, so you can get it repaired for free if any problems occur.</div><button class=""tts-button"" data-tts=""This laptop comes with a one-year guarantee, so you can get it repaired for free if any problems occur."" onclick=""window.playTTS(this.getAttribute('data-tts'))""><svg viewBox=""0 0 24 24"" fill=""none"" stroke=""currentColor"" stroke-width=""2""><polygon points=""5 3 19 12 5 21 5 3""></polygon></svg></button></div><div class=""meta-section""><div class=""translation"">這台筆記型電腦附有一年保固，所以如果發生任何問題，你可以免費維修。</div><div class=""entry-explanation"">one-year guarantee 指一年保固。</div></div></div></div><div class=""related-forms""><span class=""label"">Related:</span> guaranteed, guaranteeing</div></div>"
guardian	"<div class=""anki-card-content""><div class=""general-explanation"">名詞「監護人/守護者」。指法律上的監護人或保護某人事物的人。</div><div class=""entries-container""><div class=""entry""><div class=""sentence-row""><div class=""sentence"">As a minor, she needs her <span class=""target-word"">guardian</span> <span class=""collocation"">to</span> sign the consent form before she can participate in the school trip.</div><button class=""tts-button"" data-tts=""As a minor, she needs her guardian to sign the consent form before she can participate in the school trip."" onclick=""window.playTTS(this.getAttribute('data-tts'))""><svg viewBox=""0 0 24 24"" fill=""none"" stroke=""currentColor"" stroke-width=""2""><polygon points=""5 3 19 12 5 21 5 3""></polygon></svg></button></div><div class=""meta-section""><div class=""translation"">身為未成年人，她需要監護人在同意書上簽名，才能參加學校旅行。</div><div class=""entry-explanation"">指法律上的監護人。</div></div></div><div class=""entry""><div class=""sentence-row""><div class=""sentence"">Parents are the natural <span class=""target-word"">guardians</span> <span class=""collocation"">of</span> their children, responsible for their safety and well-being as they grow up.</div><button class=""tts-button"" data-tts=""Parents are the natural guardians of their children, responsible for their safety and well-being as they grow up."" onclick=""window.playTTS(this.getAttribute('data-tts'))""><svg viewBox=""0 0 24 24"" fill=""none"" stroke=""currentColor"" stroke-width=""2""><polygon points=""5 3 19 12 5 21 5 3""></polygon></svg></button></div><div class=""meta-section""><div class=""translation"">父母是孩子天生的守護者，負責他們成長過程中的安全與福祉。</div><div class=""entry-explanation"">指守護者，與 of 搭配。</div></div></div></div><div class=""related-forms""><span class=""label"">Related:</span> guard</div></div>"
guilt	"<div class=""anki-card-content""><div class=""general-explanation"">名詞「罪惡感/內疚」。常與 feel 搭配。</div><div class=""entries-container""><div class=""entry""><div class=""sentence-row""><div class=""sentence"">He felt a deep sense of <span class=""target-word"">guilt</span> <span class=""collocation"">for</span> not being there when his brother needed his help the most.</div><button class=""tts-button"" data-tts=""He felt a deep sense of guilt for not being there when his brother needed his help the most."" onclick=""window.playTTS(this.getAttribute('data-tts'))""><svg viewBox=""0 0 24 24"" fill=""none"" stroke=""currentColor"" stroke-width=""2""><polygon points=""5 3 19 12 5 21 5 3""></polygon></svg></button></div><div class=""meta-section""><div class=""translation"">他因為在兄弟最需要幫助時不在場，而感到深深的內疚。</div><div class=""entry-explanation"">feel a sense of guilt for sth 為固定搭配。</div></div></div><div class=""entry""><div class=""sentence-row""><div class=""sentence"">The criminal could not hide his <span class=""target-word"">guilt</span> <span class=""collocation"">when</span> the police presented the evidence found at the crime scene.</div><button class=""tts-button"" data-tts=""The criminal could not hide his guilt when the police presented the evidence found at the crime scene."" onclick=""window.playTTS(this.getAttribute('data-tts'))""><svg viewBox=""0 0 24 24"" fill=""none"" stroke=""currentColor"" stroke-width=""2""><polygon points=""5 3 19 12 5 21 5 3""></polygon></svg></button></div><div class=""meta-section""><div class=""translation"">當警方出示在犯罪現場發現的證據時，罪犯無法掩飾他的罪行。</div><div class=""entry-explanation"">指罪行或內疚感。</div></div></div></div><div class=""related-forms""><span class=""label"">Related:</span> guilty</div></div>"
guilty	"<div class=""anki-card-content""><div class=""general-explanation"">形容詞「有罪的/內疚的」。常見搭配：be guilty of (犯了...罪)。</div><div class=""entries-container""><div class=""entry""><div class=""sentence-row""><div class=""sentence"">The jury found the man <span class=""target-word"">guilty</span> <span class=""collocation"">of</span> stealing the money from the bank after reviewing all the evidence presented.</div><button class=""tts-button"" data-tts=""The jury found the man guilty of stealing the money from the bank after reviewing all the evidence presented."" onclick=""window.playTTS(this.getAttribute('data-tts'))""><svg viewBox=""0 0 24 24"" fill=""none"" stroke=""currentColor"" stroke-width=""2""><polygon points=""5 3 19 12 5 21 5 3""></polygon></svg></button></div><div class=""meta-section""><div class=""translation"">陪審團在審閱所有提出的證據後，判定該男子犯有從銀行竊取金錢的罪行。</div><div class=""entry-explanation"">be guilty of sth 為固定用法。</div></div></div><div class=""entry""><div class=""sentence-row""><div class=""sentence"">I felt <span class=""target-word"">guilty</span> <span class=""collocation"">about</span> forgetting my best friend's birthday, so I bought her a gift to make it up to her.</div><button class=""tts-button"" data-tts=""I felt guilty about forgetting my best friend&#x27;s birthday, so I bought her a gift to make it up to her."" onclick=""window.playTTS(this.getAttribute('data-tts'))""><svg viewBox=""0 0 24 24"" fill=""none"" stroke=""currentColor"" stroke-width=""2""><polygon points=""5 3 19 12 5 21 5 3""></polygon></svg></button></div><div class=""meta-section""><div class=""translation"">我因為忘記了最好朋友的生日而感到內疚，所以我買了禮物來補償她。</div><div class=""entry-explanation"">feel guilty about sth 指對某事感到內疚。</div></div></div></div><div class=""related-forms""><span class=""label"">Related:</span> guilt</div></div>"
