headword	raw_string	response	verification	comment	attempts
aboard	aboard prep./adv.	"{""headword"":""aboard"",""explanation"":""「aboard」通常用於描述進入或在交通工具（尤其是船、飛機、火車）上的狀態。在學測閱讀中，它常出現在旅程、旅行或團隊合作的情境中。要注意它既可作為介系詞（後接受詞）也可作為副詞（單獨使用）。"",""senses"":[{""sense"":""在（船、飛機、火車）上；登機/船/車"",""entries"":[{""pattern"":""aboard the ..."",""pos"":""preposition"",""translation"":""在…上"",""explanation"":""直接接交通工具作為受詞，表示在該交通工具內部的狀態。"",""sentences"":[{""sentence"":""After checking their tickets, the passengers were finally allowed to step <target>aboard</target> <pattern>the</pattern> giant cruise ship for their summer vacation."",""translation"":""在檢查票券後，乘客們終於被允許登上帝國巨大的郵輪，展開他們的夏季假期。""},{""sentence"":""The flight attendant welcomed everyone <target>aboard</target> <pattern>the</pattern> plane and asked them to fasten their seatbelts before takeoff."",""translation"":""空服員歡迎每個人登機，並要求他們在起飛前繫好安全帶。""}]},{""pattern"":""go / come aboard"",""pos"":""phrase"",""translation"":""登船/機/車；加入（團隊或公司）"",""explanation"":""除了物理上的登機，在商務或團隊情境中，常用於比喻指加入一個新團隊或公司。"",""sentences"":[{""sentence"":""Once the captain gave the signal, the sailors quickly <target>went</target> <pattern>aboard</pattern> to prepare the ship for the long voyage."",""translation"":""一旦船長發出信號，水手們迅速登船，為漫長的航程做準備。""},{""sentence"":""We are thrilled to have such a talented young designer <target>come</target> <pattern>aboard</pattern> our creative marketing team this month."",""translation"":""我們非常高興這個月能有如此才華橫溢的年輕設計師加入我們的創意行銷團隊。""}]}],""synonyms"":[{""word"":""on board"",""pos"":""phrase"",""translation"":""在船/機/車上"",""explanation"":""與 aboard 同義，但 on board 更常在口語中使用。""}],""antonyms"":[]}],""conjugations"":null,""relatives"":{""morphology"":""由 a- (to/on) 與 board (甲板/木板) 組成，原指在船的甲板上。"",""related"":[{""word"":""board"",""pos"":""noun"",""translation"":""甲板；董事會"",""explanation"":""原指船的甲板，後來延伸至指代一個決策團體（董事會）。""}]}}"	none		0
acceptable	acceptable adj.	"{""headword"":""acceptable"",""explanation"":""「acceptable」在學測中常出現在討論社會規範、行為準則或產品品質的語境中。其核心含義是「可接受的」，通常指達到最低限度的標準或符合要求，而非指「最好」的。"",""senses"":[{""sense"":""可接受的；符合標準的"",""entries"":[{""pattern"":""be acceptable to sb."",""pos"":""phrase"",""translation"":""對某人來說是可以接受的"",""explanation"":""常用於表達對某項提議、條件或決定之認可。"",""sentences"":[{""sentence"":""The company offered a new contract, but the salary increase was not <target>acceptable</target> <pattern>to</pattern> the workers who wanted more money."",""translation"":""公司提供了一份新合約，但對那些想要更多錢的工人來說，薪水漲幅是不可接受的。""},{""sentence"":""If the weather is too rainy, moving the school sports day to next Friday might be <target>acceptable</target> <pattern>to</pattern> most students."",""translation"":""如果雨水太多，將學校運動會移至下週五對大多數學生來說可能是可以接受的。""}]},{""pattern"":""socially acceptable"",""pos"":""phrase"",""translation"":""社會上可接受的"",""explanation"":""固定搭配，常用於討論文化差異或社會行為準則。"",""sentences"":[{""sentence"":""In some cultures, it is not <target>acceptable</target> to speak loudly in a public library, as it is seen as very rude."",""translation"":""在某些文化中，在公共圖書館大聲說話是不被接受的，因為這被視為非常沒禮貌。""},{""sentence"":""Wearing casual clothes to a formal wedding is often not <target>acceptable</target> in traditional societies where dress codes are very strict."",""translation"":""在傳統社會中，穿著便服參加正式婚禮通常是不被接受的，因為那裡的服裝規定非常嚴格。""}]}],""synonyms"":[{""word"":""satisfactory"",""pos"":""adjective"",""translation"":""令人滿意的；合格的"",""explanation"":""強調達到最低要求或標準。""},{""word"":""tolerable"",""pos"":""adjective"",""translation"":""可忍受的"",""explanation"":""強調在可承受範圍內。""}],""antonyms"":[{""word"":""unacceptable"",""pos"":""adjective"",""translation"":""不可接受的"",""explanation"":""直接對立面。""}]}],""conjugations"":null,""relatives"":{""morphology"":""字根 accept (接受) + 形容詞字尾 -able (可…的)"",""related"":[{""word"":""accept"",""pos"":""verb"",""translation"":""接受"",""explanation"":""核心動詞。""},{""word"":""acceptance"",""pos"":""noun"",""translation"":""接受；認可"",""explanation"":""由 accept 加上名詞字尾 -ance 延伸而來。""}]}}"	none		0
accurate	accurate adj.	"{""headword"":""accurate"",""explanation"":""「accurate」的核心含義是「精確的」，在學測中常出現在科學實驗、數據分析、翻譯或新聞報導的語境中。要注意它與 precise 的區別：accurate 指的是「正確地對準目標」，而 precise 指的是 點位精確到細節。"",""senses"":[{""sense"":""精確的；正確的"",""entries"":[{""pattern"":""accurate information / data"",""pos"":""phrase"",""translation"":""精確的資訊/數據"",""explanation"":""強搭配，常用於描述科學研究或新聞報導的真實性。"",""sentences"":[{""sentence"":""The scientist spent three years gathering <target>accurate</target> <pattern>data</pattern> to prove that the global temperature is rising every year."",""translation"":""這位科學家花了三年時間收集精確的數據，以證明全球溫度每年都在上升。""},{""sentence"":""Because the old map was not <target>accurate</target>, the hikers got lost in the deep forest for two whole days."",""translation"":""因為那張舊地圖不精確，登山客在深林中迷路了整整兩天。""}]},{""pattern"":""be accurate in sth."",""pos"":""phrase"",""translation"":""在…方面很精確"",""explanation"":""描述某人在處理細節或記錄時的精準度。"",""sentences"":[{""sentence"":""The accountant must be extremely <target>accurate</target> <pattern>in</pattern> calculating the company's yearly taxes to avoid any legal problems."",""translation"":""會計師在計算公司的年度稅金時必須極其精確，以避免任何法律問題。""},{""sentence"":""The witness was very <target>accurate</target> <pattern>in</pattern> describing the thief's face, which helped the police catch the criminal quickly."",""translation"":""證人對小偷臉部的描述非常精確，這幫助警方迅速抓獲了罪犯。""}]}],""synonyms"":[{""word"":""precise"",""pos"":""adjective"",""translation"":""精確的"",""explanation"":""強調細節的極度精準。""},{""word"":""exact"",""pos"":""adjective"",""translation"":""確切的"",""explanation"":""強調與原物完全一致。""}],""antonyms"":[{""word"":""inaccurate"",""pos"":""adjective"",""translation"":""不正確的"",""explanation"":""直接對立面。""}]}],""conjugations"":null,""relatives"":{""morphology"":""字根 accur (care/正確) + 形容詞字尾 -ate"",""related"":[{""word"":""accuracy"",""pos"":""noun"",""translation"":""精確度"",""explanation"":""由 accurate 加上名詞字尾 -cy 延伸而來。""}]}}"	none		0
ache	ache n./v.	"{""headword"":""ache"",""explanation"":""「ache」指一種持續性的、隱隱作痛的感覺。在學測中，常出現在健康、醫療或壓力管理（如：心痛、肌肉酸痛）的語境中。要注意它既可作為名詞（疼痛）也可作為動詞（渴望）。"",""senses"":[{""sense"":""疼痛；隱隱作痛 (名詞/動詞)"",""entries"":[{""pattern"":""stomach ache / headache / back ache"",""pos"":""phrase"",""translation"":""胃痛 / 頭痛 / 背痛"",""explanation"":""常見的複合名詞搭配，指身體特定部位的持續性疼痛。"",""sentences"":[{""sentence"":""After eating too many spicy snacks at the night market, the young girl started to feel a terrible <target>stomach</target> <pattern>ache</pattern>."",""translation"":""在夜市吃了太多辛辣零食後，那個小女孩開始感到嚴重的胃痛。""},{""sentence"":""The student had a severe <target>headache</target> because he stayed up late every night to study for the final exams."",""translation"":""這名學生因為每晚熬夜準備期末考而感到劇烈的頭痛。""}]},{""pattern"":""ache from sth."",""pos"":""phrase"",""translation"":""因為…而疼痛"",""explanation"":""描述疼痛的來源或原因。"",""sentences"":[{""sentence"":""My muscles began to <target>ache</target> <pattern>from</pattern> the heavy exercise I did at the gym yesterday afternoon."",""translation"":""因為昨天下午在健身房做的劇烈運動，我的肌肉開始感到酸痛。""},{""sentence"":""Her legs <target>ached</target> <pattern>from</pattern> walking for five hours to explore the ancient temple in the mountains."",""translation"":""因為在山中探索古廟走了五個小時，她的腿感到酸痛。""}]}],""synonyms"":[{""word"":""pain"",""pos"":""noun"",""translation"":""疼痛"",""explanation"":""泛指各類疼痛，比 ache 劇烈。""},{""word"":""sore"",""pos"":""adjective"",""translation"":""疼痛的；酸痛的"",""explanation"":""常用於肌肉酸痛或喉嚨痛。""}],""antonyms"":[]}],""conjugations"":{""past_tense"":""ached"",""past_participle"":""ached""},""relatives"":{""morphology"":""單一字根，指身體的疼痛感。"",""related"":[]}}"	none		0
achieve	achieve(ment) v./(n.)	"{""headword"":""achieve"",""explanation"":""「achieve」在學測中是極高頻的動詞，常用於描述目標、成功、夢想或結果。核心含義是「透過努力地達成」。要注意它與 attain 或 accomplish 之間的細微區別，其受詞通常是抽象的成功或目標。"",""senses"":[{""sense"":""達成；實現（目標、夢想、成功）"",""entries"":[{""pattern"":""achieve a goal / dream / success"",""pos"":""phrase"",""translation"":""達成目標 / 實現夢想 / 取得成功"",""explanation"":""強搭配，指透過努力地獲得某種成就。"",""sentences"":[{""sentence"":""With hard work and a positive attitude, you can <target>achieve</target> <pattern>your</pattern> goal of becoming a professional doctor."",""translation"":""只要有努力和積極的態度，你就能實現成為一名專業醫師的目標。""},{""sentence"":""After years of training in the cold mountains, the climber finally <target>achieved</target> <pattern>his</pattern> dream of reaching the top."",""translation"":""經過在寒冷山脈中多年的訓練，登山者終於實現了登頂的夢想。""}]},{""pattern"":""achieve sth. through sth."",""pos"":""phrase"",""translation"":""透過…達成某事"",""explanation"":""常用於論述文，描述達成成功的路徑或路徑。"",""sentences"":[{""sentence"":""Many students <target>achieve</target> better grades <pattern>through</pattern> better time management and a strict study plan."",""translation"":""許多學生透過更好的時間管理和嚴格的學習計畫來取得更好的成績。""},{""sentence"":""The government <target>achieved</target> a reduction in pollution <pattern>through</pattern> new laws that limit the use of plastic bags."",""translation"":""政府透過限制使用塑膠袋的新法律，達成了減少污染的目標。""}]}],""synonyms"":[{""word"":""accomplish"",""pos"":""verb"",""translation"":""完成；達成"",""explanation"":""強調完成一項任務或目標。""},{""word"":""attain"",""pos"":""verb"",""translation"":""達到；獲得"",""explanation"":""強調到達某個特定水平或狀態。""}],""antonyms"":[{""word"":""fail"",""pos"":""verb"",""translation"":""失敗"",""explanation"":"" ""}]}],""conjugations"":{""past_tense"":""achieved"",""past_participle"":""achieved""},""relatives"":{""morphology"":""字根 achieve (達成) + 各類字尾"",""related"":[{""word"":""achievement"",""pos"":""noun"",""translation"":""成就；達成"",""explanation"":""由 achieve 加上名詞字尾 -ment 延伸而來。""},{""word"":""achievable"",""pos"":""adjective"",""translation"":""可達成的"",""explanation"":"" ""}]}}"	none		0
additional	additional adj.	"{""headword"":""additional"",""explanation"":""「additional」在學測中常用於描述數量、成本或資訊的增加。重點在於它與 added 的區別：additional 強調的是「額外補充」而非單純的「增加」。"",""senses"":[{""sense"":""額外的；補充的"",""entries"":[{""pattern"":""additional information / details"",""pos"":""phrase"",""translation"":""額外資訊／詳情"",""explanation"":""常用於信件或學術論文中，用來指補充說明以使內容更完整。"",""sentences"":[{""sentence"":""If you need <target>additional</target> <pattern>information</pattern> about the college application process, please feel free to contact the admissions office."",""translation"":""如果您需要關於大學申請程序的額外資訊，請隨時與招生辦公室聯繫。""},{""sentence"":""The detective asked the witness for <target>additional</target> <pattern>details</pattern> about the suspect's clothing to help identify the man more accurately."",""translation"":""偵探要求證人提供關於嫌疑人衣著的額外詳情，以幫助更準確地辨識該男子。""}]},{""pattern"":""additional cost / fee"",""pos"":""phrase"",""translation"":""額外費用"",""explanation"":""在消費或服務情境中，指在基本價格之外需要支付的款項。"",""sentences"":[{""sentence"":""The hotel room is quite cheap, but you will have to pay an <target>additional</target> <pattern>cost</pattern> if you want breakfast included."",""translation"":""這間飯店房間相當便宜，但如果您想要包含早餐，您必須支付額外費用。""},{""sentence"":""Many airlines charge an <target>additional</target> <pattern>fee</pattern> for passengers who bring too many heavy bags on the plane."",""translation"":""許多航空公司會對攜帶過多重型行李的乘客收取額外費用。""}]}],""synonyms"":[{""word"":""extra"",""pos"":""adjective"",""translation"":""額外的；多餘的"",""explanation"":""最通用且口語的詞彙，指超出需求或標準的數量。""},{""word"":""supplementary"",""pos"":""adjective"",""translation"":""補充的"",""explanation"":""較為正式，強調為了填補不足而提供的補充。""}],""antonyms"":[{""word"":""insufficient"",""pos"":""adjective"",""translation"":""不足的"",""explanation"":""指數量或品質未達到最低要求。""}]}],""conjugations"":null,""relatives"":{""morphology"":""字根 add (增加) + 形容詞字尾 -itional"",""related"":[{""word"":""add"",""pos"":""verb"",""translation"":""增加；加上"",""explanation"":""最基礎的動詞形式。""},{""word"":""addition"",""pos"":""noun"",""translation"":""增加；加法"",""explanation"":""由 add 延伸而來的名詞。""}]}}"	none		0
admire	admire v.	"{""headword"":""admire"",""explanation"":""「admire」在學測中常用於描述對某人的才華、勇氣或自然美景的讚賞。注意它與 appreciate 的區別：admire 更強調「崇拜」或「欣賞」某物之美。"",""senses"":[{""sense"":""欽佩；欣賞"",""entries"":[{""pattern"":""admire sb. for sth."",""pos"":""phrase"",""translation"":""因某事而欽佩某人"",""explanation"":""這是最常見的搭配，用來具體說明欽佩的理由。"",""sentences"":[{""sentence"":""Many young students <target>admire</target> the famous scientist <pattern>for</pattern> her courage to challenge old ideas and find new truths."",""translation"":""許多年輕學生因那位著名科學家挑戰舊觀念並發現新真理的勇氣而欽佩她。""},{""sentence"":""I truly <target>admire</target> my father <pattern>for</pattern> his hard work and dedication to providing a better life for our whole family."",""translation"":""我真的很欽佩我父親為了給我們全家提供更好生活而付出的努力與奉獻。""}]},{""pattern"":""admire sth."",""pos"":""verb"",""translation"":""欣賞某物"",""explanation"":""指對藝術品、風景或某人的外貌、成就做出正面評價。"",""sentences"":[{""sentence"":""The tourists stopped for a while to <target>admire</target> the beautiful sunset over the ocean, which painted the sky in orange and purple."",""translation"":""遊客們停下來一會兒，欣賞海面上美麗的日落，將天空染成了橙色與紫色。""},{""sentence"":""We spent the entire afternoon in the museum, <target>admiring</target> the detailed paintings of the great artists from the past."",""translation"":""我們花了一整個下午在博物館裡，欣賞古代偉大藝術家的細膩畫作。""}]}],""synonyms"":[{""word"":""respect"",""pos"":""verb"",""translation"":""尊敬；尊重"",""explanation"":""強調對某人的地位、權威或人格的尊重。""},{""word"":""esteem"",""pos"":""verb"",""translation"":""尊重；敬重"",""explanation"":""較為正式，指對某人的價值或品質的高評價。""}],""antonyms"":[{""word"":""despise"",""pos"":""verb"",""translation"":""鄙視；輕視"",""explanation"":""指對某人或某物感到厭惡且認為其毫無價值。""},{""word"":""scorn"",""pos"":""verb"",""translation"":""蔑視"",""explanation"":""指公開地表示不屑。""}]}],""conjugations"":{""past_tense"":""admired"",""past_participle"":""admired""},""relatives"":{""morphology"":""字根 admir (驚訝、欽佩) + 動詞字尾 -e"",""related"":[{""word"":""admiration"",""pos"":""noun"",""translation"":""欽佩；讚賞"",""explanation"":""由動詞 admire 加上名詞字尾 -tion 延伸而來。""},{""word"":""admirable"",""pos"":""adjective"",""translation"":""令人欽佩的"",""explanation"":""由動詞 admire 加上形容詞字尾 -able 延伸而來。""}]}}"	none		0
advanced	advanced adj.	"{""headword"":""advanced"",""explanation"":""「advanced」在學測中具有兩種核心語意：一是描述技術、設備或知識的「進階」或「先進」；二是描述學習者或學習階段的「高級」。"",""senses"":[{""sense"":""先進的；高級的（技術、知識、階段）"",""entries"":[{""pattern"":""advanced technology / systems"",""pos"":""phrase"",""translation"":""先進技術／系統"",""explanation"":""常用於科技論文或環境科學文章中，描述最前沿的發展。"",""sentences"":[{""sentence"":""The new hospital uses <target>advanced</target> <pattern>technology</pattern> to find diseases early, which helps doctors save more lives every year."",""translation"":""這家新醫院使用先進技術來早期發現疾病，這有助於醫生每年救更多人的生命。""},{""sentence"":""To protect the environment, scientists are developing <target>advanced</target> <pattern>systems</pattern> to clean the plastic waste from the ocean."",""translation"":""為了保護環境，科學家正在開發先進系統來清除海洋中的塑料廢物。""}]},{""pattern"":""advanced level / course"",""pos"":""phrase"",""translation"":""高級程度／課程"",""explanation"":""指學習進度較快或內容更深奧的階段。"",""sentences"":[{""sentence"":""Because she is very good at English, the teacher suggested that she take an <target>advanced</target> <pattern>course</pattern> next semester."",""translation"":""因為她的英文非常好，所以老師建議她下學期修一門高級課程。""},{""sentence"":""Only students with <target>advanced</target> <pattern>knowledge</pattern> of history can understand the complex reasons why the ancient war started."",""translation"":""只有具備歷史高級知識的學生才能理解古代戰爭爆發的複雜原因。""}]}],""synonyms"":[{""word"":""sophisticated"",""pos"":""adjective"",""translation"":""複雜且先進的"",""explanation"":""強調技術的高端與複雜度。""},{""word"":""modern"",""pos"":""adjective"",""translation"":""現代的"",""explanation"":""較通用，指當前時代的技術。""}],""antonyms"":[{""word"":""primitive"",""pos"":""adjective"",""translation"":""原始的"",""explanation"":""指最基礎、未經開發的技術或方式。""},{""word"":""basic"",""pos"":""adjective"",""translation"":""基礎的"",""explanation"":""指最起步的學習階段。""}]}],""conjugations"":null,""relatives"":{""morphology"":""動詞 advance (前進) + 過去分詞字尾 -ed"",""related"":[{""word"":""advance"",""pos"":""verb"",""translation"":""前進；推進"",""explanation"":""基礎動詞形式。""},{""word"":""advantage"",""pos"":""noun"",""translation"":""優勢；利益"",""explanation"":""同根詞，指前進時所擁有的有利條件。""}]}}"	none		0
advantage	advantage n.	"{""headword"":""advantage"",""explanation"":""「advantage」在學測中常出現在對比分析文章中，用來描述某種選擇或特質的「優點」或「優勢」。需注意其搭配的介系詞 for 和 of。"",""senses"":[{""sense"":""優勢；優點（比起他人或他物更有利的條件）"",""entries"":[{""pattern"":""take advantage of sth./sb."",""pos"":""phrase"",""translation"":""利用某事／利用某人"",""explanation"":""可用於正面（利用機會）或負面（利用他人）的語境。"",""sentences"":[{""sentence"":""You should <target>take advantage of</target> the free library books <pattern>of</pattern> your school to improve your reading skills."",""translation"":""你應該利用學校的免費圖書館書籍來提高你的閱讀能力。""},{""sentence"":""The dishonest salesman tried to <target>take advantage of</target> the old man <pattern>of</pattern> his lack of knowledge about cars."",""translation"":""那個不誠實的銷售員試圖利用老人對汽車知識的缺乏來佔其便宜。""}]},{""pattern"":""have an advantage over sth./sb."",""pos"":""phrase"",""translation"":""比…具有優勢"",""explanation"":""用於對比兩者之間，強調其中一方更有利。"",""sentences"":[{""sentence"":""Because she grew up in London, she has a great <target>advantage</target> <pattern>over</pattern> other students in the English speaking competition."",""translation"":""因為她在倫敦長大，她在英文口說比賽中比其他學生具有極大優勢。""},{""sentence"":""Electric cars have a clear <target>advantage</target> <pattern>over</pattern> traditional gas cars because they do not produce harmful smoke."",""translation"":""電動車比傳統燃油車具有明顯優勢，因為它們不產生有害煙霧。""}]}],""synonyms"":[{""word"":""benefit"",""pos"":""noun"",""translation"":""利益；好處"",""explanation"":""泛指任何對人有益的事物。""},{""word"":""edge"",""pos"":""noun"",""translation"":""優勢"",""explanation"":""指在競爭中僅僅一點點的領先地位。""}],""antonyms"":[{""word"":""disadvantage"",""pos"":""noun"",""translation"":""劣勢；缺點"",""explanation"":""直接的反義詞，指不利的條件。""}]}],""conjugations"":null,""relatives"":{""morphology"":""字根 advant (前進) + 名詞字尾 -age"",""related"":[{""word"":""advantageous"",""pos"":""adjective"",""translation"":""有利的"",""explanation"":""由名詞 advantage 加上形容詞字尾 -ous 延伸而來。""}]}}"	none		0
adventure	adventure n.	"{""headword"":""adventure"",""explanation"":""「adventure」在學測中常用於描述探索、旅行或生命中不平凡的經驗。它通常與 explore 或 experience 搭配。"",""senses"":[{""sense"":""冒險；刺激的經驗"",""entries"":[{""pattern"":""go on an adventure"",""pos"":""phrase"",""translation"":""去冒險"",""explanation"":""常用於描述旅行或探索未知領域的過程。"",""sentences"":[{""sentence"":""After graduating from high school, the two friends decided to <target>go on an adventure</target> to the rainforests of Brazil."",""translation"":""高中畢業後，這兩個朋友決定去巴西的雨林冒險。""},{""sentence"":""The young boy dreamed of <target>going on an adventure</target> to find the hidden treasure in the deep, dark mountains."",""translation"":""這個小男孩夢想著去深山中尋找隱藏寶藏的冒險。""}]},{""pattern"":""seek adventure"",""pos"":""verb"",""translation"":""尋求冒險"",""explanation"":""指主動地尋找刺激或不尋常的經驗。"",""sentences"":[{""sentence"":""Many young people leave their small towns to <target>seek adventure</target> in big cities where they can meet different people."",""translation"":""許多年輕人離開他們的小鎮，前往大城市尋求冒險，在那裡他們可以結識不同的人。""},{""sentence"":""The explorer spent his whole life <target>seeking adventure</target> in the coldest parts of the world, such as Antarctica."",""translation"":""這位探險家花了一輩子在世界最寒冷的地方（如南極洲）尋求冒險。""}]}],""synonyms"":[{""word"":""exploration"",""pos"":""noun"",""translation"":""探索"",""explanation"":""指對未知領域的進行系統性的地圖化或研究。""},{""word"":""experience"",""pos"":""noun"",""translation"":""經驗；體驗"",""explanation"":""explanation\"": ""}],""antonyms"":[{""word"":""safety"",""pos"":""noun"",""translation"":""安全"",""explanation"":""指處於無風險的狀態。""},{""word"":""routine"",""pos"":""noun"",""translation"":""常規；例行公事"",""explanation"":""指每天重複且無趣的日常生活。""}]}],""conjugations"":null,""relatives"":{""morphology"":""字根 advent (來到) + 名詞字尾 -ure"",""related"":[{""word"":""advent"",""pos"":""noun"",""translation"":""出現；到來"",""explanation"":"" ""}]}}"	none		0
advertise	advertise(ment) adv./(n.)	"{""headword"":""advertise"",""explanation"":""「advertise」及其名詞形式「advertisement」在學測中常出現在商業、行銷與消費行為的討論中。要注意的是，advertise 作為動詞時，其後方的受詞通常是產品或服務，而 advertisement 作為名詞時，常與 place, post, 或 run 搭配，表示「刊登」廣告。"",""senses"":[{""sense"":""宣傳；打廣告（透過媒體讓大眾知道產品或服務）"",""entries"":[{""pattern"":""advertise sth."",""pos"":""verb"",""translation"":""宣傳某事"",""explanation"":""及物動詞直接接受詞，通常指透過報紙、電視或社群媒體推廣產品。"",""sentences"":[{""sentence"":""Many clothing brands <target>advertise</target> their new summer collections <pattern>on</pattern> social media to attract more young teenagers."",""translation"":""許多服裝品牌在社群媒體上宣傳他們的新夏季系列，以吸引更多年輕青少年。""}]},{""pattern"":""advertise for sth./sb."",""pos"":""phrase"",""translation"":""刊登廣告招募/徵求某人或某物"",""explanation"":""使用介系詞 for 表明招募或尋找的目的。"",""sentences"":[{""sentence"":""The local bakery decided to <target>advertise</target> <pattern>for</pattern> a new part-time assistant because the current staff were too busy."",""translation"":""當地麵包店決定刊登廣告招募一名新的兼職助手，因為目前的員工太忙了。""}]},{""pattern"":""advertise that..."",""pos"":""phrase"",""translation"":""在廣告中宣稱…"",""explanation"":""後接 that 子句，詳細說明廣告中所主張的內容或功能。"",""sentences"":[{""sentence"":""The expensive skincare company <target>advertises</target> <pattern>that</pattern> its new cream can remove all wrinkles in only one week."",""translation"":""這家昂貴的護膚公司在廣告中宣稱，其新面霜僅在一週內就能去除所有皺紋。""}]},{""pattern"":""place/run an advertisement"",""pos"":""phrase"",""translation"":""刊登廣告"",""explanation"":""advertisement 為名詞，與 place 或 run 搭配，表示將廣告正式地放在媒體上。"",""sentences"":[{""sentence"":""Small business owners often <target>place</target> an <pattern>advertisement</pattern> in the local newspaper to let neighbors know about their store."",""translation"":""小企業主經常在當地報紙上刊登廣告，讓鄰居們知道他們店鋪的消息。""}]}],""synonyms"":[],""antonyms"":[]},{""sense"":""公開宣布（讓大眾知道某事）"",""entries"":[{""pattern"":""advertise sth."",""pos"":""verb"",""translation"":""公開宣布某事"",""explanation"":""較少見，指將某事公開化，不再隱藏。"",""sentences"":[{""sentence"":""The secret society decided not to <target>advertise</target> their meeting place, so only a few members knew where to go."",""translation"":""這個秘密社團決定不公開宣布他們的會議地點，因此只有少數成員知道該去哪裡。""}]}],""synonyms"":[],""antonyms"":[]},{""sense"":""廣告 (名詞形式)"",""entries"":[{""pattern"":""advertisement"",""pos"":""noun"",""translation"":""廣告"",""explanation"":""指具體的廣告內容，如海報、短片或文字。"",""sentences"":[{""sentence"":""The colorful <target>advertisement</target> for the new movie was posted on the subway wall, catching the attention of many commuters."",""translation"":""這部新電影的彩色廣告被貼在捷運牆上，吸引了許多通勤者的注意力。""}]}],""synonyms"":[],""antonyms"":[]},{""sense"":""廣告 (名詞形式)"",""entries"":[],""synonyms"":[{""word"":""promotion"",""pos"":""noun"",""translation"":""促銷；宣傳"",""explanation"":""強調透過優惠或活動來推廣產品""},{""word"":""commercial"",""pos"":""noun"",""translation"":""商業廣告"",""explanation"":""特指指電視或廣播中的廣告""}],""antonyms"":[]},{""sense"":""宣傳"",""entries"":[],""synonyms"":[],""antonyms"":[]},{""sense"":""廣告"",""entries"":[],""synonyms"":[],""antonyms"":[]}],""conjugations"":{""past_tense"":""advertised"",""past_participle"":""advertised""},""relatives"":{""morphology"":""字根 advert (轉向、注意到) + 字尾 -ise (使...成為)"",""related"":[{""word"":""advertisement"",""pos"":""noun"",""translation"":""廣告"",""explanation"":""由動詞 advertise 加上名詞字尾 -ment 延伸而來。""},{""word"":""advertiser"",""pos"":""noun"",""translation"":""廣告商"",""explanation"":""指刊登廣告的人或公司。""}]}}"	none		0
advise	advise v.	"{""headword"":""advise"",""explanation"":""「advise」在學測中常作為建議建議類文章的關鍵字。最核心的用法是 advise sb. to do sth. 或 advise doing sth.，學生必須區分 distinguish a-d-v-i-s-e (動詞) 與 a-d-v-i-c-e (名詞) 的拼寫與發音差異。"",""senses"":[{""sense"":""建議；提供忠告"",""entries"":[{""pattern"":""advise sb. to do sth."",""pos"":""phrase"",""translation"":""建議某人做某事"",""explanation"":""最常見的用法，後接受詞加上不定詞 (to V)。"",""sentences"":[{""sentence"":""My high school teacher <target>advised</target> <pattern>me</pattern> <pattern>to</pattern> read more English books to improve my vocabulary and reading speed."",""translation"":""我的高中老師建議我多讀英文書，以提高我的詞彙量和閱讀速度。""},{""sentence"":""The doctor <target>advised</target> <pattern>the patient</pattern> <pattern>to</pattern> stop smoking immediately if he wanted to avoid serious lung disease."",""translation"":""醫生建議病人立即戒菸，如果他想要避免嚴重的肺病。""}]},{""pattern"":""advise against doing sth."",""pos"":""phrase"",""translation"":""建議不要做某事"",""explanation"":""against 是介系詞，因此後面接動名詞 (V-ing)。"",""sentences"":[{""sentence"":""Because the mountain path was very slippery, the guide <target>advised</target> <pattern>against</pattern> <pattern>hiking</pattern> up the mountain during the rain."",""translation"":""因為山路非常濕滑，導遊建議不要在雨天登山。""}]},{""pattern"":""advise that... (should)"",""pos"":""phrase"",""translation"":""建議…（後接 that 子句）"",""explanation"":""在 that 子句中，動詞常用原形動詞，因為隱含了 should 的意思（假設語氣）。"",""sentences"":[{""sentence"":""The financial expert <target>advised</target> <pattern>that</pattern> the government <pattern>should</pattern> lower taxes to help small businesses grow."",""translation"":""財務專家建議政府應該降低稅金，以幫助小企業成長。""}]}],""synonyms"":[],""antonyms"":[]},{""sense"":""通知；告知"",""entries"":[{""pattern"":""advise sb. of sth."",""pos"":""phrase"",""translation"":""通知某人某事"",""explanation"":""較為正式的用法，常用於商務書信或正式通知。"",""sentences"":[{""sentence"":""Please <target>advise</target> <pattern>us</pattern> <pattern>of</pattern> any changes to the flight schedule as soon as possible."",""translation"":""請盡快通知我們航班時間表的任何變更。""}]}],""synonyms"":[],""antonyms"":[]}],""conjugations"":{""past_tense"":""advised"",""past_participle"":""advised""},""relatives"":{""morphology"":""字根 vis (看) + 字尾 -ise (使...成為)"",""related"":[{""word"":""advice"",""pos"":""noun"",""translation"":""建議；忠告"",""explanation"":""不可數名詞，學測常考其不可數特性。""},{""word"":""advisable"",""pos"":""adjective"",""translation"":""明智的；可建議的"",""explanation"":""由 advise 加上形容詞字尾 -able 延伸而來。""},{""word"":""advisor"",""pos"":""noun"",""translation"":""顧問"",""explanation"":""指提供建議的人。""}]}}"	none		0
advisor	adviser/advisor n.	"{""headword"":""advisor"",""explanation"":""「advisor」 (或 advisor) 在學測中常出現在教育、職涯規劃或政府政策討論中。它是一個簡單的名詞，指提供專業建議的人，重點在於其搭配詞與上下文語境。"",""senses"":[{""sense"":""顧問；建議者"",""entries"":[{""pattern"":""academic advisor"",""pos"":""phrase"",""translation"":""學業顧問"",""explanation"":""在美國大學校園生活中常見的搭配，指協助學生選擇課程與規劃學業的人。"",""sentences"":[{""sentence"":""If you are not sure which courses to take next semester, you should make an appointment with your <target>academic advisor</target>."",""translation"":""如果你不確定下學期要修哪些課，你應該約時間諮詢你的學業顧問。""}]},{""pattern"":""financial advisor"",""pos"":""phrase"",""translation"":""財務顧問"",""explanation"":""指提供投資建議與理財規劃的人。"",""sentences"":[{""sentence"":""After winning a large amount of money in the lottery, the man hired a professional <target>financial advisor</target> to manage his savings."",""translation"":""在樂透中贏得一大筆錢後，這個男人雇傭了一位專業的財務顧問來管理他的儲蓄。""}]}],""synonyms"":[],""antonyms"":[]},{""sense"":""顧問 (同義詞)"",""entries"":[],""synonyms"":[{""word"":""consultant"",""pos"":""noun"",""translation"":""顧問；諮詢者"",""explanation"":""通常指對特定專業領域提供建議的外部專家""},{""word"":""mentor"",""pos"":""noun"",""translation"":""導師；領路人"",""explanation"":""強調指導與長期關係""}],""antonyms"":[]}],""conjugations"":null,""relatives"":{""morphology"":""字根 vis (看) + 字尾 -or (人)"",""related"":[{""word"":""advise"",""pos"":""verb"",""translation"":""建議"",""explanation"":""advisor 的動詞形式。""},{""word"":""advice"",""pos"":""noun"",""translation"":""建議"",""explanation"":""不可數名詞。""}]}}"	none		0
afford	afford v.	"{""headword"":""afford"",""explanation"":""「afford」在學測中最高頻的用法是 afford sb. the opportunity to do sth. 或 can/could afford to do sth. 學生必須注意，afford 幾乎總是與助動詞 can, could, be able to 搭配使用，且後方接不定詞 (to V)。"",""senses"":[{""sense"":""負擔得起（金錢或時間上）"",""entries"":[{""pattern"":""can afford to do sth."",""pos"":""phrase"",""translation"":""能負擔得起做某事"",""explanation"":""指金錢上足夠，可以購買或支付某物。"",""sentences"":[{""sentence"":""The new smartphone is very expensive, so I cannot <target>afford</target> <pattern>to</pattern> buy it until I save enough money from my part-time job."",""translation"":""這款新智慧型手機非常昂貴，所以我必須存夠兼職工作的錢才能負擔得起購買它。""},{""sentence"":""Many poor families in the village cannot <target>afford</target> <pattern>to</pattern> pay for their children's college tuition, forcing them to work early."",""translation"":""村裡許多貧困家庭負擔不起孩子的大學學費，迫使他們早早開始工作。""}]},{""pattern"":""can afford sth."",""pos"":""phrase"",""translation"":""能負擔得起某物"",""explanation"":""及物動詞直接接受詞，受詞通常是金錢或時間。"",""sentences"":[{""sentence"":""Because he spent all his savings on a luxury car, he could no longer <target>afford</target> a small apartment in the city center."",""translation"":""因為他把所有積蓄都花在了一輛豪華車上，他再也負擔不起市中心的一個小公寓。""}]},{""pattern"":""cannot afford to do sth. (metaphorical)"",""pos"":""phrase"",""translation"":""不能承受（某種結果）"",""explanation"":""比喻用法，指做某事會帶來太大的風險或損失，不能承受其後果。"",""sentences"":[{""sentence"":""The company is almost bankrupt, so the manager <target>cannot afford</target> <pattern>to</pattern> make any more mistakes in this important project."",""translation"":""公司幾乎破產了，所以經理不能承受在這次重要專案中再犯任何錯誤。""}]}],""synonyms"":[],""antonyms"":[]},{""sense"":""提供（機會、幫助等）"",""entries"":[{""pattern"":""afford sb. sth."",""pos"":""phrase"",""translation"":""給予某人某物"",""explanation"":""較正式的用法，等同於 give 或 provide。"",""sentences"":[{""sentence"":""The modern library <target>affords</target> <pattern>students</pattern> <pattern>the opportunity</pattern> to study in a quiet environment, which helps them concentrate better."",""translation"":""現代圖書館給予學生在安靜環境中學習的機會，這有助於他們更好地專注。""}]}],""synonyms"":[],""antonyms"":[]},{""sense"":""負擔"",""entries"":[],""synonyms"":[{""word"":""manage"",""pos"":""verb"",""translation"":""設法完成；管理"",""explanation"":""強調在困難中設法達成""}],""antonyms"":[]}],""conjugations"":{""past_tense"":""afforded"",""past_participle"":""afforded""},""relatives"":{""morphology"":""字根 afford (提供、賦予)"",""related"":[{""word"":""affordable"",""pos"":""adjective"",""translation"":""負擔得起的；價格適中的"",""explanation"":""由 afford 加上形容詞字尾 -able 延伸而來。""}]}}"	none		0
afterward	afterward/afterwards adv.	"{""headword"":""afterward"",""explanation"":""「afterward」與「afterwards」在學測中主要作為時間副詞，用來連接兩次動作的發生順序。要注意的是， after-ward 這裡的 -ward 具有「方向」或「時間方向」的指引作用，學生應將其視為連接詞般的副詞，用來標記時間線上的後續動作。"",""senses"":[{""sense"":""之後；隨後"",""entries"":[{""pattern"":""afterward / afterwards"",""pos"":""adverb"",""translation"":""之後；隨後"",""explanation"":""指在某事發生之後。兩者在語法上幾乎沒有區別，afterwards 較常用於英式英語。"",""sentences"":[{""sentence"":""The students first studied the difficult chemistry formulas for two hours, and <target>afterward</target>, they played basketball to relax their minds."",""translation"":""學生們先花兩 Stunden 學習困難的化學公式，之後他們打籃球來放鬆心情。""},{""sentence"":""We had a long and tiring dinner with the family, and <target>afterwards</target>, we decided to take a short walk in the park to digest the food."",""translation"":""我們與家人共進了一頓漫長且令人疲倦的晚餐，之後我們決定在公園散步一會兒以幫助消化。""}]}],""synonyms"":[],""antonyms"":[]},{""sense"":""之後"",""entries"":[],""synonyms"":[{""word"":""subsequently"",""pos"":""adverb"",""translation"":""隨後；接著"",""explanation"":""較正式，常用於論文或學術文章中""},{""word"":""later"",""pos"":""adverb"",""translation"":""之後"",""explanation"":""最普遍的用法""}],""antonyms"":[{""word"":""previously"",""pos"":""adverb"",""translation"":""先前；之前"",""explanation"":""指在事情發生前""},{""word"":""word"",""pos"":""adverb"",""translation"":""beforehand"",""explanation"":""事先地""}]}],""conjugations"":null,""relatives"":{""morphology"":""字根 after (在...之後) + 字尾 -ward (方向)"",""related"":[{""word"":""aftermath"",""pos"":""noun"",""translation"":""餘波；後果"",""explanation"":""指重大災難或事件後留下的影響。""}]}}"	none		0
afterwards	afterwards	"{""headword"":""afterwards"",""explanation"":""This is a variant of afterward. Handled as a variant of afterward."",""senses"":[],""conjugations"":null,""relatives"":{""morphology"":""same as afterward"",""related"":[]}}"	none		0
agriculture	agriculture n.	"{""headword"":""agriculture"",""explanation"":""「agriculture」在學測中常出現在環境、食物來源與經濟發展的主題中。學生應注意其作為不可數名詞的用法，以及它與 farming (耕作) 和 cultivation (耕作/培養) 之間的細微差別，後者更偏向於技術性的種植過程。"",""senses"":[{""sense"":""農業；農耕業"",""entries"":[{""pattern"":""modern agriculture"",""pos"":""phrase"",""translation"":""現代農業"",""explanation"":""指利用科技、化學肥料或機械化來提高產量的農業形式。"",""sentences"":[{""sentence"":""With the help of drones and sensors, <pattern>modern</pattern> <target>agriculture</target> can now produce enough food for billions of people worldwide."",""translation"":""藉由無人機和感測器的幫助，現代農業現在能為全球數十億人生產足夠的食物。""},{""sentence"":""The government is investing in <pattern>modern</pattern> <target>agriculture</target> to reduce the reliance on manual labor and increase efficiency."",""translation"":""政府正投資於現代農業，以減少對人力勞動的依賴並提高效率。""}]},{""pattern"":""sustainable agriculture"",""pos"":""phrase"",""translation"":""永續農業"",""explanation"":""強調環境保護與長期生產力的平衡，是環境類文章的高頻搭配。"",""sentences"":[{""sentence"":""Many farmers are switching to <pattern>sustainable</pattern> <target>agriculture</target> to avoid damaging the soil and protect the local water sources."",""translation"":""許多農民正轉向永續農業，以避免損壞土壤並保護當地水源。""},{""sentence"":""The school's environment club organized a workshop to teach students about the benefits of <pattern>sustainable</pattern> <target>agriculture</target>."",""translation"":""學校的環境社團舉辦了一場工作坊，教導學生關於永續農業的益處。""}]}],""synonyms"":[{""word"":""farming"",""pos"":""noun"",""translation"":""農耕"",""explanation"":""較為口語且泛指種植或養殖的行為""}],""antonyms"":[]}],""conjugations"":null,""relatives"":{""morphology"":""字根 agri- (田地) + 字尾 -culture (耕作/培養)"",""related"":[{""word"":""agricultural"",""pos"":""adjective"",""translation"":""農業的"",""explanation"":""由 agriculture 加上形容詞字尾 -al 延伸而來。""},{""word"":""horticulture"",""pos"":""noun"",""translation"":""園藝學"",""explanation"":""字根 horti- (花園) + -culture (耕作)，指種植花卉或果樹。""}]}}"	none		0
airline	airline n.	"{""headword"":""airline"",""explanation"":""「airline」指的是經營航空運輸的「公司」或「業者」。學生容易將其與 airport (機場) 混淆，必須明確區分：airport 是地點，airline 則是提供服務的企業 entity。"",""senses"":[{""sense"":""航空公司"",""entries"":[{""pattern"":""commercial airline"",""pos"":""phrase"",""translation"":""商業航空公司"",""explanation"":""指提供付費乘客運輸服務的航空公司。"",""sentences"":[{""sentence"":""Due to the sudden storm, the <pattern>commercial</pattern> <target>airline</target> canceled all flights to Tokyo for the safety of the passengers."",""translation"":""由於突然的暴風雨，該商業航空公司為了乘客的安全取消了所有前往東京的航班。""},{""sentence"":""Working for a <pattern>commercial</pattern> <target>airline</target> requires excellent communication skills and the ability to handle stressful situations."",""translation"":""在商業航空公司工作需要卓越的溝通技巧以及處理壓力情境的能力。""}]},{""pattern"":""budget airline"",""pos"":""phrase"",""translation"":""廉價航空公司"",""explanation"":""指提供低價票價但服務較少的航空公司。"",""sentences"":[{""sentence"":""Many college students prefer to fly with a <pattern>budget</pattern> <target>airline</target> because they want to save money for their trip."",""translation"":""許多大學生偏好搭乘廉價航空公司，因為他們想為旅行省錢。""},{""sentence"":""While <pattern>budget</pattern> <target>airlines</target> offer cheaper tickets, you often have to pay extra for baggage and meals."",""translation"":""雖然廉價航空公司提供較便宜的機票，但你通常必須為行李和餐點支付額外費用。""}]}],""synonyms"":[],""antonyms"":[]}],""conjugations"":null,""relatives"":{""morphology"":""air (空氣/空中) + line (路線/線路)"",""related"":[{""word"":""flight"",""pos"":""noun"",""translation"":""航班；飛行"",""explanation"":""指一次完整的飛行過程或特定的班次。""}]}}"	none		0
alley	alley n.	"{""headword"":""alley"",""explanation"":""「alley」通常指城市中兩棟建築物之間狹窄的通道。在描述城市景觀或故事場景時非常有用。注意其與 lane (小巷/車道) 的區別：alley 通常更窄且常位於建築物之間。"",""senses"":[{""sense"":""小巷；窄巷"",""entries"":[{""pattern"":""narrow alley"",""pos"":""phrase"",""translation"":""狹窄的小巷"",""explanation"":""最常見的形容詞搭配，用來描述環境的壓迫感或神秘感。"",""sentences"":[{""sentence"":""The tourist got lost in a <pattern>narrow</pattern> <target>alley</target> in the old city, where the buildings were so close together."",""translation"":""遊客在舊城區的一條狹窄小巷中迷路了，那裡的建築物靠得非常近。""},{""sentence"":""A small coffee shop is hidden in a <pattern>narrow</pattern> <target>alley</target>, making it a secret spot for many local students."",""translation"":""一家小咖啡店隱藏在狹窄的小巷中，使其成為許多當地學生的秘密地點。""}]},{""pattern"":""dark alley"",""pos"":""phrase"",""translation"":""陰暗的小巷"",""explanation"":""常用於描述不安、危險或神秘的氣氛。"",""sentences"":[{""sentence"":""My father always warns me not to walk alone through a <pattern>dark</pattern> <target>alley</target> late at night for safety reasons."",""translation"":""為了安全起見，我父親總是警告我深夜不要獨自走過陰暗的小巷。""},{""sentence"":""In the scary movie, the main character followed a strange noise into a <pattern>dark</pattern> <target>alley</target> behind the mall."",""translation"":""在恐怖電影中，主角跟著奇怪的聲音進入了購物中心後方的一條陰暗小巷。""}]}],""synonyms"":[{""word"":""lane"",""pos"":""noun"",""translation"":""小巷；車道"",""explanation"":""比 alley 更寬一點，且不一定在建築物之間""},{""word"":""passage"",""pos"":""noun"",""translation"":""通道"",""explanation"":""泛指任何連接兩地的窄路""}],""antonyms"":[]}],""conjugations"":null,""relatives"":{""morphology"":""單一字根，源自古法語，意為「通道」"",""related"":[]}}"	none		0
almond	almond n.	"{""headword"":""almond"",""explanation"":""「almond」在學測中通常出現在營養、健康飲食或文化描述中。它是一個可數名詞，指代個體的杏仁，也可以作為不可數名詞指代該類植物或食材。"",""senses"":[{""sense"":""杏仁；杏仁樹"",""entries"":[{""pattern"":""roasted almond"",""pos"":""phrase"",""translation"":""烤杏仁"",""explanation"":""常見的食物搭配，描述食材的處理方式。"",""sentences"":[{""sentence"":""My sister loves to eat <pattern>roasted</pattern> <target>almonds</target> as a healthy snack while she is studying for her final exams."",""translation"":""我姊姊喜歡在準備期末考時吃烤杏仁作為健康零食。""},{""sentence"":""The bakery sells a special cake made with <pattern>roasted</pattern> <target>almonds</target>, which tastes very sweet and crunchy."",""translation"":""這間烘焙店販售一種用烤杏仁製成的特別蛋糕，吃起來非常甜且酥脆。""}]},{""pattern"":""almond milk"",""pos"":""phrase"",""translation"":""杏仁奶"",""explanation"":""現代健康飲食或素食話題中極高頻的搭配，用來替代牛奶。"",""sentences"":[{""sentence"":""Since she is allergic to dairy products, she chooses <target>almond</target> <pattern>milk</pattern> instead of cow's milk in her morning coffee."",""translation"":""因為她對乳製品過敏，她在早晨的咖啡中選擇杏仁奶而非牛奶。""},{""sentence"":""Many people now prefer <target>almond</target> <pattern>milk</pattern> because it is a popular plant-based alternative to traditional dairy."",""translation"":""許多人現在偏好杏仁奶，因為它是目前流行的植物性乳製品替代品。""}]},{""pattern"":""almond-shaped"",""pos"":""adjective"",""translation"":""杏仁形的"",""explanation"":""用來描述眼睛或物體形狀的特徵。"",""sentences"":[{""sentence"":""The artist painted the woman's <target>almond</target>-shaped eyes, which made her look very elegant and mysterious."",""translation"":""藝術家畫出了那名女子的杏仁形眼睛，使她看起來非常優雅且神秘。""}]}],""synonyms"":[],""antonyms"":[]}],""conjugations"":null,""relatives"":{""morphology"":""單一字根，源自拉丁語 amygdala (杏仁)"",""related"":[]}}"	none		0
alphabet	alphabet n.	"{""headword"":""alphabet"",""explanation"":""「alphabet」指的不是單個字母 (letter)，而是「一套完整的字母表」。學生必須區分 alphabet (字母表) 與 letter (字母) 的概念，這是常考的陷阱點。"",""senses"":[{""sense"":""字母表"",""entries"":[{""pattern"":""the English alphabet"",""pos"":""phrase"",""translation"":""英文字母表"",""explanation"":""指 A 到 Z 的整套系統。"",""sentences"":[{""sentence"":""Children usually begin to learn <pattern>the English</pattern> <target>alphabet</target> in kindergarten, long before they can read full sentences."",""translation"":""孩子們通常在幼稚園就開始學習英文字母表，早在他們能讀完整句子之前。""},{""sentence"":""The teacher asked the students to recite <pattern>the English</pattern> <target>alphabet</target> in reverse order to test their memory."",""translation"":""老師要求學生們反向背誦英文字母表，以測試他們的記憶力。""}]},{""pattern"":""Greek alphabet"",""pos"":""phrase"",""translation"":""希臘字母表"",""explanation"":""用於描述其他語言的寫作系統。"",""sentences"":[{""sentence"":""In my science class, we learned that the <pattern>Greek</pattern> <target>alphabet</target> is often used in mathematics and physics formulas."",""translation"":""在我的科學課上，我們 öğrend了希臘字母表經常被用於數學和物理公式中。""}]}],""synonyms"":[],""antonyms"":[]}],""conjugations"":null,""relatives"":{""morphology"":""源自希臘語 alpha (第一個字母) + beta (第二個字母)"",""related"":[{""word"":""alphabetical"",""pos"":""adjective"",""translation"":""按字母順序的"",""explanation"":""由 alphabet 加上形容詞字尾 -ical 延伸而來。""},{""word"":""alphabetize"",""pos"":""verb"",""translation"":""按字母順序排列"",""explanation"":""由 alphabet 加上動詞字尾 -ize 延伸而來。""}]}}"	none		0
amaze	amaze(ment) v./(n.)	"{""headword"":""amaze"",""explanation"":""「amaze」及其名詞形式「amazement」在學測中常用於描述強烈的驚訝或感嘆。注意此動詞在描述人的感受時，常用被動態（be amazed at/by）來表達「對…感到驚訝」。"",""senses"":[{""sense"":""使驚訝；使驚嘆（達到震撼程度的驚訝）"",""entries"":[{""pattern"":""amaze sb."",""pos"":""verb"",""translation"":""使某人驚訝"",""explanation"":""及物動詞直接接受詞，強調造成驚訝的強度很高。"",""sentences"":[{""sentence"":""The young pianist's incredible speed and skill <target>amazed</target> the judges, who had never seen such talent in a child."",""translation"":""這位年輕鋼琴家的驚人速度與技巧讓評審們感到驚訝，他們從未在孩子身上見過這樣的才華。""}]},{""pattern"":""be amazed at/by sth."",""pos"":""phrase"",""translation"":""對某事感到驚訝"",""explanation"":""最常見的被動結構，at 或 by 接造成驚訝的原因。"",""sentences"":[{""sentence"":""I was <target>amazed</target> <pattern>at</pattern> how quickly the small puppy grew into a large dog in just a few short months."",""translation"":""我對這隻小狗在短短幾個月內就長成大狗的速度感到驚訝。""},{""sentence"":""The tourists were <target>amazed</target> <pattern>by</pattern> the beautiful colors of the sunset over the ocean, taking photos for an hour."",""translation"":""遊客們對海邊日落的美麗色彩感到驚嘆，拍了整整一個小時的照片。""}]},{""pattern"":""to one's amazement"",""pos"":""phrase"",""translation"":""令某人驚訝的是"",""explanation"":""名詞 amazement 用於此固定片語，用來引導出令人驚訝的結果。"",""sentences"":[{""sentence"":""To my <target>amazement</target>, the old car started working again after I simply turned the key and pressed the pedal."",""translation"":""令我驚訝的是，在我簡單地轉動鑰匙並按下踏板後，那輛舊車竟然重新啟動了。""}]}],""synonyms"":[],""antonyms"":[]},{""sense"":""驚訝；驚嘆（名詞形式）"",""entries"":[{""pattern"":""amazement"",""pos"":""noun"",""translation"":""驚訝；驚嘆"",""explanation"":""描述一種極度驚訝的心理狀態。"",""sentences"":[{""sentence"":""The crowd watched in complete <target>amazement</target> as the magician made the heavy stone table disappear into thin air."",""translation"":""當魔術師讓沉重的石桌憑空消失時， crowd 驚訝地看著。""}]}],""synonyms"":[],""antonyms"":[]},{""sense"":""迷宮；錯綜複雜的（罕見但可能出現在閱讀中）"",""entries"":[{""pattern"":""amaze"",""pos"":""noun"",""translation"":""迷宮；錯綜複雜之處"",""explanation"":""現代英文中較少見，但在文學作品或舊式文本中可能出現。"",""sentences"":[{""sentence"":""The ancient city was an <target>amaze</target> of narrow streets and hidden doors, making it easy for visitors to get lost."",""translation"":""這座古城是一個由狹窄街道和隱藏門戶構成的迷宮，讓遊客很容易迷路。""}]}],""synonyms"":[],""antonyms"":[]},{""sense"":""驚人的；令人驚嘆的（形容詞形式）"",""entries"":[{""pattern"":""amazing"",""pos"":""adjective"",""translation"":""令人驚嘆的"",""explanation"":""用來描述事物的特性。"",""sentences"":[{""sentence"":""The new smart phone has <target>amazing</target> camera features that allow users to take clear photos even in the dark."",""translation"":""這款新智慧型手機具有驚人的相機功能，讓使用者即使在黑暗中也能拍出清晰的照片。""}]},{""pattern"":""amazed"",""pos"":""adjective"",""translation"":""感到驚訝的"",""explanation"":""用來描述人的感受。"",""sentences"":[{""sentence"":""The <target>amazed</target> students looked at their test scores, unable to believe that they had all passed the difficult exam."",""translation"":""驚訝的學生們看著他們的考試成績，不敢相信他們全部通過了那場困難的考試。""}]}],""synonyms"":[],""antonyms"":[]},{""sense"":""驚訝的（形容詞形式）"",""entries"":[],""synonyms"":[],""antonyms"":[]},{""sense"":""驚人的（形容詞詞類），但-ing 與 -ed 形式區分"",""entries"":[],""synonyms"":[],""antonyms"":[]}],""conjugations"":{""past_tense"":""amazed"",""past_participle"":""amazed""},""relatives"":{""morphology"":""字根 amaze (驚訝)"",""related"":[{""word"":""amazement"",""pos"":""noun"",""translation"":""驚訝；驚嘆"",""explanation"":""由動詞 amaze 加上名詞字尾 -ment 延伸而來。""},{""word"":""amazing"",""pos"":""adjective"",""translation"":""令人驚嘆的"",""explanation"":""由動詞 amaze 加上形容詞字尾 -ing 延伸而來。""},{""word"":""amazed"",""pos"":""adjective"",""translation"":""感到驚訝的"",""explanation"":""由動詞 amaze 加上形容詞字尾 -ed 延伸而來。""}]}}"	none		0
ambassador	ambassador n.	"{""headword"":""ambassador"",""explanation"":""「ambassador」在學測中常出現在國際關係、外交政策或品牌推廣（如品牌大使）的語境中。理解這個字時，應注意其代表的是一種官方身份或是代表某個組織的代表者。"",""senses"":[{""sense"":""大使；外交官（代表國家在外的官方代表）"",""entries"":[{""pattern"":""ambassador"",""pos"":""noun"",""translation"":""大使"",""explanation"":""指代表一個國家在另一個國家或國際組織中擔任最高級別的外交官。"",""sentences"":[{""sentence"":""The French <target>ambassador</target> met with the local government to discuss how to increase trade and friendship between the two countries."",""translation"":""法國大使與當地政府會面，討論如何增加兩國之間的貿易與友誼。""}]},{""pattern"":""ambassador to sth."",""pos"":""phrase"",""translation"":""駐某地的大使"",""explanation"":""介系詞 to 表示方向或對象，用於標記大使駐紮的國家或組織。"",""sentences"":[{""sentence"":""After years of hard work in the foreign service, he was finally appointed as the <target>ambassador</target> <pattern>to</pattern> Japan."",""translation"":""在外交服務多年後，他終於被任命為駐日大使。""}]}],""synonyms"":[],""antonyms"":[]},{""sense"":""代表者；品牌大使（代表某個組織、理念或品牌的人）"",""entries"":[{""pattern"":""brand ambassador"",""pos"":""phrase"",""translation"":""品牌大使"",""explanation"":""現代商業語境中，名人或專業人士被聘請來代表品牌，提升其知名度。"",""sentences"":[{""sentence"":""The famous basketball player became a <pattern>brand</pattern> <target>ambassador</target> for the new sports shoes, appearing in many television commercials."",""translation"":""這位著名的籃球員成為了這款新運動鞋的品牌大使，出現在許多電視廣告中。""}]}],""synonyms"":[],""antonyms"":[]}],""conjugations"":null,""relatives"":{""morphology"":""字根 ambassador (大使)"",""related"":[{""word"":""ambassadorial"",""pos"":""adjective"",""translation"":""大使的；外交的"",""explanation"":""由名詞 ambassador 加上形容詞字尾 -ial 延伸而來。""}]}}"	none		0
ambition	ambition n.	"{""headword"":""ambition"",""explanation"":""「ambition」在學測中通常與個人成長、職業規劃或社會成就相關。注意此字在描述「志向」或「野心」時，中文翻譯會根據上下文而定，有時是正面地指代目標，有時則是帶有負面色彩。"",""senses"":[{""sense"":""抱負；志向（強烈的渴望達到某種成功或權力）"",""entries"":[{""pattern"":""ambition"",""pos"":""noun"",""translation"":""抱負；志向"",""explanation"":""指對成功的強烈渴望，通常是指一個長期的目標。"",""sentences"":[{""sentence"":""Since he was a small child, his greatest <target>ambition</target> has been to travel the world and learn about different cultures."",""translation"":""自從小時候起，他最大的抱負就是環遊世界並學習不同的文化。""}]},{""pattern"":""have ambition to do sth."",""pos"":""phrase"",""translation"":""有志向去做某事"",""explanation"":""後接不定詞 (to V) 作為抱負的具體內容。"",""sentences"":[{""sentence"":""The young lawyer had a strong <target>ambition</target> <pattern>to</pattern> become the head of the law firm within ten years."",""translation"":""這位年輕的律師有強烈的志向在十年內成為律師事務所的負責人。""}]}],""synonyms"":[],""antonyms"":[]},{""sense"":""目標；企圖（具體地想要實現的某件事）"",""entries"":[{""pattern"":""one's ambition"",""pos"":""phrase"",""translation"":""某人的志向"",""explanation"":""常用於描述個人目標。"",""sentences"":[{""sentence"":""Winning the gold medal at the Olympics was her lifelong <target>ambition</target>, and she practiced hard every single day."",""translation"":""在奧運會上贏得金牌是她終生的志向，而她每天都努力練習。""}]}],""synonyms"":[],""antonyms"":[]}],""conjugations"":null,""relatives"":{""morphology"":""字根 ambit (走、環繞) + 字尾 -ion (名詞)"",""related"":[{""word"":""ambitious"",""pos"":""adjective"",""translation"":""有抱負的；野心勃勃的"",""explanation"":""由名詞 ambition 加上形容詞字尾 -ous 延伸而來。""}]}}"	none		0
ambulance	ambulance n.	"{""headword"":""ambulance"",""explanation"":""「ambulance」是一個基礎詞彙，在學測中通常出現在醫療救援或緊急情況的描述中。重點在於其常搭配的動詞（如 call an ambulance）以及其功能性描述。"",""senses"":[{""sense"":""救護車（用於運輸病患至醫院的緊急運輸車輛）"",""entries"":[{""pattern"":""call an ambulance"",""pos"":""phrase"",""translation"":""叫救護車"",""explanation"":""最常見的搭配，用於緊急醫療狀況。"",""sentences"":[{""sentence"":""When the old man suddenly collapsed on the street, a kind stranger quickly <pattern>called</pattern> <pattern>an</pattern> <target>ambulance</target> to help him."",""translation"":""當那位老人突然在街上昏倒時，一位好心的陌生人趕快叫了救護車來幫他。""}]},{""pattern"":""ambulance"",""pos"":""noun"",""translation"":""救護車"",""explanation"":""指緊急醫療運輸車輛。"",""sentences"":[{""sentence"":""The loud siren of the <target>ambulance</target> warned other drivers to move aside and clear the path to the hospital."",""translation"":""救護車的大聲鳴笛聲警告其他駕駛者向一側移動，並清空前往醫院的條路。""}]}],""synonyms"":[],""antonyms"":[]}],""conjugations"":null,""relatives"":{""morphology"":""字根 ambul (走) + 字尾 -ance (名詞)"",""related"":[{""word"":""ambulate"",""pos"":""verb"",""translation"":""行走"",""explanation"":""較為專業的醫學術語，指病患能自行行走。""},{""word"":""ambulatory"",""pos"":""adjective"",""translation"":""可行走的；門診的"",""explanation"":""description: ""}]}}"	none		0
angel	angel n.	"{""headword"":""angel"",""explanation"":""「angel」在學測中通常出現在文學、宗教或比喻義的描述中。除了其原始的宗教意義，它常被用來比喻指代那些善良、純潔或提供幫助的人。"",""senses"":[{""sense"":""天使（宗教或神話中的靈魂）"",""entries"":[{""pattern"":""angel"",""pos"":""noun"",""translation"":""天使"",""explanation"":""指宗教或神話中代表神靈的靈魂。"",""sentences"":[{""sentence"":""In the classic painting, the beautiful <target>angel</target> with white wings was floating in the sky, watching over the sleeping child."",""translation"":""在經典的畫作中，帶著白色翅膀的美麗天使正漂浮在空中，看著熟睡的孩子。""}]}],""synonyms"":[],""antonyms"":[]},{""sense"":""善良的人（比喻義，指提供幫助或極其純潔的人）"",""entries"":[{""pattern"":""be an angel"",""pos"":""phrase"",""translation"":""像天使一樣善良"",""explanation"":""比喻指某人極其善良或在關鍵時刻提供幫助。"",""sentences"":[{""sentence"":""Thank you so much for helping me move all these heavy boxes to the next floor; you <target>are</target> <pattern>an</pattern> <target>angel</target>!"",""translation"":""非常感謝你幫我搬這些沉重的箱子到樓上；你真是個天使！""}]}],""synonyms"":[],""antonyms"":[]}],""conjugations"":null,""relatives"":{""morphology"":""字根 angel (使者、傳遞者)"",""related"":[{""word"":""evangelist"",""pos"":""noun"",""translation"":""福音傳道者"",""explanation"":""字首 e- (出) + 字根 angel (使者)，指傳播福音的人。""}]}}"	none		0
appeal	appeal n./v.	"{""headword"":""appeal"",""explanation"":""「appeal」在學測中具備名詞與動詞兩種核心功能。作為動詞時，最常考的是「吸引力」與「提出請求/上訴」兩種截然不同的語意；作為名詞時，則常與介系詞 to 搭配。學生需注意其在不同語境下的詞性轉換與介系詞用法。"",""senses"":[{""sense"":""吸引；有吸引力（指某物能引起他人的興趣或喜好）"",""entries"":[{""pattern"":""appeal to sb."",""pos"":""verb"",""translation"":""吸引某人"",""explanation"":""指某事物的特質讓某人覺得有吸引力，to 後方接感官或情感的接收者。"",""sentences"":[{""sentence"":""The colorful design of the new smartphone <target>appeals</target> <pattern>to</pattern> young people who love modern art and bright colors."",""translation"":""這款新智慧型手機的彩色設計吸引了那些熱愛現代藝術與鮮豔色彩的年輕人。""},{""sentence"":""Living in a quiet countryside often <target>appeals</target> <pattern>to</pattern> those who are tired of the noise and crowds in big cities."",""translation"":""住在寧靜的鄉下經常吸引那些厭倦了大城市噪音與人群的人。""}]}],""synonyms"":[{""word"":""attract"",""pos"":""verb"",""translation"":""吸引"",""explanation"":""最通用的吸引之意""},{""word"":""fascinate"",""pos"":""verb"",""translation"":""使著迷"",""explanation"":""程度更強，指極度地吸引""}],""antonyms"":[{""word"":""repel"",""pos"":""verb"",""translation"":""排斥；使厭惡"",""explanation"":""與吸引相反，指讓人感到不快而遠離""}]},{""sense"":""請求；呼籲；上訴（正式地請求幫助或要求法律上的重新審查）"",""entries"":[{""pattern"":""appeal for sth."",""pos"":""phrase"",""translation"":""呼籲／請求某事"",""explanation"":""常用於公共呼籲，如請求捐款、資訊或和平。"",""sentences"":[{""sentence"":""After the terrible earthquake, the government made an urgent <target>appeal</target> <pattern>for</pattern> food and clean water to help the victims."",""translation"":""在可怕的地震之後，政府發出了緊急呼籲，請求提供食物與乾淨的水來幫助受災者。""}]},{""pattern"":""appeal to sb. for sth."",""pos"":""phrase"",""translation"":""向某人請求某事"",""explanation"":""to 指對象，for 指請求的內容。"",""sentences"":[{""sentence"":""The poor family <target>appealed</target> <pattern>to</pattern> the local charity <pattern>for</pattern> financial help because they could not pay their house rent."",""translation"":""這個貧困家庭因為無法支付房租，而向當地慈善機構請求經濟援助。""}]},{""pattern"":""appeal against a decision"",""pos"":""phrase"",""translation"":""對某決定提出上訴"",""explanation"":""法律語境，指不滿意初審結果而要求更高層級法院審理。"",""sentences"":[{""sentence"":""The company <target>appealed</target> <pattern>against</pattern> the court's decision to fine them a million dollars for polluting the river."",""translation"":""這間公司對法院處以一百萬美元罰金以懲罰其污染河流的決定提出了上訴。""}]}],""synonyms"":[{""word"":""request"",""pos"":""verb"",""translation"":""請求"",""explanation"":""一般的請求""},{""word"":""beg"",""pos"":""verb"",""translation"":""哀求"",""explanation"":""語氣更強，帶有卑微感""}],""antonyms"":[]}],""conjugations"":{""past_tense"":""appealed"",""past_participle"":""appealed""},""relatives"":{""morphology"":""字根 appeal (呼籲、吸引)"",""related"":[{""word"":""appealing"",""pos"":""adjective"",""translation"":""有吸引力的"",""explanation"":""由 appeal 的現在分詞形式轉化為形容詞。""}]}}"	none		0
approve	approve v.	"{""headword"":""approve"",""explanation"":""「approve」在學測中主要考查其作為及物動詞（正式認可）與不及物動詞（贊同）的區別。特別是搭配介系詞 to 的用法，是考生常犯錯的考點。"",""senses"":[{""sense"":""贊同；認可（對某事持有正面評價）"",""entries"":[{""pattern"":""approve of sth./sb."",""pos"":""phrase"",""translation"":""贊同／認可某事或某人"",""explanation"":""當表示「贊同」時，必須接介系詞 of。這是最常見的考點。"",""sentences"":[{""sentence"":""Many traditional parents do not <target>approve</target> <pattern>of</pattern> their children spending too much time playing video games every day."",""translation"":""許多傳統的父母並不贊同他們的孩子每天花太多時間玩電子遊戲。""},{""sentence"":""The teacher <target>approved</target> <pattern>of</pattern> the new study method because it helped students understand the difficult lessons more easily."",""translation"":""老師認可了這種新的學習方法，因為它幫助學生更輕鬆地理解困難的課程。""}]}],""synonyms"":[{""word"":""agree"",""pos"":""verb"",""translation"":""同意"",""explanation"":""指對想法或意見一致""},{""word"":""support"",""pos"":""verb"",""translation"":""支持"",""explanation"":""指在行動或觀點上給予支持""}],""antonyms"":[{""word"":""disapprove"",""pos"":""verb"",""translation"":""不贊同；反對"",""explanation"":""直接在 approve 前加上否定前綴 dis-""}]},{""sense"":""批准；核准（官方或正式地同意某計畫或請求）"",""entries"":[{""pattern"":""approve sth."",""pos"":""verb"",""translation"":""批准某事"",""explanation"":""及物動詞，直接接受詞，通常是計畫、預算或申請書。"",""sentences"":[{""sentence"":""The school board finally <target>approved</target> the budget for the new library, allowing the school to buy more books."",""translation"":""校董會終於批准了新圖書館的預算，使得學校能夠購買更多書籍。""},{""sentence"":""The city council <target>approved</target> the plan to build a new park in the center of the city to improve the environment."",""translation"":""市議會批准了在市中心建造一座新公園的計畫，以改善環境。""}]}],""synonyms"":[{""word"":""authorize"",""pos"":""verb"",""translation"":""授權；核准"",""explanation"":""強調正式的權限授予""},{""word"":""permit"",""pos"":""verb"",""translation"":""允許"",""explanation"":""explanation: ""}],""antonyms"":[{""word"":""reject"",""pos"":""verb"",""translation"":""拒絕；否決"",""explanation"":""指正式地拒絕請求""}]}],""conjugations"":{""past_tense"":""approved"",""past_participle"":""approved""},""relatives"":{""morphology"":""字根 approve (證明、認可)"",""related"":[{""word"":""approval"",""pos"":""noun"",""translation"":""贊同；批准"",""explanation"":""由 approve 加上名詞字尾 -al 延伸而來。""}]}}"	none		0
apron	apron n.	"{""headword"":""apron"",""explanation"":""「apron」是一個基礎生活類名詞，通常出現在描述家庭生活、烹飪或專業工作場景的閱讀中。"",""senses"":[{""sense"":""圍裙"",""entries"":[{""pattern"":""apron"",""pos"":""noun"",""translation"":""圍裙"",""explanation"":""指穿在衣服外面以防止弄髒的保護衣物。"",""sentences"":[{""sentence"":""My mother always wears a thick <target>apron</target> when she is baking cakes in the kitchen to keep her dress clean."",""translation"":""我母親在廚房烤蛋糕時總是穿著一件厚圍裙，以保持她的衣服乾淨。""},{""sentence"":""The chef tied his white <target>apron</target> tightly around his waist before starting to prepare the dinner for the guests."",""translation"":""主廚在開始為客人準備晚餐前，將他的白色圍裙緊緊地繫在腰間。""}]}],""synonyms"":[],""antonyms"":[]}],""conjugations"":null,""relatives"":{""morphology"":null,""related"":[]}}"	none		0
armed	armed adj.	"{""headword"":""armed"",""explanation"":""「armed」在學測中常用作形容詞，描述人物或武裝力量。要注意其在「武裝」與「提供設備」兩種語義上的延展。"",""senses"":[{""sense"":""武裝的；攜帶武器的"",""entries"":[{""pattern"":""be armed with sth."",""pos"":""phrase"",""translation"":""攜帶／武裝某物"",""explanation"":""指攜帶武器，或比喻地攜帶知識、資訊等防禦或攻擊工具。"",""sentences"":[{""sentence"":""The police officers were <target>armed</target> <pattern>with</pattern> pistols to ensure that they could protect the citizens during the dangerous mission."",""translation"":""警察們攜帶了手槍，以確保他們在危險任務中能保護市民。""},{""sentence"":""The student went into the exam room <target>armed</target> <pattern>with</pattern> a clear plan and a lot of confidence to get a high score."",""translation"":""這名學生帶著明確的計畫與充足的自信進入考場，以期獲得高分。""}]}],""synonyms"":[{""word"":""weaponized"",""pos"":""adjective"",""translation"":""武器化的"",""explanation"":""指將某物轉變為武器""}],""antonyms"":[{""word"":""unarmed"",""pos"":""adjective"",""translation"":""未武裝的；不攜帶武器的"",""explanation"":""直接在 armed 前加上否定前綴 un-""}]}],""conjugations"":null,""relatives"":{""morphology"":""來自動詞 arm (武裝) 的過去分詞形式，後轉為形容詞"",""related"":[{""word"":""armory"",""pos"":""noun"",""translation"":""軍械庫"",""explanation"":""存放武器的地方。""},{""word"":""disarm"",""pos"":""verb"",""translation"":""解除武裝"",""explanation"":""字首 dis- (除去) + arm (武器)。""}]}}"	none		0
arrest	arrest n./v.	"{""headword"":""arrest"",""explanation"":""「arrest」在法律、犯罪類閱讀測驗中是極其高頻的字彙。學生需區分其作為動詞（逮捕）與名詞（逮捕、停止）的用法。"",""senses"":[{""sense"":""逮捕；拘留（法律上的強制力），或指停止某種進展"",""entries"":[{""pattern"":""arrest sb."",""pos"":""verb"",""translation"":""逮捕某人"",""explanation"":""及物動詞，直接接受詞，指警察或官方力量將某人拘捕。"",""sentences"":[{""sentence"":""The police decided to <target>arrest</target> the thief after they found the stolen jewelry hidden inside his small old suitcase."",""translation"":""警察在發現被盜的珠寶藏在他那個舊小行李箱中後，決定逮捕該名小偷。""},{""sentence"":""If you break the law and hurt other people, the authorities will eventually <target>arrest</target> you and take you to court."",""translation"":""如果你違法並傷害他人，當局最終會逮捕你並將你送上法庭。""}]},{""pattern"":""under arrest"",""pos"":""phrase"",""translation"":""被逮捕"",""explanation"":""名詞用法，常用於警察對嫌疑人的正式宣告。"",""sentences"":[{""sentence"":""The officer put handcuffs on the man and told him that he was <pattern>under</pattern> <target>arrest</target> for stealing the car."",""translation"":""警官給那名男子戴上 handcuffs 並告訴他，他因為偷車而被捕。""}]},{""pattern"":""arrest the development of sth."",""pos"":""phrase"",""translation"":""阻止／停止某事的發展"",""explanation"":""較為正式的用法，指停止某個過程或進展（如疾病或經濟衰退）。"",""sentences"":[{""sentence"":""The doctors gave the patient a strong medicine to <target>arrest</target> the <pattern>development</pattern> of the disease before it became too dangerous."",""translation"":""醫生給予病患強效藥物，以在疾病變得太危險之前阻止其發展。""}]}],""synonyms"":[{""word"":""apprehend"",""pos"":""verb"",""translation"":""逮捕；拘捕"",""explanation"":""較為正式的法律用語""},{""word"":""capture"",""pos"":""verb"",""translation"":""捕捉；捕獲"",""explanation"":""強調從追逐中抓到""}],""antonyms"":[{""word"":""release"",""pos"":""verb"",""translation"":""釋放"",""explanation"":""指將被捕之人釋放""}]}],""conjugations"":{""past_tense"":""arrested"",""past_participle"":""arrested""},""relatives"":{""morphology"":""字根 arrest (停止、逮捕)"",""related"":[{""word"":""arresting"",""pos"":""adjective"",""translation"":""引人注目的"",""explanation"":""字面意為能「停止」路人的目光，因此指引人注目的。""}]}}"	none		0
ash	ash n.	"{""headword"":""ash"",""explanation"":""「ash」在學測中主要出現在環境保護、地質災害（如火山爆發）或描述火災後的殘骸中。注意其作為不可數名詞時指「灰燼」，但描述特定種類的樹木時則指「梣樹」。"",""senses"":[{""sense"":""灰燼；火山灰（燃燒後或噴發後的殘留物）"",""entries"":[{""pattern"":""ash"",""pos"":""noun"",""translation"":""灰燼；火山灰"",""explanation"":""指物質燃燒後留下的細小灰白色粉末，或火山噴發時排出的碎屑。"",""sentences"":[{""sentence"":""After the massive forest fire was finally put out, a thick layer of gray <target>ash</target> covered the entire valley."",""translation"":""在大規模森林火災終於被撲滅後，一層厚厚的灰色灰燼覆蓋了整個山谷。""},{""sentence"":""The eruption of the volcano sent clouds of volcanic <target>ash</target> high into the air, causing flights to be canceled across the country."",""translation"":""火山噴發將火山灰雲送入高空，導致全國範圍內的航班被取消。""}]}],""synonyms"":[{""word"":""cinders"",""pos"":""noun"",""translation"":""餘燼；煤渣"",""explanation"":""指燃燒後留下的焦黑碎塊""}],""antonyms"":[]}],""conjugations"":null,""relatives"":{""morphology"":null,""related"":[]}}"	none		0
aside	aside adv.	"{""headword"":""aside"",""explanation"":""「aside」在閱讀測驗中常作為副詞，表示將某物「移開」或「暫時擱置」。在寫作中，它也常出現在 fixed phrase 中，用來表示對主線話題的暫時偏離。"",""senses"":[{""sense"":""在旁邊；向一邊（空間上的移動或位置）"",""entries"":[{""pattern"":""move / push sth. aside"",""pos"":""phrase"",""translation"":""將某物移到一邊"",""explanation"":""指物理上將某物推開，以便騰出空間或看到後方的東西。"",""sentences"":[{""sentence"":""The curious boy <target>pushed</target> the heavy curtains <pattern>aside</pattern> to see if the rain had finally stopped outside."",""translation"":""那個好奇的男孩將沉重的窗簾推到一邊，看看外面的雨是否終於停了。""},{""sentence"":""Please <target>move</target> your bags <pattern>aside</pattern> so that other students can walk through the narrow hallway without any trouble."",""translation"":""請將你的袋子移到一邊，以便其他學生可以毫無困難地走過狹窄的走廊。""}]}],""synonyms"":[{""word"":""sideways"",""pos"":""adverb"",""translation"":""向側邊地"",""explanation"":""單純描述方向""}],""antonyms"":[]},{""sense"":""暫時擱置（抽象意義上的暫停）"",""entries"":[{""pattern"":""set / put sth. aside"",""pos"":""phrase"",""translation"":""將某事暫時擱置／儲存"",""explanation"":""可指儲存金錢或時間，或暫時停止討論某個爭議，以專注於目前更重要的事。"",""sentences"":[{""sentence"":""The two political leaders decided to <target>put</target> their differences <pattern>aside</pattern> and work together to solve the global warming crisis."",""translation"":""這兩位政治領袖決定暫時擱置他們的分歧，共同努力解決全球暖化危機。""},{""sentence"":""Every month, the young worker <target>sets</target> <pattern>aside</pattern> a small part of his salary to save for his future college tuition."",""translation"":""每個月，這位年輕工人會撥出一小部分薪水，為他未來的大學學費儲蓄。""}]}],""synonyms"":[{""word"":""reserve"",""pos"":""verb"",""translation"":""保留；預留"",""explanation"":""強調為特定目的而儲存""}],""antonyms"":[]}],""conjugations"":null,""relatives"":{""morphology"":null,""related"":[]}}"	none		0
assist	assist v.	"{""headword"":""assist"",""explanation"":""「assist」比「help」更正式，常用於專業、醫療或行政環境。在學測中，要注意其後方接續的結構：assist sb. in doing sth. 或 assist with sth.，這在文法選擇題中是重要的考點。"",""senses"":[{""sense"":""幫助；協助（提供支援以完成某事）"",""entries"":[{""pattern"":""assist sb. in doing sth."",""pos"":""phrase"",""translation"":""協助某人做某事"",""explanation"":""強調在某個過程或任務中提供幫助。"",""sentences"":[{""sentence"":""The new software was designed to <target>assist</target> teachers <pattern>in</pattern> tracking the academic progress of their students more efficiently."",""translation"":""這款新軟體旨在協助教師更有效地追蹤學生的學業進度。""},{""sentence"":""Volunteers from the local community <target>assisted</target> the refugees <pattern>in</pattern> finding temporary housing and food after the great flood."",""translation"":""來自當地社區的志工協助難民在大洪水後尋找臨時住房與食物。""}]},{""pattern"":""assist with sth."",""pos"":""phrase"",""translation"":""幫忙處理某事"",""explanation"":""後接具體的任務或工作項目。"",""sentences"":[{""sentence"":""If you have any trouble with the registration process, our staff members will be happy to <target>assist</target> <pattern>with</pattern> your application."",""translation"":""如果您在註冊過程中遇到任何困難，我們的員工將很樂意協助您的申請。""}]}],""synonyms"":[{""word"":""aid"",""pos"":""verb"",""translation"":""援助；幫扶"",""explanation"":""常用於國際援助或重大災害救援""},{""word"":""support"",""pos"":""verb"",""translation"":""支持；支持"",""explanation"":""強調提供資源或精神上的支撐""}],""antonyms"":[{""word"":""hinder"",""pos"":""verb"",""translation"":""阻礙；妨礙"",""explanation"":""指使事情進展緩慢或困難""},{""word"":""obstruct"",""pos"":""verb"",""translation"":""阻礙；擋住"",""explanation"":"" explicação: ""}]}],""conjugations"":{""past_tense"":""assisted"",""past_participle"":""assisted""},""relatives"":{""morphology"":""字根 assist (幫助) 來自拉丁語 assistere (站在旁邊)"",""related"":[{""word"":""assistance"",""pos"":""noun"",""translation"":""協助；援助"",""explanation"":""由 assist 加上名詞字尾 -ance 延伸而來。""},{""word"":""assistant"",""pos"":""noun"",""translation"":""助手；助理"",""explanation"":""由 assist 加上名詞/形容詞字尾 -ant 延伸而來。""}]}}"	none		0
assistant	assistant n.	"{""headword"":""assistant"",""explanation"":""「assistant」作為名詞指「助手」或「助理」，作為形容詞指「助理的」或「副職的」。在學測中，常出現在描述職業、工作職責或校園生活中。"",""senses"":[{""sense"":""助理；助手（協助他人工作的人）"",""entries"":[{""pattern"":""assistant"",""pos"":""noun"",""translation"":""助理；助手"",""explanation"":""指協助主導者完成任務的職位或人員。"",""sentences"":[{""sentence"":""The professor's research <target>assistant</target> spent the entire afternoon organizing the complex data and writing the first draft of the report."",""translation"":""教授的研究助理整個下午都在整理複雜的數據並撰寫報告的第一稿。""},{""sentence"":""As a store <target>assistant</target>, Sarah had to handle customer complaints and keep the shelves full of fresh products every morning."",""translation"":""作為一名店員（助理），莎拉必須處理顧客的投訴並在每天早晨確保貨架上填滿新鮮產品。""}]}],""synonyms"":[{""word"":""aide"",""pos"":""noun"",""translation"":""助手；助手"",""explanation"":""較正式的說法，常用於政治或軍事環境""},{""word"":""helper"",""pos"":""noun"",""translation"":""幫手"",""explanation"":""較口語且泛指任何提供幫助的人""}],""antonyms"":[]}],""conjugations"":null,""relatives"":{""morphology"":""字根 assist (幫助) + 名詞字尾 -ant"",""related"":[{""word"":""assist"",""pos"":""verb"",""translation"":""協助；幫助"",""explanation"":""核心動詞型態。""},{""word"":""assistance"",""pos"":""noun"",""translation"":""援助；幫扶"",""explanation"":""指幫助的行為或過程。""}]}}"	none		0
assume	assume v.	"{""headword"":""assume"",""explanation"":""「assume」在學測閱讀中是關鍵邏輯連接詞。它通常表示「假設」或「臆測」，且往往在文章中暗示這個假設可能是錯誤的。另外，它也可以表示「承擔（責任）」或「呈現（特徵）」。"",""senses"":[{""sense"":""假設；臆測（在沒有證據的情況下認為某事屬實）"",""entries"":[{""pattern"":""assume that..."",""pos"":""phrase"",""translation"":""假設…；認為…"",""explanation"":""後接名詞子句（that 子句），用來描述一個基於直覺或缺乏證據的推論。"",""sentences"":[{""sentence"":""Many people <target>assume</target> <pattern>that</pattern> all successful business owners are wealthy, but some actually struggle with huge debts for years."",""translation"":""許多人假設所有成功的企業主都很富有，但有些人實際上多年來一直與巨額債務苦苦掙扎。""},{""sentence"":""I <target>assume</target> <pattern>that</pattern> the meeting will be canceled because the heavy rain has made the roads impassable for everyone."",""translation"":""我假設會議將被取消，因為大雨使得道路對每個人來說都無法通行。""}]},{""pattern"":""assume sth."",""pos"":""verb"",""translation"":""假定某事"",""explanation"":""及物動詞，直接接名詞受詞。"",""sentences"":[{""sentence"":""It is dangerous to <target>assume</target> the result of the experiment without actually checking the final data from the laboratory."",""translation"":""在沒有實際檢查實驗室的最終數據之前，假定實驗結果是非常危險的。""}]}],""synonyms"":[{""word"":""presume"",""pos"":""verb"",""translation"":""推測；假定"",""explanation"":""強調基於一定程度的證據而做出的推論""},{""word"":""suppose"",""pos"":""verb"",""translation"":""猜想；假定"",""explanation"":""較口語，指在腦海中想像某種可能性""}],""antonyms"":[]},{""sense"":""承擔；採取（責任、職位或權力）"",""entries"":[{""pattern"":""assume responsibility for sth."",""pos"":""phrase"",""translation"":""承擔某事的責任"",""explanation"":""常用於描述領導者或管理人員接手某項工作或權力的移交。"",""sentences"":[{""sentence"":""After the manager retired, the senior employee <target>assumed</target> <pattern>responsibility</pattern> <pattern>for</pattern> the entire project to ensure its success."",""translation"":""在經理退休後，那位資深員工承擔了整個專案的責任，以確保其成功。""}]},{""pattern"":""assume a role / position"",""pos"":""phrase"",""translation"":""就任某職位；扮演某種角色"",""explanation"":""指正式地接手一個職位或權力。"",""sentences"":[{""sentence"":""The new president <target>assumed</target> his <pattern>position</pattern> as the head of the student council last Monday."",""translation"":""Newly president 接手了他在學生會會長的職位上週一。""}]}],""synonyms"":[{""word"":""take on"",""pos"":""verb"",""translation"":""承擔；接手"",""explanation"":""指接手一份工作或工作量""},{""word"":""word"",""pos"":""verb"",""translation"":""承擔"",""explanation"":"" a ""}],""antonyms"":[{""word"":""relinquish"",""pos"":""verb"",""translation"":""放棄；讓出"",""explanation"":"" ""}]}],""conjugations"":{""past_tense"":""assumed"",""past_participle"":""assumed""},""relatives"":{""morphology"":""字首 as- (朝向) + 字根 sume (取) 意為「將其視為事實而取用」"",""related"":[{""word"":""assumption"",""pos"":""noun"",""translation"":""假設；臆測"",""explanation"":""由 assume 加上名詞字尾 -tion 延伸而來。""}]}}"	none		0
athlete	athlete n.	"{""headword"":""athlete"",""explanation"":""「athlete」在學測中常用於描述運動員的身體素質、訓練過程或在面對壓力時的心理韌性。注意它是一個泛稱，涵蓋所有參與體育競技的人，不限於特定運動項目。"",""senses"":[{""sense"":""運動員；體育競技者"",""entries"":[{""pattern"":""athlete"",""pos"":""noun"",""translation"":""運動員"",""explanation"":""指參與體育競賽或進行高強度體能訓練的人。"",""sentences"":[{""sentence"":""The young <target>athlete</target> spent four hours every morning running on the track to prepare for the national championship."",""translation"":""這位年輕的運動員每天早晨花四個小時在跑道上跑步，為全國錦標賽做準備。""},{""sentence"":""Professional <target>athletes</target> often follow a strict diet and training schedule to keep their bodies in top condition."",""translation"":""專業運動員通常遵循嚴格的飲食和訓練計畫，以保持身體處於最佳狀態。""}]},{""pattern"":""student-athlete"",""pos"":""noun"",""translation"":""學生運動員"",""explanation"":""在校園生活中，指同時兼顧學業與體育競賽的學生。"",""sentences"":[{""sentence"":""Being a <target>student-athlete</target> is difficult because they must balance their hard training sessions with late-night studying."",""translation"":""成為一名學生運動員是很困難的，因為他們必須在艱苦的訓練課與深夜讀書之間取得平衡。""}]}],""synonyms"":[{""word"":""sportsman"",""pos"":""noun"",""translation"":""運動員"",""explanation"":""較傳統的說法，有時也指具有運動精神的人""}],""antonyms"":[]}],""conjugations"":null,""relatives"":{""morphology"":""源自希臘語 athlētēs (競賽者)"",""related"":[{""word"":""athletic"",""pos"":""adjective"",""translation"":""運動的；體格強健的"",""explanation"":""描述人的體型或與運動相關的事物。""},{""word"":""athletics"",""pos"":""noun"",""translation"":""田徑運動；體育"",""explanation"":""指體育競技這門學科或特定的田徑項目。""}]}}"	none		0
attitude	attitude n.	"{""headword"":""attitude"",""explanation"":""「attitude」在學測中常出現於心理學、社會行為或個人成長類的文章。它不僅指對某事物的「態度」，更強調一種長期持有的「心態」或「看法」。"",""senses"":[{""sense"":""態度；看法；心態"",""entries"":[{""pattern"":""attitude toward sth./sb."",""pos"":""phrase"",""translation"":""對某事／某人的態度"",""explanation"":""最常見的搭配，toward 之後接對象，描述對特定事物或人的主觀看法。"",""sentences"":[{""sentence"":""The teacher noticed that the student's <target>attitude</target> <pattern>toward</pattern> learning English had become much more positive over the semester."",""translation"":""老師注意到這位學生對學習英文的態度在學期中變得積極許多。""},{""sentence"":""Many young people have a different <target>attitude</target> <pattern>toward</pattern> protecting the environment compared to their grandparents' generation."",""translation"":""與祖父母那一代相比，許多年輕人對保護環境持有不同的看法。""}]},{""pattern"":""positive / negative attitude"",""pos"":""phrase"",""translation"":""積極／消極的態度"",""explanation"":""常用形容詞來修飾心態的性質，用來對比兩種不同的應對方式。"",""sentences"":[{""sentence"":""Having a <target>positive attitude</target> is essential when facing failure, as it helps you find solutions instead of giving up."",""translation"":""面對失敗時擁有積極的態度至關重要，因為這能幫助你找到解決方案而非輕言放棄。""}]}],""synonyms"":[{""word"":""perspective"",""pos"":""noun"",""translation"":""觀點；視角"",""explanation"":""強調從特定角度看待事物的看法""},{""word"":""outlook"",""pos"":""noun"",""translation"":""前景；展望；心態"",""explanation"":""通常指對未來或生活的整體看法""}],""antonyms"":[]}],""conjugations"":null,""relatives"":{""morphology"":""字根 attitud (姿勢、狀態)"",""related"":[{""word"":""attitudinal"",""pos"":""adjective"",""translation"":""態度的"",""explanation"":""與態度相關的形容詞形態。""}]}}"	none		0
attract	attract v.	"{""headword"":""attract"",""explanation"":""「attract」在學測中常用於描述自然現象（如磁鐵、昆蟲）、社會吸引力（如觀光、人才）或心理上的引起注意。核心概念是「將某物拉向自己」。"",""senses"":[{""sense"":""吸引；引起（注意、興趣）"",""entries"":[{""pattern"":""attract sb. to sth."",""pos"":""phrase"",""translation"":""吸引某人對某事感興趣"",""explanation"":""描述將某人的注意力或情感拉向特定對象。"",""sentences"":[{""sentence"":""The colorful flowers in the garden <target>attract</target> <pattern>many</pattern> bees and butterflies during the warm spring months."",""translation"":""花園裡色彩鮮豔的花朵在溫暖的春季吸引了許多蜜蜂和蝴蝶。""},{""sentence"":""The city's beautiful museums and old streets <target>attract</target> <pattern>thousands of</pattern> tourists every year from all over the world."",""translation"":""這座城市美麗的博物館和古街道每年吸引來自世界各地的數千名遊客。""}]},{""pattern"":""attract attention"",""pos"":""phrase"",""translation"":""引起注意"",""explanation"":""固定搭配，用於描述某物因其特徵而讓他人注意到。"",""sentences"":[{""sentence"":""The young artist tried to <target>attract</target> the <pattern>attention</pattern> of the judges by using bright colors and strange shapes in his painting."",""translation"":""這位年輕藝術家試圖透過在畫作中使用鮮豔的顏色和奇異的形狀來引起評審的注意。""}]}],""synonyms"":[{""word"":""draw"",""pos"":""verb"",""translation"":""吸引；拉"",""explanation"":""比 attract 更口語，常用於 draw attention 或 draw a crowd""},{""word"":""allure"",""pos"":""verb"",""translation"":""誘惑；吸引"",""explanation"":""強調具有強烈的魅力或誘惑力""}],""antonyms"":[{""word"":""repel"",""pos"":""verb"",""translation"":""排斥；擊退"",""explanation"":""物理上或心理上的排斥，與 attract 相對""}]}],""conjugations"":{""past_tense"":""attracted"",""past_participle"":""attracted""},""relatives"":{""morphology"":""字首 ad- (朝向) + 字根 tract (拉)"",""related"":[{""word"":""attraction"",""pos"":""noun"",""translation"":""吸引力；景點"",""explanation"":""指吸引人的東西或吸引的動作。""},{""word"":""distract"",""pos"":""verb"",""translation"":""分心；分散注意力"",""explanation"":""字首 dis- (分開) + 字根 tract (拉)，意為將注意力拉開。""},{""word"":""extract"",""pos"":""verb"",""translation"":""提取；取出"",""explanation"":""字首 ex- (向外) + 字根 tract (拉)，意為向外拉出。""}]}}"	none		0
attractive	attractive adj.	"{""headword"":""attractive"",""explanation"":""「attractive」是一個基礎形容詞，在學測中除了指人的外貌「迷人」外，更常用於描述計畫、價格或機會「具有吸引力的（有利的）」。"",""senses"":[{""sense"":""吸引人的；迷人的"",""entries"":[{""pattern"":""attractive"",""pos"":""adjective"",""translation"":""迷人的；吸引人的"",""explanation"":""描述外觀上的美感或魅力。"",""sentences"":[{""sentence"":""The small bookstore in the alley is very <target>attractive</target> with its warm lights and old wooden shelves."",""translation"":""小巷子裡的那家書店非常吸引人，因為它有溫暖的燈光和舊木製書架。""}]},{""pattern"":""an attractive offer / price"",""pos"":""phrase"",""translation"":""誘人的條件／價格"",""explanation"":""描述某個方案或價格對某人來說非常有利且吸引人。"",""sentences"":[{""sentence"":""The company offered him an <target>attractive</target> <pattern>salary</pattern> and a private office, so he decided to join their team immediately."",""translation"":""公司給他提供了誘人的薪水和私人辦公室，所以他決定立即加入他們的團隊。""},{""sentence"":""Because the hotel was on sale, the <target>attractive</target> <pattern>price</pattern> made many travelers decide to stay there for a week."",""translation"":""因為酒店在打折，誘人的價格讓許多旅客決定在那裡住一個星期。""}]}],""synonyms"":[{""word"":""appealing"",""pos"":""adjective"",""translation"":""吸引人的；有魅力的"",""explanation"":""強調讓人感到愉快或感興趣""},{""word"":""charming"",""pos"":""adjective"",""translation"":""迷人的；有魅力的"",""explanation"":""通常指人的個性或小地方的魅力""}],""antonyms"":[{""word"":""unattractive"",""pos"":""adjective"",""translation"":""不吸引人的；醜陋的"",""explanation"":""直接在前面加上否定前綴 un-""},{""word"":""repulsive"",""pos"":""adjective"",""translation"":""令人厭惡的"",""explanation"":""強烈地讓人不想靠近""}]}],""conjugations"":null,""relatives"":{""morphology"":""動詞 attract 加上形容詞字尾 -ive"",""related"":[{""word"":""attractively"",""pos"":""adverb"",""translation"":""吸引人地"",""explanation"":""副詞形態。""}]}}"	none		0
audience	audience n.	"{""headword"":""audience"",""explanation"":""「audience」在學測中常出現在描述演講、音樂會、電影或社交媒體流量的語境中。注意它是一個集合名詞，可以用單數或複數形式來指代一群人。"",""senses"":[{""sense"":""觀眾；聽眾"",""entries"":[{""pattern"":""audience"",""pos"":""noun"",""translation"":""觀眾；聽眾"",""explanation"":""指在現場或透過媒體看到或聽到某個表演或演講的人。"",""sentences"":[{""sentence"":""The <target>audience</target> clapped their hands loudly after the pianist finished the final song of the concert."",""translation"":""鋼琴家在音樂會的最後一首歌結束後，觀眾們大聲鼓掌。""},{""sentence"":""The speaker tried to keep the <target>audience</target> interested by telling funny stories and asking them questions."",""translation"":""演講者試圖透過講述有趣的故事並向他們提問，來保持觀眾的興趣。""}]},{""pattern"":""target audience"",""pos"":""phrase"",""translation"":""目標客群；目標觀眾"",""explanation"":""常用於行銷或媒體創作，指特定的受眾群體。"",""sentences"":[{""sentence"":""The company changed the colors of their advertisement to attract a younger <target>target audience</target> who love bright colors."",""translation"":""公司更改了廣告的顏色，以吸引喜愛鮮豔色彩的較年輕的目標客群。""}]}],""synonyms"":[{""word"":""spectators"",""pos"":""noun"",""translation"":""觀眾"",""explanation"":""特指指看體育賽事的人""},{""word"":""listeners"",""pos"":""noun"",""translation"":""聽眾"",""explanation"":""explanation: ""}],""antonyms"":[]}],""conjugations"":null,""relatives"":{""morphology"":""動詞 audit (聽取) 加上名詞字尾 -ence"",""related"":[{""word"":""audible"",""pos"":""adjective"",""translation"":""可聽見的"",""explanation"":""指聲音大到足以被聽見。""},{""word"":""audio"",""pos"":""noun"",""translation"":""音訊；音頻"",""explanation"":""與聲音相關的基礎名詞。""}]}}"	none		0
automatic	automatic adj.	"{""headword"":""automatic"",""explanation"":""「automatic」在學測中常用於描述科技設備的運作方式（自動化）或人類不自覺的生理/心理反應（本能的）。注意其在不同情境下，受詞或修飾的對象會決定其翻譯。"",""senses"":[{""sense"":""自動的；自動運作的（無需人工干預）"",""entries"":[{""pattern"":""automatic system / process"",""pos"":""phrase"",""translation"":""自動系統／程序"",""explanation"":""描述機器、軟體或工業流程中無需人為操作即可完成的過程。"",""sentences"":[{""sentence"":""Modern factories use an <target>automatic</target> <pattern>system</pattern> to pack boxes, which greatly increases the speed of production."",""translation"":""現代工廠使用自動化系統來打包箱子，這大大增加了生產速度。""}]},{""pattern"":""automatic transmission"",""pos"":""phrase"",""translation"":""自動排檔（自排車）"",""explanation"":""汽車產業的專用術語，在閱讀測驗關於交通或科技時常出現。"",""sentences"":[{""sentence"":""Many new drivers prefer cars with <target>automatic</target> <pattern>transmission</pattern> because they are much easier to drive in heavy traffic."",""translation"":""許多新手駕駛偏好使用自動排檔的汽車，因為在交通擁堵時它們更容易駕駛。""}]}],""synonyms"":[{""word"":""automated"",""pos"":""adjective"",""translation"":""自動化的"",""explanation"":""強調由電腦或機器控制的過程""}],""antonyms"":[{""word"":""manual"",""pos"":""adjective"",""translation"":""手動的"",""explanation"":""需要人工操作的""}]},{""sense"":""下意識的；本能的（不經過思考的反應）"",""entries"":[{""pattern"":""automatic reaction / response"",""pos"":""phrase"",""translation"":""下意識的反應／本能反應"",""explanation"":""描述人類在面對危險或驚訝時，不需要經過大腦思考就立即產生的生理反應。"",""sentences"":[{""sentence"":""When the loud balloon popped suddenly, the students had an <target>automatic</target> <pattern>reaction</pattern> and jumped back in surprise."",""translation"":""當氣球突然爆裂時，學生們產生了下意識的反應，驚訝地向後跳開。""}]}],""synonyms"":[{""word"":""instinctive"",""pos"":""adjective"",""translation"":""本能的"",""explanation"":""基於生物本能而非學習的反應""},{""word"":""reflexive"",""pos"":""adjective"",""translation"":""反射性的"",""explanation"":""生理上的快速反應""}],""antonyms"":[{""word"":""deliberate"",""pos"":""adjective"",""translation"":""故意的；深思熟慮的"",""explanation"":""經過思考後才做出的動作""}]}],""conjugations"":null,""relatives"":{""morphology"":""字根 auto- (自動、自己) + mat (動作、移動) + 字尾 -ic (形容詞)"",""related"":[{""word"":""automatically"",""pos"":""adverb"",""translation"":""自動地；下意識地"",""explanation"":""由形容詞 automatic 延伸而來的副詞。""},{""word"":""automation"",""pos"":""noun"",""translation"":""自動化"",""explanation"":""指將生產過程自動化的狀態。""}]}}"	none		0
automobile	automobile/auto n.	"{""headword"":""automobile"",""explanation"":""「automobile」與「auto」在正式文書或學術文章中比「car」更為常見。在學測中，這類詞彙通常出現在探討城市規劃、環境污染或交通科技的閱讀測驗中。"",""senses"":[{""sense"":""汽車（四輪機動車輛）"",""entries"":[{""pattern"":""automobile industry"",""pos"":""phrase"",""translation"":""汽車工業"",""explanation"":""常用於描述全球經濟、製造業或科技轉型（如電動車）的論述中。"",""sentences"":[{""sentence"":""The <target>automobile</target> <pattern>industry</pattern> is moving toward electric vehicles to reduce the amount of carbon dioxide in the air."",""translation"":""汽車工業正朝向電動車發展，以減少空氣中的二氧化碳量。""}]},{""pattern"":""automobile"",""pos"":""noun"",""translation"":""汽車"",""explanation"":""作為正式名稱，指代任何一種機動車輛。"",""sentences"":[{""sentence"":""In the early twentieth century, the first <target>automobiles</target> were very expensive and only rich families could afford to buy them."",""translation"":""在二十世紀初，第一批汽車非常昂貴，只有富裕家庭才買得起。""}]}],""synonyms"":[{""word"":""car"",""pos"":""noun"",""translation"":""汽車"",""explanation"":""最普遍、最日常的稱呼""},{""word"":""vehicle"",""pos"":""noun"",""translation"":""車輛"",""explanation"":""較為正式且涵蓋範圍更廣的詞彙（含卡車、巴士等）""}],""antonyms"":[]}],""conjugations"":null,""relatives"":{""morphology"":""字首 auto- (自己) + mobile (可移動的)"",""related"":[{""word"":""mobility"",""pos"":""noun"",""translation"":""流動性；移動能力"",""explanation"":""指在空間或社會階級中移動的能力。""},{""word"":""mobilize"",""pos"":""verb"",""translation"":""動員"",""explanation"":""使某物或某人能夠移動或採取行動。""}]}}"	none		0
avenue	avenue n.	"{""headword"":""avenue"",""explanation"":""「avenue」除了指物理上的「大道」外，在學測的抽象用法中，常被用來指代達成目標的「途徑」或「方法」。這種由實體到抽象的轉移是閱讀測驗中常見的陷阱考點。"",""senses"":[{""sense"":""大道；林蔭大道（通常指寬闊且兩旁有樹木的街道）"",""entries"":[{""pattern"":""avenue"",""pos"":""noun"",""translation"":""大道"",""explanation"":""指城市中寬闊的街道，常用於地址或地理描述。"",""sentences"":[{""sentence"":""The tourists walked slowly down the wide <target>avenue</target> and looked at the beautiful old buildings and green trees on both sides."",""translation"":""遊客們緩緩走在寬闊的大道上，欣賞著兩旁美麗的古老建築和綠樹。""}]}],""synonyms"":[{""word"":""boulevard"",""pos"":""noun"",""translation"":""林蔭大道"",""explanation"":""特別強調兩旁有樹木的寬闊街道""},{""word"":""street"",""pos"":""noun"",""translation"":""街道"",""explanation"":""最通用的街道名稱""}],""antonyms"":[]},{""sense"":""途徑；方法（達成目標的抽象手段）"",""entries"":[{""pattern"":""avenue for / of sth."",""pos"":""phrase"",""translation"":""…的途徑／方法"",""explanation"":""在寫作或論述文中，用來指代解決問題或獲得成功的方法。"",""sentences"":[{""sentence"":""The university provides many <target>avenues</target> <pattern>for</pattern> students to gain work experience through internships and research projects."",""translation"":""這所大學提供了許多途徑讓學生透過實習和研究計畫來獲得工作經驗。""}]}],""synonyms"":[{""word"":""way"",""pos"":""noun"",""translation"":""方法；路徑"",""explanation"":""最基礎的同義詞""},{""word"":""approach"",""pos"":""noun"",""translation"":""方法；路徑"",""explanation"":""強調採取某種特定方式處理問題""},{""word"":""channel"",""pos"":""noun"",""translation"":""管道；途徑"",""explanation"":""常用於指代溝通或資訊傳遞的途徑""}],""antonyms"":[]}],""conjugations"":null,""relatives"":{""morphology"":null,""related"":[]}}"	none		0
awake	awake adj./v.	"{""headword"":""awake"",""explanation"":""「awake」在學測中可作為形容詞與動詞使用。作為形容詞時，指「醒著的」；作為動詞時，指「使醒來」。注意其與 wake 和 awaken 的微小差異：awake 通常指狀態，而 wake/awaken 更加強調動作。"",""senses"":[{""sense"":""醒著的（形容詞：描述狀態）"",""entries"":[{""pattern"":""awake"",""pos"":""adjective"",""translation"":""醒著的"",""explanation"":""常用於 be awake 或 stay awake，描述一個人處於不睡眠的狀態。"",""sentences"":[{""sentence"":""The student stayed <target>awake</target> until midnight to finish his history project, although he felt very tired and sleepy."",""translation"":""那名學生為了完成他的歷史專案，一直醒著直到午夜，儘管他感到非常疲倦且昏昏欲睡。""}]}],""synonyms"":[{""word"":""conscious"",""pos"":""adjective"",""translation"":""清醒的；有意識的"",""explanation"":""強調意識清醒，可用於醫療情境""}],""antonyms"":[{""word"":""asleep"",""pos"":""adjective"",""translation"":""睡著的"",""explanation"":""awake 的直接對立面""}]},{""sense"":""喚醒；使醒來（動詞：描述動作）"",""entries"":[{""pattern"":""awake from sth."",""pos"":""phrase"",""translation"":""從…中醒來"",""explanation"":""描述從睡眠或夢境中恢復意識的過程。"",""sentences"":[{""sentence"":""She suddenly <target>awoke</target> <pattern>from</pattern> a terrible nightmare and found herself breathing fast and sweating in the dark."",""translation"":""她突然從一個可怕的噩夢中醒來，發現自己在黑暗中快速呼吸且出汗。""}]}],""synonyms"":[{""word"":""wake"",""pos"":""verb"",""translation"":""喚醒；醒來"",""explanation"":""最常用的動作動詞""},{""word"":""awaken"",""pos"":""verb"",""translation"":""喚醒"",""explanation"":""較為正式的動作動詞""}],""antonyms"":[{""word"":""fall asleep"",""pos"":""phrase"",""translation"":""睡著"",""explanation"":""動作的轉變""}]}],""conjugations"":{""past_tense"":""awoke"",""past_participle"":""awoken""},""relatives"":{""morphology"":null,""related"":[{""word"":""awakening"",""pos"":""noun"",""translation"":""覺醒；醒來"",""explanation"":""指意識的覺醒或從睡眠中醒來。""}]}}"	none		0
awaken	awaken v.	"{""headword"":""awaken"",""explanation"":""「awaken」比「awake」或「wake」更正式且更常被用於抽象的語境中。在學測中，它不僅指生理上的喚醒，更常指「喚醒（某種情感、記憶或意識）」，這是其高頻考點。"",""senses"":[{""sense"":""喚醒；使醒來（生理上的動作）"",""entries"":[{""pattern"":""awaken sb."",""pos"":""verb"",""translation"":""喚醒某人"",""explanation"":""及物動詞，指將某人從睡眠中弄醒。"",""sentences"":[{""sentence"":""The loud noise of the fire alarm <target>awakened</target> all the students in the dormitory, causing them to run outside quickly."",""translation"":""火警警報的巨大的噪音喚醒了宿舍裡所有的學生，導致他們快速地跑向室外。""}]}],""synonyms"":[{""word"":""wake"",""pos"":""verb"",""translation"":""喚醒"",""explanation"":""日常用語""}],""antonyms"":[{""word"":""lull"",""pos"":""verb"",""translation"":""使入睡；使平靜"",""explanation"":""指將某人哄睡""}]},{""sense"":""激發；喚起（抽象情感或記憶）"",""entries"":[{""pattern"":""awaken sth."",""pos"":""phrase"",""translation"":""喚起…（情感、記憶等）"",""explanation"":""常用於描述音樂、藝術或某種經歷喚起內心的深層情感或記憶。"",""sentences"":[{""sentence"":""The old photographs of his grandfather's village <target>awakened</target> a strong feeling of nostalgia in the young man's heart."",""translation"":""他祖父村莊的老照片在那個年輕人的心中喚起了一種強烈的懷舊之情。""}]}],""synonyms"":[{""word"":""evoke"",""pos"":""verb"",""translation"":""喚起；引起"",""explanation"":""指透過某種外部刺激喚起記憶或情感""},{""word"":"" arouse"",""pos"":""verb"",""translation"":""激發；引起"",""explanation"":""指引起某人的興趣或好奇心""}],""antonyms"":[]}],""conjugations"":{""past_tense"":""awakened"",""past_participle"":""awakened""},""relatives"":{""morphology"":null,""related"":[{""word"":""awake"",""pos"":""adjective"",""translation"":""醒著的"",""explanation"":""基礎形容詞型態。""}]}}"	none		0
bacon	bacon n.	"{""headword"":""bacon"",""explanation"":""「bacon」在學測中通常出現在描述日常生活、飲食文化或早晨情境的閱讀測驗中。這是一個基礎名詞，學生只需掌握其基本含義即可。"",""senses"":[{""sense"":""培根；煙燻豬肉"",""entries"":[{""pattern"":""bacon"",""pos"":""noun"",""translation"":""培根"",""explanation"":""指一種經過煙燻或鹽漬的豬肉產品。"",""sentences"":[{""sentence"":""The smell of frying <target>bacon</target> filled the kitchen every Sunday morning, waking up the whole family with its salty aroma."",""translation"":""每週日早晨，煎培根的香味瀰漫在廚房裡，用鹹香的味道喚醒了全家人。""}]}],""synonyms"":[],""antonyms"":[]}],""conjugations"":null,""relatives"":{""morphology"":null,""related"":[]}}"	none		0
bacteria	bacteria n.	"{""headword"":""bacteria"",""explanation"":""「bacteria」是生物學相關文章的高頻字彙。學生必須注意它是複數名詞（單數為 bacterium），在文法題目中常被考查其主謂一致性（Subject-Verb Agreement）。"",""senses"":[{""sense"":""細菌（單細胞微生物）"",""entries"":[{""pattern"":""bacteria"",""pos"":""noun"",""translation"":""細菌"",""explanation"":""泛指微小的單細胞生物，可分為益菌與害菌。"",""sentences"":[{""sentence"":""Many kinds of <target>bacteria</target> live in the human gut and help us break down food to keep our bodies healthy."",""translation"":""許多種類的細菌生活在人類的腸道中，幫助我們分解食物以保持身體健康。""},{""sentence"":""You should wash your hands with soap before eating to kill the harmful <target>bacteria</target> that might be on your skin."",""translation"":""在用餐前你應該用肥皂洗手，以殺死可能留在皮膚上的有害細菌。""}]}],""synonyms"":[{""word"":""germs"",""pos"":""noun"",""translation"":""病菌"",""explanation"":""更口語化的說法，通常指引起疾病的細菌。""}],""antonyms"":[]}],""conjugations"":null,""relatives"":{""morphology"":null,""related"":[{""word"":""bacterial"",""pos"":""adjective"",""translation"":""細菌的"",""explanation"":""形容詞形式，常用於 bacterial infection（細菌感染）。""}]}}"	none		0
badly	badly adv.	"{""headword"":""badly"",""explanation"":""「badly」在學測中具有兩種截然不同的用法：一是修飾動詞，表示「糟糕地」；二是作為程度副詞，表示「非常、迫切地」，後者是閱讀理解與克漏字的關鍵考點。"",""senses"":[{""sense"":""糟糕地；拙劣地（表現或品質低下）"",""entries"":[{""pattern"":""be badly + adjective"",""pos"":""phrase"",""translation"":""嚴重地…"",""explanation"":""常用於描述受損程度嚴重，例如 badly damaged 或 badly hurt。"",""sentences"":[{""sentence"":""The old wooden bridge was <target>badly</target> <pattern>damaged</pattern> during the heavy storm, making it unsafe for cars to cross."",""translation"":""這座古老的木橋在強風暴中受損嚴重，導致汽車無法安全通過。""}]},{""pattern"":""do sth. badly"",""pos"":""phrase"",""translation"":""拙劣地做某事"",""explanation"":""指做事缺乏技巧或品質不佳。"",""sentences"":[{""sentence"":""He felt very embarrassed because he had <target>badly</target> performed his piano piece during the school music concert."",""translation"":""他感到非常尷尬，因為他在學校音樂會上拙劣地演奏了他的鋼琴曲。""}]}],""synonyms"":[],""antonyms"":[{""word"":""well"",""pos"":""adverb"",""translation"":""良好地"",""explanation"":""指表現或結果令人滿意。""}]},{""sense"":""非常；迫切地（強烈的渴望）"",""entries"":[{""pattern"":""badly need / want sth."",""pos"":""phrase"",""translation"":""迫切需要／想要某事"",""explanation"":""在此語境下，badly 等同於 very much 或 desperately，是學測高頻搭配。"",""sentences"":[{""sentence"":""After walking for five hours in the hot sun, the tired hikers <target>badly</target> <pattern>needed</pattern> a cold bottle of water."",""translation"":""在烈日下行走五小時後，疲憊的登山客迫切需要一瓶冰水。""},{""sentence"":""The poor village <target>badly</target> <pattern>wants</pattern> a new medical clinic so that elderly people can get treatment without traveling far."",""translation"":""這個貧窮的村莊迫切想要一座新的醫療診所，好讓老人們不必遠行就能接受治療。""}]}],""synonyms"":[{""word"":""desperately"",""pos"":""adverb"",""translation"":""極其；迫切地"",""explanation"":""強調一種絕望或極其強烈的需求。""}],""antonyms"":[]}],""conjugations"":null,""relatives"":{""morphology"":""形容詞 bad 加上副詞字尾 -ly"",""related"":[]}}"	none		0
baggage	baggage n.	"{""headword"":""baggage"",""explanation"":""「baggage」在旅遊類文章中極為常見。最重要的文法考點在於它是一個「不可數名詞」，因此不能加 s 或使用 a baggage，必須使用 pieces of baggage 來計算個數。"",""senses"":[{""sense"":""行李（旅行時攜帶的袋子與物品）"",""entries"":[{""pattern"":""baggage"",""pos"":""noun"",""translation"":""行李"",""explanation"":""不可數名詞，指旅行時攜帶的所有物品。"",""sentences"":[{""sentence"":""Please make sure that you do not leave your <target>baggage</target> alone in the airport terminal for any reason."",""translation"":""請確保無論出於任何原因，都不要將您的行李單獨留在機場航廈內。""},{""sentence"":""The airline lost three <pattern>pieces of</pattern> <target>baggage</target> belonging to the tourists, which caused a lot of trouble for their trip."",""translation"":""航空公司弄丟了遊客的三件行李，這給他們的旅行帶來了許多麻煩。""}]}],""synonyms"":[{""word"":""luggage"",""pos"":""noun"",""translation"":""行李"",""explanation"":""與 baggage 同義且同樣不可數。""}],""antonyms"":[]}],""conjugations"":null,""relatives"":{""morphology"":null,""related"":[]}}"	none		0
bait	bait n./v.	"{""headword"":""bait"",""explanation"":""「bait」在學測中可作為名詞與動詞使用。其核心概念是「誘餌」，無論是實體（如釣魚）或是抽象（如誘惑、欺騙），學生需能辨識其在不同情境中的應用。"",""senses"":[{""sense"":""誘餌（用來吸引魚或動物的食物）"",""entries"":[{""pattern"":""bait"",""pos"":""noun"",""translation"":""誘餌"",""explanation"":""指用於釣魚或捕捉動物的食物。"",""sentences"":[{""sentence"":""The young boy spent the whole afternoon putting worms as <target>bait</target> on his hook to catch a big fish."",""translation"":""那個小男孩花了一整個下午將蚯蚓作為誘餌放在魚鉤上，以捕捉一條大魚。""}]}],""synonyms"":[],""antonyms"":[]},{""sense"":""誘惑；欺騙（用利益吸引某人做某事）"",""entries"":[{""pattern"":""take the bait"",""pos"":""phrase"",""translation"":""上鉤；受誘惑"",""explanation"":""比喻用法。指被對方的陷阱或誘惑吸引而採取行動。"",""sentences"":[{""sentence"":""The salesman offered a huge discount to attract customers, and many people <target>took</target> <pattern>the bait</pattern> and bought the expensive phone."",""translation"":""銷售員提供巨大的折扣以吸引顧客，許多人因此上鉤並買了那款昂貴的手機。""}]}],""synonyms"":[{""word"":""lure"",""pos"":""noun"",""translation"":""誘惑；誘餌"",""explanation"":""可作為名詞或動詞。""}],""antonyms"":[]},{""sense"":""誘捕；挑釁（作為動詞使用）"",""entries"":[{""pattern"":""bait sth./sb."",""pos"":""verb"",""translation"":""用誘餌吸引；挑釁某人"",""explanation"":""及物動詞。指使用食物吸引動物，或用言語挑釁他人。"",""sentences"":[{""sentence"":""The hunter <target>baited</target> the trap with cheese to catch the mouse that had been eating all the grains in the kitchen."",""translation"":""獵人利用起司作為誘餌來設置陷阱，以捕捉那隻一直在廚房吃穀物的老鼠。""},{""sentence"":""Some people on the internet often <target>bait</target> others by posting angry comments to start a fight in the comment section."",""translation"":""一些網路上的使用者經常透過發布憤怒的評論來挑釁他人，以便在評論區發起爭執。""}]}],""synonyms"":[{""word"":""provoke"",""pos"":""verb"",""translation"":""挑釁；激怒"",""explanation"":""指用言語或行動故意地讓對方生氣。""}],""antonyms"":[]}],""conjugations"":{""past_tense"":""baited"",""past_participle"":""baited""},""relatives"":{""morphology"":null,""related"":[]}}"	none		0
bamboo	bamboo n.	"{""headword"":""bamboo"",""explanation"":""「bamboo」在學測中常出現在自然地理或環保議題的閱讀測驗中。它不僅指一種植物，有時也會出現在討論永續材質（Sustainable Materials）的文章中，用以取代塑膠製品。"",""senses"":[{""sense"":""竹子（一種快速生長的草本植物）"",""entries"":[{""pattern"":""bamboo"",""pos"":""noun"",""translation"":""竹子"",""explanation"":""指這種植物本身或其材質，常與生長速度或環保用途相關聯。"",""sentences"":[{""sentence"":""Because <target>bamboo</target> grows so quickly, many companies now produce eco-friendly toothbrushes and straws made from this strong plant."",""translation"":""因為竹子生長得如此快速，許多公司現在生產由這種強韌植物製成的環保牙刷和吸管。""},{""sentence"":""Pandas spend most of their day eating fresh <target>bamboo</target> shoots, which provide the energy they need to survive in the wild."",""translation"":""大熊貓一天中大部分的時間都在吃新鮮的竹筍，這為牠們在野外生存提供了所需的能量。""}]}],""synonyms"":[],""antonyms"":[]}],""conjugations"":null,""relatives"":{""morphology"":null,""related"":[]}}"	none		0
bang	bang n./v./adv.	"{""headword"":""bang"",""explanation"":""「bang」是一個多功能字，在閱讀測驗中可能作為名詞（巨大的聲響）、動詞（猛擊）或副詞（突然）。學生應根據其在句子中的位置判斷其詞性與意義。"",""senses"":[{""sense"":""巨大的聲響（突然且強烈的噪音）"",""entries"":[{""pattern"":""a loud bang"",""pos"":""phrase"",""translation"":""巨大的砰聲"",""explanation"":""常用於描述突發事件，如爆炸或重物摔落，增加情境的臨場感。"",""sentences"":[{""sentence"":""The silence of the library was suddenly broken by a loud <target>bang</target> when a heavy book fell off the shelf."",""translation"":""圖書館的寂靜突然被一聲巨大的砰聲打破，當時一本沉重的書從書架上掉下來。""}]}],""synonyms"":[{""word"":""blast"",""pos"":""noun"",""translation"":""爆炸聲；強風"",""explanation"":""強調爆裂的強烈噪音""},{""word"":""crash"",""pos"":""noun"",""translation"":""碰撞聲；破碎聲"",""explanation"":""強調物體撞擊產生的噪音""}],""antonyms"":[]},{""sense"":""猛擊；敲擊（強而有力地撞擊某物）"",""entries"":[{""pattern"":""bang sth. against sth."",""pos"":""phrase"",""translation"":""將某物猛擊在某物上"",""explanation"":""描述動作的強度與速度，常用於表達憤怒或意外。"",""sentences"":[{""sentence"":""In a fit of anger, the boy <target>banged</target> <pattern>his fist against</pattern> the wooden table, making everyone in the classroom jump."",""translation"":""男孩在憤怒之中，將拳頭猛擊在木桌上，讓教室裡的每個人都嚇了一跳。""}]}],""synonyms"":[{""word"":""strike"",""pos"":""verb"",""translation"":""擊打；敲擊"",""explanation"":""較為正式的擊打動作""},{""word"":""hit"",""pos"":""verb"",""translation"":""撞擊；擊打"",""explanation"":""最普遍的擊打動詞""}],""antonyms"":[]},{""sense"":""突然地（用作副詞，表示動作的突然性）"",""entries"":[{""pattern"":""bang into sth."",""pos"":""phrase"",""translation"":""突然撞到某物"",""explanation"":""非正式用法，強調動作發生得極其突然且不小心。"",""sentences"":[{""sentence"":""While walking through the crowded hallway, I <target>banged</target> <pattern>into</pattern> my old friend from primary school by complete accident."",""translation"":""在走過擁擠的走廊時，我不小心突然撞到了我國小時期的老朋友。""}]}],""synonyms"":[],""antonyms"":[]}],""conjugations"":{""past_tense"":""banged"",""past_participle"":""banged""},""relatives"":{""morphology"":null,""related"":[]}}"	none		0
banker	banker n.	"{""headword"":""banker"",""explanation"":""「banker」是指在銀行工作的人員，但在學測中常出現在討論金融體系、經濟危機或商業管理類型的文章中，用以代表銀行業的專業人士。"",""senses"":[{""sense"":""銀行家；銀行業從業人員"",""entries"":[{""pattern"":""banker"",""pos"":""noun"",""translation"":""銀行家"",""explanation"":""指從事銀行業的人，通常指具有一定職位或影響力的專業人士。"",""sentences"":[{""sentence"":""The experienced <target>banker</target> provided valuable advice on how to manage personal savings and invest in the stock market safely."",""translation"":""那位經驗豐富的銀行家針對如何管理個人儲蓄以及安全地投資股票市場提供了寶貴的建議。""}]}],""synonyms"":[],""antonyms"":[]}],""conjugations"":null,""relatives"":{""morphology"":""字根 bank (銀行) + 名詞字尾 -er (人)"",""related"":[{""word"":""bank"",""pos"":""noun"",""translation"":""銀行"",""explanation"":""基礎名詞。""},{""word"":""bankrupt"",""pos"":""adjective"",""translation"":""破產的"",""explanation"":""指財務狀況極差，無法償還債務。""}]}}"	none		0
bare	bare adj./v.	"{""headword"":""bare"",""explanation"":""「bare」在學測中常被與「bear (忍受)」混淆。其核心意義是「沒有覆蓋物」或「僅僅」。在描述環境、身體部位或揭露真相時非常高頻。"",""senses"":[{""sense"":""裸露的；不覆蓋的（物理上的裸露）"",""entries"":[{""pattern"":""bare"",""pos"":""adjective"",""translation"":""裸露的"",""explanation"":""描述物體表面沒有衣服、毛髮或覆蓋物。"",""sentences"":[{""sentence"":""The hikers walked with <target>bare</target> feet on the hot sand, feeling the intense heat of the summer sun."",""translation"":""登山客們赤腳走在發燙的沙灘上，感受著夏季陽光的強烈熱度。""},{""sentence"":""After the heavy storm, several <target>bare</target> trees stood in the field, their leaves all blown away by the wind."",""translation"":""在強大的風暴後，幾棵裸露的（落葉）樹木立在原野上，葉子都被風吹走了。""}]}],""synonyms"":[{""word"":""naked"",""pos"":""adjective"",""translation"":""裸體的；不覆蓋的"",""explanation"":""強調完全沒有覆蓋物""},{""word"":""uncovered"",""pos"":""adjective"",""translation"":""未覆蓋的"",""explanation"":""指表面被揭開或沒有遮蔽""}],""antonyms"":[{""word"":""covered"",""pos"":""adjective"",""translation"":""覆蓋的"",""explanation"":""指表面有遮蔽物""}]},{""sense"":""僅僅的；最基本的（抽象上的簡陋）陋"",""entries"":[{""pattern"":""the bare minimum"",""pos"":""phrase"",""translation"":""最低限度"",""explanation"":""極為高頻的片語，指僅僅滿足基本需求而沒有任何額外地修飾或增加。"",""sentences"":[{""sentence"":""The student only did the <target>bare</target> <pattern>minimum</pattern> for his homework, so the teacher gave him a low grade."",""translation"":""這個學生在做作業時僅僅做了最低限度，所以老師給了他一個低分。""}]}],""synonyms"":[{""word"":""basic"",""pos"":""adjective"",""translation"":""基本的"",""explanation"":""指最基礎、沒有修飾的""}],""antonyms"":[]},{""sense"":""揭露；展現（動詞用法）"",""entries"":[{""pattern"":""bare sth."",""pos"":""verb"",""translation"":""揭露；展現"",""explanation"":""指將原本被遮蓋住的東西揭開或展現出來。"",""sentences"":[{""sentence"":""The dog <target>bared</target> <pattern>its teeth</pattern> at the stranger, showing a clear sign that it was ready to attack."",""translation"":""這隻狗對著陌生人露出牙齒，顯示出它準備攻擊的明顯跡象。""}]}],""synonyms"":[{""word"":""reveal"",""pos"":""verb"",""translation"":""揭露；顯露"",""explanation"":""更正式的揭露動作""},{""word"":""expose"",""pos"":""verb"",""translation"":""暴露；使顯露"",""explanation"":""指將遮蔽物移開以顯露內部""}],""antonyms"":[]}],""conjugations"":{""past_tense"":""bared"",""past_participle"":""bared""},""relatives"":{""morphology"":null,""related"":[]}}"	none		0
barely	barely adv.	"{""headword"":""barely"",""explanation"":""「barely」在學測中是一個極為重要的程度副詞，常用於否定句中表示「幾乎不」或「僅僅」。學生應將其與「hardly」和「scarcely」視為同義詞，這是克漏字與翻譯題的關鍵考點。"",""senses"":[{""sense"":""幾乎不；僅僅（表示程度極低）"",""entries"":[{""pattern"":""barely"",""pos"":""adverb"",""translation"":""幾乎不；僅僅"",""explanation"":""用來修飾動詞或形容詞，表示事情發生在臨界點上，幾乎沒有發生。"",""sentences"":[{""sentence"":""The room was so noisy that I could <target>barely</target> hear what the teacher was saying during the lecture."",""translation"":""房間裡太吵了，以至於我在講座期間幾乎聽不到老師在說什麼。""},{""sentence"":""Because he had spent all his money on video games, he <target>barely</target> had enough money for a simple lunch."",""translation"":""因為他把所有的錢都花在電子遊戲上，他僅僅有足夠的錢買一份簡單的午餐。""}]}],""synonyms"":[{""word"":""hardly"",""pos"":""adverb"",""translation"":""幾乎不"",""explanation"":""最常用的同義詞""},{""word"":""scarcely"",""pos"":""adverb"",""translation"":""幾乎不"",""explanation"":""較為正式的用法""}],""antonyms"":[{""word"":""completely"",""pos"":""adverb"",""translation"":""完全地"",""explanation"":"" ""}]}],""conjugations"":null,""relatives"":{""morphology"":""形容詞 bare 加上副詞字尾 -ly"",""related"":[{""word"":""bare"",""pos"":""adjective"",""translation"":""裸露的；僅僅的"",""explanation"":""基礎形容詞型態。""}]}}"	none		0
barn	barn n.	"{""headword"":""barn"",""explanation"":""「barn」通常出現在關於鄉村生活、農業或自然環境的閱讀測驗中。在學測中，它不僅指存放農作物或牲畜的場所，有時也可用於描述鄉村景觀的典型特徵。"",""senses"":[{""sense"":""穀倉；牲畜棚（農場中用來存放穀物或飼養動物的建築物）"",""entries"":[{""pattern"":""barn"",""pos"":""noun"",""translation"":""穀倉；牲畜棚"",""explanation"":""指農場中大型的儲存空間或動物棲息處。"",""sentences"":[{""sentence"":""The farmer stored all the harvested corn in the huge red <target>barn</target> to keep it dry and safe from the rain."",""translation"":""農夫將所有收割的玉米儲存在巨大的紅色穀倉中，以保持乾燥並防止被雨淋。""},{""sentence"":""During the cold winter months, the cows and sheep are kept inside the warm <target>barn</target> to protect them from the freezing wind."",""translation"":""在寒冷的冬季月份，牛隻與羊隻被安置在溫暖的牲畜棚內，以保護它們免受寒風之苦。""}]}],""synonyms"":[{""word"":""granary"",""pos"":""noun"",""translation"":""穀倉"",""explanation"":""專指儲存穀類的地方""},{""word"":""stable"",""pos"":""noun"",""translation"":""馬廄"",""explanation"":""專指飼養馬匹的場所""}],""antonyms"":[]}],""conjugations"":null,""relatives"":{""morphology"":null,""related"":[]}}"	none		0
barrel	barrel n.	"{""headword"":""barrel"",""explanation"":""「barrel」在描述物品儲存、工業產品或某些特定習慣（如酒桶、油桶）時會出現。在學測中，要注意它既可以是名詞（容器）也可以是動詞（快速奔跑），但名詞用法最為高頻。"",""senses"":[{""sense"":""圓桶；木桶（圓柱形的大容器）"",""entries"":[{""pattern"":""barrel"",""pos"":""noun"",""translation"":""圓桶；木桶"",""explanation"":""指圓柱形的容器，通常用於儲存液體或粉末。"",""sentences"":[{""sentence"":""The workers carefully rolled the heavy <target>barrel</target> of oil across the factory floor to the shipping area."",""translation"":""工人們小心地將沉重的油桶在工廠地板上滾動，將其移至運輸區域。""},{""sentence"":""In the old days, people used wooden <target>barrels</target> to store salted fish and wine for long journeys across the sea."",""translation"":""在舊時代，人們使用木桶來儲存鹽魚和葡萄酒，以便於進行長距離的海上航行。""}]}],""synonyms"":[{""word"":""drum"",""pos"":""noun"",""translation"":""圓桶"",""explanation"":""常用於工業用的大桶""},{""word"":""container"",""pos"":""noun"",""translation"":""容器"",""explanation"":""泛指所有儲物容器""}],""antonyms"":[]}],""conjugations"":{""past_tense"":"" barreled"",""past_participle"":"" barreled""},""relatives"":{""morphology"":null,""related"":[]}}"	none		0
basement	basement n.	"{""headword"":""basement"",""explanation"":""「basement」是基礎的居住環境詞彙，常用於描述房屋結構或儲存空間。在學測中，常出現在描述家庭生活或故事背景的段落中。"",""senses"":[{""sense"":""地下室"",""entries"":[{""pattern"":""basement"",""pos"":""noun"",""translation"":""地下室"",""explanation"":""指房屋最底層，位於地面之下的空間。"",""sentences"":[{""sentence"":""Because it was too noisy upstairs, the student went down to the <target>basement</target> to study for his final exams in peace."",""translation"":""因為樓上太吵了，那名學生走到地下室，以便安靜地準備期末考。""},{""sentence"":""My parents decided to turn the dusty old <target>basement</target> into a modern game room for the children to enjoy."",""translation"":""我的父母決定將佈滿灰塵的舊地下室改成一個現代化的遊戲室，讓孩子們享受。""}]}],""synonyms"":[{""word"":""cellar"",""pos"":""noun"",""translation"":""地下室；酒窖"",""explanation"":""通常指較小或較陰暗的儲藏室""}],""antonyms"":[{""word"":""attic"",""pos"":""noun"",""translation"":""閣樓"",""explanation"":""房屋最頂層的空間""}]}],""conjugations"":null,""relatives"":{""morphology"":""字根 base (底部) + 字尾 -ment (名詞)"",""related"":[{""word"":""base"",""pos"":""noun"",""translation"":""底部；基礎"",""explanation"":""核心基礎詞彙""}]}}"	none		0
bay	bay n.	"{""headword"":""bay"",""explanation"":""「bay」在地理類閱讀中非常高頻。要注意它有兩個完全不同的意思：一是地理上的「海灣」，二是建築上的「隔間」，但在學測中，地理意義最為核心。"",""senses"":[{""sense"":""海灣（陸地向海洋延伸的凹陷部分）"",""entries"":[{""pattern"":""bay"",""pos"":""noun"",""translation"":""海灣"",""explanation"":""指陸地向海洋凹進去的部分，水域通常較為平靜。"",""sentences"":[{""sentence"":""Many small fishing boats are safely anchored in the calm <target>bay</target>, waiting for the storm to pass before they sail again."",""translation"":""許多小型漁船安全地停泊在平靜的海灣中，等待風暴過去後再次出航。""},{""sentence"":""The tourists enjoyed a beautiful walk along the sandy beach of the <target>bay</target>, admiring the blue water and the white sand."",""translation"":""遊客們在海灣的沙灘上享受了一次美麗的散步，欣賞著藍色的海水與白色的沙子。""}]}],""synonyms"":[{""word"":""gulf"",""pos"":""noun"",""translation"":""灣；海灣"",""explanation"":""通常指規模較大的海灣""},{""word"":""cove"",""pos"":""noun"",""translation"":""小海灣"",""explanation"":""指規模較小的、隱蔽的海灣""}],""antonyms"":[]}],""conjugations"":null,""relatives"":{""morphology"":null,""related"":[]}}"	none		0
bead	bead n.	"{""headword"":""bead"",""explanation"":""「bead」在描述手工藝、珠寶或自然現象（如汗珠、露珠）時會出現。在學測中，常出現在描述細節的文學性描寫或日常物品描述中。"",""senses"":[{""sense"":""珠子；小圓球（用於裝飾或首飾的圓形小物件）"",""entries"":[{""pattern"":""bead"",""pos"":""noun"",""translation"":""珠子"",""explanation"":""指用於製作項鍊或手鍊的圓形小物件。"",""sentences"":[{""sentence"":""The young girl spent the whole afternoon carefully threading colorful <target>beads</target> onto a string to make a bracelet for her mother."",""translation"":""那個小女孩花了一整個下午，小心地將彩色珠子串在繩子上，為她的母親製作一條手鍊。""},{""sentence"":""The expensive necklace was made of rare black <target>beads</target> imported from a distant country in Africa."",""translation"":""這條昂貴的項鍊是由從非洲遙遠國家進口的稀有黑色珠子製成的。""}]}],""synonyms"":[{""word"":""pearl"",""pos"":""noun"",""translation"":""珍珠"",""explanation"":""一種特定的天然珠子""}],""antonyms"":[]},{""sense"":""圓滴；小珠（如汗珠、露珠等液體的小圓球）"",""entries"":[{""pattern"":""beads of sth."",""pos"":""phrase"",""translation"":""…的圓滴；…珠"",""explanation"":""常用於描述液體（如汗水或露水）形成的小圓球狀。"",""sentences"":[{""sentence"":""After running for an hour under the hot sun, <target>beads</target> <pattern>of</pattern> sweat formed on the athlete's forehead."",""translation"":""在烈日下奔跑一小時後，運動員的額頭上形成了汗珠。""},{""sentence"":""Early in the morning, we could see tiny <target>beads</target> <pattern>of</pattern> dew on the green grass of the school playground."",""translation"":""清晨時分，我們可以在學校操場的綠草地上看到細小的露珠。""}]}],""synonyms"":[],""antonyms"":[]}],""conjugations"":null,""relatives"":{""morphology"":null,""related"":[]}}"	none		0
beam	beam n./v.	"{""headword"":""beam"",""explanation"":""「beam」在學測中具有兩種截然不同的語意：一是物理上的「光束」或建築上的「橫樑」，二是表達喜悅的「燦爛笑容」。在閱讀測驗中，區分這兩種語意需依賴上下文，尤其是它作為動詞時，通常與光線或笑容相關。"",""senses"":[{""sense"":""光束；橫樑（物理實體）"",""entries"":[{""pattern"":""beam of light"",""pos"":""phrase"",""translation"":""一束光線"",""explanation"":""指從單一來源發出的線狀光芒，常見於自然景觀描寫或科技設備描述。"",""sentences"":[{""sentence"":""As the morning sun rose, a single <pattern>beam</pattern> <pattern>of</pattern> <target>light</target> broke through the thick clouds and lit up the valley."",""translation"":""當早晨的太陽升起時，一束光線穿透了厚厚的雲層，照亮了山谷。""}]},{""pattern"":""beam"",""pos"":""noun"",""translation"":""橫樑"",""explanation"":""建築結構中支撐屋頂或天花板的厚木頭或金屬條。"",""sentences"":[{""sentence"":""The old barn was so decayed that the heavy wooden <target>beams</target> supporting the roof began to crack and bend."",""translation"":""那座舊穀倉如此腐朽，以至於支撐屋頂的沉重木樑開始裂開並彎曲。""}]}],""synonyms"":[{""word"":""ray"",""pos"":""noun"",""translation"":""光線"",""explanation"":""指單一的直線光芒""}],""antonyms"":[]},{""sense"":""燦爛地微笑（表達極大喜悅）"",""entries"":[{""pattern"":""beam with joy / pride"",""pos"":""phrase"",""translation"":""欣喜若狂；充滿自豪地微笑"",""explanation"":""動詞用法，描述一個人因為極其開心或自豪而臉上洋溢著笑容。"",""sentences"":[{""sentence"":""The proud father <target>beamed</target> <pattern>with</pattern> <pattern>pride</pattern> as he watched his daughter receive the gold medal at the graduation ceremony."",""translation"":""當那位自豪的父親看著女兒在畢業典禮上領到金牌時，他臉上洋溢著自豪的笑容。""}]}],""synonyms"":[{""word"":""grin"",""pos"":""verb"",""translation"":""露齒而笑"",""explanation"":""強調笑容寬廣""}],""antonyms"":[]}],""conjugations"":{""past_tense"":""beamed"",""past_participle"":""beamed""},""relatives"":{""morphology"":null,""related"":[]}}"	none		0
beast	beast n.	"{""headword"":""beast"",""explanation"":""「beast」在學測中除了指代動物，更多時候帶有「野獸」或「巨大的、難以控制的物體」之意。在文學描述或寓言故事中，此字常被用來對比人類的理智與動物的本能。"",""senses"":[{""sense"":""野獸；畜牲（通常指體型大且兇猛的動物）"",""entries"":[{""pattern"":""beast"",""pos"":""noun"",""translation"":""野獸"",""explanation"":""指體型龐大或具有攻擊性的動物。"",""sentences"":[{""sentence"":""Deep in the dark forest, the travelers encountered a huge, hairy <target>beast</target> that roared loudly and terrified the entire group."",""translation"":""在黑暗森林深處，旅人們遇到了一隻巨大的、毛茸茸的野獸，牠大聲咆哮，讓整個團隊感到恐懼。""}]}],""synonyms"":[{""word"":""creature"",""pos"":""noun"",""translation"":""生物；動物"",""explanation"":""較為中性的詞彙，指任何活著的動物""},{""word"":""monster"",""pos"":""noun"",""translation"":""怪物"",""explanation"":""強調其外貌奇異或恐怖""}],""antonyms"":[]},{""sense"":""殘暴的人（比喻用法）"",""entries"":[{""pattern"":""beast"",""pos"":""noun"",""translation"":""殘暴的人"",""explanation"":""將人比作野獸，用來描述其行為極其殘忍或缺乏人性。"",""sentences"":[{""sentence"":""The dictator treated his prisoners like animals, and the world soon realized that he was a heartless <target>beast</target> who loved violence."",""translation"":""獨裁者將他的囚犯視如草芥，世界很快意識到他是一個熱愛暴力的冷酷野獸。""}]}],""synonyms"":[],""antonyms"":[{""word"":""saint"",""pos"":""noun"",""translation"":""聖人"",""explanation"":""指行為極其善良、有慈悲心的人""}]}],""conjugations"":null,""relatives"":{""morphology"":null,""related"":[{""word"":""beastly"",""pos"":""adjective"",""translation"":""野獸般的；極其糟糕的"",""explanation"":""由名詞 beast 加上形容詞字尾 -ly 延伸而來。""}]}}"	none		0
beetle	beetle n.	"{""headword"":""beetle"",""explanation"":""「beetle」是自然生態類文章中常見的基礎名詞。學生應注意到其特徵（如硬殼）在描述中常被提及，這類詞彙通常出現在生物分類或環境保護的閱讀測驗中。"",""senses"":[{""sense"":""甲蟲"",""entries"":[{""pattern"":""beetle"",""pos"":""noun"",""translation"":""甲蟲"",""explanation"":""指具有硬殼的昆蟲類。"",""sentences"":[{""sentence"":""While walking through the garden, the young boy spotted a shiny, metallic green <target>beetle</target> crawling slowly on a rose leaf."",""translation"":""在花園中行走時，那個小男孩發現一隻閃亮、金屬綠色的甲蟲正緩慢地在玫瑰葉子上爬行。""}]}],""synonyms"":[],""antonyms"":[]}],""conjugations"":null,""relatives"":{""morphology"":null,""related"":[]}}"	none		0
beneath	beneath prep.	"{""headword"":""beneath"",""explanation"":""「beneath」是表示空間位置的介系詞，語氣比 beneath-under 更為正式。在學測中，它除了表示「在…之下」的物理位置，還常被用來表示「不符合某人的身分或地位」之意，這是高階閱讀理解的關鍵點。"",""senses"":[{""sense"":""在…之下（物理位置）"",""entries"":[{""pattern"":""beneath sth."",""pos"":""preposition"",""translation"":""在…之下"",""explanation"":""指某物位於另一個物體的正下方，且兩者通常不直接接觸或有覆蓋關係。"",""sentences"":[{""sentence"":""The tired hikers decided to rest <target>beneath</target> <pattern>the</pattern> <pattern>shade</pattern> of a giant ancient tree to avoid the burning hot sun."",""translation"":""疲憊的登山客決定在巨大的古樹陰影之下休息，以避開灼熱的太陽。""},{""sentence"":""Deep <target>beneath</target> <pattern>the</pattern> <pattern>ocean</pattern> surface, there are strange creatures that can survive in total darkness and extreme pressure."",""translation"":""在海洋表面深處之下，有著能於完全黑暗且極端壓力下生存的奇特生物。""}]}],""synonyms"":[{""word"":""under"",""pos"":""preposition"",""translation"":""在…之下"",""explanation"":""最普遍常用的表示位置的介系詞""}],""antonyms"":[{""word"":""above"",""pos"":""preposition"",""translation"":""在…之上"",""explanation"":""指位置在上方""}]},{""sense"":""低於…的身分/地位（比喻用法）"",""entries"":[{""pattern"":""be beneath sb."",""pos"":""phrase"",""translation"":""不符合某人的身分；低於某人的地位"",""explanation"":""用來描述某項工作或行為被認為是太過低賤，不值得某人去做。"",""sentences"":[{""sentence"":""The wealthy businessman believed that cleaning the house was <target>beneath</target> <pattern>him</pattern>, so he always hired professional cleaners."",""translation"":""這位富有的商人認為清理房子不符合他的身分，因此他總是聘請專業的清潔工。""}]}],""synonyms"":[],""antonyms"":[]}],""conjugations"":null,""relatives"":{""morphology"":null,""related"":[]}}"	none		0
benefit	benefit n./v.	"{""headword"":""benefit"",""explanation"":""「benefit」在學測中是極其高頻的字彙。它既可作為名詞表示「好處、利益」，也可作為動詞表示「獲益」。學生需特別注意其動詞用法時常搭配介系詞 from，形成 benefit from sth. 結構，這是克漏字必考點。"",""senses"":[{""sense"":""利益；好處（名詞）"",""entries"":[{""pattern"":""benefit"",""pos"":""noun"",""translation"":""利益；好處"",""explanation"":""指某事產生的正面效果或優勢。"",""sentences"":[{""sentence"":""One major <target>benefit</target> of living in a big city is that you have easy access to better hospitals and schools."",""translation"":""住在一個大城市的一個主要好處是你可以輕鬆地使用更好的醫院和學校。""}]},{""pattern"":""the benefit of sth."",""pos"":""phrase"",""translation"":""…的好處"",""explanation"":""常用於對比兩者之優缺點時使用。"",""sentences"":[{""sentence"":""Doctors strongly recommend regular exercise because of the many health <target>benefits</target> <pattern>of</pattern> <pattern>physical</pattern> <pattern>activity</pattern>."",""translation"":""醫生強烈建議規律運動，因為身體活動具有許多健康上的好處。""}]}],""synonyms"":[{""word"":""advantage"",""pos"":""noun"",""translation"":""優勢；好處"",""explanation"":""指在對比中產生的優勢""},{""word"":""profit"",""pos"":""noun"",""translation"":""利潤；獲益"",""explanation"":""強調經濟上的利益""}],""antonyms"":[{""word"":""drawback"",""pos"":""noun"",""translation"":""缺點；弊端"",""explanation"":""指某件事的負面面""},{""word"":""disadvantage"",""pos"":""noun"",""translation"":""劣勢；好處"",""explanation"":""指在對比中對其不利的條件""}]},{""sense"":""獲益；對…有益（動詞）"",""entries"":[{""pattern"":""benefit from sth."",""pos"":""phrase"",""translation"":""從…中獲益"",""explanation"":""最常見的動詞用法，指從某種狀況、經驗或資源中得到好處。"",""sentences"":[{""sentence"":""Many students <target>benefit</target> <pattern>from</pattern> <pattern>using</pattern> a structured study plan, as it helps them manage their time more effectively."",""translation"":""許多學生能從使用結構化的學習計畫中獲益，因為這能幫助他們他們更有效地管理時間。""},{""sentence"":""The local economy will greatly <target>benefit</target> <pattern>from</pattern> <pattern>the</pattern> <pattern>new</pattern> <pattern>tourism</pattern> <pattern>project</pattern>, creating many jobs for residents."",""translation"":""當地經濟將從新的觀光計畫中獲益，從而為居民創造許多工作機會。""}]},{""pattern"":""benefit sb."",""pos"":""verb"",""translation"":""對…有益"",""explanation"":""及物動詞，直接接受詞，指某件事對某人或某單位有正面影響。"",""sentences"":[{""sentence"":""The new government policy on free education will <target>benefit</target> <pattern>poor</pattern> <pattern>families</pattern> who cannot afford high tuition fees."",""translation"":""政府關於免費教育的新政策將對那些無法負擔高昂學費的貧困家庭有益。""}]}],""synonyms"":[{""word"":""profit"",""pos"":""verb"",""translation"":""獲利"",""explanation"":""常用於經濟或金錢利益""}],""antonyms"":[]}],""conjugations"":{""past_tense"":""benefited"",""past_participle"":""benefited""},""relatives"":{""morphology"":""字根 bene- (好) + 詞尾 -fit (做、適配)"",""related"":[{""word"":""beneficial"",""pos"":""adjective"",""translation"":""有益的"",""explanation"":""由動詞 benefit 加上形容詞字尾 -cial 延伸而來。""},{""word"":""benefactor"",""pos"":""noun"",""translation"":""捐助者；恩人"",""explanation"":""字根組合：bene- (好) + fact (做)，意為做好事的人。""},{""word"":""benevolent"",""pos"":""noun"",""translation"":""仁慈的；好心的"",""explanation"":""字根組合：bene- (benevolent)，意為心懷善意地。""}]}}"	none		0
berry	berry n.	"{""headword"":""berry"",""explanation"":""「berry」在學測中常出現在自然科學、植物學或健康飲食類的文章中。學生應注意其複數形式 berries，以及它在生物學上與日常生活中對「漿果」定義的微小差異。"",""senses"":[{""sense"":""漿果；莓果（多汁的小果實）"",""entries"":[{""pattern"":""berry"",""pos"":""noun"",""translation"":""莓果"",""explanation"":""指小型、多汁且通常含有種子的果實，如草莓或藍莓。"",""sentences"":[{""sentence"":""The farmer's garden is filled with sweet, red <target>berries</target> that attract many birds and bees during the summer."",""translation"":""農夫的花園裡種滿了甜美的紅色莓果，在夏天吸引了許多鳥類和蜜蜂。""},{""sentence"":""Eating a handful of fresh blue <target>berries</target> every morning provides the body with important antioxidants to stay healthy."",""translation"":""每天早上吃一把新鮮的藍莓能為身體提供重要的抗氧化劑以保持健康。""}]}],""synonyms"":[],""antonyms"":[]}],""conjugations"":null,""relatives"":{""morphology"":null,""related"":[]}}"	none		0
besides	besides adv./prep.	"{""headword"":""besides"",""explanation"":""「besides」在學測中具有兩種關鍵身份：一是作為介系詞表示「除...之外（還）」，二是作為副詞表示「而且／此外」。學生最容易將其與 beside (不加 s) 混淆，後者僅表示空間上的「在...旁邊」。"",""senses"":[{""sense"":""除...之外（還）；另外（包含在內）"",""entries"":[{""pattern"":""besides sth./sb."",""pos"":""preposition"",""translation"":""除了...之外（還）"",""explanation"":""表示在既有項目的基礎上增加新項目，語意上包含在內。"",""sentences"":[{""sentence"":""Because she is an expert in chemistry, Sarah can teach physics <pattern>besides</pattern> <target>besides</target> chemistry in the high school science lab."",""translation"":""因為莎拉是化學專家，她除了化學之外，還能在高中科學實驗室教物理。""},{""sentence"":""Besides his monthly salary, the manager receives a generous bonus every year if the company achieves its sales goals."",""translation"":""除了月薪之外，經理如果公司達成銷售目標，每年還能獲得一筆豐厚的獎金。""}]}],""synonyms"":[{""word"":""in addition to"",""pos"":""phrase"",""translation"":""除...之外（還）"",""explanation"":""最常見的同義替換，語氣較為正式""}],""antonyms"":[]},{""sense"":""此外；而且（用於引出額外理由或資訊）"",""entries"":[{""pattern"":""besides"",""pos"":""adverb"",""translation"":""此外；而且"",""explanation"":""作為連接詞或副詞使用，用來補充說明一個更強而有力的理由。"",""sentences"":[{""sentence"":""I am too tired to go to the gym today, and <target>besides</target>, it is raining heavily outside right now."",""translation"":""我今天太累了不想去健身房，而且，現在外面正下著大雨。""},{""sentence"":""You should not buy that expensive phone because it is too big, and <target>besides</target>, you already have a working one."",""translation"":""你不應該買那支昂貴的手機，因為它太大了，而且，你已經有一支可以使用了。""}]}],""synonyms"":[{""word"":""moreover"",""pos"":""adverb"",""translation"":""此外；而且"",""explanation"":""較正式的寫作用詞""},{""word"":""furthermore"",""pos"":""adverb"",""translation"":""此外；而且"",""explanation"":""強調進一步的論點""}],""antonyms"":[]}],""conjugations"":null,""relatives"":{""morphology"":null,""related"":[]}}"	none		0
bet	bet v./n.	"{""headword"":""bet"",""explanation"":""「bet」在學測中通常出現在口語化的對話或社交情境中。除了字面上的「打賭」外，它在口語中常被用來表達強烈的肯定或對某事發生之確信。"",""senses"":[{""sense"":""打賭；賭注（對某事發生或不發生投入金錢或承諾）"",""entries"":[{""pattern"":""bet sth. on sth."",""pos"":""verb"",""translation"":""把...賭在...上"",""explanation"":""指投入金錢或資源來預測某個結果。"",""sentences"":[{""sentence"":""Many professional gamblers <target>bet</target> large sums of money <pattern>on</pattern> the outcome of the World Cup final match."",""translation"":""許多職業賭徒將大筆金錢賭在世界盃決賽的結果上。""}]},{""pattern"":""bet that..."",""pos"":""phrase"",""translation"":""敢打賭...（確信某事）"",""explanation"":""用於表達對某事的強烈信心，不一定涉及金錢交易。"",""sentences"":[{""sentence"":""Looking at those dark clouds in the sky, I <target>bet</target> <pattern>that</pattern> it will start raining before we finish our hike."",""translation"":""看著天空中的那些烏雲，我敢打賭在我們完成登山之前就會開始下雨。""}]},{""pattern"":""a bet"",""pos"":""noun"",""translation"":""賭注；打賭"",""explanation"":""指一次打賭的行為或投入的金額。"",""sentences"":[{""sentence"":""The two friends made a friendly <target>bet</target> that the fastest runner in the class would win the gold medal."",""translation"":""這兩個朋友進行了一次友好的打賭，認為班上跑最快的人會贏得金牌。""}]}],""synonyms"":[{""word"":""gamble"",""pos"":""verb"",""translation"":""賭博"",""explanation"":""指風險較高的投機行為""},{""word"":""wager"",""pos"":""verb"",""translation"":""打賭"",""explanation"":""較正式的用詞""}],""antonyms"":[]}],""conjugations"":{""past_tense"":""bet"",""past_participle"":""bet""},""relatives"":{""morphology"":null,""related"":[]}}"	none		0
bind	bind v.	"{""headword"":""bind"",""explanation"":""「bind」在學測中具有多重語意，從物理上的「捆綁」到抽象的「約束」或「聯繫」。學生應重點關注其在社交關係或法律契約中的「約束力」之義，這在閱讀測驗中極為高頻。"",""senses"":[{""sense"":""捆綁；束縛（物理上的固定）"",""entries"":[{""pattern"":""bind sth. with sth."",""pos"":""verb"",""translation"":""用...將某物捆綁"",""explanation"":""指使用繩索、膠帶等工具將物體固定在一起。"",""sentences"":[{""sentence"":""The farmer used a strong rope to <target>bind</target> the bundles of dry hay <pattern>with</pattern> each other for winter storage."",""translation"":""農夫用強韌的繩子將乾草捆綁在一起，以便於冬季儲存。""}]}],""synonyms"":[{""word"":""tie"",""pos"":""verb"",""translation"":""繫；綁"",""explanation"":""最普遍的物理捆綁用詞""}],""antonyms"":[{""word"":""release"",""pos"":""verb"",""translation"":""釋放；解開"",""explanation"":""指將被綁住的東西鬆開""}]},{""sense"":""約束；限制（法律、道德或情感上的壓力）"",""entries"":[{""pattern"":""be bound by sth."",""pos"":""phrase"",""translation"":""受...之約束"",""explanation"":""極高頻的被動用法。指必須遵守某種規則、合約或法律。"",""sentences"":[{""sentence"":""Once the contract is signed, both the company and the client are <target>bound</target> <pattern>by</pattern> the legal terms written inside."",""translation"":""一旦合約簽署，公司和客戶都受合約內書寫的法律條款之約束。""},{""sentence"":""Many students feel <target>bound</target> <pattern>by</pattern> their parents' high expectations, which makes them feel stressed and unhappy in school."",""translation"":""許多學生感覺受制於父母的高期待，這讓他們在學校感到壓力大且不快樂。""}]}],""synonyms"":[{""word"":""constrain"",""pos"":""verb"",""translation"":""限制；約束"",""explanation"":""強調外部壓力導致的限制""},{""word"":""obligate"",""pos"":""verb"",""translation"":""使有義務"",""explanation"":""強調法律或道德上的責任""}],""antonyms"":[{""word"":""free"",""pos"":""verb"",""translation"":""使自由"",""explanation"":""指消除所有限制""}]},{""sense"":""聯繫；結合（將不同事物使之產生關聯）"",""entries"":[{""pattern"":""bind sb. and sb."",""pos"":""verb"",""translation"":""將...與...聯繫在一起"",""explanation"":""指透過共同的經驗或情感，使人們產生深厚的連結。"",""sentences"":[{""sentence"":""Sharing the same difficult experience during the war <target>bound</target> the two soldiers <pattern>and</pattern> their comrades in a lifelong friendship."",""translation"":""在戰爭期間共享同樣艱難的經驗，將這兩名士兵及其同袍聯繫在一起，形成了一輩子的友誼。""}]}],""synonyms"":[{""word"":""unite"",""pos"":""verb"",""translation"":""統一；使結合"",""explanation"":""指將分散的事物聚集在一起""},{""word"":""link"",""pos"":""verb"",""translation"":""連結；聯繫"",""explanation"":""指產生邏輯或物理上的關聯""}],""antonyms"":[]}],""conjugations"":{""past_tense"":""bound"",""past_participle"":""bound""},""relatives"":{""morphology"":null,""related"":[{""word"":""binding"",""pos"":""adjective"",""translation"":""有約束力的"",""explanation"":""指法律合約具有強制力，如 a binding agreement。""}]}}"	none		0
bitter	bitter adj.	"{""headword"":""bitter"",""explanation"":""「bitter」在學測中不僅指味道上的「苦」，更常出現在描述情感上的「痛苦、憤恨」或天氣上的「嚴寒」。學生應根據上下文判斷其對應的正確中文翻譯。"",""senses"":[{""sense"":""苦的（味覺上的）"",""entries"":[{""pattern"":""bitter"",""pos"":""adjective"",""translation"":""苦的"",""explanation"":""指味道苦澀，常與 sweet (甜) 做對比。"",""sentences"":[{""sentence"":""Some people enjoy the <target>bitter</target> taste of dark chocolate, while others find it too strong and unpleasant to eat."",""translation"":""有些人喜歡黑巧克力的苦味，而有些人則覺得它太強烈且令人不快而無法食用。""}]}],""synonyms"":[],""antonyms"":[{""word"":""sweet"",""pos"":""adjective"",""translation"":""甜的"",""explanation"":""指味道甜美""}]},{""sense"":""痛苦的；憤恨的（情感上的）"",""entries"":[{""pattern"":""a bitter experience"",""pos"":""phrase"",""translation"":""痛苦的經驗"",""explanation"":""指經歷了極其不愉快或令人心碎的事情。"",""sentences"":[{""sentence"":""After failing the entrance exam for the first time, he had a <target>bitter</target> <pattern>experience</pattern> that taught him to work harder."",""translation"":""在第一次入學考試失敗後，他經歷了一次痛苦的經驗，這教他要更加努力。""}]},{""pattern"":""bitter about sth."",""pos"":""phrase"",""translation"":""對...感到憤恨"",""explanation"":""指因為覺得被不公平對待而感到不滿或憤怒。"",""sentences"":[{""sentence"":""She remained <target>bitter</target> <pattern>about</pattern> the way her boss treated her unfairly during the last company meeting."",""translation"":""她對於老闆在上次公司會議中不公平地對待她的方式依然感到憤恨。""}]}],""synonyms"":[{""word"":""resentful"",""pos"":""adjective"",""translation"":""憤恨的"",""explanation"":""指因為不公平而感到不滿""},{""word"":""heartbroken"",""pos"":""adjective"",""translation"":""痛苦的"",""explanation"":""指心碎的痛苦""}],""antonyms"":[]},{""sense"":""極其嚴寒的（天氣上的）"",""entries"":[{""pattern"":""bitter cold"",""pos"":""phrase"",""translation"":""極其嚴寒"",""explanation"":""指溫度極低，令人不適。"",""sentences"":[{""sentence"":""The hikers had to wear thick coats and gloves because the <target>bitter</target> <pattern>cold</pattern> in the mountains was unbearable."",""translation"":""登山客必須穿著厚外套和手套，因為山上的極其嚴寒令人無法忍受。""}]}],""synonyms"":[{""word"":""freezing"",""pos"":""adjective"",""translation"":""極冷的"",""explanation"":""指溫度低到結冰""}],""antonyms"":[{""word"":""mild"",""pos"":""adjective"",""translation"":""溫和的"",""explanation"":""指天氣不極端""}]}],""conjugations"":null,""relatives"":{""morphology"":null,""related"":[]}}"	none		0
bleed	bleed v.	"{""headword"":""bleed"",""explanation"":""「bleed」在學測中除了指生理上的「流血」，更常出現在比喻意義中，例如資源的流失或色彩的滲透。注意其不規則動詞變化（bleed-bled-bled），這是文法填空的高頻考點。"",""senses"":[{""sense"":""流血；滲出（生理上的出血或液體流出）"",""entries"":[{""pattern"":""bleed"",""pos"":""verb"",""translation"":""流血"",""explanation"":""指傷口處流出血液，常用於事故或意外情境。"",""sentences"":[{""sentence"":""After the young boy fell off his bike and scratched his knee, he began to <target>bleed</target> heavily on the sidewalk."",""translation"":""當那個小男孩從自行車上摔下來擦傷膝蓋後，他開始在人行道上大量流血。""}]},{""pattern"":""bleed from sth."",""pos"":""phrase"",""translation"":""從…流血"",""explanation"":""接介系詞 from 指出血的具體部位。"",""sentences"":[{""sentence"":""The injured climber was <target>bleeding</target> <pattern>from</pattern> a deep cut on his arm after he accidentally hit a sharp rock."",""translation"":""那名受傷的登山者在不小心撞到尖銳岩石後，手臂上的深切口處在流血。""}]}],""synonyms"":[{""word"":""hemorrhage"",""pos"":""verb"",""translation"":""大出血"",""explanation"":""醫學術語，指大量血液迅速流出""}],""antonyms"":[]},{""sense"":""流失；滲透（比喻意義或色彩滲出）"",""entries"":[{""pattern"":""bleed into sth."",""pos"":""phrase"",""translation"":""滲入…；與…融合"",""explanation"":""指顏色或概念逐漸融合在一起，常用於藝術、設計或描述色彩變遷。"",""sentences"":[{""sentence"":""If you wash the new red shirt with white clothes, the red dye will <target>bleed</target> <pattern>into</pattern> the white fabric."",""translation"":""如果你將新紅襯衫與白色衣服一起洗，紅色染料會滲入白色布料中。""},{""sentence"":""In the sunset painting, the deep orange colors <target>bleed</target> <pattern>into</pattern> the purple sky, creating a beautiful natural view."",""translation"":""在夕陽的畫作中，深橙色逐漸滲入紫色天空，營造出美麗的自然景象。""}]},{""pattern"":""bleed sb. dry"",""pos"":""phrase"",""translation"":""榨乾某人的錢財"",""explanation"":""慣用語，將金錢比作血液，指透過高額費用或欺騙將對方錢財掏空。"",""sentences"":[{""sentence"":""The greedy landlord decided to <target>bleed</target> his tenants <pattern>dry</pattern> by raising the rent prices every few months."",""translation"":""貪婪的房東決定每隔幾個月調漲租金，藉此榨乾房客的錢財。""}]}],""synonyms"":[{""word"":""drain"",""pos"":""verb"",""translation"":""排乾；耗盡"",""explanation"":""指資源、體力或金錢的流失""}],""antonyms"":[]}],""conjugations"":{""past_tense"":""bled"",""past_participle"":""bled""},""relatives"":{""morphology"":null,""related"":[{""word"":""bleeding"",""pos"":""adjective"",""translation"":""流血的"",""explanation"":""由 bleed 延伸而來的形容詞""}]}}"	none		0
bless	bless v.	"{""headword"":""bless"",""explanation"":""「bless」在學測中多出現在宗教、文化或感恩的情境中。注意其常用於祈禱或表達祝願，且常以被動態或祈使句形式出現。"",""senses"":[{""sense"":""祝福；祈求神恩（宗教或精神上的祝福）"",""entries"":[{""pattern"":""bless sb."",""pos"":""verb"",""translation"":""祝福某人"",""explanation"":""指祈求神靈或更高力量給予某人好運或保護。"",""sentences"":[{""sentence"":""The old priest came to <target>bless</target> the new couple during their wedding ceremony to wish them a happy marriage."",""translation"":""年長的牧師在婚禮儀式上來祝福這對新人，祝願他們婚姻幸福。""}]},{""pattern"":""be blessed with sth."",""pos"":""phrase"",""translation"":""天生擁有…；幸運地擁有…"",""explanation"":""極高頻用法。指某人天生就擁有某種才華、特質或優勢。"",""sentences"":[{""sentence"":""Our city is <target>blessed</target> <pattern>with</pattern> a mild climate and plenty of fresh water, making it a great place to live."",""translation"":""我們的城市天生擁有溫和的氣候和充足的淡水，使其成為一個絕佳的居住地。""},{""sentence"":""She was <target>blessed</target> <pattern>with</pattern> a natural talent for music, which allowed her to master the piano in just two years."",""translation"":""她天生擁有音樂才華，這使她在短短兩年內就精通了鋼琴。""}]}],""synonyms"":[{""word"":""sanctify"",""pos"":""verb"",""translation"":""使神聖化"",""explanation"":""較正式的宗教用語""}],""antonyms"":[{""word"":""curse"",""pos"":""verb"",""translation"":""詛咒"",""explanation"":""與 bless 完全相反，指祈求對方遭遇不幸""}]}],""conjugations"":{""past_tense"":""blessed"",""past_participle"":""blessed""},""relatives"":{""morphology"":null,""related"":[{""word"":""blessing"",""pos"":""noun"",""translation"":""祝福；幸運的事"",""explanation"":""由 bless 加上名詞字尾 -ing 延伸而來""}]}}"	none		0
bloody	bloody adj.	"{""headword"":""bloody"",""explanation"":""「bloody」在學測中主要作為形容詞，描述物理上的「血腥」或「血淋淋的」。在英式英語中它也可用作加強語氣的粗俗詞彙，但在學測考點中，請優先記憶其字面意義。"",""senses"":[{""sense"":""血腥的；血淋淋的（覆蓋著血液的）"",""entries"":[{""pattern"":""bloody"",""pos"":""adjective"",""translation"":""血腥的"",""explanation"":""描述傷口、場景或事件中充滿血液的狀態。"",""sentences"":[{""sentence"":""The paramedics arrived at the scene of the car accident and found a <target>bloody</target> piece of cloth on the road."",""translation"":""醫護人員到達車禍現場，在馬路上發現了一塊血淋淋的布。""},{""sentence"":""After the long and <target>bloody</target> battle between the two armies, both sides suffered thousands of deaths."",""translation"":""在兩軍之間經歷了一場漫長且血腥的戰鬥後，雙方都遭受了數千人的死亡。""}]}],""synonyms"":[{""word"":""gory"",""pos"":""adjective"",""translation"":""血腥的；殘酷的"",""explanation"":""強調血肉模糊的視覺衝擊""}],""antonyms"":[]}],""conjugations"":null,""relatives"":{""morphology"":""名詞 blood (血) + 形容詞字尾 -y"",""related"":[{""word"":""blood"",""pos"":""noun"",""translation"":""血液"",""explanation"":""核心基礎名詞""}]}}"	none		0
blouse	blouse n.	"{""headword"":""blouse"",""explanation"":""「blouse」是一個基礎生活類名詞，指女性穿著的上衣。在閱讀測驗中通常作為背景資訊，不作為核心考點。"",""senses"":[{""sense"":""女裝上衣；襯衫"",""entries"":[{""pattern"":""blouse"",""pos"":""noun"",""translation"":""女裝上衣"",""explanation"":""指女性穿著的輕便上衣，與 shirt 區分。"",""sentences"":[{""sentence"":""For the formal job interview, Sarah decided to wear a white silk <target>blouse</target> and a black skirt to look professional."",""translation"":""為了正式的求職面試，莎拉決定穿一件白色絲綢上衣和黑色裙子，以顯得專業。""}]}],""synonyms"":[],""antonyms"":[]}],""conjugations"":null,""relatives"":{""morphology"":null,""related"":[]}}"	none		0
bold	bold adj.	"{""headword"":""bold"",""explanation"":""「bold」在學測中具有雙重意義：一是描述人的「勇敢」或「大膽」，二是描述視覺上的「醒目」或「粗體」。這兩種意義在閱讀測驗與寫作中均為高頻考點。"",""senses"":[{""sense"":""勇敢的；大膽的（敢於承擔風險或挑戰）"",""entries"":[{""pattern"":""bold"",""pos"":""adjective"",""translation"":""勇敢的；大膽的"",""explanation"":""指一個人敢於嘗試新事物或採取行動，不畏懼風險。"",""sentences"":[{""sentence"":""The young entrepreneur made a <target>bold</target> decision to invest all his savings into a new technology that no one believed in."",""translation"":""這位年輕的創業家做出了一個大膽的決定，將他所有的積蓄投資於一項沒有人相信的新技術。""},{""sentence"":""It was a <target>bold</target> move to challenge the school's traditional rules during the student council meeting."",""translation"":""在學生會會議上挑戰學校的傳統規則是一個大膽的舉動。""}]}],""synonyms"":[{""word"":""brave"",""pos"":""adjective"",""translation"":""勇敢的"",""explanation"":""最普遍的同義詞""},{""word"":""audacious"",""pos"":""adjective"",""translation"":""大膽的；魯莽的"",""explanation"":""較正式，有時帶有負面色彩""}],""antonyms"":[{""word"":""timid"",""pos"":""adjective"",""translation"":""膽小的；羞怯的"",""explanation"":""指缺乏勇氣面對挑戰""},{""word"":""cowardly"",""pos"":""adjective"",""translation"":""cowardly"",""explanation"":""膽小的""}]},{""sense"":""醒目的；粗體的（視覺上強烈或明顯）"",""entries"":[{""pattern"":""bold"",""pos"":""adjective"",""translation"":""醒目的；粗體的"",""explanation"":""指顏色強烈或文字格式為粗體，以便於引起注意。"",""sentences"":[{""sentence"":""The teacher told the students to pay attention to the <target>bold</target> words in the textbook, as they are the most important keywords."",""translation"":""老師告訴學生們注意課本中的粗體字，因為它們是最重要的關鍵字。""},{""sentence"":""She chose a <target>bold</target> red color for the walls of her bedroom to make the room look more energetic."",""translation"":""她選擇了一種醒目的紅色來粉刷臥室牆壁，以使房間看起來更有活力。""}]}],""synonyms"":[{""word"":""striking"",""pos"":""adjective"",""translation"":""顯著的；醒目的"",""explanation"":""指視覺上非常明顯""},{""word"":""word-thick"",""pos"":""adjective"",""translation"":""粗體的"",""explanation"":"" ""}],""antonyms"":[{""word"":""faint"",""pos"":""adjective"",""translation"":""模糊的；微弱的"",""explanation"":"" ""}]}],""conjugations"":null,""relatives"":{""morphology"":null,""related"":[{""word"":""boldness"",""pos"":""noun"",""translation"":""大膽；勇氣"",""explanation"":""由 bold 加上名詞字尾 -ness 延伸而來""}]}}"	none		0
bomb	bomb n./v.	"{""headword"":""bomb"",""explanation"":""「bomb」在學測中兼具名詞與動詞用法。名詞指具體的爆炸物，而動詞除了指「轟炸」外，還有一種在非正式語境中表示「慘敗」的用法。理解其物理毀滅與象徵性失敗的對比是解題關鍵。"",""senses"":[{""sense"":""炸彈；爆炸物（物理實體）"",""entries"":[{""pattern"":""bomb"",""pos"":""noun"",""translation"":""炸彈"",""explanation"":""指能引起爆炸的裝置，常用於戰爭、歷史或恐怖主義相關的閱讀測驗。"",""sentences"":[{""sentence"":""The soldiers carefully removed the ancient <target>bomb</target> from the building to ensure that no one in the city would be hurt."",""translation"":""士兵們小心地將那枚古老的炸彈從建築物中移除，以確保城市中沒有人會受傷。""}]}],""synonyms"":[],""antonyms"":[]}],""conjugations"":{""past_tense"":""bombed"",""past_participle"":""bombed""},""relatives"":{""morphology"":""單一形態詞，但在衍生詞中常與爆發相關"",""related"":[{""word"":""bomber"",""pos"":""noun"",""translation"":""轟炸機；炸彈客"",""explanation"":""指執行轟炸行動的人或飛機。""}]}}"	none		0
bookcase	bookcase n.	"{""headword"":""bookcase"",""explanation"":""「bookcase」是一個基礎生活名詞，指存放書籍的家具。在閱讀測驗中常出現於描述室內環境或個人學習空間的場景。"",""senses"":[{""sense"":""書櫃；書架"",""entries"":[{""pattern"":""bookcase"",""pos"":""noun"",""translation"":""書櫃"",""explanation"":""指具有櫃門或開放式的儲書家具。"",""sentences"":[{""sentence"":""The old teacher spent hours organizing his large <target>bookcase</target>, placing his favorite history books on the top shelf for easy access."",""translation"":""那位老教師花了數小時整理他的大書櫃，將他最喜歡的歷史書放在最頂層的架子上以便拿取。""}]}],""synonyms"":[],""antonyms"":[]}],""conjugations"":null,""relatives"":{""morphology"":""book (書) + case (箱/殼/櫃)"",""related"":[{""word"":""bookshelf"",""pos"":""noun"",""translation"":""書架"",""explanation"":""指單純的層板，而 bookcase 通常指較完整的櫃體。""}]}}"	none		0
boot	boot n./v.	"{""headword"":""boot"",""explanation"":""「boot」在學測中具有截然不同的名詞與動詞用法。名詞指鞋類或車廂，而動詞則是指「啟動」電腦或「踢出」。學生需根據上下文判斷是屬於生活類還是科技類語境。"",""senses"":[{""sense"":""靴子；長靴（足部穿戴）"",""entries"":[{""pattern"":""boot"",""pos"":""noun"",""translation"":""靴子"",""explanation"":""指覆蓋踝關節以上的鞋類。"",""sentences"":[{""sentence"":""Because it rained heavily all morning, Sarah decided to wear her waterproof leather <target>boots</target> to keep her feet dry while walking."",""translation"":""因為整個上午雨下得很大，莎拉決定穿上她的防水皮靴，以便在行走時保持雙腳乾燥。""}]}],""synonyms"":[],""antonyms"":[]}],""conjugations"":{""past_tense"":""booted"",""past_participle"":""booted""},""relatives"":{""morphology"":null,""related"":[{""word"":""bootcamp"",""pos"":""noun"",""translation"":""新兵訓練營；強化訓練班"",""explanation"":""原指軍事訓練，後引申為短時間內高強度的學習課程。""}]}}"	none		0
bore	bore v./n.	"{""headword"":""bore"",""explanation"":""「bore」是一個多義詞。作為動詞時，最常見的是「使厭煩」，但在技術描述中也指「鑽孔」。作為名詞時，則指「無趣的人」。在閱讀測驗中，重點在於辨識其在情感描述與物理動作之間的切換。"",""senses"":[{""sense"":""使厭煩；令人生厭（精神上的枯燥）"",""entries"":[{""pattern"":""bore sb."",""pos"":""verb"",""translation"":""使某人感到厭煩"",""explanation"":""及物動詞，受詞通常是感到無趣的人。"",""sentences"":[{""sentence"":""The long speech about old taxes was so dry that it began to <target>bore</target> the students, who soon started falling asleep in class."",""translation"":""關於舊稅制的長篇演講如此枯燥，以至於開始讓學生們感到厭煩，他們很快就在課堂上睡著了。""}]}],""synonyms"":[],""antonyms"":[]}],""conjugations"":{""past_tense"":""bored"",""past_participle"":""bored""},""relatives"":{""morphology"":null,""related"":[{""word"":""boring"",""pos"":""adjective"",""translation"":""無聊的"",""explanation"":""用來描述事物本身的特質。""},{""word"":""bored"",""pos"":""adjective"",""translation"":""感到無聊的"",""explanation"":""用來描述人的主觀感受。""}]}}"	none		0
bowling	bowling n.	"{""headword"":""bowling"",""explanation"":""「bowling」在學測中通常出現在描述休閒生活、社團活動或青少年社交生活的文章中，作為一種體育運動的名稱。"",""senses"":[{""sense"":""保齡球；打保齡球（運動）"",""entries"":[{""pattern"":""go bowling"",""pos"":""phrase"",""translation"":""去打保齡球"",""explanation"":""常用 go + V-ing 結構來描述從事某項休閒活動。"",""sentences"":[{""sentence"":""After finishing their final exams, the group of friends decided to <pattern>go</pattern> <target>bowling</target> to relax and celebrate their hard work."",""translation"":""在完成期末考後，這群朋友決定去打保齡球，以放鬆心情並慶祝他們的努力。""}]}],""synonyms"":[],""antonyms"":[]}],""conjugations"":null,""relatives"":{""morphology"":""bowls (球) + -ing (動名詞)"",""related"":[]}}"	none		0
brake	brake n./v.	"{""headword"":""brake"",""explanation"":""「brake」在學測中常出現在交通安全或物理力學的文章中。需注意其名詞與動詞用法，且在寫作中常與 a sudden brake (突然煞車) 或 apply the brakes (踩煞車) 等固定搭配連用。"",""senses"":[{""sense"":""煞車；制動器（名詞）"",""entries"":[{""pattern"":""apply the brakes"",""pos"":""phrase"",""translation"":""踩煞車；制動"",""explanation"":""指實際操作煞車裝置以減速或停止。"",""sentences"":[{""sentence"":""When the driver saw the small dog running across the road, he quickly <pattern>applied</pattern> the <target>brakes</target> to avoid a collision."",""translation"":""當駕駛看到一隻小狗跑過馬路時，他迅速踩了煞車以避免碰撞。""}]},{""pattern"":""put on the brakes"",""pos"":""phrase"",""translation"":""煞車；減緩速度"",""explanation"":""較口語的用法，指透過煞車讓車輛停止。"",""sentences"":[{""sentence"":""The bus driver <target>put</target> <pattern>on</pattern> the <pattern>brakes</pattern> so suddenly that several passengers almost fell forward from their seats."",""translation"":""公車司機煞車煞得如此突然，以至於好幾個乘客幾乎從座位上向前摔倒。""}]}],""synonyms"":[{""word"":""stopper"",""pos"":""noun"",""translation"":""停止裝置"",""explanation"":""泛指能讓物體停止運行的裝置""}],""antonyms"":[]},{""sense"":""煞車；減速（動詞）"",""entries"":[{""pattern"":""brake"",""pos"":""verb"",""translation"":""煞車；減速"",""explanation"":""指透過煞車裝置使車輛停止或減速。"",""sentences"":[{""sentence"":""Experienced cyclists know they should <target>brake</target> gently when going down a steep hill to keep the bike stable."",""translation"":""經驗豐富的單車騎士知道，在下陡坡時應該輕輕煞車以保持單車穩定。""}]}],""synonyms"":[{""word"":""slow down"",""pos"":""verb"",""translation"":""減速"",""explanation"":""最普遍的減速表達方式""}],""antonyms"":[{""word"":""accelerate"",""pos"":""verb"",""translation"":""加速"",""explanation"":""指增加速度，與 brake 對立""}]}],""conjugations"":{""past_tense"":""braked"",""past_participle"":""braked""},""relatives"":{""morphology"":null,""related"":[]}}"	none		0
brass	brass n./adj.	"{""headword"":""brass"",""explanation"":""「brass」在學測中主要出現在描述藝術品、樂器（銅管樂器）或歷史建築的文章中。需區分其作為材質（不可數名詞）與形容詞用法。"",""senses"":[{""sense"":""黃銅（名詞）"",""entries"":[{""pattern"":""brass"",""pos"":""noun"",""translation"":""黃銅"",""explanation"":""指一種金屬材質，通常用於裝飾或耐用物品。"",""sentences"":[{""sentence"":""The old hotel door had a heavy, polished <target>brass</target> handle that sparkled brightly under the afternoon sun."",""translation"":""這間舊飯店的門上有一個沉重且拋光過的黃銅把手，在午後的陽光下閃閃發光。""}]}],""synonyms"":[],""antonyms"":[]},{""sense"":""黃銅色的；銅管的（形容詞）"",""entries"":[{""pattern"":""brass instrument"",""pos"":""phrase"",""translation"":""銅管樂器"",""explanation"":""指如小號、長號等由黃銅製成的樂器類別。"",""sentences"":[{""sentence"":""The school band's <target>brass</target> section, including the trumpets and trombones, played a powerful melody that filled the hall."",""translation"":""學校樂團的銅管組，包括小號和長號，演奏了一段充滿力量的旋律，填滿了整個大廳。""}]}],""synonyms"":[],""antonyms"":[]}],""conjugations"":null,""relatives"":{""morphology"":null,""related"":[]}}"	none		0
bravery	bravery n.	"{""headword"":""bravery"",""explanation"":""「bravery」是描述人物特質的核心名詞，常出現在人物傳記或歷史故事中。在寫作中，常搭配形容詞如 great 或 courage 進行強調。"",""senses"":[{""sense"":""勇敢；勇氣（面對恐懼或危險時的表現）"",""entries"":[{""pattern"":""show bravery"",""pos"":""phrase"",""translation"":""表現出勇氣"",""explanation"":""指在危急時刻展現出不畏恐懼的特質。"",""sentences"":[{""sentence"":""The young firefighter <target>showed</target> <pattern>great</pattern> <target>bravery</target> when he entered the burning building to save a trapped child."",""translation"":""這名年輕的消防員在進入著火的建築物救出被困孩子時，展現了極大的勇氣。""}]},{""pattern"":""be rewarded for one's bravery"",""pos"":""phrase"",""translation"":""因勇氣而獲得獎賞"",""explanation"":""常用於描述英雄事蹟後的結果。"",""sentences"":[{""sentence"":""The stranger was <target>rewarded</target> <pattern>for</pattern> his <target>bravery</target> with a medal of honor after he saved a drowning man."",""translation"":""在救起一名溺水男子後，這名陌生人因其勇氣而獲得了一枚榮譽勳章。""}]}],""synonyms"":[{""word"":""courage"",""pos"":""noun"",""translation"":""勇氣"",""explanation"":""最通用且同義的詞彙""},{""word"":""valor"",""pos"":""noun"",""translation"":""英勇"",""explanation"":""較正式，常用於軍事或戰鬥情境""}],""antonyms"":[{""word"":""cowardice"",""pos"":""noun"",""translation"":""膽小；懦弱"",""explanation"":""指缺乏勇氣的狀態""}]}],""conjugations"":null,""relatives"":{""morphology"":""形容詞 brave 加上名詞字尾 -ry"",""related"":[{""word"":""brave"",""pos"":""adjective"",""translation"":""勇敢的"",""explanation"":""核心基礎形容詞。""},{""word"":""bravely"",""pos"":""adverb"",""translation"":""勇敢地"",""explanation"":""由 brave 加上副詞字尾 -ly 延伸而來。""}]}}"	none		0
breast	breast n.	"{""headword"":""breast"",""explanation"":""「breast」在學測中主要出現在生物學（如鳥類胸腔）或描述人體構造的文章中。注意其在文學或比喻用法中常指代「胸口」或「心中的感覺」。"",""senses"":[{""sense"":""胸部；胸腔（身體部位）"",""entries"":[{""pattern"":""breast"",""pos"":""noun"",""translation"":""胸部"",""explanation"":""指人或動物的胸部區域。"",""sentences"":[{""sentence"":""The biology teacher explained that birds have a strong <target>breast</target> muscle to help them fly long distances in the air."",""translation"":""生物老師解釋說，鳥類擁有強壯的胸肌以幫助牠們在空中飛行長距離。""}]},{""pattern"":""chicken breast"",""pos"":""phrase"",""translation"":""雞胸肉"",""explanation"":""常見於健康飲食或營養學相關文章。"",""sentences"":[{""sentence"":""Many gym members prefer to eat grilled <target>breast</target> of chicken because it provides a lot of protein for muscle growth."",""translation"":""許多健身房會員偏好食用烤雞胸肉，因為它能為肌肉生長提供大量蛋白質。""}]}],""synonyms"":[],""antonyms"":[]}],""conjugations"":null,""relatives"":{""morphology"":null,""related"":[]}}"	none		0
breath	breath n.	"{""headword"":""breath"",""explanation"":""「breath」是名詞，必須與動詞-「breathe」區分。在學測中，常出現在描述運動、緊張緊張或生理機能的語境中，且常搭配形容詞如 deep, shallow 或 catch one's breath 相關片語。"",""senses"":[{""sense"":""呼吸；一口氣（名詞）"",""entries"":[{""pattern"":""take a deep breath"",""pos"":""phrase"",""translation"":""深呼吸"",""explanation"":""常用於描述在緊張或壓力大時平復心情的方法。"",""sentences"":[{""sentence"":""Before starting her final presentation, the student <target>took</target> a <pattern>deep</pattern> <target>breath</target> to calm her shaking nerves."",""translation"":""在開始她的最終簡報前，這名學生深呼吸了一次以平復她顫抖的緊張情緒。""}]},{""pattern"":""catch one's breath"",""pos"":""phrase"",""translation"":""喘口氣；恢復呼吸正常"",""explanation"":""指在劇烈運動或震驚後恢復正常呼吸。"",""sentences"":[{""sentence"":""After running up the five flights of stairs to the classroom, the boy had to stop for a moment to <target>catch</target> his <target>breath</target>."",""translation"":""在跑上五層樓梯到教室後，那男孩不得不停下來喘口氣。""}]},{""pattern"":""hold one's breath"",""pos"":""phrase"",""translation"":""屏息；屏住呼吸"",""explanation"":""指在緊張或期待時暫時停止呼吸。"",""sentences"":[{""sentence"":""The crowd <target>held</target> their <target>breath</target> as the gymnast performed a dangerous flip in the air before landing safely."",""translation"":""群眾屏住呼吸，看著體操運動員在空中完成一個危險的翻轉，最後安全著地。""}]}],""synonyms"":[],""antonyms"":[]}],""conjugations"":null,""relatives"":{""morphology"":null,""related"":[{""word"":""breathe"",""pos"":""verb"",""translation"":""呼吸"",""explanation"":""這是 breath 的動詞形式，發音不同且字尾有 e。""}]}}"	none		0
breathe	breathe v.	"{""headword"":""breathe"",""explanation"":""「breathe」在學測中常出現在生物學（呼吸系統）或描述壓力、緊張情境的閱讀中。要注意它與名詞「breath」的區分：動詞 breathe 結尾有 e，發音為 /briːð/，而名詞 breath 無 e 且發音為 /brɛθ/。"",""senses"":[{""sense"":""呼吸（空氣進入與離開肺部）"",""entries"":[{""pattern"":""breathe in/out"",""pos"":""phrase"",""translation"":""吸氣／呼氣"",""explanation"":""描述呼吸的物理動作，in 代表吸入，out 代表呼出。"",""sentences"":[{""sentence"":""During the yoga class, the teacher told the students to <target>breathe</target> <pattern>in</pattern> slowly through their noses and hold it for a few seconds."",""translation"":""在瑜伽課上，老師告訴學生們用鼻子緩慢地吸氣，並保持幾秒鐘。""},{""sentence"":""After running a long race, the athlete continued to <target>breathe</target> <pattern>out</pattern> heavily as he tried to recover his strength."",""translation"":""在跑完一場長跑後，那名運動員在試圖恢復體力時，持續沉重地呼氣。""}]},{""pattern"":""breathe fresh air"",""pos"":""phrase"",""translation"":""呼吸新鮮空氣"",""explanation"":""常見於描述自然環境或逃離城市壓力的情境。"",""sentences"":[{""sentence"":""The city was so crowded and smoky that the family decided to move to the mountains to <target>breathe</target> some <pattern>fresh air</pattern>."",""translation"":""這座城市太擁擠且煙霧瀰漫，因此這家人決定搬到山區去呼吸一些新鮮空氣。""}]}],""synonyms"":[{""word"":""respire"",""pos"":""verb"",""translation"":""呼吸"",""explanation"":""生物學專業術語，指細胞或生物體的呼吸作用""}],""antonyms"":[]},{""sense"":""喘息；放鬆（在壓力或緊張後獲得短暫休息）"",""entries"":[{""pattern"":""breathe a sigh of relief"",""pos"":""phrase"",""translation"":""鬆一口氣"",""explanation"":""極高頻的慣用語，用於描述在緊張的事情結束或危機解除後的情緒轉變。"",""sentences"":[{""sentence"":""When the teacher finally announced that the test was canceled, all the students <target>breathed</target> <pattern>a sigh of relief</pattern>."",""translation"":""當老師終於宣布考試取消時，所有學生都鬆了一口氣。""},{""sentence"":""The hikers <target>breathed</target> <pattern>a sigh of relief</pattern> when they finally saw the rescue team coming toward them in the distance."",""translation"":""當登山客終於看到救援隊從遠處向他們走來時，他們鬆了一口氣。""}]}],""synonyms"":[],""antonyms"":[]}],""conjugations"":{""past_tense"":""breathed"",""past_participle"":""breathed""},""relatives"":{""morphology"":""核心動詞 breathe"",""related"":[{""word"":""breath"",""pos"":""noun"",""translation"":""呼吸；一口氣"",""explanation"":""breathe 的名詞形式，注意發音不同。""},{""word"":""breathless"",""pos"":""adjective"",""translation"":""喘不過氣的；屏息的"",""explanation"":""breath + -less (無)，指因運動或驚訝而無法正常呼吸。""}]}}"	none		0
breeze	breeze n./v.	"{""headword"":""breeze"",""explanation"":""「breeze」在閱讀測驗中常用於描述舒適的自然景觀或天氣。此外，它在口語中常用於形容一件事情非常容易完成，這是學生容易忽略的隱喻用法。"",""senses"":[{""sense"":""微風（輕柔且令人舒適的風）"",""entries"":[{""pattern"":""a gentle breeze"",""pos"":""phrase"",""translation"":""一陣微風"",""explanation"":""常用 gentle 或 light 修飾，描述舒適、宜人的天氣。"",""sentences"":[{""sentence"":""We sat by the beach and enjoyed a <pattern>gentle</pattern> <target>breeze</target> that felt cool against our skin on the hot summer day."",""translation"":""我們坐在海邊，享受著在炎熱夏日裡感覺清涼的微風。""}]}],""synonyms"":[{""word"":""wind"",""pos"":""noun"",""translation"":""風"",""explanation"":""泛指各種強度的風""},{""word"":""draft"",""pos"":""noun"",""translation"":""冷風；穿堂風"",""explanation"":""指室內或狹窄空間內的微風""}],""antonyms"":[]},{""sense"":""容易的事（隱喻用法）"",""entries"":[{""pattern"":""be a breeze"",""pos"":""phrase"",""translation"":""輕而易舉"",""explanation"":""將完成某事比作微風般輕鬆，等同於 a piece of cake。"",""sentences"":[{""sentence"":""I studied the grammar rules for two months, so the English exam was <pattern>a</pattern> <target>breeze</target> for me."",""translation"":""我研究了兩個月的文法規則，所以英文考卷對我來說輕而易舉。""}]}],""synonyms"":[{""word"":""easy"",""pos"":""adjective"",""translation"":""容易的"",""explanation"":""指不需要太多努力即可完成""}],""antonyms"":[]},{""sense"":""輕快地走（動詞用法）"",""entries"":[{""pattern"":""breeze into/through"",""pos"":""phrase"",""translation"":""輕快地進入／走過"",""explanation"":""描述一個人自信且輕鬆地進入某個場所。"",""sentences"":[{""sentence"":""The new student <target>breezed</target> <pattern>into</pattern> the classroom with a big smile, looking very confident and friendly to everyone."",""translation"":""新學生帶著燦爛的笑容輕快地走進教室，看起來對每個人都非常自信且友善。""}]}],""synonyms"":[],""antonyms"":[]}],""conjugations"":{""past_tense"":""breezed"",""past_participle"":""breezed""},""relatives"":{""morphology"":null,""related"":[]}}"	none		0
brick	brick n.	"{""headword"":""brick"",""explanation"":""「brick」是基礎名詞，但在學測中常出現在描述建築、環境或慣用語中。要注意其作為名詞時的可數性以及相關的常見搭配。"",""senses"":[{""sense"":""磚塊（建築用材料）"",""entries"":[{""pattern"":""brick wall"",""pos"":""phrase"",""translation"":""磚牆"",""explanation"":""最基礎的物理搭配，常用於描述建築物外觀。"",""sentences"":[{""sentence"":""The old library was built with red <target>brick</target> <pattern>walls</pattern> and a high ceiling, making it look very traditional and strong."",""translation"":""那座舊圖書館是用紅磚牆和高天花板建造的，使其看起來非常傳統且堅固。""}]},{""pattern"":""hit a brick wall"",""pos"":""phrase"",""translation"":""陷入僵局；遇到無法克服的困難"",""explanation"":""隱喻用法。將遇到的困難比作撞到磚牆，指事情進展不順，無法前進。"",""sentences"":[{""sentence"":""The research team <target>hit</target> <pattern>a brick wall</pattern> when they could not find any more data to support their theory."",""translation"":""當研究團隊無法找到更多數據來支持他們的理論時，他們陷入了僵局。""}]}],""synonyms"":[],""antonyms"":[]}],""conjugations"":null,""relatives"":{""morphology"":null,""related"":[]}}"	none		0
bride	bride n.	"{""headword"":""bride"",""explanation"":""「bride」在學測中主要出現在描述家庭、社交或文化傳統的閱讀文章中。學生應同時記憶其對應的男性角色（groom）。"",""senses"":[{""sense"":""新娘"",""entries"":[{""pattern"":""bride"",""pos"":""noun"",""translation"":""新娘"",""explanation"":""指在婚禮上結婚的女性。"",""sentences"":[{""sentence"":""The <target>bride</target> looked beautiful in her long white dress as she walked slowly toward the groom at the wedding."",""translation"":""新娘在婚禮上緩慢地走向新郎時，穿著長白色禮服，看起來非常美麗。""}]}],""synonyms"":[],""antonyms"":[]}],""conjugations"":null,""relatives"":{""morphology"":null,""related"":[{""word"":""bridegroom"",""pos"":""noun"",""translation"":""新郎"",""explanation"":""與 bride 對應的男性角色。""},{""word"":""bridal"",""pos"":""adjective"",""translation"":""新娘的；婚禮的"",""explanation"":""形容詞形式，如 bridal shop (婚紗店)。""}]}}"	none		0
broadcast	broadcast n./v.	"{""headword"":""broadcast"",""explanation"":""「broadcast」在學測中是核心動詞與名詞。它不僅指傳統的廣播或電視播送，現在更延伸至數位媒體、社交平台上的資訊傳播。要注意其動詞形式的過去式與過去分詞通常為 broadcast (不變)，但 broadcasted 亦可接受。"",""senses"":[{""sense"":""播送；廣播（透過無線電、電視或網路傳播資訊）"",""entries"":[{""pattern"":""broadcast sth."",""pos"":""verb"",""translation"":""播送某事"",""explanation"":""及物動詞，受詞通常是新聞、節目、訊息或比賽。"",""sentences"":[{""sentence"":""The news channel decided to <target>broadcast</target> the live interview with the president to millions of viewers around the world."",""translation"":""新聞頻道決定將總統的直播採訪播送給全球數百萬名觀眾。""},{""sentence"":""Because the internet was slow, the radio station could not <target>broadcast</target> the emergency message about the storm quickly enough."",""translation"":""因為網路緩慢，廣播電台無法夠快地將關於風暴的緊急訊息播送出去。""}]},{""pattern"":""broadcast to sb."",""pos"":""phrase"",""translation"":""向某人播送"",""explanation"":""用來指定播送的對象或範圍。"",""sentences"":[{""sentence"":""The local government <target>broadcast</target> the safety guidelines <pattern>to</pattern> all citizens using a loud speaker in the town center."",""translation"":""當地政府利用市中心的大喇叭向所有市民播送安全準則。""}]}],""synonyms"":[{""word"":""transmit"",""pos"":""verb"",""translation"":""傳送；播送"",""explanation"":""強調技術上的訊號傳送""},{""word"":""air"",""pos"":""verb"",""translation"":""播送；播出"",""explanation"":""常用於電視節目，如 the show airs on Fridays""}],""antonyms"":[]},{""sense"":""散布；公開（將私人資訊或秘密公開）"",""entries"":[{""pattern"":""broadcast sth. far and wide"",""pos"":""phrase"",""translation"":""將某事廣泛地散布"",""explanation"":""隱喻用法。將資訊像廣播一樣傳開，常用於描述秘密被揭露或謠言傳播。"",""sentences"":[{""sentence"":""I told my sister the secret in confidence, but she <target>broadcast</target> it <pattern>far and wide</pattern> to all our classmates."",""translation"":""我信任地告訴了妹妹這個秘密，但她將其廣泛地散布給我們所有的同學。""}]}],""synonyms"":[{""word"":""divulge"",""pos"":""verb"",""translation"":""洩露；揭露"",""explanation"":""指將秘密公開""},{""word"":""spread"",""pos"":""verb"",""translation"":""translation\"": \""散布；傳播\"""",""explanation"":null}],""antonyms"":[]},{""sense"":""廣播節目；播送內容（名詞用法）"",""entries"":[{""pattern"":""a broadcast"",""pos"":""noun"",""translation"":""一次播送；廣播節目"",""explanation"":""指播送的具體內容或一次播送的行為。"",""sentences"":[{""sentence"":""The final <target>broadcast</target> of the old radio station was very emotional, as many people had listened to it for years."",""translation"":""那座舊電台的最後一次播送非常令人感傷，因為許多人多年來一直收聽它。""}]}],""synonyms"":[],""antonyms"":[]}],""conjugations"":{""past_tense"":""broadcast"",""past_participle"":""broadcast""},""relatives"":{""morphology"":""字根 broad (寬) + cast (投擲)"",""related"":[{""word"":""broadcaster"",""pos"":""noun"",""translation"":""播音員；廣播公司"",""explanation"":""由 broadcast 加上-er (人) 延伸而來。""}]}}"	none		0
brunch	brunch n.	"{""headword"":""brunch"",""explanation"":""「brunch」是一個由 breakfast 和 lunch 合併而成的合成詞（portmanteau），在學測中常出現在生活化、社交情境的閱讀或聽力測驗中，用來描述現代人的飲食習慣或週末的休閒活動。"",""senses"":[{""sense"":""早午餐（早餐與午餐的結合）"",""entries"":[{""pattern"":""have brunch"",""pos"":""phrase"",""translation"":""吃早午餐"",""explanation"":""最常見的搭配，指在上午晚些時候進食的一餐，通常取代了早餐與午餐。"",""sentences"":[{""sentence"":""On lazy Sunday mornings, my family often wakes up late and decides to have <target>brunch</target> at a sunny cafe."",""translation"":""在慵懶的星期天早晨，我的家人經常起得很晚，並決定在一家陽光充足的咖啡店吃早午餐。""},{""sentence"":""Since the hotel provides a delicious <target>brunch</target> buffet, we decided to sleep in and skip the early morning breakfast."",""translation"":""由於飯店提供美味的早午餐自助餐，我們決定睡到自然醒，並跳過清晨的早餐。""}]}],""synonyms"":[],""antonyms"":[]}],""conjugations"":null,""relatives"":{""morphology"":""breakfast (早餐) + lunch (午餐)"",""related"":[]}}"	none		0
bubble	bubble n./v.	"{""headword"":""bubble"",""explanation"":""「bubble」在學測中既可用於描述物理上的「氣泡」，也可用於比喻經濟上的「泡沫」或情感上的「保護殼」。區分具體與抽象語意是解題關鍵。"",""senses"":[{""sense"":""氣泡；泡沫（液體中的小球形氣體）"",""entries"":[{""pattern"":""bubble"",""pos"":""noun"",""translation"":""氣泡"",""explanation"":""指液體中產生的球形氣體，常用於科學實驗或日常情境。"",""sentences"":[{""sentence"":""The chemistry student carefully watched a tiny <target>bubble</target> of air rise slowly to the surface of the blue liquid."",""translation"":""化學系學生仔細地觀察著一個微小的空氣氣泡緩慢地升到藍色液體的表面。""},{""sentence"":""When the water reaches its boiling point, hundreds of small <target>bubbles</target> will appear at the bottom of the pot."",""translation"":""當水達到沸點時，鍋底會出現數以百計的小氣泡。""}]},{""pattern"":""bubble up"",""pos"":""phrase"",""translation"":""冒出；湧現"",""explanation"":""指氣泡從液體內部向上移動，也可用於比喻情感的湧現。"",""sentences"":[{""sentence"":""Fresh water began to <target>bubble</target> <pattern>up</pattern> from the underground spring, creating a small, clear pool in the forest."",""translation"":""新鮮的水開始從地下泉水湧出，形成森林中一個小而清晰的水池。""}]}],""synonyms"":[{""word"":""foam"",""pos"":""noun"",""translation"":""泡沫"",""explanation"":""指較多且較小的氣泡聚集在一起形成的層""}],""antonyms"":[]},{""sense"":""泡沫（比喻經濟或情境的不穩定狀態）"",""entries"":[{""pattern"":""economic bubble"",""pos"":""phrase"",""translation"":""經濟泡沫"",""explanation"":""指價格遠高於實際價值，隨時可能崩潰的狀態，常見於社會科學類文章。"",""sentences"":[{""sentence"":""Economists warn that the current housing <target>bubble</target> will eventually burst, causing a severe financial crisis for many families."",""translation"":""經濟學家警告說，目前的房產泡沫最終將會破裂，導致許多家庭面臨嚴重的財務危機。""}]},{""pattern"":""live in a bubble"",""pos"":""phrase"",""translation"":""生活在自己的小世界裡（脫離現實）"",""explanation"":""比喻一個人完全隔離於外部世界或不同觀點，缺乏現實感。"",""sentences"":[{""sentence"":""Because he only reads news from one website, he lives in a <target>bubble</target> and does not understand other people's opinions."",""translation"":""因為他只閱讀來自一個網站的新聞，他生活在自己的小世界裡，並不理解其他人的意見。""}]}],""synonyms"":[],""antonyms"":[]},{""sense"":""沸騰；冒泡（動詞用法）"",""entries"":[{""pattern"":""bubble"",""pos"":""verb"",""translation"":""沸騰；冒泡"",""explanation"":""指液體受熱或化學反應產生氣泡的動作。"",""sentences"":[{""sentence"":""The hot chocolate began to <target>bubble</target> on the stove, so I quickly turned down the heat to stop it."",""translation"":""熱巧克力在爐子上開始沸騰冒泡，所以我趕快調低火力以阻止它。""}]}],""synonyms"":[{""word"":""boil"",""pos"":""verb"",""translation"":""沸騰"",""explanation"":""指液體受熱達到沸點而產生氣泡""}],""antonyms"":[]}],""conjugations"":{""past_tense"":""bubbled"",""past_participle"":""bubbled""},""relatives"":{""morphology"":null,""related"":[]}}"	none		0
bucket	bucket n.	"{""headword"":""bucket"",""explanation"":""「bucket」在學測中主要作為名詞使用，指具體的容器容器。此外，還有一種比喻用法，常用於固定片語中，出現在生活化或故事性閱讀中。"",""senses"":[{""sense"":""水桶；桶子（具體容器）"",""entries"":[{""pattern"":""bucket"",""pos"":""noun"",""translation"":""水桶"",""explanation"":""指圓形、有把手的容器，常用於清潔或搬運液體。"",""sentences"":[{""sentence"":""The janitor filled a plastic <target>bucket</target> with soapy water to clean the dirty floors of the school hallway."",""translation"":""管理員用一個塑膠水桶裝滿了肥皂水，用來清洗學校走廊的髒地板。""},{""sentence"":""During the heavy rain, several large <target>buckets</target> of water leaked through the roof, making the living room a mess."",""translation"":""在暴雨期間，幾個大水桶的水從屋頂漏下來，讓客廳變得一團糟。""}]}],""synonyms"":[{""word"":""pail"",""pos"":""noun"",""translation"":""桶子"",""explanation"":""較傳統的說法，指較小的水桶""}],""antonyms"":[]},{""sense"":""大量（比喻用法，常用於片語）"",""entries"":[{""pattern"":""kick the bucket"",""pos"":""phrase"",""translation"":""去世；死亡"",""explanation"":""這是一個非常典型的英美文化中常用的口語片語，意為「死掉」，在閱讀中若出現此片語，不可按字面意翻譯。"",""sentences"":[{""sentence"":""The old man had a very long and happy life, but he finally <target>kicked</target> <pattern>the bucket</pattern> at the age of ninety."",""translation"":""這位老人度過了一個非常長且幸福的人生，但他在九十歲時最終去世了。""}]},{""pattern"":""a bucket list"",""pos"":""phrase"",""translation"":""人生清單／遺願清單"",""explanation"":""由 kick the bucket 延伸而來，指在死前想要完成的目標或體驗。"",""sentences"":[{""sentence"":""Traveling to the Northern Lights in Iceland is the first item on my <target>bucket</target> <pattern>list</pattern>, so I will save money."",""translation"":""前往冰島看北極光是我人生清單上的第一個項目，所以我會存錢。""}]}],""synonyms"":[],""antonyms"":[]}],""conjugations"":null,""relatives"":{""morphology"":null,""related"":[]}}"	none		0
bud	bud n./v.	"{""headword"":""bud"",""explanation"":""「bud」在學測中主要出現在自然科學類文章中，用來描述植物的生長過程。同時，它也可以作為動詞使用，指植物「發芽」或「萌芽」。"",""senses"":[{""sense"":""花蕾；芽（植物生長初期的狀態）"",""entries"":[{""pattern"":""bud"",""pos"":""noun"",""translation"":""花蕾；芽"",""explanation"":""指花朵或葉子在開放前的小球形物體，出現在植物學描述中。"",""sentences"":[{""sentence"":""In early spring, the cherry blossom trees in the park are covered in small, pink <target>buds</target> that will open soon."",""translation"":""早春時分，公園裡的櫻花樹上佈滿了即將開放的小粉紅花蕾。""},{""sentence"":""The gardener carefully trimmed the <target>buds</target> of the rose bush to ensure the flowers would grow larger and stronger."",""translation"":""園丁仔細地修剪了玫瑰灌木的花蕾，以確保花朵能長得更大、更強壯。""}]}],""synonyms"":[{""word"":""sprout"",""pos"":""noun"",""translation"":""芽；新芽"",""explanation"":""指植物從種子或枝條上長出的新芽""}],""antonyms"":[]},{""sense"":""發芽；萌芽（動詞用法）"",""entries"":[{""pattern"":""bud"",""pos"":""verb"",""translation"":""發芽；萌芽"",""explanation"":""指植物產生花蕾或產生新芽的動作。"",""sentences"":[{""sentence"":""After the first warm rain of the season, the fruit trees in the backyard began to <target>bud</target> and look green."",""translation"":""在該季節的第一場暖雨之後，後院的果樹開始發芽，看起來綠油油的。""}]}],""synonyms"":[{""word"":""bloom"",""pos"":""verb"",""translation"":""開花"",""explanation"":""指植物從發芽到開花整個過程""}],""antonyms"":[]}],""conjugations"":{""past_tense"":""budded"",""past_participle"":""budded""},""relatives"":{""morphology"":null,""related"":[]}}"	none		0
budget	budget n./v.	"{""headword"":""budget"",""explanation"":""「budget」在學測中是極高頻的詞彙，出現在經濟、家庭財務管理、旅遊計劃等各種情境中。它既可以作為名詞（預算）也可以作為動詞（編列預算）。"",""senses"":[{""sense"":""預算（可用於資金資金或時間的分配）"",""entries"":[{""pattern"":""on a budget"",""pos"":""phrase"",""translation"":""預算有限"",""explanation"":""這是一個非常高頻的片語，指在有限的資金內進行消費或旅行。"",""sentences"":[{""sentence"":""Because I am traveling <pattern>on</pattern> a tight <target>budget</target>, I decided to stay in a cheap hostel instead of a luxury hotel."",""translation"":""因為我的預算非常有限，我決定住在便宜的宿舍而不是豪華飯店。""},{""sentence"":""Many college students live <pattern>on</pattern> a strict <target>budget</target> to save enough money for their future studies abroad."",""translation"":""許多大學生在嚴格的預算限制下生活，以便為他們未來的海外留學存夠錢。""}]},{""pattern"":""budget for sth."",""pos"":""phrase"",""translation"":""為…編列預算"",""explanation"":""指為特定目的而預先分配資金。"",""sentences"":[{""sentence"":""The school board decided to <target>budget</target> <pattern>for</pattern> new library books and digital tablets for every student in the grade."",""translation"":""學校董事會決定為新的圖書館書籍和數位平板電腦編列預算，提供給該年級的每位學生。""}]}],""synonyms"":[{""word"":""allocation"",""pos"":""noun"",""translation"":""分配；撥款"",""explanation"":""指對資金的分配""}],""antonyms"":[]},{""sense"":""便宜的；低價的（形容詞用法）"",""entries"":[{""pattern"":""budget [noun]"",""pos"":""phrase"",""translation"":""廉價的；經濟實惠的"",""explanation"":""當 budget 作為形容詞修飾名詞時，指價格低廉且可接受。"",""sentences"":[{""sentence"":""If you want to save money, you can choose a <target>budget</target> airline, which is much cheaper than the national carrier."",""translation"":""如果你想想省錢，就選擇一家廉價航空公司，而且價格比國家航空公司便宜得多。""}]}],""synonyms"":[{""word"":""affordable"",""pos"":""adjective"",""translation"":""可負擔的"",""explanation"":""指價格低廉且可接受""},{""word"":""cheap"",""pos"":""adjective"",""translation"":""便宜的"",""explanation"":""explanation own""}],""antonyms"":[{""word"":""expensive"",""pos"":""adjective"",""translation"":""昂貴的"",""explanation"":""指價格很高""},{""word"":""word"",""pos"":""adjective"",""translation"":""豪華的"",""explanation"":""指價格很高""}]}],""conjugations"":{""past_tense"":""budgeted"",""past_participle"":""budgeted""},""relatives"":{""morphology"":null,""related"":[]}}"	none		0
buffalo	buffalo n.	"{""headword"":""buffalo"",""explanation"":""「buffalo」在學測中主要作為名詞，指一種大型哺乳動物。需注意其單複數形式（buffaloes 或 buffalos），以及在生物類閱讀文章中，它常被用來討論生態平衡或野生動物保護。"",""senses"":[{""sense"":""水牛；野牛（大型厚皮哺乳動物）"",""entries"":[{""pattern"":""buffalo"",""pos"":""noun"",""translation"":""水牛；野牛"",""explanation"":""指一種體型巨大、有角且強壯的動物，常見於亞洲或北美洲的自然紀錄片中。"",""sentences"":[{""sentence"":""The tourists were amazed to see a huge herd of <target>buffaloes</target> moving slowly across the wide, grassy plains of Africa."",""translation"":""遊客們驚訝地看到一大群水牛緩慢地穿過非洲寬廣的草原。""},{""sentence"":""Ancient Native Americans relied heavily on the <target>buffalo</target> for food, clothing, and shelter during the cold winter months."",""translation"":""古代北美原住民在寒冷的冬季月份中，高度依賴野牛來獲取食物、衣物和住所。""}]}],""synonyms"":[{""word"":""bison"",""pos"":""noun"",""translation"":""美洲野牛"",""explanation"":""特別指北美洲特有的野牛種類""}],""antonyms"":[]}],""conjugations"":null,""relatives"":{""morphology"":null,""related"":[]}}"	none		0
buffet	buffet n.	"{""headword"":""buffet"",""explanation"":""「buffet」這個字在學測中具有兩種截然不同的讀音與意義。最常見的是指「自助餐」，但它也可以作為動詞，指「反覆敲擊或衝擊」。在閱讀測驗中，看到這個字時應根據上下文判斷它是名詞還是動詞。"",""senses"":[{""sense"":""自助餐（一種自我服務的用餐方式）"",""entries"":[{""pattern"":""buffet"",""pos"":""noun"",""translation"":""自助餐"",""explanation"":""指一種將食物擺放在長桌上，讓顧客自行選擇並盛盤的用餐形式。"",""sentences"":[{""sentence"":""Since the hotel provides a free breakfast <target>buffet</target>, we don't need to spend any extra money on food in the morning."",""translation"":""由於飯店提供免費的早餐自助餐，我們早晨不需要在食物上花額外的錢。""},{""sentence"":""The wedding guests enjoyed a lavish seafood <target>buffet</target> with fresh crabs, oysters, and shrimp from all over the world."",""translation"":""婚禮賓客們享用了一場豪華的海鮮自助餐，裡面有來自世界各地的鮮蟹、牡蠣和蝦子。""}]}],""synonyms"":[],""antonyms"":[]},{""sense"":""衝擊；敲擊（通常指風、浪或困難的強烈打擊）"",""entries"":[{""pattern"":""buffet sth."",""pos"":""verb"",""translation"":""衝擊某物"",""explanation"":""常用於描述強風或巨浪反覆地拍打或衝擊某個物體，語境通常較為劇烈。"",""sentences"":[{""sentence"":""The small fishing boat was violently <target>buffeted</target> <pattern>by</pattern> the strong winds and huge waves during the terrible storm."",""translation"":""在那場可怕的風暴中，那艘小漁船被強風和巨浪劇烈地衝擊。""},{""sentence"":""Despite being <target>buffeted</target> <pattern>by</pattern> many failures in his early career, the young artist never gave up on his dreams."",""translation"":""儘管在職業生涯早期遭受了許多失敗的衝擊，這位年輕的藝術家從未放棄他的夢想。""}]}],""synonyms"":[{""word"":""strike"",""pos"":""verb"",""translation"":""打擊；敲擊"",""explanation"":""泛指任何形式的打擊""},{""word"":""batter"",""pos"":""verb"",""translation"":""連續擊打"",""explanation"":""強調反覆多次的強烈敲擊""}],""antonyms"":[]}],""conjugations"":{""past_tense"":""buffeted"",""past_participle"":""buffeted""},""relatives"":{""morphology"":null,""related"":[]}}"	none		0
bulb	bulb n.	"{""headword"":""bulb"",""explanation"":""「bulb」在學測中常見於兩種截然不同的情境：一是電學相關的「燈泡」，二是植物學相關的「球莖」。學生在閱讀生物或科技類文章時，必須能夠快速分辨這兩種含義。"",""senses"":[{""sense"":""燈泡（發光裝置）"",""entries"":[{""pattern"":""light bulb"",""pos"":""noun"",""translation"":""燈泡"",""explanation"":""指發光電器中的玻璃球形部分。"",""sentences"":[{""sentence"":""When the room suddenly became dark, my father realized that the light <target>bulb</target> in the ceiling had burned out."",""translation"":""當房間突然變暗時，我父親意識到天花板上的燈泡燒掉了。""},{""sentence"":""Modern LED <target>bulbs</target> use much less energy than traditional ones, making them a better choice for protecting the environment."",""translation"":""現代的 LED 燈泡比傳統燈泡省電得多，使它們成為保護環境的更好選擇。""}]}],""synonyms"":[],""antonyms"":[]},{""sense"":""球莖（植物的地下儲藏器官）"",""entries"":[{""pattern"":""bulb"",""pos"":""noun"",""translation"":""球莖"",""explanation"":""指某些植物（如鬱金香或百合）在地下儲存營養的球形部位。"",""sentences"":[{""sentence"":""The gardener carefully planted the flower <target>bulbs</target> in the soil during autumn, waiting for them to bloom in spring."",""translation"":""園丁在秋天小心地將花球莖種在土壤中，等待它們在春天開花。""},{""sentence"":""Tulips are grown from <target>bulbs</target>, which store enough food and water for the plant to survive the cold winter."",""translation"":""鬱金香是由球莖生長的，球莖為植物儲存了足夠的食物和水，使其能度過寒冷的冬天。""}]}],""synonyms"":[],""antonyms"":[]}],""conjugations"":null,""relatives"":{""morphology"":null,""related"":[]}}"	none		0
bull	bull n.	"{""headword"":""bull"",""explanation"":""「bull」在學測中除了指代雄性牛外，還常在經濟類文章中出現，用來比喻比喻「牛市」（bull market），指股價上漲的趨勢。這是一個高頻的比喻用法，學生應將其與「bear market」（熊市）對比記憶。"",""senses"":[{""sense"":""公牛（雄性牛）"",""entries"":[{""pattern"":""bull"",""pos"":""noun"",""translation"":""公牛"",""explanation"":""指成年雄性牛。"",""sentences"":[{""sentence"":""The farm workers were terrified when a powerful <target>bull</target> broke through the wooden fence and ran toward the crowd."",""translation"":""當一頭強壯的公牛衝破木柵欄並向人群跑來時，，農場工人們感到非常恐懼。""}]}],""synonyms"":[],""antonyms"":[]},{""sense"":""看漲者；牛市（經濟術語）"",""entries"":[{""pattern"":""bull market"",""pos"":""phrase"",""translation"":""牛市；看漲市場"",""explanation"":""比喻公牛頂起股票價格的動作，指股價持續上漲的市場趨勢。"",""sentences"":[{""sentence"":""Many investors believe that we are entering a <target>bull</target> <pattern>market</pattern>, as stock prices have been rising steadily for months."",""translation"":""許多投資者認為我們正進入一個牛市，因為股價在數月來一直穩步上漲。""}]}],""synonyms"":[],""antonyms"":[{""word"":""bear market"",""pos"":""phrase"",""translation"":""熊市；看跌市場"",""explanation"":""指股價持續下跌的趨勢""}]}],""conjugations"":null,""relatives"":{""morphology"":null,""related"":[]}}"	none		0
bullet	bullet n.	"{""headword"":""bullet"",""explanation"":""「bullet」在學測中主要作為名詞，指子彈。在閱讀測驗中，它可能出現在犯罪類、歷史類或歷史衝突類文章中。此外，在數位文件編輯中，像「bullet point」這樣的使用方式也常出現在校園生活或報告撰寫指南中。"",""senses"":[{""sense"":""子彈（發射物）"",""entries"":[{""pattern"":""bullet"",""pos"":""noun"",""translation"":""子彈"",""explanation"":""指從槍械中發射出的金屬零件。"",""sentences"":[{""sentence"":""The police officer carefully checked his gun to make sure there were no <target>bullets</target> left in the chamber."",""translation"":""警官小心地檢查他的槍，以確保彈藥庫中沒有殘留的子彈。""},{""sentence"":""In the old movie, the hero saved the girl by blocking the <target>bullet</target> with his own body, showing his true bravery."",""translation"":""在舊電影中，英雄用自己的身體擋住了子彈，救了女孩，展現了他的真正的勇敢。""}]}],""synonyms"":[],""antonyms"":[]},{""sense"":""項目符號（文書處理符號）"",""entries"":[{""pattern"":""bullet point"",""pos"":""phrase"",""translation"":""項目符號；列點"",""explanation"":""指在撰寫報告或簡報時，用小圓點或其他符號來列出重點內容。"",""sentences"":[{""sentence"":""Your teacher will give you a higher grade if you organize your presentation slides with clear <target>bullet</target> <pattern>points</pattern> instead of long paragraphs."",""translation"":""如果你用清晰的項目符號來組織你的簡報投影片，而不是用長段落，老師會給你更高的分數。""}]}],""synonyms"":[],""antonyms"":[]}],""conjugations"":null,""relatives"":{""morphology"":null,""related"":[]}}"	none		0
bump	bump n./v.	"{""headword"":""bump"",""explanation"":""「bump」在學測中具有多重身分。名詞時可指「碰撞」或「腫塊」，動詞時則指「碰撞」或「偶然遇見」。需注意 bump into sb. 這個片語在閱讀測驗中極高頻，通常用來描述社交情境中的巧合。"",""senses"":[{""sense"":""碰撞；腫塊（身體或物體接觸產生的衝擊或腫起）"",""entries"":[{""pattern"":""bump"",""pos"":""noun"",""translation"":""碰撞；腫塊"",""explanation"":""指突然的衝擊，或碰撞後皮膚上隆起的腫包。"",""sentences"":[{""sentence"":""After falling off his bicycle, the young boy had a large, painful <target>bump</target> on his forehead that stayed red for days."",""translation"":""從自行車上摔下來後，那個小男孩額頭上起了一個又大又痛的腫包，好幾天都還是紅色的。""},{""sentence"":""The car hit a heavy <target>bump</target> in the old country road, causing the passengers to jump up from their seats."",""translation"":""車子在古老的鄉間道路上撞到一個巨大的凸起，導致乘客們從座位上彈了起来。""}]}],""synonyms"":[{""word"":""lump"",""pos"":""noun"",""translation"":""腫塊；塊狀物"",""explanation"":""指身體上或物質中不規則的凸起""}],""antonyms"":[]},{""sense"":""碰撞；偶然遇見（物理上的撞擊或社交上的巧遇）"",""entries"":[{""pattern"":""bump into sb."",""pos"":""phrase"",""translation"":""偶然遇見某人"",""explanation"":""非正式用語，指沒有預約而在街上或公共場所意外見到熟人。"",""sentences"":[{""sentence"":""I was walking through the crowded shopping mall when I <target>bumped</target> <pattern>into</pattern> my old high school teacher from ten years ago."",""translation"":""我正走在擁擠的購物中心裡，突然偶然遇見了十年前的高中老師。""},{""sentence"":""Imagine my surprise when I <target>bumped</target> <pattern>into</pattern> my cousin at the airport, even though he lived in a different country."",""translation"":""想像一下我的驚訝程度，儘管我表哥住在不同的國家，我竟然在機場偶然遇見了他。""}]},{""pattern"":""bump sth."",""pos"":""verb"",""translation"":""撞擊某物"",""explanation"":""指輕微地撞到物體。"",""sentences"":[{""sentence"":""Please be careful not to <target>bump</target> the expensive vase while you are cleaning the dusty shelves in the living room."",""translation"":""在你清理客廳佈滿灰塵的架子時，請小心不要撞到那個昂貴的花瓶。""}]}],""synonyms"":[{""word"":""encounter"",""pos"":""verb"",""translation"":""遭遇；邂逅"",""explanation"":""較正式，可用於指遇到困難或意外相遇""},{""word"":""collide"",""pos"":""verb"",""translation"":""碰撞"",""explanation"":""強調劇烈的物理撞擊""}],""antonyms"":[]}],""conjugations"":{""past_tense"":""bumped"",""past_participle"":""bumped""},""relatives"":{""morphology"":null,""related"":[]}}"	none		0
bunch	bunch n.	"{""headword"":""bunch"",""explanation"":""「bunch」通常用來描述一群自然生長在一起或被綑綁在一起的人或物。在學測中，常出現在描述花卉、水果（如香蕉）或非正式地描述一群朋友的語境中。"",""senses"":[{""sense"":""一串；一束；一群（聚集在一起的東西或人）"",""entries"":[{""pattern"":""a bunch of sth."",""pos"":""phrase"",""translation"":""一串…；一束…；許多…"",""explanation"":""可用於具體物品（如花、葡萄）或非正式地表示「許多」（等同於 a lot of）。"",""sentences"":[{""sentence"":""The young man bought a beautiful <target>bunch</target> <pattern>of</pattern> red roses to give to his girlfriend on their first anniversary."",""translation"":""那個年輕男人買了一束美麗的紅玫瑰，在他們的一週年紀念日送給女朋友。""},{""sentence"":""I have a <target>bunch</target> <pattern>of</pattern> keys in my pocket, but I cannot remember which one opens the back door."",""translation"":""我口袋裡有一串鑰匙，但我記不起哪一把能打開後門。""},{""sentence"":""A <target>bunch</target> <pattern>of</pattern> excited students gathered around the teacher to ask about the results of the final exam."",""translation"":""一群興奮的學生聚集在老師周圍，詢問關於期末考結果的事情。""}]}],""synonyms"":[{""word"":""cluster"",""pos"":""noun"",""translation"":""群；簇"",""explanation"":""強調緊密聚集在一起的小組""},{""word"":""group"",""pos"":""noun"",""translation"":""組；群"",""explanation"":""最普遍的聚集名詞""}],""antonyms"":[]}],""conjugations"":null,""relatives"":{""morphology"":null,""related"":[]}}"	none		0
bundle	bundle n.	"{""headword"":""bundle"",""explanation"":""「bundle」的核心概念是「綑綁」。與 bunch 不同，bundle 更多強調透過繩子或帶子將物品強行綑在一起，或指一套打包好的商品/服務。"",""senses"":[{""sense"":""捆；束（綑綁在一起的物品）"",""entries"":[{""pattern"":""a bundle of sth."",""pos"":""phrase"",""translation"":""一捆…；一束…"",""explanation"":""指用繩子或橡皮筋紮起來的物品，如柴火、報紙或鈔票。"",""sentences"":[{""sentence"":""The farmer spent the whole morning tying a large <target>bundle</target> <pattern>of</pattern> dry sticks to start a fire for the winter."",""translation"":""農夫花了一整個早晨將一大捆乾樹枝紮起來，為了在冬天生火。""},{""sentence"":""The detective found a suspicious <target>bundle</target> <pattern>of</pattern> cash hidden inside the old wooden desk in the dark office."",""translation"":""偵探在昏暗辦公室的舊木桌子裡發現了一捆可疑的現金。""}]},{""pattern"":""bundle sth."",""pos"":""verb"",""translation"":""將…綑起來"",""explanation"":""將零散的物品打包成一束。"",""sentences"":[{""sentence"":""Before moving to the new house, she <target>bundled</target> all her old newspapers into a neat package for recycling."",""translation"":""在搬到新家之前，她將所有舊報紙綑成一個整齊的包裹以便回收。""}]}],""synonyms"":[{""word"":""package"",""pos"":""noun"",""translation"":""包裹"",""explanation"":""泛指包裝起來的物品""},{""word"":""stack"",""pos"":""noun"",""translation"":""堆"",""explanation"":""強調垂直堆疊而非綑綁""}],""antonyms"":[]}],""conjugations"":{""past_tense"":""bundled"",""past_participle"":""bundled""},""relatives"":{""morphology"":null,""related"":[]}}"	none		0
bury	bury v.	"{""headword"":""bury"",""explanation"":""「bury」除了物理上的「埋葬」外，在學測閱讀中常出現比喻用法，如 bury one's face in...（將臉埋入…）或 bury oneself in work（埋頭於工作），用以表達極度專注或試圖逃避。"",""senses"":[{""sense"":""埋葬；掩埋（將某物放入地下或覆蓋）"",""entries"":[{""pattern"":""bury sth. in sth."",""pos"":""phrase"",""translation"":""將某物埋在…之中"",""explanation"":""物理上的掩埋，可用於描述動物儲藏食物或掩埋屍體。"",""sentences"":[{""sentence"":""Some squirrels <target>bury</target> their nuts <pattern>in</pattern> the ground during autumn to make sure they have enough food for winter."",""translation"":""有些松鼠在秋天將堅果埋在地下，以確保冬天有足夠的食物。""},{""sentence"":""The heavy snowfall <target>buried</target> the small village <pattern>in</pattern> a thick layer of white ice, making it impossible to leave."",""translation"":""大雪將這個小村莊掩埋在厚厚的一層白冰之下，讓人無法離開。""}]}],""synonyms"":[{""word"":""inter"",""pos"":""verb"",""translation"":""埋葬"",""explanation"":""極其正式的用詞，通常指葬禮""}],""antonyms"":[{""word"":""dig up"",""pos"":""phrase"",""translation"":""挖掘出"",""explanation"":""將埋在地下之物挖出""},{""word"":""unearth"",""pos"":""verb"",""translation"":""挖掘；揭露"",""explanation"":""指從地下挖出或揭發隱藏的事實""}]},{""sense"":""埋頭於；掩藏（比喻專注或遮掩）"",""entries"":[{""pattern"":""bury oneself in sth."",""pos"":""phrase"",""translation"":""埋頭於…；專注於…"",""explanation"":""比喻完全投入於某事，通常是工作、書籍或研究。"",""sentences"":[{""sentence"":""To prepare for the difficult entrance exam, the student <target>buried</target> <pattern>himself</pattern> <pattern>in</pattern> his textbooks for three months."",""translation"":""為了準備艱難的入學考試，這名學生三個月來一直埋頭於教科書中。""}]},{""pattern"":""bury one's face in sth."",""pos"":""phrase"",""translation"":""將臉埋在…之中"",""explanation"":""常用於表達悲傷、羞愧或極度疲憊。"",""sentences"":[{""sentence"":""The girl <target>buried</target> her face <pattern>in</pattern> her hands and started to cry loudly after she failed the music competition."",""translation"":""在音樂比賽失敗後，女孩將臉埋在雙手中，開始大聲哭泣。""}]}],""synonyms"":[{""word"":""immerse"",""pos"":""verb"",""translation"":""沉浸於"",""explanation"":""強調完全投入於某種環境或活動""}],""antonyms"":[]}],""conjugations"":{""past_tense"":""buried"",""past_participle"":""buried""},""relatives"":{""morphology"":null,""related"":[]}}"	none		0
bush	bush n.	"{""headword"":""bush"",""explanation"":""「bush」在自然環境描述中是指低矮且分枝多的灌木。在閱讀測驗中，常與 tree（大樹）做對比，或出現在描述野生動物躲藏的場景中。"",""senses"":[{""sense"":""灌木；叢林（低矮且分枝多的植物）"",""entries"":[{""pattern"":""bush"",""pos"":""noun"",""translation"":""灌木；叢"",""explanation"":""指比樹矮且由基部就開始分枝的植物。"",""sentences"":[{""sentence"":""The small rabbit quickly hid behind a thick green <target>bush</target> when it heard the sound of a hungry wolf nearby."",""translation"":""當小兔子聽到附近有飢餓狼的聲音時，迅速躲在了一叢茂密的綠色灌木後面。""},{""sentence"":""My grandmother loves gardening, and she has planted many flowering <target>bushes</target> around the fence of her beautiful backyard."",""translation"":""我的祖母熱愛園藝，她在她漂亮後院的圍欄周圍種了許多開花灌木。""}]}],""synonyms"":[{""word"":""shrub"",""pos"":""noun"",""translation"":""灌木"",""explanation"":""與 bush 同義，但稍微更具植物學專業感""}],""antonyms"":[]}],""conjugations"":null,""relatives"":{""morphology"":null,""related"":[]}}"	none		0
buzz	buzz n./v.	"{""headword"":""buzz"",""explanation"":""「buzz」在學測中常出現於兩種截然不同的情境：一是描述環境中持續的嗡嗡聲（如蜜蜂或機器），二是描述社交媒體或校園中對某事的高度關注與熱烈討論。後者在描述趨勢與流行文化時非常高頻。"",""senses"":[{""sense"":""嗡嗡聲；持續的低鳴聲（物理上的聲音）"",""entries"":[{""pattern"":""buzz"",""pos"":""noun"",""translation"":""嗡嗡聲"",""explanation"":""指蜜蜂、電子設備或人群在背景中產生的持續低頻聲音。"",""sentences"":[{""sentence"":""As the summer heat grew, the loud <target>buzz</target> of honeybees in the flower garden became almost impossible to ignore."",""translation"":""隨著夏季熱氣增加，花園中蜜蜂巨大的嗡嗡聲變得幾乎無法忽視。""},{""sentence"":""I could not focus on my reading because of the constant <target>buzz</target> of the old air conditioner in the corner."",""translation"":""因為角落裡那台舊冷氣機不斷發出的嗡嗡聲，我無法集中精神閱讀。""}]},{""pattern"":""buzz"",""pos"":""verb"",""translation"":""發出嗡嗡聲"",""explanation"":""描述物體發出低頻振動聲的動作。"",""sentences"":[{""sentence"":""A small drone <target>buzzed</target> over the park, making a loud noise that frightened the birds and scared the local dogs."",""translation"":""一架小型無人機在公園上空發出嗡嗡聲盤旋，發出的噪音嚇跑了鳥類並驚嚇了當地的狗。""}]}],""synonyms"":[{""word"":""hum"",""pos"":""verb"",""translation"":""發出低鳴聲"",""explanation"":""指較柔和的持續聲音""}],""antonyms"":[]},{""sense"":""熱烈討論；興奮感（社交或心理層面的關注）"",""entries"":[{""pattern"":""create a buzz"",""pos"":""phrase"",""translation"":""引起熱烈討論；製造話題"",""explanation"":""指某件事物突然受到大眾關注，在網路或校園中傳播迅速。"",""sentences"":[{""sentence"":""The new movie trailer created a huge <target>buzz</target> on social media, leading millions of people to watch it within one hour."",""translation"":""這部新電影的預告片在社群媒體上引起了巨大的熱烈討論，導致數百萬人在一小時內觀看了它。""},{""sentence"":""There was a lot of <target>buzz</target> around the new student exchange program, as everyone wanted to know the details of the trip."",""translation"":""關於新的學生交換計畫有許多熱烈討論，因為每個人都想知道這次旅程的細節。""}]}],""synonyms"":[{""word"":""excitement"",""pos"":""noun"",""translation"":""興奮感；熱潮"",""explanation"":""指對某事的期待與關注""},{""word"":""hype"",""pos"":""noun"",""translation"":""誇大的宣傳；炒作"",""explanation"":""強調透過宣傳製造出的熱潮""}],""antonyms"":[]}],""conjugations"":{""past_tense"":""buzzed"",""past_participle"":""buzzed""},""relatives"":{""morphology"":null,""related"":[]}}"	none		0
cabin	cabin n.	"{""headword"":""cabin"",""explanation"":""「cabin」在學測中通常指兩種空間：一是偏遠地區的小木屋（常出現在自然、旅行類文章中）；二是飛機或船隻的客艙（常出現在旅遊、交通類文章中）。學生需根據上下文區分這兩種完全不同的場景。"",""senses"":[{""sense"":""小木屋；簡陋的小屋（通常在森林或山上）"",""entries"":[{""pattern"":""cabin"",""pos"":""noun"",""translation"":""小木屋"",""explanation"":""指在偏遠地區建造的簡單住宅，通常由木材製成。"",""sentences"":[{""sentence"":""During the winter vacation, my family rented a cozy <target>cabin</target> in the mountains to enjoy the snow and fresh air."",""translation"":""在寒假期間，我的家人在山中租了一間舒適的小木屋，以享受白雪與新鮮空氣。""},{""sentence"":""The old forest ranger lived alone in a small wooden <target>cabin</target> far away from the noisy cities and busy roads."",""translation"":""那位年長的森林管理員獨自住在遠離喧鬧城市與繁忙道路的小木屋中。""}]}],""synonyms"":[{""word"":""cottage"",""pos"":""noun"",""translation"":""鄉間小屋"",""explanation"":""通常指較精緻或較大的鄉間住宅""},{""word"":""lodge"",""pos"":""noun"",""translation"":""山莊；小木屋"",""explanation"":""常指用於狩獵或度假的木屋""}],""antonyms"":[]},{""sense"":""客艙；駕駛室（飛機、船隻或電梯內部的空間）"",""entries"":[{""pattern"":""cabin"",""pos"":""noun"",""translation"":""客艙"",""explanation"":""指交通工具內部的乘客乘坐區域。"",""sentences"":[{""sentence"":""The flight attendants walked through the <target>cabin</target> to make sure all passengers had fastened their seat belts before takeoff."",""translation"":""空服員走過客艙，以確保所有乘客在起飛前都已繫好安全帶。""},{""sentence"":""Because the cruise ship was very luxurious, each passenger had a private <target>cabin</target> with a small window facing the sea."",""translation"":""因為這艘郵輪非常豪華，每位乘客都有一個面向大海的小窗戶私人客艙。""}]}],""synonyms"":[{""word"":""compartment"",""pos"":""noun"",""translation"":""隔間；客艙"",""explanation"":""指被分隔開的獨立空間""}],""antonyms"":[]}],""conjugations"":null,""relatives"":{""morphology"":null,""related"":[]}}"	none		0
cable	cable n./v.	"{""headword"":""cable"",""explanation"":""「cable」在學測中主要作為名詞，指物理上的電纜或鋼纜；但在現代科技語境中，它也常出現在「cable TV」等複合詞中。作為動詞時，則指透過電報發送訊息，但在現代英語中較少見。"",""senses"":[{""sense"":""電纜；鋼纜（厚實的導線或繩索）"",""entries"":[{""pattern"":""cable"",""pos"":""noun"",""translation"":""電纜；鋼纜"",""explanation"":""指傳輸電力或數據的厚實線材。"",""sentences"":[{""sentence"":""After the heavy storm, a power <target>cable</target> fell from the pole, causing a blackout in the entire neighborhood for three hours."",""translation"":""在大暴風雨後，一條電源電纜從電線桿上掉落，導致整個社區停電三小時。""},{""sentence"":""The workers used a strong steel <target>cable</target> to pull the heavy broken car out of the deep muddy road."",""translation"":""工人們使用一條強韌的鋼纜將那輛沉重的損壞汽車從深泥路中拉出來。""}]},{""pattern"":""cable TV"",""pos"":""phrase"",""translation"":""有線電視"",""explanation"":""指透過電纜傳輸訊號的電視系統。"",""sentences"":[{""sentence"":""Many young people now prefer streaming services over <target>cable</target> TV because they can watch their favorite shows whenever they want."",""translation"":""許多年輕人現在比起有線電視更喜歡串流服務，因為他們可以在任何想看的時候觀看最喜歡的節目。""}]}],""synonyms"":[{""word"":""wire"",""pos"":""noun"",""translation"":""電線；導線"",""explanation"":""指較細的線材""},{""word"":""cord"",""pos"":""noun"",""translation"":""電線；繩索"",""explanation"":""指較短的家用電線""}],""antonyms"":[]},{""sense"":""發電報（較少見，指傳遞訊息）"",""entries"":[{""pattern"":""cable sb. sth."",""pos"":""phrase"",""translation"":""以電報告知某人某事"",""explanation"":""因應現代科技，此用法較少見，但仍可能出現在歷史類閱讀文章中。"",""sentences"":[{""sentence"":""In the early twentieth century, people would <target>cable</target> their families in other countries to share urgent news quickly."",""translation"":""在二十世紀初，人們會透過電報告知國外的家人以快速分享緊急消息。""}]}],""synonyms"":[{""word"":""message"",""pos"":""verb"",""translation"":""發送訊息"",""explanation"":""現代最普遍的用法""}],""antonyms"":[]}],""conjugations"":{""past_tense"":""cabled"",""past_participle"":""cabled""},""relatives"":{""morphology"":null,""related"":[]}}"	none		0
cafeteria	cafeteria n.	"{""headword"":""cafeteria"",""explanation"":""「cafeteria」在校園生活類文章中是基礎核心名詞。其特徵是「自助式」的服務方式，這與一般的 restaurant 區分開來。學生應注意其常搭配的動詞如 have lunch in the cafeteria。"",""senses"":[{""sense"":""自助餐廳；食堂"",""entries"":[{""pattern"":""cafeteria"",""pos"":""noun"",""translation"":""自助餐廳"",""explanation"":""指學校、公司或醫院等機構內部的自助式餐廳。"",""sentences"":[{""sentence"":""During the short lunch break, the school <target>cafeteria</target> becomes very noisy because hundreds of students gather there to eat."",""translation"":""在短暫的午餐時間，學校食堂變得非常嘈雜，因為數百名學生聚集在那裡用餐。""},{""sentence"":""The university <target>cafeteria</target> offers a variety of healthy meals, including fresh salads and fruit, to help students maintain their health."",""translation"":""大學食堂提供多樣化的健康餐點，包括新鮮沙拉和水果，以幫助學生維持健康。""}]}],""synonyms"":[{""word"":""canteen"",""pos"":""noun"",""translation"":""食堂；餐館"",""explanation"":""英式英語中更常用的詞彙""},{""word"":""dining hall"",""pos"":""noun"",""translation"":""餐廳；大食堂"",""explanation"":""常用於大學或寄宿學校""}],""antonyms"":[]}],""conjugations"":null,""relatives"":{""morphology"":null,""related"":[]}}"	none		0
campus	campus n.	"{""headword"":""campus"",""explanation"":""「campus」在學測中是描述校園環境、教育政策或學生生活的高頻名詞。理解這個字時，要注意它不僅指物理上的建築物，有時也指代整個校區或大學的地理範圍。"",""senses"":[{""sense"":""校區；校園"",""entries"":[{""pattern"":""campus"",""pos"":""noun"",""translation"":""校區；校園"",""explanation"":""指大學或學院的教學建築物及其周邊環境。"",""sentences"":[{""sentence"":""The university <target>campus</target> is famous for its beautiful old trees and large green lawns, making it a perfect place for studying."",""translation"":""這所大學的校園以其美麗的古樹和大片綠色草坪而聞名，使其成為一個完美的學習場所。""},{""sentence"":""To reduce traffic and pollution, the college decided to ban all cars from the <target>campus</target> and encourage students to ride bikes."",""translation"":""為了減少交通和污染，這所學院決定禁止所有汽車進入校園，並鼓勵學生騎自行車。""}]},{""pattern"":""on campus"",""pos"":""phrase"",""translation"":""在校園內"",""explanation"":""固定介系詞搭配，用來描述在校區內發生的事情或居住情況。"",""sentences"":[{""sentence"":""Many first-year students choose to live <pattern>on</pattern> <target>campus</target> so they can easily access the library and attend classes without commuting."",""translation"":""許多一年級學生選擇住在校園內，這樣他們可以輕鬆地使用圖書館並參加課程而不需要通勤。""}]},{""pattern"":""off campus"",""pos"":""phrase"",""translation"":""在校園外"",""explanation"":""固定介系詞搭配，與 on campus 相反。"",""sentences"":[{""sentence"":""Some senior students prefer to live <pattern>off</pattern> <target>campus</target> in small apartments, as they want more independence and privacy in their lives."",""translation"":""一些高年級學生更喜歡住在校園外的小公寓裡，因為他們在生活中想要更多的獨立與隱私。""}]}],""synonyms"":[{""word"":""grounds"",""pos"":""noun"",""translation"":""場地；校園"",""explanation"":""指校園的周邊土地或場地""}],""antonyms"":[]}],""conjugations"":null,""relatives"":{""morphology"":null,""related"":[]}}"	none		0
canyon	canyon n.	"{""headword"":""canyon"",""explanation"":""「canyon」常用於描述自然地理景觀，特別是在地理或環境類閱讀中出現。理解其特徵（深、陡峭、由河流切割）有助於在描述性文字中快速定位其意義。"",""senses"":[{""sense"":""峽谷（由河流長期侵蝕而形成的大型深谷）"",""entries"":[{""pattern"":""canyon"",""pos"":""noun"",""translation"":""峽谷"",""explanation"":""指地形上深且陡峭的谷地，通常有河流在底部流經。"",""sentences"":[{""sentence"":""After hiking for three hours, the tourists finally reached the edge of the massive <target>canyon</target>, looking down at the blue river far below."",""translation"":""在健行三小時後，遊客們終於到達了巨大峽谷的邊緣，俯視著下方遙遠的藍色河流。""},{""sentence"":""The Grand <target>Canyon</target> in the United States is famous worldwide for its colorful rock layers that show millions of years of history."",""translation"":""美國的大峽谷以其展示數百萬年歷史的彩色岩層而聞名於世。""}]}],""synonyms"":[{""word"":""gorge"",""pos"":""noun"",""translation"":""深谷；峽谷"",""explanation"":""通常指較窄且陡峭的峽谷""}],""antonyms"":[]}],""conjugations"":null,""relatives"":{""morphology"":null,""related"":[]}}"	none		0
capable	capable adj.	"{""headword"":""capable"",""explanation"":""「capable」在學測中常用於描述人的能力或事物的潛力。最關鍵的考點在於其後方必須接介系詞 to be able to 的替代結構 capable of + V-ing，這是文法選擇題的高頻考點。"",""senses"":[{""sense"":""有能力的；能勝任的"",""entries"":[{""pattern"":""be capable of sth./doing sth."",""pos"":""phrase"",""translation"":""有能力做某事"",""explanation"":""重點在於 of 後方必須使用動名詞 (V-ing) 或名詞，不能接不定式 (to V)。"",""sentences"":[{""sentence"":""Despite her young age, the student is <pattern>be</pattern> <target>capable</target> <pattern>of</pattern> solving the most difficult math problems in the textbook."",""translation"":""儘管年紀尚小，這名學生有能力解決課本中最困難的數學問題。""},{""sentence"":""Modern computers are <target>capable</target> <pattern>of</pattern> processing millions of pieces of information in just a few seconds."",""translation"":""現代電腦有能力在短短幾秒鐘內處理數百萬條資訊。""}]}],""synonyms"":[{""word"":""able"",""pos"":""adjective"",""translation"":""能夠；有能力的"",""explanation"":""最基礎的同義詞，搭配 be able to""},{""word"":""competent"",""pos"":""adjective"",""translation"":""勝任的；合格的"",""explanation"":""強調具備必要的專業技能""}],""antonyms"":[{""word"":""incapable"",""pos"":""adjective"",""translation"":""沒有能力的"",""explanation"":""加上字首 in- 表示否定""}]}],""conjugations"":null,""relatives"":{""morphology"":""字根 cap (拿、握) + 形容詞字尾 -able (能夠…的)"",""related"":[{""word"":""capability"",""pos"":""noun"",""translation"":""能力；才能"",""explanation"":""由 capable 延伸而來的名詞形式。""}]}}"	none		0
captain	captain n.	"{""headword"":""captain"",""explanation"":""「captain」根據情境可指軍事、體育或交通工具的領導者。在閱讀中，應根據上下文判斷其具體職位。"",""senses"":[{""sense"":""隊長；船長；機長（組織或交通工具的領導者）"",""entries"":[{""pattern"":""captain"",""pos"":""noun"",""translation"":""隊長；船長；機長"",""explanation"":""泛指在特定領域（如體育隊、飛機、船隻）中擁有最高權限的領導者。"",""sentences"":[{""sentence"":""The basketball <target>captain</target> encouraged his teammates to keep fighting even though they were losing the game."",""translation"":""籃球隊長鼓勵他的隊友們即使在比賽落後時也要繼續奮鬥。""},{""sentence"":""The <target>captain</target> of the airplane calmly told the passengers that the flight would be delayed due to bad weather."",""translation"":""飛機機長冷靜地告訴乘客，航班將因為天氣惡劣而延誤。""}]}],""synonyms"":[{""word"":""leader"",""pos"":""noun"",""translation"":""領導者"",""explanation"":""最泛用的領導者稱呼""},{""word"":""commander"",""pos"":""noun"",""translation"":""指揮官"",""explanation"":""常用於軍事背景""}],""antonyms"":[]}],""conjugations"":null,""relatives"":{""morphology"":null,""related"":[]}}"	none		0
capture	capture v./n.	"{""headword"":""capture"",""explanation"":""「capture」在學測中具有「物理上的捕捉」與「抽象上的捕捉/記錄」兩種高頻語意。後者常用於描述攝影、藝術或數據記錄，是閱讀理解的關鍵。"",""senses"":[{""sense"":""捕捉；捕獲（物理上的抓捕）"",""entries"":[{""pattern"":""capture sth."",""pos"":""verb"",""translation"":""捕捉某物"",""explanation"":""指將動物或嫌疑犯強行限制在某個空間內。"",""sentences"":[{""sentence"":""The animal rescue team worked together to <target>capture</target> the lost tiger without hurting the animal."",""translation"":""動物救援隊共同合作，在不傷害動物的情況下捕捉到了那隻迷路的老虎。""}]}],""synonyms"":[{""word"":""catch"",""pos"":""verb"",""translation"":""捕捉"",""explanation"":""最基礎的捕捉動詞""},{""word"":""seize"",""pos"":""verb"",""translation"":""奪取；抓捕"",""explanation"":""強調用力、快速地抓取""}],""antonyms"":[{""word"":""release"",""pos"":""verb"",""translation"":""釋放"",""explanation"":""指將捕捉到的對象釋放""}]},{""sense"":""記錄；捕捉（抽象的瞬間或情感）"",""entries"":[{""pattern"":""capture sth."",""pos"":""verb"",""translation"":""捕捉（瞬間、情感、美景）"",""explanation"":""常用於攝影、繪畫或寫作，指將某個瞬間或感覺記錄下來。"",""sentences"":[{""sentence"":""The young photographer used a high-speed camera to <target>capture</target> the exact moment the bird flew away."",""translation"":""年輕的攝影師使用高速相機捕捉到了鳥兒飛走的精確瞬間。""},{""sentence"":""Her latest novel successfully <target>captures</target> the lonely feelings of teenagers who live in a big, crowded city."",""translation"":""她最新的小說成功捕捉到了居住在大城市中青少年的孤獨感。""}]}],""synonyms"":[{""word"":""record"",""pos"":""verb"",""translation"":""記錄"",""explanation"":""指用工具將資訊記錄下來""}],""antonyms"":[]},{""sense"":""俘虜；捕獲物"",""entries"":[{""pattern"":""capture"",""pos"":""noun"",""translation"":""捕獲；俘虜"",""explanation"":""指被捕獲的過程或結果。"",""sentences"":[{""sentence"":""The <target>capture</target> of the dangerous criminal was a great victory for the local police department."",""translation"":""那名危險罪犯的被捕獲是當地警察局的一次重大勝利。""}]}],""synonyms"":[],""antonyms"":[]}],""conjugations"":{""past_tense"":""captured"",""past_participle"":""captured""},""relatives"":{""morphology"":null,""related"":[{""word"":""captive"",""pos"":""adjective"",""translation"":""被俘虜的"",""explanation"":""指處於被捕捉狀態的人或動物。""}]}}"	none		0
career	career n.	"{""headword"":""career"",""explanation"":""「career」與 job 或 profession 不同，它強調的是一個人在一生中長期經營的職業生涯或發展路徑。在學測中常用於探討職涯發展、個人成長與人生目標。"",""senses"":[{""sense"":""職業生涯；職涯"",""entries"":[{""pattern"":""career"",""pos"":""noun"",""translation"":""職業生涯"",""explanation"":""指一個人從開始工作到退休的整段過程，而非單一的一份工作。"",""sentences"":[{""sentence"":""After studying hard for four years in college, Sarah decided to pursue a <target>career</target> in international law."",""translation"":""在大學努力學習四年後， Sarah 決定追求在國際法方面的職業生涯。""},{""sentence"":""The famous scientist spent his entire <target>career</target> searching for a cure for the rare disease."",""translation"":""那名著名的科學家花了他整個職業生涯來尋找治療這種罕見疾病的方法。""}]},{""pattern"":""career path"",""pos"":""phrase"",""translation"":""職涯路徑"",""explanation"":""指職業發展的具體方向和階段。"",""sentences"":[{""sentence"":""Many high school students feel lost because they do not know which <target>career</target> <pattern>path</pattern> is best for them."",""translation"":""許多高中生感到迷茫，因為他們不知道哪條職涯路徑對他們最適合。""}]}],""synonyms"":[{""word"":""profession"",""pos"":""noun"",""translation"":""專業職業"",""explanation"":""強調需要專業知識或長時間訓練的職業""},{""word"":""vocation"",""pos"":""noun"",""translation"":""天職；召喚"",""explanation"":""強調對職業的強烈內在驅動力""}],""antonyms"":[]}],""conjugations"":null,""relatives"":{""morphology"":null,""related"":[]}}"	none		0
carpenter	carpenter n.	"{""headword"":""carpenter"",""explanation"":""「carpenter」在學測中通常出現在描述職業或家庭修繕的文本中。理解這個字時，應將其與其工作對象（木材）以及相關工具（如鋸子、錘子）聯繫起來，以強化記憶。"",""senses"":[{""sense"":""木工；木匠（從事木材加工的專業人員）"",""entries"":[{""pattern"":""carpenter"",""pos"":""noun"",""translation"":""木匠"",""explanation"":""指專業使用木材建造房屋或製作家具的工匠。"",""sentences"":[{""sentence"":""The old <target>carpenter</target> spent years carefully crafting a beautiful wooden table for his daughter's wedding gift."",""translation"":""那位老木匠花了好幾年時間，為他女兒的婚禮禮物精心製作了一張漂亮的木桌。""},{""sentence"":""If the kitchen door is broken, we should call a professional <target>carpenter</target> to fix the frame and ensure it closes properly."",""translation"":""如果廚房門壞了，我們應該請一位專業的木匠來修理門框，並確保它能正常關閉。""}]}],""synonyms"":[{""word"":""woodworker"",""pos"":""noun"",""translation"":""木工人員"",""explanation"":""泛指所有處理木材的人""}],""antonyms"":[]}],""conjugations"":null,""relatives"":{""morphology"":""核心字根 carpenter (木匠) + 名詞字尾 -er (人)"",""related"":[{""word"":""carpentry"",""pos"":""noun"",""translation"":""木工活；木工技術"",""explanation"":""由 carpenter 延伸而來的專業技術名詞。""}]}}"	none		0
carpet	carpet n./v.	"{""headword"":""carpet"",""explanation"":""「carpet」在學測中除了作為名詞表示「地毯」外，還能作為動詞表示「鋪地毯」。在閱讀中，要注意其在句子中的位置，以判斷其詞性與語意。"",""senses"":[{""sense"":""地毯（鋪在地面上的厚布料）"",""entries"":[{""pattern"":""carpet"",""pos"":""noun"",""translation"":""地毯"",""explanation"":""指鋪在地板上的大型厚織物。"",""sentences"":[{""sentence"":""The hotel room had a soft, red <target>carpet</target> that made the floor feel warm and comfortable during the cold winter."",""translation"":""飯店房間裡有一塊柔軟的紅色地毯，讓地板在寒冷的冬天感覺溫暖且舒適。""},{""sentence"":""After the party, the host had to spend an hour cleaning the spilled red wine from the expensive <target>carpet</target> in the living room."",""translation"":""派對結束後，主人不得不花一個小時將客廳昂貴地毯上灑出的紅酒清理乾淨。""}]}],""synonyms"":[{""word"":""rug"",""pos"":""noun"",""translation"":""小地毯"",""explanation"":""通常指尺寸較小、不固定在地面上的地毯""}],""antonyms"":[]},{""sense"":""鋪地毯；覆蓋（像地毯一樣覆蓋整個表面）"",""entries"":[{""pattern"":""carpet sth. with sth."",""pos"":""phrase"",""translation"":""用…鋪滿某處"",""explanation"":""動詞用法，指用某物將整個表面完全覆蓋，常出現在自然景觀描寫中。"",""sentences"":[{""sentence"":""In early spring, the gentle rain and warm sun <target>carpeted</target> the forest floor <pattern>with</pattern> a thick layer of colorful wildflowers."",""translation"":""早春時分，溫暖的陽光與細雨將森林地面鋪滿了一層厚厚的五彩繽紛的野花。""}]}],""synonyms"":[{""word"":""cover"",""pos"":""verb"",""translation"":""覆蓋"",""explanation"":""最普遍的覆蓋動作""}],""antonyms"":[]}],""conjugations"":{""past_tense"":""carpeted"",""past_participle"":""carpeted""},""relatives"":{""morphology"":null,""related"":[]}}"	none		0
carriage	carriage n.	"{""headword"":""carriage"",""explanation"":""「carriage」在學測中具有兩種截然不同的高頻語意：一是歷史背景下的「馬車/車廂」，二是生理上的「姿態/風度」。學生應根據上下文（如 horses, station, posture）來快速區分。"",""senses"":[{""sense"":""馬車；車廂（交通工具或其一部分）"",""entries"":[{""pattern"":""carriage"",""pos"":""noun"",""translation"":""馬車；車廂"",""explanation"":""指由馬匹牽引的車輛或火車的客車車廂。"",""sentences"":[{""sentence"":""In the nineteenth century, wealthy families often traveled by horse-drawn <target>carriage</target> to visit their friends in the nearby city."",""translation"":""在十九世紀，富裕家庭經常乘坐馬車前往附近的城市拜訪朋友。""},{""sentence"":""The train station was very crowded, and it took me ten minutes to find the correct <target>carriage</target> for my seat."",""translation"":""火車站非常擁擠，我花了十分鐘才找到我座位所在的正確車廂。""}]}],""synonyms"":[{""word"":""coach"",""pos"":""noun"",""translation"":""長途客車；車廂"",""explanation"":""常用於火車或馬車的舒適車廂""},{""word"":""wagon"",""pos"":""noun"",""translation"":""貨車；馬車"",""explanation"":""通常指較簡單、用來載貨的車輛""}],""antonyms"":[]},{""sense"":""姿態；風度（身體站立或行走時的樣子）"",""entries"":[{""pattern"":""carriage"",""pos"":""noun"",""translation"":""姿態；風度"",""explanation"":""指一個人站立、行走或坐著時的身體樣子，等同於 posture。"",""sentences"":[{""sentence"":""The ballet dancer's elegant <target>carriage</target> made her look like a queen even before she started to dance on the stage."",""translation"":""那位芭蕾舞者的優雅姿態，讓她在舞台上開始跳舞之前就看起來像一位女王。""}]}],""synonyms"":[{""word"":""posture"",""pos"":""noun"",""translation"":""姿勢；體態"",""explanation"":""指身體的物理位置""}],""antonyms"":[]}],""conjugations"":null,""relatives"":{""morphology"":""來自動詞 carry (攜帶、運送) + 名詞字尾 -age"",""related"":[{""word"":""carrier"",""pos"":""noun"",""translation"":""運送者；載體"",""explanation"":""指運送物品或傳播疾病的的人或物。""}]}}"	none		0
cart	cart n./v.	"{""headword"":""cart"",""explanation"":""「cart」在學測中主要作為名詞表示「推車/貨車」，但在現代英語中，其動詞用法（如 cart away）常出現在描述清理或搬運的語境中。"",""senses"":[{""sense"":""推車；小貨車（用來運送物品的簡單車輛）"",""entries"":[{""pattern"":""cart"",""pos"":""noun"",""translation"":""手推車；小貨車"",""explanation"":""指用來運送貨物的簡單車輛，可以是手推的或由動物牽引的。"",""sentences"":[{""sentence"":""The farmer used a wooden <target>cart</target> to move the heavy bags of corn from the field to the barn."",""translation"":""農夫使用一台木製的小貨車將沉重的玉米袋從田野運到穀倉。""},{""sentence"":""When I go to the supermarket, I always take a shopping <target>cart</target> so that I can buy more groceries for my family."",""translation"":""當我去超市時，我總是拿一台購物車，這樣我我可以為家人買更多雜貨。""}]}],""synonyms"":[{""word"":""trolley"",""pos"":""noun"",""translation"":""手推車"",""explanation"":""英式英語常用詞""},{""word"":""wagon"",""pos"":""noun"",""translation"":""貨車"",""explanation"":""較大型的運貨車""}],""antonyms"":[]},{""sense"":""運送；搬運（通常指搬運沉重或不便的物品）"",""entries"":[{""pattern"":""cart sth. away"",""pos"":""phrase"",""translation"":""將某物運走"",""explanation"":""動詞搭配，強調搬運沉重的物品離開現場。"",""sentences"":[{""sentence"":""After the storm, the city workers had to <target>cart</target> the fallen trees <pattern>away</pattern> to keep the roads clear."",""translation"":""風暴過後，城市工人不得不將倒下的樹木運走，以保持道路暢通。""}]}],""synonyms"":[{""word"":""transport"",""pos"":""verb"",""translation"":""運輸；運送"",""explanation"":""更正式的運送方式""},{""word"":""haul"",""pos"":""verb"",""translation"":""用力拖運"",""explanation"":""強調搬運過程的辛苦""}],""antonyms"":[]}],""conjugations"":{""past_tense"":""carted"",""past_participle"":""carted""},""relatives"":{""morphology"":null,""related"":[]}}"	none		0
cast	cast v./n.	"{""headword"":""cast"",""explanation"":""「cast」在學測中是一個多義詞，其語意分佈極廣。學生必須區分其作為動詞（投擲、分派角色、鑄造）與名詞（演員陣容、石膏），在閱讀理解中，尤其是藝術與戲劇相關文本中，高頻出現。"",""senses"":[{""sense"":""投擲；投射（將某物扔出或將光線/目光投射到某處）"",""entries"":[{""pattern"":""cast sth."",""pos"":""verb"",""translation"":""投擲某物"",""explanation"":""指將某物扔出去，常用於投釣魚線或投擲物品。"",""sentences"":[{""sentence"":""The fisherman carefully <target>cast</target> his line into the deep blue water, hoping to catch a large fish."",""translation"":""漁夫小心地將魚線投進深藍色的水中，希望捕捉到一條大魚。""}]},{""pattern"":""cast a shadow / glance"",""pos"":""phrase"",""translation"":""投射陰影／投以目光"",""explanation"":""常用於描述視覺效果或目光的動作，是寫作中的高階描述詞。"",""sentences"":[{""sentence"":""The tall buildings in the city <target>cast</target> a long <pattern>shadow</pattern> over the park, making it feel cool and dark."",""translation"":""城市中高大的建築物在公園裡投射出長長的陰影，使其感覺陰涼且昏暗。""},{""sentence"":""The surprised girl <target>cast</target> a quick <pattern>glance</pattern> at her classmate, wondering why he was laughing so loudly."",""translation"":""驚訝的女孩快速地瞥了同學一眼，好奇為什麼他笑得這麼大聲。""}]}],""synonyms"":[{""word"":""throw"",""pos"":""verb"",""translation"":""扔；投擲"",""explanation"":""最普遍的投擲動作""},{""word"":""word"",""pos"":""verb"",""translation"":""投射"",""explanation"":""常用於光線或陰影""}],""antonyms"":[]},{""sense"":""分派角色；選角（在戲劇或電影中決定誰演哪個角色）"",""entries"":[{""pattern"":""cast sb. as sth."",""pos"":""phrase"",""translation"":""將某人分派為…"",""explanation"":""常用於描述電影或劇組的選角過程。"",""sentences"":[{""sentence"":""Because of her amazing acting skills and natural beauty, the director <target>cast</target> her <pattern>as</pattern> the lead actress in the movie."",""translation"":""因為她驚人的演技和自然美貌，導演將她分派為電影中的女主角。""}]}],""synonyms"":[{""word"":""assign"",""pos"":""verb"",""translation"":""指派；分派"",""explanation"":""泛指所有分派任務的動作""}],""antonyms"":[]},{""sense"":""演員陣容（電影或劇組的所有演員）"",""entries"":[{""pattern"":""cast"",""pos"":""noun"",""translation"":""演員陣容"",""explanation"":""指參與該作品的所有演員。"",""sentences"":[{""sentence"":""The movie had a very famous <target>cast</target>, including several award-winning actors who are known for their great talent."",""translation"":""這部電影有非常著名的演員陣容， including several award-winning actors who are known for their great talent. (Translation: 這部電影有非常著名的演員陣容，包括幾位以才華著稱的獲獎演員。)""}]}],""synonyms"":[{""word"":""actors"",""pos"":""noun"",""translation"":""演員"",""explanation"":""指個體的演員""}],""antonyms"":[]},{""sense"":""石膏；鑄造 (醫療或工業) "",""entries"":[{""pattern"":""cast"",""pos"":""noun"",""translation"":""石膏；鑄件"",""explanation"":""指醫療上用於固定骨折處的石膏，或工業上將液體金屬或塑料放入模具中鑄造出的成品。"",""sentences"":[{""sentence"":""The boy had to wear a heavy <target>cast</target> on his arm for six weeks after he broke his leg during the soccer game."",""translation"":""那個男孩在足球賽中骨折後，手臂上不得不戴著沉重的石膏六週。""}]}],""synonyms"":[{""word"":""mold"",""pos"":""noun"",""translation"":""模具"",""explanation"":""與鑄造過程相關""}],""antonyms"":[]}],""conjugations"":{""past_tense"":""cast"",""past_participle"":""cast""},""relatives"":{""morphology"":null,""related"":[]}}"	none		0
chat	chat n./v.	"{""headword"":""chat"",""explanation"":""「chat」在學測中既可作為動詞也可作為名詞，其核心語意是「輕鬆、非正式的交談」。在寫作中，可用於描述社交互動或網路聊天，注意它與 formal discussion 的區別。"",""senses"":[{""sense"":""輕鬆地交談；聊天（非正式的溝通）"",""entries"":[{""pattern"":""chat with sb."",""pos"":""phrase"",""translation"":""與某人聊天"",""explanation"":""最常用的搭配，強調雙方在輕鬆的氣氛中交流想法或分享生活。"",""sentences"":[{""sentence"":""After the long and boring history class, the students gathered in the hallway to <target>chat</target> <pattern>with</pattern> their classmates about the weekend."",""translation"":""在漫長且無聊的歷史課後，學生們聚集在走廊上與同學聊關於週末的事情。""}]},{""pattern"":""chat about sth."",""pos"":""phrase"",""translation"":""聊關於某事"",""explanation"":""後接討論的主題，通常是生活瑣事或非正式的內容。"",""sentences"":[{""sentence"":""The two old friends spent the entire afternoon in a small coffee shop to <target>chat</target> <pattern>about</pattern> their childhood memories."",""translation"":""這兩個老朋友在一家小咖啡廳裡花了一整個下午，聊著他們童年的回憶。""}]}],""synonyms"":[{""word"":""gossip"",""pos"":""verb"",""translation"":""閒聊；八卦"",""explanation"":""傾向於談論他人私事，語氣較不正式且有時帶有負面色彩。""},{""word"":""converse"",""pos"":""verb"",""translation"":""交談；對話"",""explanation"":""較為正式的用語，指兩者或多人之間的溝通。""}],""antonyms"":[]},{""sense"":""聊天；談話（名詞形式，指一次非正式的對話）"",""entries"":[{""pattern"":""have a chat"",""pos"":""phrase"",""translation"":""聊聊天"",""explanation"":""將 chat 作為名詞，搭配 have a 用來描述一次短暫且輕鬆的交談。"",""sentences"":[{""sentence"":""If you have any questions about the school project, you should <pattern>have</pattern> a <target>chat</target> with your teacher after class."",""translation"":""如果你對學校專案有任何問題，你應該在課後與你的老師聊聊。""}]}],""synonyms"":[{""word"":""conversation"",""pos"":""noun"",""translation"":""對話；交談"",""explanation"":""泛指任何形式的對話，比 chat 更正式。""}],""antonyms"":[]}],""conjugations"":{""past_tense"":""chatted"",""past_participle"":""chatted""},""relatives"":{""morphology"":null,""related"":[{""word"":""chatter"",""pos"":""verb"",""translation"":""喋喋不休地說"",""explanation"":""指快速、連續地說話，通常帶有瑣碎或煩人的感覺。""}]}}"	none		0
cheek	cheek n.	"{""headword"":""cheek"",""explanation"":""「cheek」在學測中主要作為名詞，除了指身體部位「臉頰」外，在非正式語境中也可以指「厚臉皮」或「魯莽」，這在閱讀理解中需要注意區分。"",""senses"":[{""sense"":""臉頰（臉部兩側的肌肉部位）"",""entries"":[{""pattern"":""cheek"",""pos"":""noun"",""translation"":""臉頰"",""explanation"":""指臉部兩側的皮膚與肌肉部分。"",""sentences"":[{""sentence"":""The baby's <target>cheeks</target> turned bright red after he played in the cold wind for an hour in the park."",""translation"":""那個寶寶在公園的冷風中玩了一小時後，臉頰變成了鮮紅色。""}]}],""synonyms"":[],""antonyms"":[]},{""sense"":""厚臉皮；魯莽（非正式，指不尊重的態度）"",""entries"":[{""pattern"":""cheek"",""pos"":""noun"",""translation"":""厚臉皮；魯莽"",""explanation"":""指一個人缺乏尊重且過分自信地說話或行動。"",""sentences"":[{""sentence"":""The teacher was surprised by the student's <target>cheek</target> when he told the principal that the homework was too boring."",""translation"":""當學生告訴校長功課太無聊時，老師對該學生的厚臉皮感到驚訝。""}]}],""synonyms"":[{""word"":""impudence"",""pos"":""noun"",""translation"":""魯莽；厚臉皮"",""explanation"":""較為正式的詞彙，指不尊重的態度。""},{""word"":""audacity"",""pos"":""noun"",""translation"":""大膽；魯莽"",""explanation"":""強調敢於做某事，有時帶有負面意思。""}],""antonyms"":[]}],""conjugations"":null,""relatives"":{""morphology"":null,""related"":[{""word"":""cheeky"",""pos"":""adjective"",""translation"":""厚臉皮的；俏皮的"",""explanation"":""由名詞 cheek 加上形容詞字尾 -y 延伸而來。""}]}}"	none		0
cheerful	cheerful adj.	"{""headword"":""cheerful"",""explanation"":""「cheerful」用來描述人的心情或外觀，強調一種正向、快樂且願意分享這種快樂的狀態。在寫作中，ppositive emotional state 常用此字。"",""senses"":[{""sense"":""快活的；樂觀的（心情愉快且表現出快樂）"",""entries"":[{""pattern"":""cheerful"",""pos"":""adjective"",""translation"":""快活的；樂觀的"",""explanation"":""用來修飾人或其表現出的快樂狀態。"",""sentences"":[{""sentence"":""Despite the heavy rain and the cold weather, the tour guide remained <target>cheerful</target> and kept the tourists happy."",""translation"":""儘管雨很大且天氣寒冷，導遊依然保持快活，並讓遊客們感到開心。""}]},{""pattern"":""a cheerful smile"",""pos"":""phrase"",""translation"":""快活的笑容"",""explanation"":""常用於描述人的面部表情，增加文章的生動感。"",""sentences"":[{""sentence"":""The receptionist greeted every visitor with a <target>cheerful</target> <pattern>smile</pattern>, making everyone feel welcome in the office."",""translation"":""接待員以一個快活的笑容迎接每一位訪客，讓每個人在辦公室裡都感到受歡迎。""}]}],""synonyms"":[{""word"":""happy"",""pos"":""adjective"",""translation"":""快樂的"",""explanation"":""最通用且基礎的詞彙。""},{""word"":""optimistic"",""pos"":""adjective"",""translation"":""樂觀的"",""explanation"":""強調對未來有正向的看法。""},{""word"":""jovial"",""pos"":""adjective"",""translation"":""快活的"",""explanation"":""較為正式，指心情極其愉快且友善。""}],""antonyms"":[{""word"":""miserable"",""pos"":""adjective"",""translation"":""痛苦的；悲慘的"",""explanation"":""指心情極其低落且不快樂。""},{""word"":""gloomy"",""pos"":""adjective"",""translation"":""陰沉的；憂鬱的"",""explanation"":""explanations: ""}]}],""conjugations"":null,""relatives"":{""morphology"":""名詞 cheer (歡呼/鼓勵) + 形容詞字尾 -ful (充滿...的)"",""related"":[{""word"":""cheerfully"",""pos"":""adverb"",""translation"":""快活地"",""explanation"":""由形容詞 cheerful 加上副詞字尾 -ly 延伸而來。""},{""word"":""cheer"",""pos"":""verb"",""translation"":""歡呼；鼓勵"",""explanation"":""核心基礎動詞型態。""}]}}"	none		0
cherry	cherry n./adj.	"{""headword"":""cherry"",""explanation"":""「cherry」在學測中通常作為名詞指水果，但在某些情境下也可以作為形容詞指顏色或特定種類的種類。"",""senses"":[{""sense"":""櫻桃（一種紅色的小圓形水果）"",""entries"":[{""pattern"":""cherry"",""pos"":""noun"",""translation"":""櫻桃"",""explanation"":""指一種常見的水果。"",""sentences"":[{""sentence"":""The young girl loved eating fresh <target>cherries</target> from the garden, as they were both sweet and juicy."",""translation"":""那個小女孩很喜歡吃來自花園的鮮櫻桃，因為它們既甜又多汁。""}]}],""synonyms"":[],""antonyms"":[]},{""sense"":""櫻桃紅色的（指顏色）"",""entries"":[{""pattern"":""cherry red"",""pos"":""phrase"",""translation"":""櫻桃紅色的"",""explanation"":""用來描述物體的顏色，通常指鮮紅色的。"",""sentences"":[{""sentence"":""The man bought a beautiful <target>cherry</target> <pattern>red</pattern> car, which stood out among all the other grey vehicles in the parking lot."",""translation"":""這個男人買了一輛漂亮的櫻桃紅色汽車，在停車場的所有灰色車輛中顯得格外突出。""}]}],""synonyms"":[],""antonyms"":[]}],""conjugations"":null,""relatives"":{""morphology"":null,""related"":[]}}"	none		0
chest	chest n.	"{""headword"":""chest"",""explanation"":""「chest」在學測中具有兩個截然不同的語意：一是指身體部位「胸部」，二是指大型的儲物箱「箱子」。學生必須根據上下文來判斷其含義。"",""senses"":[{""sense"":""胸部（身體前側的部位）"",""entries"":[{""pattern"":""chest"",""pos"":""noun"",""translation"":""胸部"",""explanation"":""指人或動物的身體前側部位。"",""sentences"":[{""sentence"":""The doctor asked the patient to breathe deeply and then placed the stethoscope on his <target>chest</target> to listen to his heart."",""translation"":""醫生要求患者深呼吸，然後將聽診器放在他的胸部以聆聽心跳。""}]}],""synonyms"":[],""antonyms"":[]},{""sense"":""大箱子（儲物用的大型木箱或金屬箱）"",""entries"":[{""pattern"":""chest"",""pos"":""noun"",""translation"":""儲物箱；大箱子"",""explanation"":""指一個用來儲物的大型容器，通常是木製的。"",""sentences"":[{""sentence"":""The pirates found an ancient wooden <target>chest</target> buried in the sand, and inside it were many gold coins and expensive jewelry."",""translation"":""海盜們在沙中發現了一個古老的木製儲物箱，裡面有許多金幣和昂貴的珠寶。""}]}],""synonyms"":[{""word"":""box"",""pos"":""noun"",""translation"":""盒子；箱子"",""explanation"":""指任何形式的容器。""},{""word"":""trunk"",""pos"":""noun"",""translation"":""大行李箱；儲物箱"",""explanation"":""常用於指大型的儲物箱。""}],""antonyms"":[]}],""conjugations"":null,""relatives"":{""morphology"":null,""related"":[]}}"	none		0
chill	chill n./v./adj.	"{""headword"":""chill"",""explanation"":""「chill」在學測中具有多重語意。名詞指「寒意」，動詞指「冷卻」或現代口語中的「放鬆」，而形容詞則指「寒冷的」。學生應特別注意其在不同詞性中的情感色彩，尤其是現代英文中作為「放鬆」的用法，常出現在聽力或情境對話中。"",""senses"":[{""sense"":""寒意；寒冷（名詞，指環境中令人不適的低溫）"",""entries"":[{""pattern"":""a chill in the air"",""pos"":""phrase"",""translation"":""空氣中的寒意"",""explanation"":""描述天氣轉冷，常用於文章開頭營造氛圍。"",""sentences"":[{""sentence"":""As October arrived, there was a noticeable <pattern>chill</pattern> <pattern>in the air</pattern>, signaling that winter was just around the corner."",""translation"":""十月到來時，空氣中有一股明顯的寒意，預示著冬天就在眼前。""}]}],""synonyms"":[{""word"":""coldness"",""pos"":""noun"",""translation"":""寒冷"",""explanation"":""泛指低溫狀態""}],""antonyms"":[{""word"":""warmth"",""pos"":""noun"",""translation"":""溫暖"",""explanation"":""指環境或情感上的溫暖""}]},{""sense"":""冷卻；使寒冷（動詞，物理上的降溫或心理上的恐懼）"",""entries"":[{""pattern"":""chill sth."",""pos"":""verb"",""translation"":""冷卻某物"",""explanation"":""指將食物或飲料放入冰箱使其冷卻。"",""sentences"":[{""sentence"":""The chef advised us to <target>chill</target> the white wine for an hour before serving it to the guests."",""translation"":""主廚建議我們在將白葡萄酒端給客人之前，先將其冷卻一小時。""}]}],""synonyms"":[{""word"":""cool"",""pos"":""verb"",""translation"":""冷卻"",""explanation"":""較溫和的降溫""}],""antonyms"":[]},{""sense"":""放鬆；冷靜（現代口語，常用於社交情境）"",""entries"":[{""pattern"":""chill out"",""pos"":""phrase"",""translation"":""放鬆；冷靜下來"",""explanation"":""非常口語的用法，指在壓力大時放鬆心情。"",""sentences"":[{""sentence"":""After a stressful week of final exams, my friends and I decided to <target>chill</target> <pattern>out</pattern> by the pool all weekend."",""translation"":""在壓力巨大的期末考週之後，我和朋友們決定整個週末都在泳池邊放鬆。""}]},{""pattern"":""be chill"",""pos"":""phrase"",""translation"":""很隨和；很放鬆"",""explanation"":""形容一個人個性好，不拘小節。"",""sentences"":[{""sentence"":""Our new English teacher is really <target>chill</target>, so he doesn't mind if we occasionally talk in low voices during class."",""translation"":""我們的新英文老師非常隨和，所以他不介意我們在課堂上偶爾小聲聊天。""}]}],""synonyms"":[{""word"":""relax"",""pos"":""verb"",""translation"":""放鬆"",""explanation"":""最標準的通用詞""},{""word"":""laid-back"",""pos"":""adjective"",""translation"":""隨和的"",""explanation"":""指個性不緊張、不拘小節""}],""antonyms"":[{""word"":""stressed"",""pos"":""adjective"",""translation"":""壓力大的"",""explanation"":""指心情緊張或焦慮""}]}],""conjugations"":{""past_tense"":""chilled"",""past_participle"":""chilled""},""relatives"":{""morphology"":null,""related"":[]}}"	none		0
chilly	chilly adj.	"{""headword"":""chilly"",""explanation"":""「chilly」是一個形容詞，用來描述一種「令人不適的低溫」。它與「cold」的不同之處在於，它強調的是一種主觀的感覺，通常指那種需要穿外套或加衣服的低溫，而非極端低溫。"",""senses"":[{""sense"":""寒冷的；令人發抖的（描述環境溫度）"",""entries"":[{""pattern"":""chilly"",""pos"":""adjective"",""translation"":""寒冷的"",""explanation"":""常用於描述早晨、夜晚或房間內的溫度。"",""sentences"":[{""sentence"":""The morning air was quite <target>chilly</target>, so I had to wear a thick sweater to stay warm while walking to school."",""translation"":""早晨的空氣相當寒冷，所以我走路去學校時必須穿一件厚毛衣來保暖。""}]},{""pattern"":""a chilly breeze"",""pos"":""phrase"",""translation"":""一陣寒風"",""explanation"":""常見的搭配，用來營造冷冽的氛圍。"",""sentences"":[{""sentence"":""A <target>chilly</target> breeze blew through the open window, making the students in the classroom shiver with cold."",""translation"":""一陣寒風從開著的窗戶吹進來，讓教室裡的學生們冷得發抖。""}]}],""synonyms"":[{""word"":""cold"",""pos"":""adjective"",""translation"":""寒冷的"",""explanation"":""最通用且中性的詞""},{""word"":""freezing"",""pos"":""adjective"",""translation"":""極冷地；結冰的"",""explanation"":""強調溫度極低""}],""antonyms"":[{""word"":""warm"",""pos"":""adjective"",""translation"":""溫暖的"",""explanation"":""指溫度適中且令人舒適""}]}],""conjugations"":null,""relatives"":{""morphology"":""由 chill (寒意) 加上形容詞字尾 -y"",""related"":[{""word"":""chill"",""pos"":""noun"",""translation"":""寒意"",""explanation"":""核心名詞型態。""}]}}"	none		0
chimney	chimney n.	"{""headword"":""chimney"",""explanation"":""「chimney」在閱讀測驗中常出現在描述西方建築、歷史或環境污染（如工業煙囪）的語境中。學生應區分其作為「家用煙囪」與「工業煙囪」的兩種不同場景。"",""senses"":[{""sense"":""煙囪（建築物上的排煙通道）"",""entries"":[{""pattern"":""chimney"",""pos"":""noun"",""translation"":""煙囪"",""explanation"":""指家用火爐的排煙口或工廠的巨大煙囪。"",""sentences"":[{""sentence"":""In old European villages, almost every house has a brick <target>chimney</target> on the roof to let smoke out from the fireplace."",""translation"":""在古老的歐洲村莊中，幾乎每戶人家在屋頂上都有一個磚砌煙囪，以便讓壁爐的煙排出。""},{""sentence"":""The huge <target>chimneys</target> of the chemical factory released thick, black smoke into the blue sky, causing serious air pollution."",""translation"":""化學工廠巨大的煙囪將濃厚的黑煙排入藍天，造成了嚴重的空氣污染。""}]}],""synonyms"":[],""antonyms"":[]}],""conjugations"":null,""relatives"":{""morphology"":null,""related"":[]}}"	none		0
chin	chin n.	"{""headword"":""chin"",""explanation"":""「chin」是基礎的人體部位名詞，常出現在描述人物外觀或特定片語中。"",""senses"":[{""sense"":""下巴（臉部最下方的部分）"",""entries"":[{""pattern"":""chin"",""pos"":""noun"",""translation"":""下巴"",""explanation"":""指臉部下方的突出部分。"",""sentences"":[{""sentence"":""The little boy rubbed his <target>chin</target> thoughtfully while trying to solve the difficult math problem on the whiteboard."",""translation"":""小男孩在試圖解決白板上那道困難的數學題時， thoughtful 地揉了揉下巴。""}]}],""synonyms"":[],""antonyms"":[]}],""conjugations"":null,""relatives"":{""morphology"":null,""related"":[]}}"	none		0
chip	chip n./v.	"{""headword"":""chip"",""explanation"":""「chip」在學測中是一個多義字。名詞時可指「碎片」、「晶片」或「洋芋片」，動詞時指「崩掉」或「削掉」。學生必須根據上下文文意（如科技類文章或食物類文章）快速判斷其正確意思。"",""senses"":[{""sense"":""碎片；小塊（由較大物體崩掉或削掉的小塊）"",""entries"":[{""pattern"":""a chip in sth."",""pos"":""phrase"",""translation"":""…上的裂痕／碎片"",""explanation"":""描述物體表面受損，例如杯子或盤子崩掉一塊。"",""sentences"":[{""sentence"":""I noticed a small <target>chip</target> <pattern>in</pattern> the rim of my favorite coffee cup, but it is still usable."",""translation"":""我注意到我最喜歡的咖啡杯的邊緣崩掉了一小塊，但它仍然可以使用。""}]}],""synonyms"":[{""word"":""fragment"",""pos"":""noun"",""translation"":""碎片"",""explanation"":""較正式的詞，指物體破碎後的碎片""},{""word"":""piece"",""pos"":""noun"",""translation"":""碎片；小塊"",""explanation"":"")+ 泛指任何小塊""}],""antonyms"":[]},{""sense"":""晶片（電子元件）"",""entries"":[{""pattern"":""computer chip / silicon chip"",""pos"":""phrase"",""translation"":""電腦晶片／矽晶片"",""explanation"":""科技類文章高頻搭配，指微小的電子元件。"",""sentences"":[{""sentence"":""Modern smartphones are powered by incredibly small and fast <target>chips</target>, which allow them to process information in seconds."",""translation"":""現代智慧型手機是由極其微小且快速的晶片所驅動的，這使得它們能在數秒內處理資訊。""}]}],""synonyms"":[],""antonyms"":[]},{""sense"":""洋芋片；炸薯條 (英式英文)"",""entries"":[{""pattern"":""potato chips"",""pos"":""phrase"",""translation"":""洋芋片"",""explanation"":""日常生活中最常見的食物搭配。"",""sentences"":[{""sentence"":""While watching the movie at home, the teenagers loved to eat a large bag of salty <target>chips</target> and drink cola."",""translation"":""在家看電影時，那些青少年喜歡吃一大包鹹鹹的洋芋片並喝可樂。""}]}],""synonyms"":[],""antonyms"":[]},{""sense"":""崩掉；削掉 (動詞)"",""entries"":[{""pattern"":""chip sth."",""pos"":""verb"",""translation"":""使…崩掉；削掉"",""explanation"":""指物體表面掉落小塊。"",""sentences"":[{""sentence"":""Be careful not to <target>chip</target> the expensive crystal glass when you are washing the dishes in the kitchen."",""translation"":""你在廚房洗碗時，小心不要把那個昂貴的水晶玻璃杯弄崩掉。""}]}],""synonyms"":[],""antonyms"":[]}],""conjugations"":{""past_tense"":""chipped"",""past_participle"":""chipped""},""relatives"":{""morphology"":null,""related"":[]}}"	none		0
chop	chop n./v.	"{""headword"":""chop"",""explanation"":""「chop」在學測中主要分為動作上的「砍/切」以及名詞上的「肉塊」。動詞用法時，要注意它與 cut 的區別：chop 強調的是用力且快速地切碎或砍斷，常出現在烹飪或伐木場景中。"",""senses"":[{""sense"":""砍；切碎（用力且快速地將物體分開）"",""entries"":[{""pattern"":""chop sth. (into pieces)"",""pos"":""verb"",""translation"":""將某物砍斷／切碎"",""explanation"":""及物動詞，常接蔬菜、木材或肉類，強調切成小塊的動作。"",""sentences"":[{""sentence"":""To prepare the fresh salad, the chef asked the assistant to <target>chop</target> the carrots <pattern>into</pattern> small, even pieces."",""translation"":""為了準備新鮮的沙拉，主廚要求助手將胡蘿蔔切成細小且均勻的碎片。""},{""sentence"":""The lumberjack used a heavy steel axe to <target>chop</target> the old fallen tree <pattern>into</pattern> shorter logs for the campfire."",""translation"":""伐木工使用一把沉重的鋼斧將那棵倒下的老樹砍成較短的圓木，用來生營火。""}]}],""synonyms"":[{""word"":""cut"",""pos"":""verb"",""translation"":""切；削減"",""explanation"":""最泛指的切開動作""},{""word"":""slice"",""pos"":""verb"",""translation"":""切片"",""explanation"":""強調切成薄片狀""}],""antonyms"":[]},{""sense"":""肉塊（通常指豬或羊的肩部肉）"",""entries"":[{""pattern"":""chop"",""pos"":""noun"",""translation"":""肉塊；肋排"",""explanation"":""通常指帶骨的肉塊，常用於餐飲描述中。"",""sentences"":[{""sentence"":""For the family dinner on Sunday, my grandmother decided to cook grilled pork <target>chops</target> with a side of steamed vegetables."",""translation"":""為了週日的家庭晚餐，我的祖母決定做烤豬排，並配上蒸蔬菜。""}]}],""synonyms"":[{""word"":""cut"",""pos"":""noun"",""translation"":""切塊"",""explanation"":""指肉類的不同切割部位""}],""antonyms"":[]}],""conjugations"":{""past_tense"":""chopped"",""past_participle"":""chopped""},""relatives"":{""morphology"":null,""related"":[]}}"	none		0
cigarette	cigarette n.	"{""headword"":""cigarette"",""explanation"":""「cigarette」在健康、社會議題類閱讀中是高頻名詞。重點在於它常與禁菸區、健康警示或成癮行為相關的搭配詞（collocation）一起出現。"",""senses"":[{""sense"":""香菸"",""entries"":[{""pattern"":""smoke a cigarette"",""pos"":""phrase"",""translation"":""抽菸"",""explanation"":""最基礎的動賓搭配，描述抽菸的動作。"",""sentences"":[{""sentence"":""The old man sat quietly on the wooden bench, slowly <target>smoking</target> a <pattern>cigarette</pattern> while watching the sunset over the ocean."",""translation"":""老人靜靜地坐在木凳上，緩慢地抽著菸，看著海邊的日落。""}]},{""pattern"":""cigarette smoke"",""pos"":""noun"",""translation"":""菸煙"",""explanation"":""複合名詞，指抽菸產生的煙霧，常出現在環境污染或健康討論中。"",""sentences"":[{""sentence"":""Because the room was small and poorly ventilated, the thick <target>cigarette</target> <pattern>smoke</pattern> made it very hard for the students to breathe."",""translation"":""因為房間狹小且通風不良，濃厚的菸煙讓學生們感到呼吸困難。""}]}],""synonyms"":[],""antonyms"":[]}],""conjugations"":null,""relatives"":{""morphology"":null,""related"":[]}}"	none		0
cinema	cinema n.	"{""headword"":""cinema"",""explanation"":""「cinema」在描述休閒活動、文化藝術或電影工業時使用。在美式英語中，通常使用 theater，但在學測閱讀中兩者通用，需注意其指代「電影院」或「電影藝術」兩種語意。"",""senses"":[{""sense"":""電影院（放映電影的場所）"",""entries"":[{""pattern"":""go to the cinema"",""pos"":""phrase"",""translation"":""去電影院"",""explanation"":""固定搭配，指前往電影院觀看電影的社交活動。"",""sentences"":[{""sentence"":""After finishing all their homework on Friday night, the teenagers decided to <pattern>go</pattern> <pattern>to</pattern> the <target>cinema</target> to see the latest superhero movie."",""translation"":""週五晚上完成所有作業後，青少年們決定去電影院看最新的超級英雄電影。""}]}],""synonyms"":[{""word"":""movie theater"",""pos"":""noun"",""translation"":""電影院"",""explanation"":""美式英語常用詞""}],""antonyms"":[]},{""sense"":""電影（作為一種藝術形式或工業）"",""entries"":[{""pattern"":""the cinema"",""pos"":""noun"",""translation"":""電影藝術；電影工業"",""explanation"":""指電影作為一種媒介或文化產物，而非單一的建築物。"",""sentences"":[{""sentence"":""The professor's lecture focused on how early <target>cinema</target> changed the way people perceived time and space in the late nineteenth century."",""translation"":""教授的講座聚焦於早期電影如何改變了十九世紀末人們感知時間與空間的方式。""}]}],""synonyms"":[{""word"":""film"",""pos"":""noun"",""translation"":""電影；影片"",""explanation"":""較為正式的說法""}],""antonyms"":[]}],""conjugations"":null,""relatives"":{""morphology"":null,""related"":[]}}"	none		0
circus	circus n.	"{""headword"":""circus"",""explanation"":""「circus」在學測中通常出現在描述傳統娛樂、動物權利或文化遺產的閱讀測驗中。理解此字時，應將其與表演者（如 acrobats, clowns）聯繫起來。"",""senses"":[{""sense"":""馬戲團；馬戲表演"",""entries"":[{""pattern"":""a circus"",""pos"":""noun"",""translation"":""馬戲團"",""explanation"":""指表演團體或其演出場所。"",""sentences"":[{""sentence"":""The children were excited to see the <target>circus</target> perform in the city park, where they saw amazing acrobats and funny clowns."",""translation"":""孩子們很興奮看到馬戲團在城市公園演出，在那裡他們看到了令人驚嘆的特技演員和滑稽的小丑。""},{""sentence"":""Many people now <target>object</target> to the use of wild animals in the <pattern>circus</pattern>, arguing that it is cruel to keep them in cages."",""translation"":""現在許多人反對在馬戲團中使用野生動物，認為將牠們關在籠子裡是很殘忍的。""}]}],""synonyms"":[],""antonyms"":[]}],""conjugations"":null,""relatives"":{""morphology"":null,""related"":[]}}"	none		0
citizen	citizen n.	"{""headword"":""citizen"",""explanation"":""「citizen」是公民社會、法律權利與全球化議題中的核心詞彙。在學測中，常與 rights (權利), duties (義務) 或 global (全球) 搭配，形成對比或論述。"",""senses"":[{""sense"":""公民；國民（具有某國法律身分的人）"",""entries"":[{""pattern"":""a citizen of sth."",""pos"":""phrase"",""translation"":""…的公民"",""explanation"":""用來界定某人的國籍或法律身分。"",""sentences"":[{""sentence"":""After living in Canada for ten years and passing the language test, the immigrant finally became a <target>citizen</target> <pattern>of</pattern> the country."",""translation"":""在加拿大居住十年並通過語言測試後，這名移民終於成為該國的公民。""}]},{""pattern"":""global citizen"",""pos"":""phrase"",""translation"":""全球公民"",""explanation"":""高頻寫作詞彙，指具有全球視野、關注國際問題的人。"",""sentences"":[{""sentence"":""The school encourages students to become <target>citizens</target> <pattern>of</pattern> the world by learning foreign languages and studying different cultures."",""translation"":""學校鼓勵學生透過學習外語和研究不同文化來成為全球公民。""}]}],""synonyms"":[{""word"":""national"",""pos"":""noun"",""translation"":""國民"",""explanation"":""強調法律上的國籍身分""}],""antonyms"":[{""word"":""alien"",""pos"":""noun"",""translation"":""外國人；外來者"",""explanation"":""指非該國公民的人""}]}],""conjugations"":null,""relatives"":{""morphology"":""字根 cit (呼喚、召集) + 字尾 -izen"",""related"":[{""word"":""citizenship"",""pos"":""noun"",""translation"":""公民權；公民身分"",""explanation"":""由 citizen 加上名詞字尾 -ship 延伸而來。""},{""word"":""civic"",""pos"":""adjective"",""translation"":""公民的；城市的"",""explanation"":""與 citizen 同源，指與公民責任相關的。""}]}}"	none		0
civil	civil adj.	"{""headword"":""civil"",""explanation"":""「civil」在學測中具有多重義項，最常見的是與「公民」或「平民」相關的法律、權利討論，以及描述人的「文明/有禮貌」程度。區分其「法律/行政」面與「社交/禮貌」面是解題關鍵。"",""senses"":[{""sense"":""公民的；民事的（與軍事或刑事相對）"",""entries"":[{""pattern"":""civil rights"",""pos"":""phrase"",""translation"":""公民權利"",""explanation"":""指法律賦予所有公民的平等權利，常用於討論社會正義、平等或歷史運動。"",""sentences"":[{""sentence"":""During the mid-twentieth century, many brave leaders fought hard to protect the <pattern>civil</pattern> <target>rights</target> of all minority groups."",""translation"":""在二十世紀中期，許多勇敢的領袖努力爭取保護所有少數群體的公民權利。""}]}],""synonyms"":[],""antonyms"":[]}],""conjugations"":null,""relatives"":{""morphology"":""字根 civ (公民)"",""related"":[{""word"":""civilize"",""pos"":""verb"",""translation"":""使文明化"",""explanation"":""使一個社會具備文明的特徵。""},{""word"":""civilization"",""pos"":""noun"",""translation"":""文明"",""explanation"":""人類社會的高度發展狀態。""},{""word"":""civility"",""pos"":""noun"",""translation"":""有禮貌；文明"",""explanation"":""指社交上的禮貌與文明行為。""}]}}"	none		0
clay	clay n.	"{""headword"":""clay"",""explanation"":""「clay」常出現在描述考古發現、藝術創作或自然地理的閱讀測驗中，強調其可塑性強且乾燥後會變硬的特性。"",""senses"":[{""sense"":""黏土；陶土"",""entries"":[{""pattern"":""clay"",""pos"":""noun"",""translation"":""黏土"",""explanation"":""指一種天然的、細膩的土質，可用於製作陶器或建築材料。"",""sentences"":[{""sentence"":""The art students used soft, wet <target>clay</target> to create detailed models of animals for their final project in the sculpture class."",""translation"":""藝術系學生使用柔軟、潮濕的黏土為他們雕塑課的期末專案製作詳細的動物模型。""}]}],""synonyms"":[],""antonyms"":[]}],""conjugations"":null,""relatives"":{""morphology"":null,""related"":[]}}"	none		0
cleaner	cleaner n.	"{""headword"":""cleaner"",""explanation"":""「cleaner」在學測中通常是指執行清潔工作的「人員」或用於清潔的「設備/化學劑」。區分人員與物品是理解句意的重點。"",""senses"":[{""sense"":""清潔人員；清潔工"",""entries"":[{""pattern"":""cleaner"",""pos"":""noun"",""translation"":""清潔工"",""explanation"":""指負責維持環境衛生的人員。"",""sentences"":[{""sentence"":""The school <target>cleaner</target> arrives every evening after the students leave to make sure all the classrooms are tidy and dust-free."",""translation"":""學校清潔工每天在學生離開後的傍晚到達，以確保所有教室都整潔且沒有灰塵。""}]}],""synonyms"":[],""antonyms"":[]}],""conjugations"":null,""relatives"":{""morphology"":""動詞 clean 加上名詞字尾 -er"",""related"":[{""word"":""clean"",""pos"":""adjective"",""translation"":""乾淨的"",""explanation"":""基礎形容詞。""},{""word"":""cleanliness"",""pos"":""noun"",""translation"":""清潔；衛生"",""explanation"":""指乾淨的狀態。""}]}}"	none		0
client	client n.	"{""headword"":""client"",""explanation"":""「client」與 customer 的區別在於 client 通常指接受專業服務（如法律、會計、心理諮詢）的「客戶」，而非購買現成商品的消費者。"",""senses"":[{""sense"":""客戶；委託人"",""entries"":[{""pattern"":""a client of sth."",""pos"":""phrase"",""translation"":""…的客戶"",""explanation"":""指接受特定專業服務的人。"",""sentences"":[{""sentence"":""The lawyer spent several hours reviewing the documents to ensure that every <target>client</target> <pattern>of</pattern> his received the best legal advice."",""translation"":""律師花了好幾個小時審閱文件，以確保他的每一位客戶都能得到最好的法律建議。""}]}],""synonyms"":[],""antonyms"":[]}],""conjugations"":null,""relatives"":{""morphology"":null,""related"":[]}}"	none		0
clinic	clinic n.	"{""headword"":""clinic"",""explanation"":""「clinic」通常指規模較小、專注於特定疾病或提供基礎醫療服務的「診所」，與大型醫院 (hospital) 形成對比。"",""senses"":[{""sense"":""診所；醫療中心"",""entries"":[{""pattern"":""a medical clinic"",""pos"":""phrase"",""translation"":""醫療診所"",""explanation"":""指提供基礎診斷與治療的場所。"",""sentences"":[{""sentence"":""Because she had a terrible cold, the girl decided to visit the local <target>clinic</target> to get some medicine and a professional check-up."",""translation"":""因為患了嚴重的感冒，女孩決定去當地的診所拿藥並接受專業的檢查。""}]}],""synonyms"":[],""antonyms"":[]}],""conjugations"":null,""relatives"":{""morphology"":null,""related"":[]}}"	none		0
clip	clip n./v.	"{""headword"":""clip"",""explanation"":""「clip」在學測中具有多重語意。名詞時可指具體的「夾子」或媒體上的「片段」；動詞時則可指「修剪」或「截取」。學生需根據上下文（如美髮、剪輯影片或辦公室用品）來快速判斷其正確含義。"",""senses"":[{""sense"":""夾子；夾具（將東西固定在一起的工具）"",""entries"":[{""pattern"":""clip"",""pos"":""noun"",""translation"":""夾子"",""explanation"":""指用來將紙張或頭髮固定在一起的小工具。"",""sentences"":[{""sentence"":""She used a small metal <target>clip</target> to keep the important documents together so they would not blow away in the wind."",""translation"":""她用一個小金屬夾子將重要文件固定在一起，以免它們在風中被吹走。""}]}],""synonyms"":[{""word"":""fastener"",""pos"":""noun"",""translation"":""緊固件；夾具"",""explanation"":""泛指所有能將物品固定住的工具""}],""antonyms"":[]},{""sense"":""片段；短片（影片或音訊的截取部分）"",""entries"":[{""pattern"":""video clip"",""pos"":""phrase"",""translation"":""影片片段"",""explanation"":""在數位媒體情境中極其高頻，指從完整作品中截取的一小段。"",""sentences"":[{""sentence"":""The news reporter showed a short <pattern>video</pattern> <target>clip</target> of the sudden earthquake to explain how the ground shook violently."",""translation"":""新聞記者展示了一段關於突然地震的短影片片段，以解釋地面是如何劇烈搖晃的。""}]}],""synonyms"":[{""word"":""snippet"",""pos"":""noun"",""translation"":""片段；碎片"",""explanation"":""指一小段文字或音訊""},{""word"":""excerpt"",""pos"":""noun"",""translation"":""摘錄；片段"",""explanation"":""較正式，常用於文學作品的截取""}],""antonyms"":[]},{""sense"":""修剪；剪斷（縮短長度或去除多餘部分）"",""entries"":[{""pattern"":""clip sth."",""pos"":""verb"",""translation"":""修剪某事"",""explanation"":""常用於修剪指甲、頭髮或園藝修剪。"",""sentences"":[{""sentence"":""The gardener spent the entire morning using sharp tools to <target>clip</target> the overgrown hedges around the school garden."",""translation"":""園丁花了一整個早晨使用鋒利的工具來修剪學校花園裡過度生長的樹籬。""},{""sentence"":""I need to <target>clip</target> my fingernails before the piano competition because they are too long and hit the keys."",""translation"":""在鋼琴比賽之前，我需要修剪指甲，因為它們太長且會撞擊琴鍵。""}]}],""synonyms"":[{""word"":""trim"",""pos"":""verb"",""translation"":""修剪"",""explanation"":""指去除邊緣多餘的部分""},{""word"":""cut"",""pos"":""verb"",""translation"":""剪斷；切斷"",""explanation"":""最通用的剪切動詞""}],""antonyms"":[]},{""sense"":""截取；剪輯（將部分內容從整體中分離）"",""entries"":[{""pattern"":""clip sth. from sth."",""pos"":""phrase"",""translation"":""從…中截取某事"",""explanation"":""常用於從報紙截取剪報或從長影片中截取短片段。"",""sentences"":[{""sentence"":""The student <target>clipped</target> a useful article <pattern>from</pattern> the Sunday newspaper to use as a reference for his history essay."",""translation"":""學生從週日報紙中截取了一篇有用的文章，作為他歷史論文的參考資料。""}]}],""synonyms"":[{""word"":""extract"",""pos"":""verb"",""translation"":""提取；截取"",""explanation"":""較正式，指從中抽出某部分""}],""antonyms"":[]}],""conjugations"":{""past_tense"":""clipped"",""past_participle"":""clipped""},""relatives"":{""morphology"":null,""related"":[]}}"	none		0
closet	closet n.	"{""headword"":""closet"",""explanation"":""「closet」在學測中主要作為名詞，指室內的小房間或儲藏室。此外，它在比喻義中可用於描述「秘密的」狀態（如 closet fan 或 closet optimist），但對於 GSAT 學生而言，優先記憶其物理空間的含義。"",""senses"":[{""sense"":""儲藏室；衣櫥（用於存放物品的小空間）"",""entries"":[{""pattern"":""closet"",""pos"":""noun"",""translation"":""儲藏室；衣櫥"",""explanation"":""指室內一個專門用來存放衣服或雜物的小房間或櫃子。"",""sentences"":[{""sentence"":""After the flood, the family moved all their expensive electronics into the top <target>closet</target> to keep them safe and dry."",""translation"":""洪水之後，這家人將所有昂貴的電子產品移到頂層儲藏室中，以確保它們安全且乾燥。""},{""sentence"":""My sister spent an hour organizing her <target>closet</target>, sorting through old clothes that she no longer wears."",""translation"":""我姊姊花了一小時整理她的衣櫥，對那些她不再穿的舊衣服進行分類。""}]}],""synonyms"":[{""word"":""cupboard"",""pos"":""noun"",""translation"":""櫥櫃"",""explanation"":""通常指廚房或儲藏室的櫃子""},{""word"":""wardrobe"",""pos"":""noun"",""translation"":""衣櫥"",""explanation"":""通常指獨立的衣櫃""}],""antonyms"":[]}],""conjugations"":null,""relatives"":{""morphology"":null,""related"":[]}}"	none		0
clothe	clothe v.	"{""headword"":""clothe"",""explanation"":""「clothe」是一個動詞，意為「提供衣服」。學生常將其與名詞 clothes (衣服) 或形容詞 clothing (服裝) 混淆。注意其發音與拼寫，特別是在作為動詞時的用法。"",""senses"":[{""sense"":""給…穿衣；為…提供衣服"",""entries"":[{""pattern"":""clothe sb. in sth."",""pos"":""phrase"",""translation"":""讓某人穿上…"",""explanation"":""描述某人被賦予特定的服裝，常用於描述歷史背景或特定社會階級的服裝。"",""sentences"":[{""sentence"":""In the old movie, the rich king was <target>clothed</target> <pattern>in</pattern> expensive gold silk and heavy jewelry to show his power."",""translation"":""在舊電影中，富有的國王穿著昂貴的金絲綢和沉重的珠寶，以展示他的權力。""},{""sentence"":""The charity organization works hard to <target>clothe</target> homeless people during the cold winter months to prevent them from freezing."",""translation"":""慈善組織努力在寒冷的冬季為無家可歸者提供衣服，以防止他們被凍僵。""}]}],""synonyms"":[{""word"":""dress"",""pos"":""verb"",""translation"":""穿衣"",""explanation"":""最常用的穿衣動詞""}],""antonyms"":[]}],""conjugations"":{""past_tense"":""clothed"",""past_participle"":""clothed""},""relatives"":{""morphology"":null,""related"":[{""word"":""clothes"",""pos"":""noun"",""translation"":""衣服"",""explanation"":""clothe 的名詞型態，指具體的衣服。""},{""word"":""clothing"",""pos"":""noun"",""translation"":""服裝"",""explanation"":""集合名詞，指服裝這類物品。""}]}}"	none		0
clown	clown n./v.	"{""headword"":""clown"",""explanation"":""「clown」在學測中主要作為名詞指「小丑」，但在某些語境中，它可用於比喻義，指稱那些行為舉止像小丑一樣滑稽、愚蠢的人。作為動詞時，則指「裝傻」或「做滑稽動作」。"",""senses"":[{""sense"":""小丑；滑稽演員"",""entries"":[{""pattern"":""clown"",""pos"":""noun"",""translation"":""小丑"",""explanation"":""指在馬戲團或派對上表演的專業演員。"",""sentences"":[{""sentence"":""The children laughed loudly when the <target>clown</target> accidentally tripped over his own oversized shoes and fell on the floor."",""translation"":""當小丑不小心被自己巨大的鞋子絆到並摔在地上時，孩子們大聲地笑了。""}]}],""synonyms"":[{""word"":""jester"",""pos"":""noun"",""translation"":""宮廷小丑"",""explanation"":""指古代宮廷中的滑稽演員""}],""antonyms"":[]},{""sense"":""愚蠢的人（比喻義）"",""entries"":[{""pattern"":""be a clown"",""pos"":""phrase"",""translation"":""像小丑一樣（愚蠢、好笑）"",""explanation"":""用於描述某人為了吸引注意力而做出愚蠢的行為。"",""sentences"":[{""sentence"":""Stop <target>clowning</target> around in the library and focus on your studies, or the teacher will send you out."",""translation"":""別在圖書館裡裝傻搞怪了，專注於你的學習，否則老師會把你趕出去。""}]}],""synonyms"":[{""word"":""fool"",""pos"":""noun"",""translation"":""傻瓜"",""explanation"":""指行為愚蠢的人""}],""antonyms"":[]},{""sense"":""裝傻；做滑稽動作"",""entries"":[{""pattern"":""clown around"",""pos"":""phrase"",""translation"":""裝傻；搞怪"",""explanation"":""常用於描述某人故意做出滑稽動作以逗笑他人。"",""sentences"":[{""sentence"":""During the school play, the lead actor started to <target>clown</target> <pattern>around</pattern> to make the nervous audience feel more relaxed."",""translation"":""在學校演出中，，主演開始裝傻搞怪，好讓緊張的觀眾感到更放鬆。""}]}],""synonyms"":[{""word"":""joke"",""pos"":""verb"",""translation"":""開玩笑"",""explanation"":""指用言語或動作做出滑稽事""}],""antonyms"":[]}],""conjugations"":{""past_tense"":""clowned"",""past_participle"":""clowned""},""relatives"":{""morphology"":null,""related"":[]}}"	none		0
clue	clue n.	"{""headword"":""clue"",""explanation"":""「clue」在學測中是核心名詞，常用於偵探故事、科學研究或解決問題的線索。學生應掌握其在否定句中表示「完全沒有頭緒」的用法（如 have no clue），這是高頻考點。"",""senses"":[{""sense"":""線索；提示（解決問題的關鍵資訊）"",""entries"":[{""pattern"":""clue"",""pos"":""noun"",""translation"":""線索"",""explanation"":""指解決問題或發現真相的資訊。"",""sentences"":[{""sentence"":""The police found a small piece of blue fabric as a <target>clue</target> at the crime scene to find the thief."",""translation"":""警方在犯罪現場發現了一塊藍色布料作為線索，用以尋找小偷。""},{""sentence"":""The teacher gave the students a small <target>clue</target> to help them solve the difficult math problem in the exam."",""translation"":""老師給了學生一個小提示，好幫助他們在考試中解決那個困難的數學題目。""}]}],""synonyms"":[{""word"":""hint"",""pos"":""noun"",""translation"":""提示；暗示"",""explanation"":""指較小、較間接的提示""},{""word"":""evidence"",""pos"":""noun"",""translation"":""證據"",""explanation"":""指較正式且具備證明力的資訊""}],""antonyms"":[]},{""sense"":""頭緒；了解"",""entries"":[{""pattern"":""have no clue"",""pos"":""phrase"",""translation"":""完全沒有頭緒；完全不知道"",""explanation"":""口語中極其高頻，等同於 have no idea。常用於表達對某事完全不了解。"",""sentences"":[{""sentence"":""I <target>have</target> <pattern>no</pattern> <target>clue</target> where the new student from Japan came from, because I have never met him before."",""translation"":""我完全沒有頭緒新來的日本學生是從哪裡來的，因為我之前從未見過他。""}]}],""synonyms"":[{""word"":""idea"",""pos"":""noun"",""translation"":""頭緒；主意"",""explanation"":"" ""}],""antonyms"":[]}],""conjugations"":null,""relatives"":{""morphology"":null,""related"":[]}}"	none		0
announce	announce(ment) v./(n.)	"{""headword"":""announce"",""explanation"":""「announce」在學測中常用於正式場合，如政府公告、學校通知或公司聲明。要注意其名詞形式「announcement」在考題中經常作為受詞，表示被公告的具體內容。"",""senses"":[{""sense"":""宣布；公告（正式地向大眾告知某事）"",""entries"":[{""pattern"":""announce sth."",""pos"":""verb"",""translation"":""宣布某事"",""explanation"":""及物動詞，直接接宣布的事項，通常是決定、計畫或結果。"",""sentences"":[{""sentence"":""The school principal will <target>announce</target> the winners of the annual science competition during the assembly tomorrow morning."",""translation"":""校長將在明天早上的集會中宣布年度科學競賽的獲勝者。""},{""sentence"":""The company decided to <target>announce</target> its new product line to the public through a large press conference."",""translation"":""公司決定透過一場大型記者會向大眾宣布其新產品線。""}]},{""pattern"":""announce that..."",""pos"":""phrase"",""translation"":""宣布…（後接子句）"",""explanation"":""後接名詞子句，用來詳細說明宣布的具體內容，是寫作中最常用的結構。"",""sentences"":[{""sentence"":""The government <target>announced</target> <pattern>that</pattern> all public transportation would be free for citizens during the holiday weekend."",""translation"":""政府宣布在假期週末期間，所有公共交通對公民免費。""},{""sentence"":""The airline <target>announced</target> <pattern>that</pattern> the flight to New York was delayed due to a sudden heavy snowstorm."",""translation"":""航空公司宣布前往紐約的航班因突然的強大暴風雪而延誤。""}]}],""synonyms"":[{""word"":""declare"",""pos"":""verb"",""translation"":""宣告；聲明"",""explanation"":""語氣比 announce 更強，通常帶有權威性或法律效力""},{""word"":""proclaim"",""pos"":""verb"",""translation"":""公告；宣稱"",""explanation"":""正式且莊重地向大眾宣布，常用於歷史或政治語境""}],""antonyms"":[]}],""conjugations"":{""past_tense"":""announced"",""past_participle"":""announced""},""relatives"":{""morphology"":""字根 nounce (報告、宣布) + 字首 an- (強化)"",""related"":[{""word"":""announcement"",""pos"":""noun"",""translation"":""公告；宣布"",""explanation"":""由 announce 加上名詞字尾 -ment 形成。""},{""word"":""pronounce"",""pos"":""verb"",""translation"":""發音；宣判"",""explanation"":""字首 pro- (向前) + nounce (說)，字面意為向前說出。""}]}}"	none		0
anxious	anxious adj.	"{""headword"":""anxious"",""explanation"":""「anxious」在學測中有兩種截然不同的核心意義：一是「焦慮、不安」，二是「渴望」，這兩者在文意選填中極易混淆。判斷關鍵在於後方接的是「擔心的事情」還是「想做的事情」。"",""senses"":[{""sense"":""焦慮的；不安的（對未來可能發生的不快之事感到擔憂）"",""entries"":[{""pattern"":""be anxious about sth."",""pos"":""phrase"",""translation"":""對某事感到焦慮"",""explanation"":""搭配介系詞 about，後接令人擔心的對象或情況。"",""sentences"":[{""sentence"":""The student felt very <target>anxious</target> <pattern>about</pattern> the final exam because she had not spent enough time studying."",""translation"":""這名學生對期末考感到非常焦慮，因為她沒有花足夠的時間學習。""},{""sentence"":""Many parents are <target>anxious</target> <pattern>about</pattern> their children's safety when they travel alone to a foreign city."",""translation"":""許多父母在孩子獨自前往外國城市旅行時，會對他們的安全感到焦慮。""}]}],""synonyms"":[{""word"":""worried"",""pos"":""adjective"",""translation"":""擔心的"",""explanation"":""最普遍的同義詞，指對不愉快的事感到不安""},{""word"":""nervous"",""pos"":""adjective"",""translation"":""緊張的"",""explanation"":""強調因壓力或恐懼而產生的生理或心理緊張感""}],""antonyms"":[{""word"":""calm"",""pos"":""adjective"",""translation"":""冷靜的；平靜的"",""explanation"":""沒有焦慮或緊張的情緒""},{""word"":""relaxed"",""pos"":""adjective"",""translation"":""放鬆的"",""explanation"":""身體或心理處於不緊張的狀態""}]},{""sense"":""渴望的；急切的（非常希望某事能發生）"",""entries"":[{""pattern"":""be anxious to do sth."",""pos"":""phrase"",""translation"":""渴望做某事"",""explanation"":""這裡的 to 是不定詞，後接動詞原形，語意等同於 be eager to do sth.。"",""sentences"":[{""sentence"":""After months of hard training, the young athlete was <target>anxious</target> <pattern>to</pattern> prove his skills in the big game."",""translation"":""經過數月的艱苦訓練，這位年輕運動員渴望在大型比賽中證明自己的技巧。""},{""sentence"":""The curious tourists were <target>anxious</target> <pattern>to</pattern> explore the hidden caves located deep inside the tropical rainforest."",""translation"":""好奇的遊客們渴望探索位於熱帶雨林深處的隱秘洞穴。""}]}],""synonyms"":[{""word"":""eager"",""pos"":""adjective"",""translation"":""渴望的；熱切的"",""explanation"":""強調積極、興奮地想要做某事""},{""word"":""keen"",""pos"":""adjective"",""translation"":""熱衷的；渴望的"",""explanation"":""常用於描述對某項活動或學習有強烈興趣""}],""antonyms"":[{""word"":""indifferent"",""pos"":""adjective"",""translation"":""漠不關心的"",""explanation"":""對某事完全沒有興趣或感覺""},{""word"":""reluctant"",""pos"":""adjective"",""translation"":""不情願的"",""explanation"":""不想做某事，與 anxious to do 的渴望相反""}]}],""conjugations"":null,""relatives"":{""morphology"":""字根 anx (緊縮、焦慮)"",""related"":[{""word"":""anxiety"",""pos"":""noun"",""translation"":""焦慮；不安"",""explanation"":""由形容詞 anxious 轉變而來之名詞形式。""}]}}"	none		0
anyhow	anyhow adv.	"{""headword"":""anyhow"",""explanation"":""「anyhow」在學測中主要作為副詞，用來轉換話題或在論述中加入補充說明。它具有「無論如何」或「反正」的口語色彩，在閱讀理解中常作為邏輯轉折的信號字。"",""senses"":[{""sense"":""無論如何；反正（用於補充理由或在不確定情況下得出結論）"",""entries"":[{""pattern"":""anyhow"",""pos"":""adverb"",""translation"":""無論如何；反正"",""explanation"":""通常置於句首或句尾，用來表示即使之前的論點不成立，現在這個理由依然有效。"",""sentences"":[{""sentence"":""I forgot to bring my umbrella, but it stopped raining <target>anyhow</target>, so I didn't get wet on my way home."",""translation"":""我忘了帶傘，但反正後來雨停了，所以我回家路上沒有淋濕。""},{""sentence"":""The hotel was a bit too expensive for us, but we decided to book it <target>anyhow</target> because it was the last room."",""translation"":""那家飯店對我們來說有點太貴，但因為那是最後一間房，我們無論如何還是決定訂房。""}]}],""synonyms"":[{""word"":""anyway"",""pos"":""adverb"",""translation"":""無論如何；反正"",""explanation"":""與 anyhow 幾乎完全相同，但在書面語中更常用""},{""word"":""regardless"",""pos"":""adverb"",""translation"":""不論如何"",""explanation"":""強調不考慮任何障礙或限制而採取行動""}],""antonyms"":[]}],""conjugations"":null,""relatives"":{""morphology"":""any (任何) + how (方式)"",""related"":[]}}"	none		0
apart	apart adv.	"{""headword"":""apart"",""explanation"":""「apart」在學測中常出現在描述物理距離或情感關係的語境中。特別要注意片語「set apart」和「take apart」，這兩個片語在閱讀測驗中具有完全不同的抽象意義。"",""senses"":[{""sense"":""分開的；相距的（物理空間上的分離）"",""entries"":[{""pattern"":""apart"",""pos"":""adverb"",""translation"":""分開地；相距地"",""explanation"":""描述兩個或多個物體之間存在空間距離。"",""sentences"":[{""sentence"":""To ensure the safety of the plants, the gardener placed the small flower pots three inches <target>apart</target> from each other."",""translation"":""為了確保植物的安全，園丁將小花盆彼此相距三英吋放置。""},{""sentence"":""The two houses were built so far <target>apart</target> that the neighbors could hardly see each other across the wide road."",""translation"":""這兩棟房子蓋得如此遙遠，以至於鄰居們幾乎看不見對面寬馬路另一邊的人。""}]}],""synonyms"":[{""word"":""separate"",""pos"":""adjective"",""translation"":""分開的"",""explanation"":""強調獨立且不相連""},{""word"":""distant"",""pos"":""adjective"",""translation"":""遙遠的"",""explanation"":""強調空間上的距離""}],""antonyms"":[{""word"":""together"",""pos"":""adverb"",""translation"":""在一起"",""explanation"":""物理上或邏輯上的結合""}]},{""sense"":""拆卸；區分（將整體分解或將某物與眾不同）"",""entries"":[{""pattern"":""take sth. apart"",""pos"":""phrase"",""translation"":""拆卸某物"",""explanation"":""指將機器或結構分解成零件。"",""sentences"":[{""sentence"":""The curious boy decided to <target>take</target> his old alarm clock <pattern>apart</pattern> to see how the small gears worked inside."",""translation"":""好奇的男孩決定拆開他的舊鬧鐘，看看裡面的小齒輪是如何運作的。""}]},{""pattern"":""set sb./sth. apart"",""pos"":""phrase"",""translation"":""使…與眾不同"",""explanation"":""抽象意義，指某項特質讓某人或某物在人群中顯得突出。"",""sentences"":[{""sentence"":""Her amazing ability to speak five different languages <target>set</target> her <pattern>apart</pattern> from all the other candidates for the job."",""translation"":""她能說五種不同語言的驚人能力，使她在所有應徵該職位的候選人中脫穎而出。""}]}],""synonyms"":[{""word"":""distinguish"",""pos"":""verb"",""translation"":""區分；辨別"",""explanation"":""指辨識出兩者之間的差異""}],""antonyms"":[]}],""conjugations"":null,""relatives"":{""morphology"":""字首 a- (在...方向) + part (部分)"",""related"":[]}}"	none		0
apologize	apologize v.	"{""headword"":""apologize"",""explanation"":""「apologize」是社交情境的核心動詞。在學測中，最關鍵的考點是介系詞的搭配：對「人」用 to，對「事」用 for。"",""senses"":[{""sense"":""道歉（對自己的錯誤或造成的不便表示遺憾）"",""entries"":[{""pattern"":""apologize to sb. for sth."",""pos"":""phrase"",""translation"":""因某事向某人道歉"",""explanation"":""這是最完整的搭配模式。to 後接道歉的對象，for 後接道歉的原因（名詞或 V-ing）。"",""sentences"":[{""sentence"":""After accidentally breaking the expensive vase, the young girl quickly <target>apologized</target> <pattern>to</pattern> her mother <pattern>for</pattern> her carelessness."",""translation"":""在不小心打破昂貴花瓶後，小女孩趕快因為自己的粗心而向母親道歉。""},{""sentence"":""The company representative <target>apologized</target> <pattern>to</pattern> all the customers <pattern>for</pattern> the technical problems that caused the website to crash."",""translation"":""公司代表就導致網站崩潰的技術問題向所有客戶道歉。""}]}],""synonyms"":[{""word"":""say sorry"",""pos"":""phrase"",""translation"":""道歉"",""explanation"":""較口語且非正式的表達方式""}],""antonyms"":[]}],""conjugations"":{""past_tense"":""apologized"",""past_participle"":""apologized""},""relatives"":{""morphology"":""字根 polo (對抗、辯論) + 字尾 -ize (使...化)"",""related"":[{""word"":""apology"",""pos"":""noun"",""translation"":""道歉；道歉信"",""explanation"":""由動詞 apologize 轉換而來的名詞形式。""}]}}"	none		0
award	award n./v.	"{""headword"":""award"",""explanation"":""「award」在學測中常以名詞與動詞兩種形式出現。作為動詞時，它強調「正式地授予」某項榮譽或金錢；作為名詞時，則是指該「獎項」本身。學生應注意其與 give 或 prize 的區別：award 更強調程序上的正式性。"",""senses"":[{""sense"":""授予；頒發（正式地給予獎項、獎金或決定）"",""entries"":[{""pattern"":""award sb. sth."",""pos"":""verb"",""translation"":""授予某人某物"",""explanation"":""及物動詞，後接授予對象與授予內容，常用於描述學術成就、體育比賽或法律裁決。"",""sentences"":[{""sentence"":""The committee decided to <target>award</target> the young scientist <pattern>a</pattern> full scholarship because of her impressive research on solar energy."",""translation"":""委員會決定授予這位年輕科學家全額獎學金，因為她對太陽能的研究令人印象深刻。""},{""sentence"":""After a long and difficult game, the judges <target>awarded</target> the gold medal <pattern>to</pattern> the runner who finished the race first."",""translation"":""在一場漫長且艱難的比賽後，評審將金牌頒發給了首先完成比賽的跑者。""}]}],""synonyms"":[{""word"":""grant"",""pos"":""verb"",""translation"":""授予；准許"",""explanation"":""通常指正式地給予權利或資金""},{""word"":""bestow"",""pos"":""verb"",""translation"":""贈與；賜予"",""explanation"":""語氣較正式，常指授予高尚的榮譽""}],""antonyms"":[]},{""sense"":""獎項；獎勵（正式授予的物品或榮譽）"",""entries"":[{""pattern"":""win / receive an award"",""pos"":""phrase"",""translation"":""獲得獎項"",""explanation"":""名詞用法，指獲得具體的獎杯、獎金或榮譽證書。"",""sentences"":[{""sentence"":""The novelist was extremely proud when she <pattern>won</pattern> a prestigious <target>award</target> for the best historical book of the year."",""translation"":""這位小說家在贏得年度最佳歷史書籍的享有盛名的獎項時感到非常自豪。""},{""sentence"":""The high school students worked together for months to <pattern>receive</pattern> an <target>award</target> for their creative environmental project."",""translation"":""高中生們合作數月，以獲得他們創意環保專案的獎項。""}]}],""synonyms"":[{""word"":""prize"",""pos"":""noun"",""translation"":""獎品；獎金"",""explanation"":""泛指比賽中贏得的物品""},{""word"":""honor"",""pos"":""noun"",""translation"":""榮譽"",""explanation"":""強調精神上的認可""}],""antonyms"":[]}],""conjugations"":{""past_tense"":""awarded"",""past_participle"":""awarded""},""relatives"":{""morphology"":null,""related"":[{""word"":""awardee"",""pos"":""noun"",""translation"":""獲獎者"",""explanation"":""由 award 加上受詞字尾 -ee 構成。""}]}}"	none		0
aware	aware adj.	"{""headword"":""aware"",""explanation"":""「aware」是一個極其高頻的形容詞，核心意義是「意識到」或「知道」。在學測中，它最常出現在 be aware of sth. 這一片語結構中。學生應將其與 conscious 區分，aware 通常指對外部資訊的覺察，而 conscious 則更多指意識清醒或內在的覺知。"",""senses"":[{""sense"":""意識到；知道（察覺到某事的存在或事實）"",""entries"":[{""pattern"":""be aware of sth."",""pos"":""phrase"",""translation"":""意識到某事"",""explanation"":""最核心的搭配，of 後方接名詞或名詞子句，描述察覺到的對象。"",""sentences"":[{""sentence"":""Many people are not <target>aware</target> <pattern>of</pattern> the dangerous effects that plastic waste has on the deep ocean environment."",""translation"":""許多人沒有意識到塑料廢物對深海環境產生的危險影響。""},{""sentence"":""The students were well <target>aware</target> <pattern>of</pattern> the strict rules in the library and kept their voices very low."",""translation"":""學生們非常清楚圖書館的嚴格規定，因此將聲音壓得很低。""}]},{""pattern"":""be aware that..."",""pos"":""phrase"",""translation"":""意識到…（後接子句）"",""explanation"":""後接 that 子句，用來詳細說明意識到的具體內容。"",""sentences"":[{""sentence"":""You should be <target>aware</target> <pattern>that</pattern> the train schedule changes during the summer, so please check the time again."",""translation"":""你應該意識到火車時刻表在夏天會變動，所以請再次檢查時間。""},{""sentence"":""The teacher was <target>aware</target> <pattern>that</pattern> some students were struggling with the difficult math problems and offered extra help."",""translation"":""老師意識到有些學生在處理困難的數學問題時很吃力，因此提供了額外幫助。""}]}],""synonyms"":[{""word"":""conscious"",""pos"":""adjective"",""translation"":""有意識的；覺察的"",""explanation"":""強調對周圍環境或內在狀態的覺知""},{""word"":""mindful"",""pos"":""adjective"",""translation"":""留心的；注意的"",""explanation"":""強調刻意地關注某事""}],""antonyms"":[{""word"":""unaware"",""pos"":""adjective"",""translation"":""未意識到的；不知道的"",""explanation"":""aware 的反義詞，直接加上前綴 un-""},{""word"":""ignorant"",""pos"":""adjective"",""translation"":""無知的；不知道的"",""explanation"":""指缺乏知識或資訊""}]}],""conjugations"":null,""relatives"":{""morphology"":null,""related"":[{""word"":""awareness"",""pos"":""noun"",""translation"":""意識；覺悟"",""explanation"":""由形容詞 aware 加上名詞字尾 -ness 構成。""}]}}"	none		0
awful	awful adj.	"{""headword"":""awful"",""explanation"":""「awful」在口語中常用來表示「糟糕的」或「極其」，但在閱讀測驗中，常出現在描述情緒、氣候或品質極差的情境中。學生應注意它在否定句中可能作為強烈地修飾語，而非單純地表示「壞」。"",""senses"":[{""sense"":""糟糕的；可怕的（品質、感受或情況極差）"",""entries"":[{""pattern"":""awful"",""pos"":""adjective"",""translation"":""糟糕的；可怕的"",""explanation"":""用來修飾名詞，描述事物品質極低或令人不快。"",""sentences"":[{""sentence"":""After the heavy rain, the old garbage bins outside the school began to smell <target>awful</target>, bothering everyone nearby."",""translation"":""大雨後，學校外的舊垃圾桶開始散發出糟糕的氣味，困擾著附近的所有人。""},{""sentence"":""I felt <target>awful</target> about forgetting my best friend's birthday, so I bought her a large cake to apologize."",""translation"":""對於忘記好朋友的生日，我感到非常糟糕，所以我買了一個大蛋糕向她道歉。""}]}],""synonyms"":[{""word"":""terrible"",""pos"":""adjective"",""translation"":""可怕的；糟糕的"",""explanation"":""與 awful 幾乎完全相同，指品質極差""},{""word"":""horrible"",""pos"":""adjective"",""translation"":""令人厭惡的；可怕的"",""explanation"":""強調令人反感或恐懼""}],""antonyms"":[{""word"":""wonderful"",""pos"":""adjective"",""translation"":""絕佳的；美妙的"",""explanation"":""指品質或感受極好""},{""word"":""excellent"",""pos"":""adjective"",""translation"":""translation\"": "",""explanation"":null},{""word"":""excellent"",""pos"":""adjective"",""translation"":""極好的；卓越的"",""explanation"":""強調最高品質""}]}],""conjugations"":null,""relatives"":{""morphology"":null,""related"":[{""word"":""awfully"",""pos"":""adverb"",""translation"":""糟糕地；非常"",""explanation"":""可用作強調副詞，等同於 very""}]}}"	none		0
awkward	awkward adj.	"{""headword"":""awkward"",""explanation"":""「awkward」是一個描述人際關係或身體動作的關鍵形容詞。它在學測中常出現在兩種情境：一是描述身體上的「笨拙」；二是描述社交情境中的「尷尬」或「不自然」。學生應能快速辨識這兩種細微的區意。"",""senses"":[{""sense"":""尷尬的；不自然的（社交情境中令人不適的感覺）"",""entries"":[{""pattern"":""awkward"",""pos"":""adjective"",""translation"":""尷尬的；不自然的"",""explanation"":""描述人與人之間缺乏對話或缺乏默契時產生的不適感。"",""sentences"":[{""sentence"":""There was an <target>awkward</target> silence in the classroom after the teacher asked a difficult question and nobody answered."",""translation"":""在老師問了一個困難的問題且沒有人回答後，教室裡出現了一陣尷尬的沉默。""},{""sentence"":""I felt <target>awkward</target> when I accidentally called my teacher by the wrong name during the class presentation."",""translation"":""當我在課堂報告時不小心把老師叫錯名字，我感到非常尷尬。""}]}],""synonyms"":[{""word"":""embarrassing"",""pos"":""adjective"",""translation"":""令人尷尬的"",""explanation"":""強調外在事物導致的尷尬感""},{""word"":""uncomfortable"",""pos"":""adjective"",""translation"":""不舒服的；不自在的"",""explanation"":""泛指心理或生理上的不適""}],""antonyms"":[{""word"":""natural"",""pos"":""adjective"",""translation"":""自然的"",""explanation"":""指動作或對話流暢不僵硬""}]},{""sense"":""笨拙的；難以處理的（動作不流暢或位置不便）"",""entries"":[{""pattern"":""awkward"",""pos"":""adjective"",""translation"":""笨拙的；難以處理的"",""explanation"":""描述肢體動作不靈活，或物品的位置讓操作起來很困難。"",""sentences"":[{""sentence"":""The puppy was still learning how to walk and often made <target>awkward</target> movements with its short legs."",""translation"":""小狗還在學習如何行走，經常在短腿上做出笨拙的動作。""},{""sentence"":""It is <target>awkward</target> to carry these heavy boxes to the third floor without using an elevator."",""translation"":""不用電梯將這些沉重的箱子搬到三樓是非常困難且不便的。""}]}],""synonyms"":[{""word"":""clumsy"",""pos"":""adjective"",""translation"":""笨拙的"",""explanation"":""指肢體動作不靈活""},{""word"":""unwieldy"",""pos"":""adjective"",""translation"":""笨重且難以操作的"",""explanation"":""指物品體積大或形狀不規則而難以搬運""}],""antonyms"":[{""word"":""graceful"",""pos"":""adjective"",""translation"":""優雅的；流暢的"",""explanation"":""指動作非常自然且靈活""}]}],""conjugations"":null,""relatives"":{""morphology"":null,""related"":[{""word"":""awkwardly"",""pos"":""adverb"",""translation"":""尷尬地；笨拙地"",""explanation"":""由形容詞 awkward 加上副詞字尾 -ly 構成。""}]}}"	none		0
background	background n.	"{""headword"":""background"",""explanation"":""「background」在學測中具有多重語意。它可以用於描述視覺上的「背景」，也可以用於描述一個人的「背景」或「經歷」。學生應根據上下文（如教育背景或家庭背景）來判斷其具體含義。"",""senses"":[{""sense"":""背景（視覺上的後方空間）"",""entries"":[{""pattern"":""in the background"",""pos"":""phrase"",""translation"":""在背景中"",""explanation"":""描述在照片、繪畫或場景中位於後方、較不顯眼的部位。"",""sentences"":[{""sentence"":""If you look closely at the old photograph, you can see a small house <pattern>in</pattern> the <target>background</target> of the picture."",""translation"":""如果你仔細看那張舊照片，你可以看到照片背景中有一間小房子。""},{""sentence"":""The singer performed her song while a beautiful landscape of mountains and clouds was shown <pattern>in</pattern> the <target>background</target>."",""translation"":""這位歌手在演唱歌曲時，背景中顯示著一座山脈與雲海的美麗風景。""}]}],""synonyms"":[{""word"":""setting"",""pos"":""noun"",""translation"":""環境；背景"",""explanation"":""指故事或事件發生的環境""}],""antonyms"":[{""word"":""foreground"",""pos"":""noun"",""translation"":""前景"",""explanation"":""指在視覺上最前方、最顯眼的部分""}]}],""conjugations"":null,""relatives"":{""morphology"":""字根 back (後方) + ground (地面/基礎)"",""related"":[{""word"":""backgrounder"",""pos"":""noun"",""translation"":""背景資料"",""explanation"":""提供關於某事詳細背景資訊的說明文件。""}]}}"	none		0
coach	coach n./v.	"{""headword"":""coach"",""explanation"":""「coach」在學測中具備名詞與動詞兩種核心身分。作為名詞時，它不僅指運動場上的「教練」，在英國英語中也常指「長途巴士」。作為動詞時，則強調「指導」或「訓練」的過程，與 teach 不同，它更傾向於針對特定目標（如比賽、考試）進行的個別化訓練。"",""senses"":[{""sense"":""指導者；教練（運動或學術上的專業訓練者）"",""entries"":[{""pattern"":""coach"",""pos"":""noun"",""translation"":""教練"",""explanation"":""指在運動團隊或特定技能訓練中提供指導的人。"",""sentences"":[{""sentence"":""The basketball <target>coach</target> spent hours analyzing the opponent's movements to create a perfect game plan for the final match."",""translation"":""籃球教練花了好幾個小時分析對手的動作，以便為決賽制定一個完美的比賽計畫。""},{""sentence"":""After failing the entrance exam, he hired a private <target>coach</target> to help him improve his writing skills before the next attempt."",""translation"":""在入學考試失敗後，他聘請了一位私人指導老師來幫助他在下次嘗試前提高寫作能力。""}]}],""synonyms"":[{""word"":""instructor"",""pos"":""noun"",""translation"":""指導員；講師"",""explanation"":""較泛指提供指令或教學的人""},{""word"":""mentor"",""pos"":""noun"",""translation"":""導師；良師益友"",""explanation"":""強調長期的精神引導與經驗傳承""}],""antonyms"":[]},{""sense"":""長途巴士；客車"",""entries"":[{""pattern"":""coach"",""pos"":""noun"",""translation"":""長途巴士"",""explanation"":""特指用於城際交通的舒適大型巴士，常見於英式英語環境。"",""sentences"":[{""sentence"":""Since the train tickets were sold out, the students decided to take a comfortable <target>coach</target> from London to Edinburgh."",""translation"":""由於火車票被搶購一空，學生們決定搭乘舒適的長途巴士從倫敦前往愛丁堡。""}]}],""synonyms"":[{""word"":""bus"",""pos"":""noun"",""translation"":""巴士"",""explanation"":""泛指所有類型的公車""}],""antonyms"":[]},{""sense"":""訓練；指導（針對特定目標進行培訓）"",""entries"":[{""pattern"":""coach sb. in sth."",""pos"":""phrase"",""translation"":""在某方面指導某人"",""explanation"":""動詞用法，強調針對特定技能或科目進行的集中訓練。"",""sentences"":[{""sentence"":""The experienced teacher spent the whole summer <target>coaching</target> her students <pattern>in</pattern> public speaking to prepare them for the national competition."",""translation"":""這位經驗豐富的老師花整個夏天指導她的學生進行公開演講，為他們參加全國比賽做準備。""},{""sentence"":""Professional athletes are often <target>coached</target> <pattern>in</pattern> how to handle pressure and maintain focus during high-stakes games."",""translation"":""職業運動員通常會接受訓練，學習如何在高壓賽事中處理壓力並保持專注。""}]}],""synonyms"":[{""word"":""train"",""pos"":""verb"",""translation"":""訓練"",""explanation"":""最普遍的訓練動詞""},{""word"":""tutor"",""pos"":""verb"",""translation"":""補習；指導"",""explanation"":""通常指學術上的個別指導""}],""antonyms"":[]}],""conjugations"":{""past_tense"":""coached"",""past_participle"":""coached""},""relatives"":{""morphology"":null,""related"":[{""word"":""coaching"",""pos"":""noun"",""translation"":""指導；教練工作"",""explanation"":""由動詞 coach 轉化而來的名詞""}]}}"	none		0
cock	cock n.	"{""headword"":""cock"",""explanation"":""「cock」在學測中較少作為核心考點，但出現在閱讀中時，通常指代雄雞或特定的機械裝置（如水龍頭的閥門）。在現代英語中，需注意其在非正式口語中可能具有俚語含義，因此在正式寫作中建議謹慎使用。"",""senses"":[{""sense"":""公雞；雄雞"",""entries"":[{""pattern"":""cock"",""pos"":""noun"",""translation"":""公雞"",""explanation"":""指雄性的雞。"",""sentences"":[{""sentence"":""Every morning at five o'clock, the loud <target>cock</target> in the backyard woke up the entire village with its piercing cry."",""translation"":""每天早上五點，後院那隻大聲的公雞用它尖銳的叫聲喚醒了整個村莊。""}]}],""synonyms"":[{""word"":""rooster"",""pos"":""noun"",""translation"":""公雞"",""explanation"":""美式英語中更常用的詞彙""}],""antonyms"":[]},{""sense"":""閥門；水龍頭（機械結構）"",""entries"":[{""pattern"":""stopcock"",""pos"":""noun"",""translation"":""止水閥"",""explanation"":""雖然是複合詞，但其核心根源在於 cock (閥門) 的意象。"",""sentences"":[{""sentence"":""When the pipe burst, the plumber quickly turned the stop<target>cock</target> to stop the water from flooding the kitchen floor."",""translation"":""當水管破裂時，水管工快速轉動止水閥，以防止水淹沒廚房地板。""}]}],""synonyms"":[],""antonyms"":[]}],""conjugations"":null,""relatives"":{""morphology"":null,""related"":[]}}"	none		0
cocktail	cocktail n.	"{""headword"":""cocktail"",""explanation"":""「cocktail」最基礎的含義是混合飲料，但在學測的環境、社會類文章中，常被用作比喻，指代「各種事物的混合體」。理解這個比喻義是提升閱讀理解力的關鍵。"",""senses"":[{""sense"":""調酒；混合飲料"",""entries"":[{""pattern"":""cocktail"",""pos"":""noun"",""translation"":""調酒"",""explanation"":""由酒精與其他成分混合而成的飲料。"",""sentences"":[{""sentence"":""The hotel bar offered a wide variety of colorful <target>cocktails</target>, blending fresh fruit juices with different kinds of spirits."",""translation"":""酒店酒吧提供多種色彩繽紛的調酒，將新鮮水果汁與不同種類的烈酒混合。""}]}],""synonyms"":[],""antonyms"":[]},{""sense"":""混合物（比喻義：各種成分的組合）"",""entries"":[{""pattern"":""a cocktail of sth."",""pos"":""phrase"",""translation"":""一種…的混合物"",""explanation"":""用來描述一種複雜的、通常是負面或強烈的情緒或因素的組合。"",""sentences"":[{""sentence"":""The sudden economic crisis created a dangerous <target>cocktail</target> <pattern>of</pattern> unemployment, inflation and social unrest among the young people."",""translation"":""突然的經濟危機造成了一種由失業、通貨膨脹與社會動盪構成的危險混合物（綜合影響）。""},{""sentence"":""The patient's recovery was slow because the doctor gave her a powerful <target>cocktail</target> <pattern>of</pattern> strong medicines to fight the infection."",""translation"":""患者的康復過程緩慢，因為醫生給她一種由強效藥物組成的強力混合藥劑（組合）以對抗感染。""}]}],""synonyms"":[{""word"":""mixture"",""pos"":""noun"",""translation"":""混合物"",""explanation"":""最普遍的通用詞""},{""word"":""blend"",""pos"":""noun"",""translation"":""融合"",""explanation"":""強調成分之間協調一致""}],""antonyms"":[]}],""conjugations"":null,""relatives"":{""morphology"":null,""related"":[]}}"	none		0
coconut	coconut n.	"{""headword"":""coconut"",""explanation"":""「coconut」在生物、自然生態類閱讀中是基礎名詞。其用法簡單，重點在於其產地（熱帶地區）與其產出的產品（油、水、肉）的描述。"",""senses"":[{""sense"":""椰子"",""entries"":[{""pattern"":""coconut"",""pos"":""noun"",""translation"":""椰子"",""explanation"":""指一種熱帶棕櫚樹的果實。"",""sentences"":[{""sentence"":""While walking along the tropical beach, the tourists were warned not to stand under the palm trees because <target>coconuts</target> might fall."",""translation"":""在熱帶海邊行走時， tourist 被警告不要站在棕櫚樹下，因為椰子可能會掉下來。""},{""sentence"":""Many people in Southeast Asia use <target>coconut</target> oil as a natural ingredient for cooking and skin care products."",""translation"":""東南亞許多人將椰子油作為烹飪和皮膚護理產品的天然成分。""}]}],""synonyms"":[],""antonyms"":[]}],""conjugations"":null,""relatives"":{""morphology"":null,""related"":[]}}"	none		0
collar	collar n.	"{""headword"":""collar"",""explanation"":""「collar」在學測中主要出現於兩種語境：一是服裝的「衣領」，二是動物的「項圈」。此外，在新聞閱讀中，常出現 a white-collar / blue-collar worker 這種職業類別的描述，這是極高頻的考點。"",""senses"":[{""sense"":""衣領；項圈"",""entries"":[{""pattern"":""collar"",""pos"":""noun"",""translation"":""衣領；項圈"",""explanation"":""指衣服上圍繞脖子的部分，或動物佩戴的項圈。"",""sentences"":[{""sentence"":""The student wore a crisp white shirt with a stiff <target>collar</target> for his first official job interview at the bank."",""translation"":""這名學生為了在銀行進行第一次正式的工作面試，穿了一件領口僵硬的純白襯衫。""},{""sentence"":""The lost dog was finally found by a kind neighbor, who noticed the address and phone number on its leather <target>collar</target>."",""translation"":""那隻失蹤的狗最終被一位好心的鄰居發現，對方注意到了它皮革項圈上的地址和電話號碼。""}]}],""synonyms"":[],""antonyms"":[]},{""sense"":""白領/藍領（職業類別）"",""entries"":[{""pattern"":""white-collar / blue-collar"",""pos"":""phrase"",""translation"":""白領／藍領"",""explanation"":""用來區分辦公室專業人員（white-collar）與體力勞動者（blue-collar）。"",""sentences"":[{""sentence"":""In the past, <target>white-collar</target> workers spent most of their time typing on computers, while <pattern>blue-collar</pattern> workers worked in factories."",""translation"":""在過去，白領工人花大部分時間在電腦上打字，而藍領工人則在工廠中工作。""},{""sentence"":""The government is trying to reduce the gap between <target>white-collar</target> employees and <pattern>blue-collar</pattern> laborers to ensure social fairness."",""translation"":""政府正試圖縮小白領員工與藍領勞動者之間的差距，以確保社會公平。""}]}],""synonyms"":[],""antonyms"":[]}],""conjugations"":null,""relatives"":{""morphology"":null,""related"":[]}}"	none		0
comma	comma n.	"{""headword"":""comma"",""explanation"":""「comma」在英文寫作與文法討論中是基礎標點符號。在學測閱讀中，它可能出現在關於語言學、寫作指南或文學分析的文章中，重點在於理解其在句子結構中起到的「暫停」或「分隔」作用。"",""senses"":[{""sense"":""逗號（標點符號）"",""entries"":[{""pattern"":""comma"",""pos"":""noun"",""translation"":""逗號"",""explanation"":""用於分隔句子成分或表示短暫停頓的標點符號。"",""sentences"":[{""sentence"":""The teacher pointed out that a single <target>comma</target> in the wrong place can completely change the meaning of a sentence."",""translation"":""老師指出，一個放錯位置的逗號可能會完全改變一個句子的意思。""},{""sentence"":""When listing several items in a row, you should place a <target>comma</target> between each word to make the list clear."",""translation"":""當連續列舉多個項目時，你應該在每個單字之間放置一個逗號，以使清單清晰。""}]}],""synonyms"":[],""antonyms"":[]}],""conjugations"":null,""relatives"":{""morphology"":null,""related"":[]}}"	none		0
committee	committee n.	"{""headword"":""committee"",""explanation"":""「committee」在學測中常出現在校園生活、政府管理或國際組織的文本中。這個字最關鍵的考點在於其單複數用法：它既可以作為單數（視為一個整體）也可以作為複數（視為個體成員），這在主謂一致 (Subject-Verb Agreement) 的考題中非常重要。"",""senses"":[{""sense"":""委員會；委員會成員"",""entries"":[{""pattern"":""committee"",""pos"":""noun"",""translation"":""委員會"",""explanation"":""指由一群人組成，被委託執行特定任務或做出決策的組織。"",""sentences"":[{""sentence"":""The school <target>committee</target> met last Friday to discuss how to improve the library and buy more new books for students."",""translation"":""學校委員會上週五開會討論如何改善圖書館以及為學生購買更多新書。""},{""sentence"":""After long discussions, the organizing <target>committee</target> finally decided to hold the annual sports meeting in the city stadium."",""translation"":""經過長時間的討論，籌備委員會最終決定在市體育場舉行年度運動會。""}]}],""synonyms"":[{""word"":""board"",""pos"":""noun"",""translation"":""董事會；委員會"",""explanation"":""通常指管理一個組織的高層委員會""},{""word"":""panel"",""pos"":""noun"",""translation"":""專家小組；委員會"",""explanation"":""指由專家組成的評審或討論小組""}],""antonyms"":[]}],""conjugations"":null,""relatives"":{""morphology"":""字根 commit (交付、委託) + 字尾 -tee (被委託者)"",""related"":[{""word"":""commit"",""pos"":""verb"",""translation"":""承諾；犯（錯/罪）"",""explanation"":""核心動詞，指將某事交付或委託給某人或某種狀態。""},{""word"":""commitment"",""pos"":""noun"",""translation"":""承諾；投入"",""explanation"":""由 commit 加上名詞字尾 -ment 延伸而來。""}]}}"	none		0
communicate	communicate v.	"{""headword"":""communicate"",""explanation"":""「communicate」是學測中極其高頻的動詞。它不僅指「傳達訊息」，還指「交流」或「溝通」。學生應注意其後方接續的介系詞（如 with 或 to），這決定了溝通的對象或內容，是克漏字考點。"",""senses"":[{""sense"":""溝通；交流（交換訊息或想法）"",""entries"":[{""pattern"":""communicate with sb."",""pos"":""phrase"",""translation"":""與某人溝通"",""explanation"":""強調與對象之間的雙向互動與訊息交換。"",""sentences"":[{""sentence"":""Since the two students come from different countries, they often <target>communicate</target> <pattern>with</pattern> each other using simple English words."",""translation"":""因為這兩名學生來自不同的國家，他們經常使用簡單的英文單字與彼此溝通。""},{""sentence"":""It is very important for parents to <target>communicate</target> <pattern>with</pattern> their children to understand their feelings and solve problems together."",""translation"":""父母與孩子溝通以了解其感受並共同解決問題是非常重要的。""}]}],""synonyms"":[{""word"":""interact"",""pos"":""verb"",""translation"":""互動"",""explanation"":""強調雙方之間的相互影響與交流""}],""antonyms"":[{""word"":""ignore"",""pos"":""verb"",""translation"":""無視；忽略"",""explanation"":""指完全不與對方進行任何溝通""}]},{""sense"":""傳達；表達（將訊息、想法或情感傳遞給他人）"",""entries"":[{""pattern"":""communicate sth. to sb."",""pos"":""phrase"",""translation"":""將某事傳達給某人"",""explanation"":""及物動詞，指將特定的訊息、想法或情感傳遞到對方的腦海中。"",""sentences"":[{""sentence"":""The scientist tried to <target>communicate</target> the complex ideas of quantum physics <pattern>to</pattern> the students using simple diagrams."",""translation"":""這位科學家試圖用簡單的圖表將量子物理的複雜想法傳達給學生。""},{""sentence"":""The coach used a loud whistle to <target>communicate</target> his instructions <pattern>to</pattern> the players during the noisy football match."",""translation"":""教練在嘈雜的足球賽中用大聲的哨子將他的指示傳達給球員。""}]}],""synonyms"":[{""word"":""convey"",""pos"":""verb"",""translation"":""傳達；運送"",""explanation"":""常用於傳達抽象概念如情感或訊息""},{""word"":""transmit"",""pos"":""verb"",""translation"":""傳送；傳播"",""explanation"":""常用於電訊號、疾病或數據傳輸""}],""antonyms"":[]}],""conjugations"":{""past_tense"":""communicated"",""past_participle"":""communicated""},""relatives"":{""morphology"":""字根 commun (共同、公共) + 字尾 -icate (動詞字尾)"",""related"":[{""word"":""communication"",""pos"":""noun"",""translation"":""溝通；通訊"",""explanation"":""由動詞 communicate 加上名詞字尾 -tion 延伸而來。""},{""word"":""communicative"",""pos"":""adjective"",""translation"":""愛溝通的；樂於交流的"",""explanation"":""由動詞 communicate 加上形容詞字尾 -ive 延伸而來。""}]}}"	none		0
comparison	comparison n.	"{""headword"":""comparison"",""explanation"":""「comparison」在學測中常出現在對比分析類文章中。理解這個字的核心在於理解它常搭配的介系詞（如 between, with, to），這決定了是否是在做「比較」或「對比」以及對象之數。"",""senses"":[{""sense"":""比較；對比（分析兩者或多者之間的異同）"",""entries"":[{""pattern"":""comparison between A and B"",""pos"":""phrase"",""translation"":""A與B之間的比較"",""explanation"":""用於描述兩者之間共有的特徵或差異。"",""sentences"":[{""sentence"":""The teacher asked us to write a short essay based on a <target>comparison</target> <pattern>between</pattern> the two famous paintings from different centuries."",""translation"":""老師要求我們根據兩幅來自不同世紀的著名畫作之間的比較寫一篇短文。""},{""sentence"":""There is a clear <target>comparison</target> <pattern>between</pattern> the quiet rural village and the noisy city center, showing how different their lives are."",""translation"":""寧靜的鄉村小村莊與嘈雜的市中心之間有明顯的比較（對比），顯示出他們的生活有多麼不同。""}]},{""pattern"":""in comparison with sth."",""pos"":""phrase"",""translation"":""與…相比"",""explanation"":""固定片語，常用於數據分析或特徵對比，是在寫作中提升文章等級的進階進階片語。"",""sentences"":[{""sentence"":""Our city's public transport is very efficient, but <pattern>in</pattern> <target>comparison</target> <pattern>with</pattern> Tokyo's system, it is still a bit slow."",""translation"":""我們城市的公共交通非常高效，但與東京的系統相比，它仍然稍微慢了一點。""},{""sentence"":""The cost of living in this small town is quite low, <pattern>in</pattern> <target>comparison</target> <pattern>with</pattern> the high prices in Taipei city."",""translation"":""這個小鎮的生活成本相當低，與台北市的高物價相比。""}]}],""synonyms"":[{""word"":""contrast"",""pos"":""noun"",""translation"":""對比；對照"",""explanation"":""強調兩者之間截然不同的差異""}],""antonyms"":[]},{""sense"":""比喻；類比 (Simile/Analogy)"",""entries"":[{""pattern"":""draw a comparison"",""pos"":""phrase"",""translation"":""做比喻；做出比較"",""explanation"":""指在論述中將一個事物與另一個事物進行類比，以使複雜的概念更易於理解。"",""sentences"":[{""sentence"":""The writer used a clever <target>comparison</target> to describe the human brain as a computer, making the complex science easy for students to understand."",""translation"":""作者使用了一個聰明的比喻，將人類的大腦描述成一台電腦，使複雜的科學知識對學生來說容易理解。""}]}],""synonyms"":[],""antonyms"":[]}],""conjugations"":null,""relatives"":{""morphology"":""字根 compar (比較) + 字尾 -ison (名詞字尾)"",""related"":[{""word"":""compare"",""pos"":""verb"",""translation"":""比較；比喻"",""explanation"":""核心動詞型態。""},{""word"":""comparable"",""pos"":""adjective"",""translation"":""可比較的；相當的"",""explanation"":""由動詞 compare 加上形容詞字尾 -able 延伸而來。""},{""word"":""incomparable"",""pos"":""adjective"",""translation"":""無比的；無可比擬的"",""explanation"":""由 comparable 加上否定前綴 in- 延伸而來。""}]}}"	none		0
compete	compete v.	"{""headword"":""compete"",""explanation"":""「compete」在學測中常出現在體育、商業競爭或生物演化論（如自然選擇）的文本中。重點在於掌握其後方接續的介系詞（with, against, for），這決定了溝通的對象或目標，是文意選填的核心考點。"",""senses"":[{""sense"":""競爭；比賽（為了贏得某物或達到某個地位）"",""entries"":[{""pattern"":""compete with/against sb."",""pos"":""phrase"",""translation"":""與某人競爭"",""explanation"":""強調與對手之間的對抗與競爭關係。"",""sentences"":[{""sentence"":""Local small shops often have to <target>compete</target> <pattern>with</pattern> large shopping malls to attract more customers to their stores."",""translation"":""當地的小商店經常必須與大型購物中心競爭，以吸引更多顧客到他們的店裡。""},{""sentence"":""The young tennis player had to <target>compete</target> <pattern>against</pattern> a world-famous champion, showing great courage even though he lost the game."",""translation"":""這名年輕的網球選手必須與一名世界著名的冠軍競爭，儘管他輸了比賽，但仍展現了巨大的勇氣。""}]}],""synonyms"":[{""word"":""contest"",""pos"":""verb"",""translation"":""競爭；爭奪"",""explanation"":""較正式，指在特定規則下爭奪某物""},{""word"":""rival"",""pos"":""verb"",""translation"":""與…競爭；匹敵"",""explanation"":""強調對手之間的能力相當""}],""antonyms"":[{""word"":""cooperate"",""pos"":""verb"",""translation"":""合作"",""explanation"":""指兩者或多者共同工作以達到目標""}]},{""sense"":""符合；匹敵（在品質或能力上與某物相當）"",""entries"":[{""pattern"":""compete with sth."",""pos"":""phrase"",""translation"":""與…匹敵；與…相當"",""explanation"":""指在品質、價格或能力上與某個標準或對象相當，常用於產品分析或論文論述中。"",""sentences"":[{""sentence"":""The new electric car's performance is amazing, and it can <target>compete</target> <pattern>with</pattern> the most expensive luxury cars in the world."",""translation"":""這款新電動車的性能驚人，y它可以與世界上最昂貴的豪華車匹敵。""}]}],""synonyms"":[],""antonyms"":[]}],""conjugations"":{""past_tense"":""competed"",""past_participle"":""competed""},""relatives"":{""morphology"":""字根 comp (一起) + pet (追求/尋找) + 動詞字尾"",""related"":[{""word"":""competition"",""pos"":""noun"",""translation"":""競爭；比賽"",""explanation"":""由動詞 compete 加上名詞字尾 -ition 延伸而來。""},{""word"":""competitive"",""pos"":""adjective"",""translation"":""有競爭力的；競爭激烈的"",""explanation"":""由動詞 compete 加上形容詞字尾 -ive 延伸而來。""},{""word"":""competitor"",""pos"":""noun"",""translation"":""競爭者"",""explanation"":""explanation a 加上名詞字尾 -or 延伸而來。""}]}}"	none		0
complain	complain v.	"{""headword"":""complain"",""explanation"":""「complain」在學測中常用於描述不滿、投訴或對生活品質的抗議。學習時需注意它與名詞 complaint 的區分，以及其後接續的介系詞搭配（about, of, to），這是克漏字與文意選填的常見考點。"",""senses"":[{""sense"":""抱怨；投訴（表達不滿）"",""entries"":[{""pattern"":""complain about sth."",""pos"":""phrase"",""translation"":""抱怨某事"",""explanation"":""最普遍的用法，指對某個狀況、環境或服務不滿而表達出來的抱怨。"",""sentences"":[{""sentence"":""Many students often <target>complain</target> <pattern>about</pattern> the heavy amount of homework their teachers give them every single weekend."",""translation"":""許多學生經常抱怨老師每個週末給他們的作業量過重。""},{""sentence"":""The local residents began to <target>complain</target> <pattern>about</pattern> the loud noise coming from the construction site next to their houses."",""translation"":""當地居民開始抱怨鄰近房屋的建築工地傳來的巨大噪音。""}]},{""pattern"":""complain to sb. about sth."",""pos"":""phrase"",""translation"":""向某人抱怨某事"",""explanation"":""明確指出投訴的對象（to sb.）以及抱怨的內容（about sth.）。"",""sentences"":[{""sentence"":""If you are not happy with the food in the cafeteria, you should <target>complain</target> <pattern>to</pattern> the manager <pattern>about</pattern> the quality."",""translation"":""如果你對食堂的食物不滿意，你應該向經理投訴其品質。""}]},{""pattern"":""complain that..."",""pos"":""phrase"",""translation"":""抱怨說…"",""explanation"":""後接名詞子句，用來具體敘述抱怨的內容，常用於小說或閱讀測驗的對話中。"",""sentences"":[{""sentence"":""Some passengers <target>complained</target> <pattern>that</pattern> the air conditioning in the bus was not working properly during the hot summer day."",""translation"":""一些乘客抱怨說，在炎熱的夏日裡，巴士上的冷氣設備無法正常運作。""}]}],""synonyms"":[{""word"":""grumble"",""pos"":""verb"",""translation"":""發牢騷；嘟囔"",""explanation"":""強調低聲地、不滿地表達抱怨""},{""word"":""protest"",""pos"":""verb"",""translation"":""抗議；反對"",""explanation"":""語氣較強，指公開且正式地表達不滿""}],""antonyms"":[{""word"":""praise"",""pos"":""verb"",""translation"":""稱讚；讚美"",""explanation"":""表達滿意與認可""}]}],""conjugations"":{""past_tense"":""complained"",""past_participle"":""complained""},""relatives"":{""morphology"":""字根 complain (抱怨) + 名詞字尾 -t"",""related"":[{""word"":""complaint"",""pos"":""noun"",""translation"":""投訴；抱怨"",""explanation"":""由動詞 complain 轉變而來，指代抱怨的內容或正式的投訴書。""}]}}"	none		0
complaint	complaint n.	"{""headword"":""complaint"",""explanation"":""「complaint」是名詞形式，常出現在正式的商務書信或客訴處理情境中。學生應注意它與動詞 complain 的區分，以及它常搭配的動詞如 make a complaint 或 file a complaint。"",""senses"":[{""sense"":""投訴；抱怨（名詞形式）"",""entries"":[{""pattern"":""make a complaint"",""pos"":""phrase"",""translation"":""提出投訴"",""explanation"":""最常用的口語表達方式，指表達不滿並請求解決。"",""sentences"":[{""sentence"":""After waiting for an hour without any answer, the customer decided to <pattern>make</pattern> a <target>complaint</target> to the store manager."",""translation"":""在等待一小時沒有任何答覆後，顧客決定向店經理提出投訴。""}]},{""pattern"":""file a complaint"",""pos"":""phrase"",""translation"":""正式提出投訴；提交投訴書"",""explanation"":""語氣更正式，通常指透過法律或官方渠道提交正式文書。"",""sentences"":[{""sentence"":""The company was forced to improve its safety rules after many workers <pattern>filed</pattern> a formal <target>complaint</target> against the dangerous environment."",""translation"":""在許多工人針對危險環境提交正式投訴後，公司被迫改善其安全規則。""}]}],""synonyms"":[{""word"":""grievance"",""pos"":""noun"",""translation"":""不滿；委屈"",""explanation"":""指對不公平對待的深層不滿""},{""word"":""objection"",""pos"":""noun"",""translation"":""反對；異議"",""explanation"":""指對某事不贊同的意見""}],""antonyms"":[]}],""conjugations"":null,""relatives"":{""morphology"":""字根 complain (抱怨) + 名詞字尾 -t"",""related"":[{""word"":""complain"",""pos"":""verb"",""translation"":""抱怨；投訴"",""explanation"":""對應的動詞形式。""}]}}"	none		0
concert	concert n.	"{""headword"":""concert"",""explanation"":""「concert」在學測中多出現在生活化或文化藝術類文章中。除了指稱音樂會之外，在少數進階閱讀中可能出現指稱「協調」或「一致」的抽象意義，但對 GSAT 學生而言，重點在於其作為音樂會的具體名詞用法。"",""senses"":[{""sense"":""音樂會；演奏會"",""entries"":[{""pattern"":""concert"",""pos"":""noun"",""translation"":""音樂會"",""explanation"":""指音樂家或樂團在公眾面前表演的活動。"",""sentences"":[{""sentence"":""The famous pop star's world tour <target>concert</target> was completely sold out within minutes after the tickets went on sale."",""translation"":""那位知名流行歌手的世界巡迴音樂會門票在開賣後幾分鐘內就被搶購一空。""},{""sentence"":""Our school organized a small <target>concert</target> in the hall to celebrate the end of the semester and show student talent."",""translation"":""我們學校在禮堂舉辦了一場小型音樂會，以慶祝學期結束並展示學生的才華。""}]},{""pattern"":""give/perform a concert"",""pos"":""phrase"",""translation"":""舉辦音樂會；演奏"",""explanation"":""常用動詞搭配，用來描述演出者的行為。"",""sentences"":[{""sentence"":""The symphony orchestra will <pattern>give</pattern> a grand <target>concert</target> next Friday to raise money for the poor children in the city."",""translation"":""交響樂團將在下週五舉行一場盛大的音樂會，為城市中的貧困兒童籌集資金。""}]}],""synonyms"":[{""word"":""performance"",""pos"":""noun"",""translation"":""表演；演出"",""explanation"":""泛指任何形式的藝術表演""},{""word"":""recital"",""pos"":""noun"",""translation"":""獨奏會；發表會"",""explanation"":""通常指單獨表演者的小型演出""}],""antonyms"":[]}],""conjugations"":null,""relatives"":{""morphology"":null,""related"":[]}}"	none		0
conclusion	conclusion n.	"{""headword"":""conclusion"",""explanation"":""「conclusion」在學測作文與閱讀測驗中是關鍵字。它不僅指文章的「結論」或「結尾」，更常考其作為「推論」或「決定」的意義。學習時應注意其搭配的介系詞 jump to conclusions 或 reach a conclusion。"",""senses"":[{""sense"":""結論；推論（根據證據得出的結果）"",""entries"":[{""pattern"":""draw / reach a conclusion"",""pos"":""phrase"",""translation"":""得出結論"",""explanation"":""常用動詞搭配，指經過分析後得出一個最終的結果。"",""sentences"":[{""sentence"":""After carefully analyzing all the scientific data, the researchers finally <pattern>reached</pattern> a <target>conclusion</target> about the cause of the disease."",""translation"":""在仔細分析所有科學數據後，研究人員終於得出了關於該疾病原因的結論。""},{""sentence"":""It is too early to <pattern>draw</pattern> a <target>conclusion</target> from this small experiment, as we need more evidence to be sure."",""translation"":""根據這個小型實驗得出結論還太早，因為我們需要更多證據才能確定。""}]},{""pattern"":""jump to conclusions"",""pos"":""phrase"",""translation"":""草率地得出結論；下定論"",""explanation"":""一個非常重要的慣用語，指在沒有足夠證據的情況下就快速地做出判斷。"",""sentences"":[{""sentence"":""You should not <target>jump</target> <pattern>to</pattern> <target>conclusions</target> just because he was late, as there might have been a serious traffic jam."",""translation"":""你不應該僅僅因為他遲到就草率地下定論，因為可能發生了嚴重的交通堵塞。""}]}],""synonyms"":[{""word"":""inference"",""pos"":""noun"",""translation"":""推論；結論"",""explanation"":""強調從已知事實中推導出結果""},{""word"":""decision"",""pos"":""noun"",""translation"":""決定；決議"",""explanation"":""指做出最後的判斷""}],""antonyms"":[{""word"":""beginning"",""pos"":""noun"",""translation"":""開始；開端"",""explanation"":""指事情的起點""}]},{""sense"":""結尾；結束（時間或過程的終點）"",""entries"":[{""pattern"":""come to a conclusion"",""pos"":""phrase"",""translation"":""接近尾聲；結束"",""explanation"":""描述事情、會議或演講等過程的結束。"",""sentences"":[{""sentence"":""As the long and tiring meeting <pattern>came</pattern> <pattern>to</pattern> a <target>conclusion</target>, the members finally agreed on a new plan for the company."",""translation"":""隨著長而累的會議接近尾聲，成員們終於就公司的新計劃達成了一致。""}]}],""synonyms"":[{""word"":""end"",""pos"":""noun"",""translation"":""結束；終點"",""explanation"":""指時間或最簡單的結束""},{""word"":""termination"",""pos"":""noun"",""translation"":""終止；結束"",""explanation"":"" ""}],""antonyms"":[{""word"":""introduction"",""pos"":""noun"",""translation"":""引言；開頭"",""explanation"":"" ""}]}],""conjugations"":null,""relatives"":{""morphology"":""字根 conclude (結束/推論) + 名詞字尾 -sion"",""related"":[{""word"":""conclude"",""pos"":""verb"",""translation"":""得出結論；結束"",""explanation"":""對應的動詞形式。""},{""word"":""conclusive"",""pos"":""adjective"",""translation"":""決定性的；確鑿的"",""explanation"":""由 conclude 加上形容詞字尾 -ive 延伸而來，指證據非常強大，足以讓結論成立。""}]}}"	none		0
cone	cone n.	"{""headword"":""cone"",""explanation"":""「cone」在學測中主要出現在科學類（幾何學、生物學）閱讀測驗中。學生應掌握其幾何學上的「圓錐形」以及在自然界中常見的「松果」或「冰淇淋圓錐筒」冰淇淋圓錐筒（cone）與松果（pine cone）更加高頻。"",""senses"":[{""sense"":""圓錐體；圓錐形物品"",""entries"":[{""pattern"":""cone"",""pos"":""noun"",""translation"":""圓錐體"",""explanation"":""指形狀像圓錐的任何物品。"",""sentences"":[{""sentence"":""The children enjoyed eating their sweet vanilla ice cream <target>cones</target> while walking along the sunny beach in the summer."",""translation"":""孩子們在夏天沿著陽光充足的海灘散步時，非常享受地吃著他們的香草冰淇淋圓錐筒。""}]},{""pattern"":""traffic cone"",""pos"":""phrase"",""translation"":""交通圓錐筒"",""explanation"":""常用於描述道路維修或危險區域的警告標誌。"",""sentences"":[{""sentence"":""The road workers placed several bright orange <target>cones</target> on the street to warn drivers that the road was under repair."",""translation"":""道路工人將幾個亮橘色的圓錐筒放在街道上，以警告駕駛者道路正在維修中。""}]}],""synonyms"":[],""antonyms"":[]},{""sense"":""松果"",""entries"":[{""pattern"":""pine cone"",""pos"":""phrase"",""translation"":""松果"",""explanation"":""生物學類文章中常見的植物結構。"",""sentences"":[{""sentence"":""While hiking in the mountain forest, the young girl picked up a brown <pattern>pine</pattern> <target>cone</target> from the ground to take home."",""translation"":""在山林中徒步旅行時，那個年輕女孩從地上撿起一顆棕色的松果帶回家。""}]}],""synonyms"":[],""antonyms"":[]}],""conjugations"":null,""relatives"":{""morphology"":null,""related"":[]}}"	none		0
confirm	confirm v.	"{""headword"":""confirm"",""explanation"":""「confirm」在學測中常用於確認事實、驗證假設或正式肯定某項計畫。要注意它與 check 的區別：check 是檢查是否正確，而 confirm 則是將原本不確定的狀態轉變為肯定的事實。"",""senses"":[{""sense"":""確認；證實（使某事被認定為真實或正確）"",""entries"":[{""pattern"":""confirm sth."",""pos"":""verb"",""translation"":""確認某事"",""explanation"":""及物動詞直接接名詞，受詞通常是消息、預約、約定或科學假設。"",""sentences"":[{""sentence"":""After several days of waiting, the student finally received an email to <target>confirm</target> her university admission."",""translation"":""經過幾天的等待，這名學生終於收到了一封電子郵件，確認她已被大學錄取。""},{""sentence"":""New evidence found at the crime scene helped the police <target>confirm</target> the identity of the suspect."",""translation"":""在犯罪現場發現的新證據幫助警方證實了嫌疑人的身份。""}]},{""pattern"":""confirm that..."",""pos"":""phrase"",""translation"":""確認…（後接子句）"",""explanation"":""後接名詞子句，用來詳細說明被確認的具體內容，在正式書信或報導中極為高頻。"",""sentences"":[{""sentence"":""The doctor <target>confirmed</target> <pattern>that</pattern> the patient was fully recovered and could safely return to his daily activities."",""translation"":""醫生確認病患已完全康復，可以安全地回到日常活動中。""},{""sentence"":""Local authorities <target>confirmed</target> <pattern>that</pattern> the heavy rain had caused severe flooding in the mountain villages."",""translation"":""地方當局確認大雨已導致山區村莊發生嚴重洪水。""}]}],""synonyms"":[{""word"":""verify"",""pos"":""verb"",""translation"":""核實；驗證"",""explanation"":""強調透過檢查證據或數據來證明正確性""},{""word"":""validate"",""pos"":""verb"",""translation"":""使合法化；證實"",""explanation"":""強調使某事在法律或邏輯上具有效力""}],""antonyms"":[]}],""conjugations"":{""past_tense"":""confirmed"",""past_participle"":""confirmed""},""relatives"":{""morphology"":""字根 conf- (一起) + firm (堅固)"",""related"":[{""word"":""confirmation"",""pos"":""noun"",""translation"":""確認；證實"",""explanation"":""由動詞 confirm 加上名詞字尾 -ation 延伸而來。""}]}}"	none		0
confuse	confuse v.	"{""headword"":""confuse"",""explanation"":""「confuse」在閱讀測驗中常描述心理狀態或資訊混亂。需注意其被動形式 be confused (感到困惑) 與形容詞形式 confusing (令人困惑) 的區別，這是文法考點。"",""senses"":[{""sense"":""使困惑；使混淆（使人無法清楚區分或理解）"",""entries"":[{""pattern"":""confuse sb."",""pos"":""verb"",""translation"":""使某人困惑"",""explanation"":""及物動詞，指由於資訊不足或過於複雜而導致對方感到迷茫。"",""sentences"":[{""sentence"":""The teacher's complex explanation of the physics theory <target>confused</target> many students in the classroom."",""translation"":""老師對物理理論的複雜解釋使教室裡的許多學生感到困惑。""}]},{""pattern"":""confuse A with B"",""pos"":""phrase"",""translation"":""將 A 與 B 混淆"",""explanation"":""將兩個相似的事物誤認為是同一個，或將其特徵混淆，是極高頻的搭配。"",""sentences"":[{""sentence"":""Because the two twins look almost exactly the same, many people often <target>confuse</target> them <pattern>with</pattern> each other."",""translation"":""因為這對雙胞胎長得幾乎一模一樣，許多人經常將他們彼此混淆。""},{""sentence"":""Students sometimes <target>confuse</target> the word 'affect' <pattern>with</pattern> 'effect' because they sound similar but have different meanings."",""translation"":""學生有時會將 'affect' 與 'effect' 這兩個詞混淆，因為它們讀音相似但意思不同。""}]}],""synonyms"":[{""word"":""puzzle"",""pos"":""verb"",""translation"":""使困惑"",""explanation"":""強調像拼圖一樣難以解答的困惑""},{""word"":""bewilder"",""pos"":""verb"",""translation"":""使不知所措"",""explanation"":""程度更深，指完全迷失方向或精神混亂""}],""antonyms"":[{""word"":""clarify"",""pos"":""verb"",""translation"":""澄清；闡明"",""explanation"":""使事情變得清晰易懂""}]}],""conjugations"":{""past_tense"":""confused"",""past_participle"":""confused""},""relatives"":{""morphology"":""字根 con- (一起) + fuse (傾倒、融合)"",""related"":[{""word"":""confusion"",""pos"":""noun"",""translation"":""困惑；混亂"",""explanation"":""由動詞 confuse 加上名詞字尾 -ion 延伸而來。""},{""word"":""confusing"",""pos"":""adjective"",""translation"":""令人困惑的"",""explanation"":""現在分詞轉形容詞，修飾事物。""}]}}"	none		0
connect	connect v.	"{""headword"":""connect"",""explanation"":""「connect」不僅指物理上的連接，在學測中常出現在探討科技、人際關係或邏輯推論的語境中，強調兩者之間存在某種關聯或紐帶。"",""senses"":[{""sense"":""連接；聯繫（物理上或邏輯上的結合）"",""entries"":[{""pattern"":""connect A to B"",""pos"":""phrase"",""translation"":""將 A 連接到 B"",""explanation"":""指物理上的接線或將某物安裝在另一個物體上。"",""sentences"":[{""sentence"":""To start the presentation, you need to <target>connect</target> your laptop <pattern>to</pattern> the projector using a special cable."",""translation"":""為了開始簡報，你需要使用一條特殊電纜將筆記型電腦連接到投影機上。""}]},{""pattern"":""connect with sb."",""pos"":""phrase"",""translation"":""與某人建立聯繫；產生共鳴"",""explanation"":""指心理上的溝通、理解或社交上的聯繫，常用於描述人際關係。"",""sentences"":[{""sentence"":""The new teacher uses funny stories to <target>connect</target> <pattern>with</pattern> her students, making the classroom atmosphere more relaxed."",""translation"":""新老師用幽默的故事與學生建立聯繫，讓課堂氣氛變得更加輕鬆。""},{""sentence"":""Although they grew up in different countries, the two artists <target>connected</target> <pattern>with</pattern> each other through their shared love of painting."",""translation"":""儘管他們在不同的國家長大，這兩位藝術家透過共同對繪畫的熱愛而產生了聯繫。""}]}],""synonyms"":[{""word"":""link"",""pos"":""verb"",""translation"":""連結；聯繫"",""explanation"":""強調像鏈條一樣的緊密關聯""},{""word"":""associate"",""pos"":""verb"",""translation"":""聯想；將…與…聯繫起來"",""explanation"":""指在腦海中將兩件事物聯繫在一起""}],""antonyms"":[{""word"":""disconnect"",""pos"":""verb"",""translation"":""斷開連接"",""explanation"":""物理或社交上的斷開""},{""word"":""separate"",""pos"":""verb"",""translation"":""分離"",""explanation"":""指將兩者分開""}]}],""conjugations"":{""past_tense"":""connected"",""past_participle"":""connected""},""relatives"":{""morphology"":""字根 con- (一起) + nect (綁住、連結)"",""related"":[{""word"":""connection"",""pos"":""noun"",""translation"":""連接；關係"",""explanation"":""由動詞 connect 加上名詞字尾 -ion 延伸而來。""},{""word"":""disconnect"",""pos"":""verb"",""translation"":""斷開"",""explanation"":""加上字首 dis- (相反) 形成相反義詞。""}]}}"	none		0
conscious	conscious adj.	"{""headword"":""conscious"",""explanation"":""「conscious」在學測中常與 be conscious of sth. 搭配，表示「意識到」。要注意它與 subconscious (潛意識) 及 subconsciousness (潛意識狀態) 的區別。"",""senses"":[{""sense"":""有意識的；覺醒的（指精神上清醒或意識到某事）"",""entries"":[{""pattern"":""be conscious of sth."",""pos"":""phrase"",""translation"":""意識到某事"",""explanation"":""最常見的搭配，指察覺到環境、他人看法或自身狀態。"",""sentences"":[{""sentence"":""Because she was <target>conscious</target> <pattern>of</pattern> the impact of plastic waste, she decided to stop using plastic bags."",""translation"":""因為她意識到塑料廢棄物的影響，她決定停止使用塑料袋。""},{""sentence"":""The boy became <target>conscious</target> <pattern>of</pattern> the silence in the room when he realized that everyone was looking at him."",""translation"":""當男孩意識到每個人都在看他時，他察覺到了房間裡的寂靜。""}]},{""pattern"":""conscious effort"",""pos"":""phrase"",""translation"":""有意識的努力"",""explanation"":""名詞修飾，指刻意地去做某事，而非出於本能或習慣。"",""sentences"":[{""sentence"":""Learning a new language requires a <target>conscious</target> effort to practice speaking and listening every single day."",""translation"":""學習一種新語言需要有意識的努力，每天練習說話和聆聽。""}]}],""synonyms"":[{""word"":""aware"",""pos"":""adjective"",""translation"":""意識到的；察覺的"",""explanation"":""最普遍的同義詞，指察覺到某事的存在""},{""word"":""mindful"",""pos"":""adjective"",""translation"":""留心的；注意的"",""explanation"":""強調刻意地將注意力集中在某事上""}],""antonyms"":[{""word"":""unconscious"",""pos"":""adjective"",""translation"":""無意識的；昏迷的"",""explanation"":""指精神上不清醒或在潛意識中行動""}]}],""conjugations"":null,""relatives"":{""morphology"":""字根 consci- (知道) + -ous (形容詞字尾)"",""related"":[{""word"":""consciously"",""pos"":""adverb"",""translation"":""有意識地"",""explanation"":""由形容詞 conscious 加上副詞字尾 -ly 延伸而來。""},{""word"":""consciousness"",""pos"":""noun"",""translation"":""意識；覺醒"",""explanation"":""由形容詞 conscious 加上名詞字尾 -ness 延伸而來。""}]}}"	none		0
considerable	considerable adj.	"{""headword"":""considerable"",""explanation"":""「considerable」在學測寫作中是極高頻的加強語氣詞，用來代替 simply 'big' 或 'large'。它強調的是「值得注意的」或「相當多的」，常用於描述數量、程度或影響力。"",""senses"":[{""sense"":""相當大的；相當多的（指數量、規模或程度值得注意）"",""entries"":[{""pattern"":""considerable amount / number"",""pos"":""phrase"",""translation"":""相當多的數量"",""explanation"":""常用於描述金錢、時間、資源或人數。"",""sentences"":[{""sentence"":""The company spent a <target>considerable</target> <pattern>amount</pattern> of money to develop a new, more efficient solar power system."",""translation"":""公司花費了相當多的資金來開發一套全新的、更高效的太陽能發電系統。""},{""sentence"":""A <target>considerable</target> <pattern>number</pattern> of students spent their entire summer vacation studying in the library to prepare for the exam."",""translation"":""相當多數的學生在整個暑假都待在圖書館學習，為考試做準備。""}]},{""pattern"":""considerable influence / impact"",""pos"":""phrase"",""translation"":""相當大的影響力"",""explanation"":""用於描述某個事件、政策或環境變遷對某事物產生的效果。"",""sentences"":[{""sentence"":""The invention of the smartphone has had a <target>considerable</target> <pattern>impact</pattern> on the way people communicate with each other."",""translation"":""智慧型手機的發明對人們彼此溝通的方式產生了相當大的影響。""}]}],""synonyms"":[{""word"":""significant"",""pos"":""adjective"",""translation"":""顯著的；重要的"",""explanation"":""強調結果顯著，值得被注意到""},{""word"":""substantial"",""pos"":""adjective"",""translation"":""大量的；實質的"",""explanation"":""強調規模或體積上的巨大""}],""antonyms"":[{""word"":""negligible"",""pos"":""adjective"",""translation"":""可忽略不計的"",""explanation"":""指數量或程度極小，不值得注意""},{""word"":""slight"",""pos"":""adjective"",""translation"":""輕微的"",""explanation"":""指程度非常淺""}]}],""conjugations"":null,""relatives"":{""morphology"":""動詞 consider (考慮) + -able (能...的)"",""related"":[{""word"":""considerably"",""pos"":""adverb"",""translation"":""相當地；顯著地"",""explanation"":""由形容詞 considerable 延伸而來，常用於修飾動詞或形容詞。""},{""word"":""consideration"",""pos"":""noun"",""translation"":""考慮；深思熟慮"",""explanation"":""由動詞 consider 延伸而來。""}]}}"	none		0
constant	constant adj./n.	"{""headword"":""constant"",""explanation"":""「constant」在學測中常作為形容詞表示「持續不斷的」或「恆定的」，常用於描述氣候、噪音或生活習慣。若作為名詞，則多出現在數學或科學文章中，指代「常數」。"",""senses"":[{""sense"":""持續不斷的；恆定的（始終如一，沒有變化的）"",""entries"":[{""pattern"":""constant noise / pressure"",""pos"":""phrase"",""translation"":""持續的噪音／壓力"",""explanation"":""用來修飾那些讓人感到困擾或令人不安的持續狀態。"",""sentences"":[{""sentence"":""The students could not concentrate on their final exam because of the <target>constant</target> <pattern>noise</pattern> from the construction site next door."",""translation"":""學生們因為隔壁建築工地的持續噪音而無法集中精神參加期末考試。""},{""sentence"":""Young athletes often feel a <target>constant</target> <pattern>pressure</pattern> to win every game to impress their coaches and scouts."",""translation"":""年輕的運動員經常感到一種持續的壓力，必須贏得每一場比賽以給教練和球探留下深刻印象。""}]},{""pattern"":""remain constant"",""pos"":""phrase"",""translation"":""保持恆定"",""explanation"":""常用於科學實驗或數據分析，描述某個數值在觀察期間沒有變動。"",""sentences"":[{""sentence"":""In this physics experiment, the temperature of the water must <pattern>remain</pattern> <target>constant</target> to ensure the results are accurate."",""translation"":""在這個物理實驗中，水的溫度必須保持恆定，以確保結果是準確的。""}]}],""synonyms"":[{""word"":""continuous"",""pos"":""adjective"",""translation"":""連續的；持續的"",""explanation"":""強調時間或空間上的不間斷""},{""word"":""steady"",""pos"":""adjective"",""translation"":""穩定的"",""explanation"":""強調程度或速度沒有大幅波動""}],""antonyms"":[{""word"":""variable"",""pos"":""adjective"",""translation"":""可變的"",""explanation"":""指數值或情況會隨時間或環境改變""},{""word"":""inconstant"",""pos"":""adjective"",""translation"":""易變的"",""explanation"":""指人的心意或狀態不穩定""}]},{""sense"":""常數（數學或科學中不變的數值）"",""entries"":[{""pattern"":""a constant"",""pos"":""noun"",""translation"":""一個常數"",""explanation"":""指在特定公式或計算中永遠不變的數值。"",""sentences"":[{""sentence"":""In the algebraic equation, the number five is used as a <target>constant</target> because it does not change regardless of the variable's value."",""translation"":""在這個代數方程式中，數字五被用作一個常數，因為無論變數的值是多少，它都不會改變。""}]}],""synonyms"":[],""antonyms"":[]}],""conjugations"":null,""relatives"":{""morphology"":""字根 constant (穩定、堅固)"",""related"":[{""word"":""constancy"",""pos"":""noun"",""translation"":""忠誠；恆定"",""explanation"":""由 constant 加上名詞字尾 -cy 延伸而來。""}]}}"	none		0
continent	continent n.	"{""headword"":""continent"",""explanation"":""「continent」在地理、環境或歷史類閱讀中是基礎詞彙。學生需區分其作為名詞指代「大陸/洲」的用法，以及在極少數情境中與 an ocean 對比的地理分佈。"",""senses"":[{""sense"":""大陸；洲（地球表面巨大的陸地塊）"",""entries"":[{""pattern"":""the African / Asian continent"",""pos"":""phrase"",""translation"":""非洲洲／亞洲大陸"",""explanation"":""常用於描述特定洲份的地理特徵、野生動物分佈或文化差異。"",""sentences"":[{""sentence"":""Many unique species of animals, such as kangaroos and koalas, are only found on the Australian <target>continent</target>."",""translation"":""許多獨特的動物物種，如袋鼠和無尾熊，僅在澳洲大陸上被發現。""},{""sentence"":""The professor explained how the seven <target>continents</target> were once a single giant landmass called Pangaea millions of years ago."",""translation"":""教授解釋了數百萬年前，這七個大洲曾經是一個被稱為盤古大陸的單一巨型陸地。""}]}],""synonyms"":[],""antonyms"":[]}],""conjugations"":null,""relatives"":{""morphology"":""來自拉丁語 continere (包含、圍繞)"",""related"":[{""word"":""continental"",""pos"":""adjective"",""translation"":""大陸的；洲的"",""explanation"":""形容詞形式，常用於 continental breakfast (歐陸式早餐)。""}]}}"	none		0
controller	controller n.	"{""headword"":""controller"",""explanation"":""「controller」在科技、電子產品或管理情境中非常高頻。它可以指硬體設備（如遊戲控制器）或指職位（如財務控制員）。"",""senses"":[{""sense"":""控制器；遙控器（用來操作設備的硬體）"",""entries"":[{""pattern"":""game controller"",""pos"":""phrase"",""translation"":""遊戲控制器"",""explanation"":""指用來操作電子遊戲的手把或遙控設備。"",""sentences"":[{""sentence"":""The young boy was so excited that he accidentally dropped his <target>controller</target> on the floor while playing a racing game."",""translation"":""那個小男孩太興奮了，在玩賽車遊戲時不小心把他的控制器掉在地上。""}]},{""pattern"":""remote controller"",""pos"":""phrase"",""translation"":""遙控器"",""explanation"":""指用來遠端操作電器設備的裝置。"",""sentences"":[{""sentence"":""My father spent ten minutes searching for the TV <target>controller</target> only to find it hidden under the living room sofa."",""translation"":""我父親花十分鐘尋找電視遙控器，結果發現它就藏在客廳沙發底下。""}]}],""synonyms"":[],""antonyms"":[]},{""sense"":""控制者；管理員（負責監督或管理某事的人）"",""entries"":[{""pattern"":""financial controller"",""pos"":""phrase"",""translation"":""財務控制員"",""explanation"":""指公司內部負責監督財務預算與成本的專業人員。"",""sentences"":[{""sentence"":""The company hired a professional <target>controller</target> to manage the budget and ensure that no money was wasted on useless projects."",""translation"":""公司聘請了一位專業的財務控制員來管理預算，並確保沒有資金被浪費在無用的專案上。""}]}],""synonyms"":[{""word"":""manager"",""pos"":""noun"",""translation"":""經理；管理員"",""explanation"":""泛指管理的人""},{""word"":""supervisor"",""pos"":""noun"",""translation"":""主管；監督者"",""explanation"":""強調監督工作過程""}],""antonyms"":[]}],""conjugations"":null,""relatives"":{""morphology"":""動詞 control (控制) + 名詞字尾 -ler (人或物)"",""related"":[{""word"":""control"",""pos"":""verb"",""translation"":""控制；管理"",""explanation"":""核心基礎動詞。""},{""word"":""controllable"",""pos"":""adjective"",""translation"":""可控制的"",""explanation"":""形容詞形式。""}]}}"	none		0
cooker	cooker n.	"{""headword"":""cooker"",""explanation"":""「cooker」與「cook」在學測中是極易混淆的考點。cook 指的是「廚師」(n.) 或「烹飪」(v.)，而 cooker 則是指「烹飪設備/電鍋/爐灶」(n.)。學生必須在填空題中根據其物理性質（人 vs 物）來區分。"",""senses"":[{""sense"":""烹飪設備；爐灶；電鍋（用來煮東西的器具）"",""entries"":[{""pattern"":""electric cooker / pressure cooker"",""pos"":""phrase"",""translation"":""電爐／壓力鍋"",""explanation"":""指具體的烹飪器具。"",""sentences"":[{""sentence"":""My mother bought a new pressure <target>cooker</target> that can cook tough meat in half the time it usually takes."",""translation"":""我母親買了一個新的壓力鍋，可以在一半的時間內將堅硬的肉煮熟。""},{""sentence"":""Please be careful when using the electric <target>cooker</target> in the dorm, as it may cause a fire if left unattended."",""translation"":""在宿舍使用電爐時請小心，因為如果沒人看管，可能會引起火災。""}]}],""synonyms"":[],""antonyms"":[]}],""conjugations"":null,""relatives"":{""morphology"":""動詞 cook (煮) + 名詞字尾 -er (物)"",""related"":[{""word"":""cook"",""pos"":""noun"",""translation"":""廚師"",""explanation"":""指烹飪的人。""}]}}"	none		0
costly	costly adj.	"{""headword"":""costly"",""explanation"":""「costly」在學測中作為形容詞，表示「昂貴的」或「代價慘重的」。除了指金錢上的昂貴，它在閱讀測驗中常被用來描述一個錯誤或決定導致的嚴重後果（代價慘重）。"",""senses"":[{""sense"":""昂貴的（價格高）"",""entries"":[{""pattern"":""costly jewelry / equipment"",""pos"":""phrase"",""translation"":""昂貴的珠寶／設備"",""explanation"":""等同於 expensive，但語氣更正式。"",""sentences"":[{""sentence"":""Building a high-speed railway system is a <target>costly</target> project that requires billions of dollars in government funding."",""translation"":""建造高鐵系統是一個昂貴的專案，需要政府投入數十億美元的資金。""}]}],""synonyms"":[{""word"":""expensive"",""pos"":""adjective"",""translation"":""昂貴的"",""explanation"":""最普遍的用法""},{""word"":""pricey"",""pos"":""adjective"",""translation"":""價格高的"",""explanation"":""口語化用法""}],""antonyms"":[{""word"":""cheap"",""pos"":""adjective"",""translation"":""便宜的"",""explanation"":""指價格低""},{""word"":""inexpensive"",""pos"":""adjective"",""translation"":""不昂貴的"",""explanation"":""較正式的用法""}]},{""sense"":""代價慘重的（導致嚴重後果）"",""entries"":[{""pattern"":""a costly mistake / error"",""pos"":""phrase"",""translation"":""慘重的錯誤／失誤"",""explanation"":""指一個決定或錯誤導致了巨大的損失（金錢、時間或機會）。"",""sentences"":[{""sentence"":""The team's failure to check the weather report before the trip was a <target>costly</target> <pattern>mistake</pattern> that led to their rescue."",""translation"":""該團隊在出發前未能檢查氣象報告是一個慘重的失誤，導致他們必須被救援。""},{""sentence"":""Forgetting to save the file before the computer crashed was a <target>costly</target> <pattern>error</pattern> that cost the student hours of hard work."",""translation"":""在電腦當機前忘記儲存檔案是一個慘重的錯誤，導致學生損失了數小時的辛苦工作。""}]}],""synonyms"":[{""word"":""dear"",""pos"":""adjective"",""translation"":""親愛的；昂貴的"",""explanation"":""在英國英語中，costly 常用於指價格昂貴""}],""antonyms"":[]}],""conjugations"":null,""relatives"":{""morphology"":""名詞 cost (成本) + 形容詞字尾 -ly"",""related"":[{""word"":""cost"",""pos"":""noun"",""translation"":""成本；費用"",""explanation"":""核心基礎名詞。""}]}}"	none		0
cotton	cotton n.	"{""headword"":""cotton"",""explanation"":""「cotton」在學測中常出現在探討紡織工業、環保面料或植物生態的閱讀文章中。除了指植物本身，更常作為名詞修飾名詞（noun adjunct），用來描述衣物的材質。"",""senses"":[{""sense"":""棉花；棉織品（植物及其纖維製成的布料）"",""entries"":[{""pattern"":""cotton"",""pos"":""noun"",""translation"":""棉花"",""explanation"":""指植物本身或其纖維。"",""sentences"":[{""sentence"":""Farmers in the south grow a vast amount of <target>cotton</target> to sell to clothing factories around the world."",""translation"":""南方的農民種植大量棉花以賣給全世界的服裝工廠。""}]},{""pattern"":""cotton clothes / a cotton shirt"",""pos"":""phrase"",""translation"":""棉質衣服／棉質襯衫"",""explanation"":""使用 cotton 作為形容詞性質的修飾語，描述衣物的材質。"",""sentences"":[{""sentence"":""Because <target>cotton</target> clothes are breathable and soft, many people prefer to wear them during the hot summer months."",""translation"":""因為棉質衣服透氣且柔軟，許多人偏好在炎熱的夏季月份穿著它們。""}]}],""synonyms"":[],""antonyms"":[]},{""sense"":""棉球（醫療用）"",""entries"":[{""pattern"":""cotton ball"",""pos"":""noun"",""translation"":""醫療棉球"",""explanation"":""指用於清潔傷口或化妝的圓形棉球。"",""sentences"":[{""sentence"":""The nurse gently used a small <target>cotton</target> ball to clean the blood and dirt away from the patient's cut."",""translation"":""護理師輕輕地使用一個小棉球將病人傷口上的血液與污垢清理掉。""}]}],""synonyms"":[],""antonyms"":[]}],""conjugations"":null,""relatives"":{""morphology"":null,""related"":[]}}"	none		0
cough	cough n./v.	"{""headword"":""cough"",""explanation"":""「cough」在健康與生理描述中是基礎詞彙。需注意其作為動詞時的用法，以及在名詞形式下常搭配的形容詞（如 dry, productive）來描述症狀。"",""senses"":[{""sense"":""咳嗽（生理反應）"",""entries"":[{""pattern"":""cough"",""pos"":""verb"",""translation"":""咳嗽"",""explanation"":""不及物動詞，描述身體不由自主地排出空氣的動作。"",""sentences"":[{""sentence"":""The young boy started to <target>cough</target> violently after he accidentally breathed in some smoke from the campfire."",""translation"":""那個小男孩在不小心吸入營火的一些煙霧後，開始劇烈地咳嗽。""}]},{""pattern"":""have a cough"",""pos"":""phrase"",""translation"":""咳嗽；患有咳嗽症狀"",""explanation"":""名詞用法，常搭配 have 或 suffer from。"",""sentences"":[{""sentence"":""My little sister has had a terrible <target>cough</target> for over a week, so my parents took her to the doctor."",""translation"":""我的妹妹咳嗽得很厲害，已經持續一個多星期了，所以我的父母帶她去看醫生。""}]},{""pattern"":""cough up sth."",""pos"":""phrase"",""translation"":""咳出某物／（非正式）拿出錢"",""explanation"":""片語用法。字面意思是咳出痰或異物，引申為勉強地拿出錢。"",""sentences"":[{""sentence"":""The sick dog <target>coughed</target> <pattern>up</pattern> some thick mucus from its lungs to clear its breathing passage."",""translation"":""那隻生病的狗從肺部咳出了一些濃痰，以清理其呼吸道。""}]}],""synonyms"":[],""antonyms"":[]}],""conjugations"":{""past_tense"":""coughed"",""past_participle"":""coughed""},""relatives"":{""morphology"":null,""related"":[]}}"	none		0
countable	countable adj.	"{""headword"":""countable"",""explanation"":""「countable」在數學、語言學或基礎英文文法討論中出現。其核心含義在於「可計數的」，與 uncountable 或 infinite 對立。"",""senses"":[{""sense"":""可計數的（可以用數字直接量化）"",""entries"":[{""pattern"":""countable noun"",""pos"":""phrase"",""translation"":""可數名詞"",""explanation"":""最常見的搭配，用於文法教學或語言分析。"",""sentences"":[{""sentence"":""In English grammar, a <target>countable</target> noun refers to things that can be counted as individual units, such as books or apples."",""translation"":""在英文文法中，可數名詞是指可以作為個別單元計算的事物，例如書籍或蘋果。""}]},{""pattern"":""countable"",""pos"":""adjective"",""translation"":""可數的；可計數的"",""explanation"":""泛指任何可以用數字量化的事物。"",""sentences"":[{""sentence"":""The total cost of the project was <target>countable</target>, but the amount of happiness it brought us was truly infinite."",""translation"":""這個專案的總成本是可計數的，但它帶給我們的快樂則是真正無限的。""}]}],""synonyms"":[],""antonyms"":[]}],""conjugations"":null,""relatives"":{""morphology"":""字根 count (計數) + 形容詞字尾 -able (能夠...的)"",""related"":[{""word"":""count"",""pos"":""noun"",""translation"":""數量；計算"",""explanation"":""基礎動詞/名詞型態。""},{""word"":""uncountable"",""pos"":""adjective"",""translation"":""不可數的"",""explanation"":""由 countable 加上否定字首 un- 延伸而來。""}]}}"	none		0
county	county n.	"{""headword"":""county"",""explanation"":""「county」常出現在描述美國或英國等英語國家行政區劃的文章中。學生常將其與 country (國家) 混淆，需強調其行政區劃的層級（通常在州或省之下）。"",""senses"":[{""sense"":""郡；縣（行政區劃）"",""entries"":[{""pattern"":""county"",""pos"":""noun"",""translation"":""郡；縣"",""explanation"":""指一個特定的行政管理區域。"",""sentences"":[{""sentence"":""The local <target>county</target> government decided to build a new library to provide more resources for the students in the area."",""translation"":""當地郡政府決定建造一座新圖書館，以提供該地區學生更多資源。""}]},{""pattern"":""county road / county park"",""pos"":""phrase"",""translation"":""郡道／郡立公園"",""explanation"":""名詞修飾名詞，指由該郡政府管轄的設施。"",""sentences"":[{""sentence"":""We drove along the quiet <target>county</target> road for an hour before we finally reached the small village in the mountains."",""translation"":""我們沿著安靜的郡道開了一小時車，最後才到達山區的小村莊。""}]}],""synonyms"":[],""antonyms"":[]}],""conjugations"":null,""relatives"":{""morphology"":null,""related"":[]}}"	none		0
crab	crab n.	"{""headword"":""crab"",""explanation"":""「crab」在自然生態或海洋生物類閱讀測驗中是基礎名詞。重點在於其生物特徵的描述以及相關的慣用語。"",""senses"":[{""sense"":""螃蟹（甲殼類動物）"",""entries"":[{""pattern"":""crab"",""pos"":""noun"",""translation"":""螃蟹"",""explanation"":""指海洋或淡水中的甲殼類動物。"",""sentences"":[{""sentence"":""While walking along the beach, the children found a small <target>crab</target> hiding under a wet rock near the water."",""translation"":""在海邊散步時，孩子們在水邊的一塊濕岩石下發現了一隻小螃蟹。""}]}],""synonyms"":[],""antonyms"":[]}],""conjugations"":null,""relatives"":{""morphology"":null,""related"":[]}}"	none		0
cradle	cradle n./v.	"{""headword"":""cradle"",""explanation"":""「cradle」在學測中兼具具體與抽象含義。名詞時指嬰兒的搖籃，動詞時則常用於描述某種文化、思想或文明的「發源地」或「孕育」過程。在閱讀測驗中，看到此字常與早期人類文明或嬰兒照顧相關。"",""senses"":[{""sense"":""搖籃（嬰兒睡覺的床）"",""entries"":[{""pattern"":""cradle"",""pos"":""noun"",""translation"":""搖籃"",""explanation"":""指供嬰兒睡眠的特製小床，通常可以搖動。"",""sentences"":[{""sentence"":""The tired mother gently rocked the wooden <target>cradle</target> back and forth to help her newborn baby fall asleep."",""translation"":""疲憊的母親輕輕地前後搖動木製搖籃，好讓她的新生兒入睡。""}]}],""synonyms"":[{""word"":""bassinet"",""pos"":""noun"",""translation"":""嬰兒籃"",""explanation"":""一種較小且可移動的嬰兒床""}],""antonyms"":[]},{""sense"":""發源地；搖籃（比喻某事開始或發展的地方）"",""entries"":[{""pattern"":""the cradle of sth."",""pos"":""phrase"",""translation"":""…的發源地"",""explanation"":""比喻某個重要文明、藝術或思想最初誕生並成長的地方。"",""sentences"":[{""sentence"":""Mesopotamia is often called the <target>cradle</target> <pattern>of</pattern> civilization because early humans first built cities and developed writing there."",""translation"":""美索不達米亞常被稱為文明的發源地，因為早期人類首先在那裡建造城市並發展出文字。""}]}],""synonyms"":[{""word"":""birthplace"",""pos"":""noun"",""translation"":""出生地；發源地"",""explanation"":""最直接的同義詞，指事物開始的地方""}],""antonyms"":[]},{""sense"":""抱在懷中；支撐（用手臂或手托住）"",""entries"":[{""pattern"":""cradle sth./sb. in one's arms"",""pos"":""phrase"",""translation"":""將…抱在懷中"",""explanation"":""強調像搖籃一樣溫柔地托住或抱著某人或某物。"",""sentences"":[{""sentence"":""After the long race, the runner collapsed in pain, and his teammate <target>cradled</target> him <pattern>in</pattern> his arms to keep him safe."",""translation"":""長跑賽後，那名跑者因疼痛而倒下，而他的隊友將他抱在懷中以確保他的安全。""}]}],""synonyms"":[{""word"":""hold"",""pos"":""verb"",""translation"":""抱著；持有"",""explanation"":""通用詞，指用手或手臂持有""},{""word"":""nurture"",""pos"":""verb"",""translation"":""養育；培育"",""explanation"":""比喻將某人像在搖籃中一樣照顧""}],""antonyms"":[]}],""conjugations"":{""past_tense"":""cradled"",""past_participle"":""cradled""},""relatives"":{""morphology"":null,""related"":[]}}"	none		0
crane	crane n./v.	"{""headword"":""crane"",""explanation"":""「crane」在學測中是一個典型的多義字。名詞時可指生物學上的「鶴」或工業上的「起重機」，動詞時則描述一種特定的身體動作（伸長脖子）。學生需根據上下文，判斷該物體是否具有「生物屬性」或「機械屬性」。"",""senses"":[{""sense"":""起重機（大型吊車）"",""entries"":[{""pattern"":""crane"",""pos"":""noun"",""translation"":""起重機；吊車"",""explanation"":""指用於建築工地或港口搬運沉重物體的大型機械。"",""sentences"":[{""sentence"":""The construction workers used a giant <target>crane</target> to lift the heavy steel beams and place them precisely on the roof."",""translation"":""建築工人使用一台巨大的起重機將沉重的鋼樑吊起，並精確地將其放置在屋頂上。""}]}],""synonyms"":[{""word"":""hoist"",""pos"":""noun"",""translation"":""起重裝置"",""explanation"":""較專業的吊裝設備名稱""}],""antonyms"":[]},{""sense"":""鶴（一種長頸長腿的鳥類）"",""entries"":[{""pattern"":""crane"",""pos"":""noun"",""translation"":""鶴"",""explanation"":""指一種優雅的、長頸長腿的大型鳥類，常用於自然生態描寫。"",""sentences"":[{""sentence"":""The wildlife photographer spent three days in the cold marshes, hoping to capture a beautiful photo of a dancing <target>crane</target>."",""translation"":""野生動物攝影師在寒冷的沼澤中待了三天，希望能拍到一張舞鶴優雅舞蹈的照片。""}]}],""synonyms"":[],""antonyms"":[]},{""sense"":""伸長脖子（為了看清某物）"",""entries"":[{""pattern"":""crane one's neck"",""pos"":""phrase"",""translation"":""伸長脖子"",""explanation"":""模仿鶴的脖子，指為了看清前方或上方而用力伸長脖子。"",""sentences"":[{""sentence"":""The short boy had to <target>crane</target> his <pattern>neck</pattern> to see the famous singer performing on the high stage."",""translation"":""那個矮小的男孩不得不伸長脖子，才能看見在高台上表演的著名歌手。""}]}],""synonyms"":[{""word"":""stretch"",""pos"":""verb"",""translation"":""伸展；伸長"",""explanation"":""泛指身體部位的伸展""}],""antonyms"":[]}],""conjugations"":{""past_tense"":""craned"",""past_participle"":""craned""},""relatives"":{""morphology"":null,""related"":[]}}"	none		0
crash	crash n./v.	"{""headword"":""crash"",""explanation"":""「crash」的用法非常多元，涵蓋了物理上的碰撞、聲音上的劇烈撞擊，以及科技上的系統當機。在學測中，重點在於區分這三種完全不同的情境（交通、聲響、資訊科技）。"",""senses"":[{""sense"":""碰撞；毀滅（劇烈地撞擊）"",""entries"":[{""pattern"":""crash into sth."",""pos"":""phrase"",""translation"":""撞上某物"",""explanation"":""指車輛、飛機或物體以高速撞擊到另一個物體。"",""sentences"":[{""sentence"":""Because the driver fell asleep at the wheel, the car <target>crashed</target> <pattern>into</pattern> a large tree by the side of the road."",""translation"":""因為駕駛在方向盤前睡著了，車子撞上了一棵路邊的大樹。""}]}],""synonyms"":[{""word"":""collide"",""pos"":""verb"",""translation"":""碰撞"",""explanation"":""指兩個移動物體互相撞擊""},{""word"":""smash"",""pos"":""verb"",""translation"":""粉碎；猛撞"",""explanation"":""強調撞擊後物體破碎的結果""}],""antonyms"":[]},{""sense"":""崩潰；當機（電腦或系統失效）"",""entries"":[{""pattern"":""crash"",""pos"":""verb"",""translation"":""當機；崩潰"",""explanation"":""資訊科技術語，指電腦系統或軟體突然停止運作。"",""sentences"":[{""sentence"":""I was almost finished with my history essay, but my computer <target>crashed</target>, and I lost all the information I had written."",""translation"":""我的歷史論文快要寫完了，但我的電腦突然當機，導致我寫的所有資訊都遺失了。""}]}],""synonyms"":[{""word"":""fail"",""pos"":""verb"",""translation"":""失效；故障"",""explanation"":""泛指系統無法運作""}],""antonyms"":[]},{""sense"":""劇烈撞擊聲；崩潰（名詞用法）"",""entries"":[{""pattern"":""a crash"",""pos"":""noun"",""translation"":""撞擊聲；碰撞事故"",""explanation"":""指碰撞時發出的巨大聲響，或指一次碰撞事故。"",""sentences"":[{""sentence"":""The sudden <target>crash</target> of plates breaking in the kitchen scared the cat, making it jump high into the air."",""translation"":""廚房裡盤子破碎的突然撞擊聲嚇到了貓，讓它高高地跳向空中。""}]}],""synonyms"":[{""word"":""bang"",""pos"":""noun"",""translation"":""砰的一聲；巨響"",""explanation"":""指突然且巨大的聲音""}],""antonyms"":[]}],""conjugations"":{""past_tense"":""crashed"",""past_participle"":""crashed""},""relatives"":{""morphology"":null,""related"":[]}}"	none		0
crawl	crawl v./n.	"{""headword"":""crawl"",""explanation"":""「crawl」除了指動物或嬰兒的爬行外，在現代英語中也常用於描述交通緩慢或網路速度極慢（如 crawl along）。在閱讀中，看到此字應首先考慮其動作特徵：緩慢且身體貼近地面。"",""senses"":[{""sense"":""爬行（身體貼近地面移動）"",""entries"":[{""pattern"":""crawl"",""pos"":""verb"",""translation"":""爬行"",""explanation"":""指嬰兒、昆蟲或受傷的人用手腳在地面移動。"",""sentences"":[{""sentence"":""The baby is not yet able to walk, so he spends most of his time <target>crawling</target> across the living room floor."",""translation"":""這個嬰兒還不會走路，所以他大部分的時間都在客廳地板上爬行。""}]}],""synonyms"":[{""word"":""creep"",""pos"":""verb"",""translation"":""悄悄爬行；潛行"",""explanation"":""強調緩慢且為了不被發現而移動""}],""antonyms"":[{""word"":""run"",""pos"":""verb"",""translation"":""奔跑"",""explanation"":""指快速移動""}]},{""sense"":""緩慢移動（比喻交通或速度極慢）"",""entries"":[{""pattern"":""crawl along"",""pos"":""phrase"",""translation"":""緩慢前進"",""explanation"":""用來描述交通堵塞時車輛前進的速度極慢。"",""sentences"":[{""sentence"":""Because of the heavy rain and a car accident, the traffic on the highway <target>crawled</target> <pattern>along</pattern> at a very slow pace."",""translation"":""因為大雨和一場車禍，高速公路上的交通緩慢前進，速度非常慢。""}]}],""synonyms"":[{""word"":""drag"",""pos"":""verb"",""translation"":""拖延；緩慢移動"",""explanation"":""指速度極慢，像在拖行一樣""}],""antonyms"":[]}],""conjugations"":{""past_tense"":""crawled"",""past_participle"":""crawled""},""relatives"":{""morphology"":null,""related"":[]}}"	none		0
creative	creative adj.	"{""headword"":""creative"",""explanation"":""「creative」在學測中常出現在探討藝術、教育或解決問題的語境中。重點在於區分它與 imagine 的相關性，以及它在寫作中如何與 a creative approach 或 creative thinking 搭配，用來描述一種「創新」的能力。"",""senses"":[{""sense"":""有創造力的；創新的（能產生原創想法）"",""entries"":[{""pattern"":""creative thinking"",""pos"":""phrase"",""translation"":""創造性思考"",""explanation"":""指使用非傳統方法來解決問題或創作藝術。"",""sentences"":[{""sentence"":""The teacher encouraged the students to use <target>creative</target> <pattern>thinking</pattern> to solve the difficult math problem in a new way."",""translation"":""老師鼓勵學生使用創造性思考，以一種新的方式來解決這道困難的數學題。""}]},{""pattern"":""be creative"",""pos"":""phrase"",""translation"":""有創造力"",""explanation"":""形容一個人具有創新能力或作品具有原創性。"",""sentences"":[{""sentence"":""If you want to attract more customers to your small shop, you need to <target>be</target> <target>creative</target> with your marketing ideas."",""translation"":""如果你想吸引更多顧客到你的小店，你需要對你的行銷創意有創造力。""}]}],""synonyms"":[{""word"":""innovative"",""pos"":""adjective"",""translation"":""創新的"",""explanation"":""強調打破傳統，引入新方法""},{""word"":""imaginative"",""pos"":""adjective"",""translation"":""富有想像力的"",""explanation"":"" ""}],""antonyms"":[{""word"":""unimaginative"",""pos"":""adjective"",""translation"":""缺乏想像力的"",""explanation"":"" ""},{""word"":""traditional"",""pos"":""adjective"",""translation"":""傳統的"",""explanation"":""強調遵循慣例，而非創新""}]}],""conjugations"":null,""relatives"":{""morphology"":""字根 create (創造) + 形容詞字尾 -ive"",""related"":[{""word"":""creation"",""pos"":""noun"",""translation"":""創造物；創造"",""explanation"":""由形容詞 creative 轉化為名詞""},{""word"":""creativity"",""pos"":""noun"",""translation"":""創造力"",""explanation"":""指一個人擁有創造力的能力或特質""},{""word"":""create"",""pos"":""verb"",""translation"":""創造；創建"",""explanation"":""核心動詞型態""}]}}"	none		0
