headword	raw_string	response
abandon	abandon v.	"{""headword"":""abandon"",""explanation"":""動詞「放棄、拋棄」。常用於指放棄某物、某地、某人或某種行為。注意其名詞形是 abandonment。在寫作中，常與 hope, plan, dream 等搭配。"",""entries"":[{""sentence"":""The hikers had to <abandon> their attempt to reach the summit due to the sudden severe weather conditions."",""translation"":""由於突如其來的惡劣天氣，登山者不得不放棄登頂的嘗試。"",""explanation"":""動詞「放棄」。常用於放棄計畫、嘗試或希望。""},{""sentence"":""Many people were forced to <abandon> their homes and seek refuge in safer areas after the devastating earthquake."",""translation"":""在毀滅性的地震之後，許多人被迫拋棄家園，到更安全的地區尋求庇護。"",""explanation"":""動詞「拋棄」。指離開某地或某物，通常是因為危險或必要。""},{""sentence"":""Despite facing numerous challenges, she refused to <abandon> her dream of becoming a doctor and continued to study diligently."",""translation"":""儘管面臨許多挑戰，她仍拒絕放棄成為醫生的夢想，並繼續努力學習。"",""explanation"":""動詞「放棄」。常用於放棄目標、理想或信念。""}],""related_forms"":[""abandonment""]}"
absolute	absolute adj.	"{""headword"":""absolute"",""explanation"":""形容詞「絕對的、完全的」。常用於強調某事物的程度或性質是完全的，沒有任何限制或例外。注意其副詞形是 absolutely。"",""entries"":[{""sentence"":""The teacher demanded <absolute> *silence* from the students during the exam to ensure fairness and prevent cheating."",""translation"":""老師要求學生在考試期間保持絕對安靜，以確保公平並防止作弊。"",""explanation"":""形容詞「絕對的、完全的」。強調程度或狀態的完全性。""},{""sentence"":""It's an <absolute> *necessity* for students to develop critical thinking skills to succeed in higher education and future careers."",""translation"":""學生培養批判性思考能力是絕對必要的，以便在高等教育和未來職業中取得成功。"",""explanation"":""形容詞「絕對的、完全的」。常用於強調某事物的必要性或重要性。""},{""sentence"":""The detective had <absolute> *proof* that the suspect was guilty, leaving no room for doubt in the court."",""translation"":""偵探有嫌疑人有罪的絕對證據，在法庭上沒有留下任何疑點。"",""explanation"":""形容詞「絕對的」。指證據或事實是確鑿無疑的。""}],""related_forms"":[""absolutely""]}"
absorb	absorb v.	"{""headword"":""absorb"",""explanation"":""動詞「吸收」。可指物理上的吸收（如液體、光線），也可指精神上的吸收（如知識、資訊）。常用被動語態 be absorbed in 表示「專心於」。"",""entries"":[{""sentence"":""Plants <absorb> sunlight through their leaves to produce energy, a vital process for their growth and survival."",""translation"":""植物透過葉子吸收陽光來產生能量，這是它們生長和生存的重要過程。"",""explanation"":""動詞「吸收」。指物理上的吸收，如液體、光線或能量。""},{""sentence"":""The students were completely <absorbed> *in* the fascinating lecture about ancient civilizations, taking detailed notes."",""translation"":""學生們完全專心於關於古代文明的精彩講座，並詳細記錄筆記。"",""explanation"":""動詞片語 be absorbed in sth「專心於某事」。常用於描述精神上的專注。""},{""sentence"":""It takes time for the human body to <absorb> all the nutrients from food, so a balanced diet is crucial."",""translation"":""人體需要時間來吸收食物中的所有營養，因此均衡飲食至關重要。"",""explanation"":""動詞「吸收」。指身體吸收物質，如營養或藥物。""}],""related_forms"":[""absorbed"",""absorbing"",""absorption""]}"
abstract	abstract adj.	"{""headword"":""abstract"",""explanation"":""形容詞「抽象的」。指概念或想法，而非具體的實物。在學術寫作中常用來描述理論、藝術或哲學概念。"",""entries"":[{""sentence"":""Many philosophical concepts are quite <abstract>, requiring deep thought and discussion to fully grasp their meaning."",""translation"":""許多哲學概念都相當抽象，需要深入思考和討論才能完全理解其意義。"",""explanation"":""形容詞「抽象的」。指非具體的概念或想法。""},{""sentence"":""The artist's latest exhibition featured <abstract> *paintings* that explored emotions through colors and shapes rather than realistic figures."",""translation"":""這位藝術家最新的展覽展出了抽象畫作，透過色彩和形狀而非寫實人物來探索情感。"",""explanation"":""形容詞「抽象的」。常用於描述藝術風格，與具象(concrete)相對。""},{""sentence"":""It can be challenging for young children to understand <abstract> *ideas* like justice or freedom without concrete examples."",""translation"":""對於年幼的孩子來說，沒有具體例子很難理解正義或自由等抽象概念。"",""explanation"":""形容詞「抽象的」。強調概念的非物質性。""}],""related_forms"":[""abstraction""]}"
academic	academic adj.	"{""headword"":""academic"",""explanation"":""形容詞「學術的」。常用於描述與學校、大學、研究或學習相關的事物。注意其名詞形是 academician (院士) 或 academics (學術界人士/學術科目)。"",""entries"":[{""sentence"":""The university encourages students to participate in <academic> *research* projects to enhance their critical thinking skills."",""translation"":""大學鼓勵學生參與學術研究計畫，以提升他們的批判性思考能力。"",""explanation"":""形容詞「學術的」。指與學術領域相關的活動或工作。""},{""sentence"":""Despite facing personal challenges, she maintained an excellent <academic> *record* throughout her high school years."",""translation"":""儘管面臨個人挑戰，她在高中時期仍保持著優異的學業成績。"",""explanation"":""形容詞「學術的」。常用於描述學業表現或記錄。""},{""sentence"":""The professor published several <academic> *papers* in prestigious journals, contributing significantly to his field of study."",""translation"":""這位教授在著名期刊上發表了數篇學術論文，對其研究領域做出了重大貢獻。"",""explanation"":""形容詞「學術的」。指與學術寫作或出版物相關。""}],""related_forms"":[""academically"",""academy"",""academician""]}"
accent	accent n.	"{""headword"":""accent"",""explanation"":""名詞「口音、腔調」。指說話時特有的發音方式，常與地區或語言背景有關。也可指「重音」。"",""entries"":[{""sentence"":""Her strong British <accent> made her stand out among the American students during the international exchange program."",""translation"":""她濃厚的英國口音使她在國際交換計畫中，在美國學生中顯得格外突出。"",""explanation"":""名詞「口音、腔調」。指說話時特有的發音方式。""},{""sentence"":""Learning to imitate a native speaker's <accent> can significantly improve one's pronunciation in a foreign language."",""translation"":""學習模仿母語人士的口音可以顯著提高外語發音。"",""explanation"":""名詞「口音」。強調發音的特徵。""},{""sentence"":""The teacher asked the students to place the <accent> on the first syllable of the word 'beautiful' when pronouncing it."",""translation"":""老師要求學生在發音「beautiful」這個詞時，將重音放在第一個音節上。"",""explanation"":""名詞「重音」。指單詞中發音較強的音節。""}],""related_forms"":[""accented""]}"
acceptance	acceptance n.	"{""headword"":""acceptance"",""explanation"":""名詞「接受、認可」。指對某事物的同意、接納或承認。動詞是 accept。常用於指社會的認可、大學的錄取通知或對現實的接受。"",""entries"":[{""sentence"":""Receiving an <acceptance> *letter* from her dream university brought immense joy and relief to the hardworking student."",""translation"":""收到夢想大學的錄取通知書，給這位努力學習的學生帶來了巨大的喜悅和寬慰。"",""explanation"":""名詞「接受、錄取」。常用於指大學或工作錄取。""},{""sentence"":""The new policy faced initial resistance but eventually gained widespread <acceptance> among the community members."",""translation"":""這項新政策最初遭到抵制，但最終在社區成員中獲得了廣泛的接受。"",""explanation"":""名詞「接受、認可」。指社會或群體對某事物的接納。""},{""sentence"":""Learning to find <acceptance> *of* oneself, including flaws and imperfections, is crucial for mental well-being."",""translation"":""學會接受自己，包括缺點和不完美，對心理健康至關重要。"",""explanation"":""名詞「接受」。指對現實或自身狀況的接納。""}],""related_forms"":[""accept"",""acceptable""]}"
access	access n./v.	"{""headword"":""access"",""explanation"":""名詞「使用權、進入權」或動詞「取得、進入」。作為名詞時，通常不可數，常與 to 搭配。作為動詞時，是及物動詞，後面直接加受詞。"",""entries"":[{""sentence"":""Students need a password to gain <access> *to* the online learning platform and its extensive digital resources."",""translation"":""學生需要密碼才能使用線上學習平台及其豐富的數位資源。"",""explanation"":""名詞「使用權、進入權」。通常不可數，常與 to 搭配。""},{""sentence"":""The researchers were able to <access> a vast amount of historical data from the national archives for their study."",""translation"":""研究人員能夠從國家檔案館取得大量的歷史數據用於他們的研究。"",""explanation"":""動詞「取得、進入」。作為及物動詞，直接加受詞。""},{""sentence"":""Public libraries provide free <access> *to* books and computers, ensuring that everyone can learn and gather information."",""translation"":""公立圖書館提供免費使用書籍和電腦的權利，確保每個人都能學習和獲取資訊。"",""explanation"":""名詞「使用權」。強調提供使用的機會。""}],""related_forms"":[""accessible""]}"
accidental	accidental adj.	"{""headword"":""accidental"",""explanation"":""形容詞「意外的、偶然的」。指非計畫中或非故意的事件。注意其副詞形是 accidentally。"",""entries"":[{""sentence"":""The discovery of penicillin was an <accidental> *breakthrough* that revolutionized medicine and saved countless lives."",""translation"":""青黴素的發現是一項意外的突破，它徹底改變了醫學並拯救了無數生命。"",""explanation"":""形容詞「意外的、偶然的」。指非預期或非故意的事件。""},{""sentence"":""He made an <accidental> *discovery* while experimenting in the lab, leading to a new understanding of the chemical reaction."",""translation"":""他在實驗室做實驗時有了一個意外的發現，導致對化學反應有了新的理解。"",""explanation"":""形容詞「意外的」。強調事件的偶然性。""},{""sentence"":""An <accidental> *encounter* with an old friend at the airport led to a delightful reunion and shared memories."",""translation"":""在機場與一位老朋友的偶然相遇，促成了一次愉快的重逢和共同的回憶。"",""explanation"":""形容詞「偶然的」。指非計畫中的相遇。""}],""related_forms"":[""accidentally"",""accident""]}"
accompany	accompany v.	"{""headword"":""accompany"",""explanation"":""動詞「陪伴、伴隨」。指與某人同行或某事物與另一事物同時發生。常用於描述人與人之間的陪伴，或事件、現象的伴隨。"",""entries"":[{""sentence"":""The principal will <accompany> the students on their field trip to the science museum to ensure their safety."",""translation"":""校長將陪同學生們前往科學博物館進行戶外教學，以確保他們的安全。"",""explanation"":""動詞「陪伴」。指與某人同行。""},{""sentence"":""A sense of excitement and anticipation <accompanied> the announcement of the school's annual sports day."",""translation"":""學校年度運動會的宣布伴隨著興奮和期待感。"",""explanation"":""動詞「伴隨」。指某事物與另一事物同時發生。""},{""sentence"":""The famous singer will be <accompanied> *by* a live orchestra during her upcoming concert tour."",""translation"":""這位著名歌手在即將到來的巡迴演唱會中將由現場管弦樂團伴奏。"",""explanation"":""動詞「伴奏」。常用被動語態 be accompanied by。""}],""related_forms"":[""accompaniment""]}"
accomplish	accomplish(ment) v./(n.)	"{""headword"":""accomplish"",""explanation"":""動詞「達成、完成」；名詞為 accomplishment「成就、完成」。注意兩者的詞性與用法。"",""entries"":[{""sentence"":""Despite numerous challenges, the research team managed to <accomplish> their goal of developing a new vaccine within a year."",""translation"":""儘管面臨許多挑戰，研究團隊仍設法在一年內達成開發新疫苗的目標。"",""explanation"":""動詞「達成、完成」。常用搭配：accomplish a goal/task/mission。主詞通常是人或組織。""},{""sentence"":""Graduating with honors was a significant <accomplishment> for her, reflecting years of hard work and dedication to her studies."",""translation"":""以優異成績畢業對她來說是一項重要的成就，反映了她多年來的努力和對學業的投入。"",""explanation"":""名詞「成就、完成」。常用搭配：a sense of accomplishment (成就感)。""}],""related_forms"":[""accomplishment"",""accomplished""]}"
accountant	accountant n.	"{""headword"":""accountant"",""explanation"":""名詞「會計師」。指負責處理財務記錄、稅務等專業人員。"",""entries"":[{""sentence"":""The company hired a new <accountant> to *manage* their financial records and ensure compliance with tax regulations."",""translation"":""公司聘請了一位新會計師來管理財務記錄並確保符合稅務法規。"",""explanation"":""名詞「會計師」。負責公司的財務管理和稅務申報。""}],""related_forms"":[""account"",""accounting""]}"
accuracy	accuracy n.	"{""headword"":""accuracy"",""explanation"":""名詞「準確性、精確度」。動詞是 be accurate，形容詞是 accurate。"",""entries"":[{""sentence"":""Scientists must ensure the <accuracy> *of* their data to avoid misleading conclusions in their research findings."",""translation"":""科學家必須確保數據的準確性，以避免研究結果出現誤導性結論。"",""explanation"":""名詞「準確性、精確度」。常用搭配：the accuracy of sth。在學術寫作中非常重要。""}],""related_forms"":[""accurate"",""accurately""]}"
accuse	accuse v.	"{""headword"":""accuse"",""explanation"":""動詞「指控、控告」。固定搭配為 accuse sb of sth。注意介係詞 of。"",""entries"":[{""sentence"":""The principal decided to <accuse> the student *of* cheating on the final exam after reviewing the surveillance footage."",""translation"":""校長在審查監控錄影後，決定指控該學生在期末考作弊。"",""explanation"":""動詞「指控、控告」。固定搭配：accuse sb of sth。常在克漏字測驗中考介係詞 of。""}],""related_forms"":[""accusation"",""accused""]}"
acid	acid n./adj.	"{""headword"":""acid"",""explanation"":""可作名詞「酸」或形容詞「酸性的」。注意其在化學或食物語境中的用法。"",""entries"":[{""sentence"":""Lemon juice contains citric <acid>, which gives it its distinctive sour taste and is often used in cooking."",""translation"":""檸檬汁含有檸檬酸，這賦予它獨特的酸味，並常用於烹飪。"",""explanation"":""名詞「酸」。指一種化學物質，如檸檬酸、硫酸等。""},{""sentence"":""The scientist warned that the factory's wastewater was highly <acid> and could severely damage the local ecosystem."",""translation"":""科學家警告說，工廠的廢水酸性很高，可能會嚴重損害當地生態系統。"",""explanation"":""形容詞「酸性的」。描述物質的性質，通常指pH值低於7。""}],""related_forms"":[""acidic""]}"
acquaintance	acquaintance n.	"{""headword"":""acquaintance"",""explanation"":""名詞「熟人」。指認識但不親近的人。常用片語 make one's acquaintance (與某人結識)。"",""entries"":[{""sentence"":""Although they were not close friends, he considered her a pleasant <acquaintance> whom he often saw at community events."",""translation"":""儘管他們不是親密的朋友，但他認為她是一位愉快的熟人，他經常在社區活動中見到她。"",""explanation"":""名詞「熟人」。與 friend (朋友) 不同，acquaintance 指的是認識但關係不深的人。""}],""related_forms"":[""acquaint""]}"
acquire	acquire v.	"{""headword"":""acquire"",""explanation"":""動詞「獲得、習得」。通常指透過努力、學習或購買而得到某物或某種能力。"",""entries"":[{""sentence"":""Through diligent study and practice, students can <acquire> new knowledge and essential skills for their future careers."",""translation"":""透過勤奮學習和練習，學生可以習得新知識和未來職業所需的基本技能。"",""explanation"":""動詞「獲得、習得」。常用搭配：acquire knowledge/skills/property。強調過程中的努力。""}],""related_forms"":[""acquisition""]}"
adapt	adapt v.	"{""headword"":""adapt"",""explanation"":""動詞「適應；改編」。常用片語 adapt to sth (適應某事) 和 adapt sth for sth (為某目的改編某物)。"",""entries"":[{""sentence"":""After moving to a new country, it took the exchange student some time to <adapt> *to* the local culture and different educational system."",""translation"":""搬到新國家後，這位交換學生花了一些時間才適應當地文化和不同的教育體系。"",""explanation"":""動詞「適應」。固定搭配：adapt to sth。強調調整自己以符合新環境。""},{""sentence"":""The director decided to <adapt> the popular novel *for* the big screen, hoping to attract a wider audience."",""translation"":""導演決定將這部受歡迎的小說改編成電影，希望能吸引更廣泛的觀眾。"",""explanation"":""動詞「改編」。固定搭配：adapt sth for sth。指將作品形式轉換以適應不同媒介。""}],""related_forms"":[""adaptation"",""adaptable""]}"
addict	addict n./v.	"{""headword"":""addict"",""explanation"":""可作名詞「上癮者」或動詞「使...上癮」。動詞常用於被動語態 be addicted to sth (對...上癮)。"",""entries"":[{""sentence"":""The support group helps former drug <addicts> reintegrate into society and maintain a healthy, drug-free lifestyle."",""translation"":""這個支持團體幫助前吸毒者重新融入社會，並維持健康、無毒的生活方式。"",""explanation"":""名詞「上癮者」。通常指對藥物、酒精或某種行為有強烈依賴的人。""},{""sentence"":""Excessive use of social media can gradually <addict> young people *to* their phones, affecting their studies and social interactions."",""translation"":""過度使用社群媒體會逐漸使年輕人沉迷於手機，影響他們的學業和社交互動。"",""explanation"":""動詞「使...上癮」。常用於被動語態：be addicted to sth。強調某事物導致上癮的狀態。""}],""related_forms"":[""addiction"",""addicted""]}"
adequate	adequate adj.	"{""headword"":""adequate"",""explanation"":""形容詞「足夠的、適當的」。指數量或品質達到所需標準。反義詞為 inadequate。"",""entries"":[{""sentence"":""The school ensures that all students have <adequate> resources and support to succeed academically and personally."",""translation"":""學校確保所有學生都有足夠的資源和支持，以便在學業和個人方面取得成功。"",""explanation"":""形容詞「足夠的、適當的」。常用搭配：adequate supply/resources/time。強調滿足需求。""}],""related_forms"":[""adequacy"",""adequately""]}"
adjust	adjust(ment) v./(n.)	"{""headword"":""adjust"",""explanation"":""動詞「調整」指為了適應新情況或改善而改變某物。常考搭配為 *adjust to* (適應)，後面接名詞或動名詞。名詞 *adjustment* 指「調整」或「適應」，常用片語為 *make an adjustment*。"",""entries"":[{""sentence"":""Students often need time to <adjust> *to* the demanding academic schedule and new social environment in college."",""translation"":""大學生通常需要時間來適應大學裡要求嚴格的學術課程和新的社交環境。"",""explanation"":""動詞「適應」。片語 adjust to sth/doing sth 表示「適應某事」。""},{""sentence"":""The company decided to <adjust> its marketing strategy to better *meet* the changing demands of the younger generation."",""translation"":""該公司決定調整其行銷策略，以更好地滿足年輕一代不斷變化的需求。"",""explanation"":""動詞「調整」。此用法指對某物進行微調或改變。""},{""sentence"":""Making an <adjustment> *to* the new work-from-home policy was challenging for many employees at first."",""translation"":""對許多員工來說，一開始要適應新的居家辦公政策是很有挑戰性的。"",""explanation"":""名詞「調整；適應」。片語 make an adjustment to sth 表示「對某事做出調整/適應」。""}],""related_forms"":[""adjustment"",""adjustable""]}"
admirable	admirable adj.	"{""headword"":""admirable"",""explanation"":""形容詞「令人欽佩的」，指某人或某事值得尊敬或讚揚。常用來描述品格、行為或成就。"",""entries"":[{""sentence"":""Her <admirable> *dedication to* community service inspired many young people to volunteer their time."",""translation"":""她對社區服務令人欽佩的奉獻精神激勵了許多年輕人志願貢獻他們的時間。"",""explanation"":""形容詞「令人欽佩的」。常修飾品格、努力或成就。""},{""sentence"":""The scientist's <admirable> *persistence in* research eventually led to a significant breakthrough in medical technology."",""translation"":""這位科學家在研究中令人欽佩的堅持最終導致了醫學技術的重大突破。"",""explanation"":""形容詞「值得讚揚的」。強調其值得尊敬的特質。""}],""related_forms"":[""admire"",""admiration"",""admirably""]}"
admiration	admiration n.	"{""headword"":""admiration"",""explanation"":""名詞「欽佩；讚賞」，指對某人或某事感到尊敬和喜愛。常考搭配為 *have admiration for* 或 *express admiration for*。"",""entries"":[{""sentence"":""The students *expressed* their deep <admiration> *for* their teacher's patience and innovative teaching methods."",""translation"":""學生們表達了他們對老師的耐心和創新教學方法的深深欽佩。"",""explanation"":""名詞「欽佩」。片語 express admiration for sth/sb 表示「表達對…的欽佩」。""},{""sentence"":""She *had* great <admiration> *for* her grandmother, who overcame many difficulties to achieve her dreams."",""translation"":""她對她的祖母懷有極大的欽佩，祖母克服了許多困難才實現了夢想。"",""explanation"":""名詞「欽佩」。片語 have admiration for sth/sb 表示「對…懷有欽佩」。""}],""related_forms"":[""admire"",""admirable"",""admirably""]}"
admission	admission n.	"{""headword"":""admission"",""explanation"":""名詞「入場許可；入學許可；承認」。(1) 「入場許可」或「入學許可」常搭配介係詞 *to*。(2) 「承認」指承認錯誤或事實，常用片語 *make an admission*。(3) 注意與動詞 *admit* 的區別。"",""entries"":[{""sentence"":""The university announced that <admission> *to* its highly competitive engineering program would require excellent grades."",""translation"":""該大學宣布，其競爭激烈的工程學程入學將需要優異的成績。"",""explanation"":""名詞「入學許可」。片語 admission to sth 表示「進入某處的許可」。""},{""sentence"":""After hours of questioning, the suspect finally *made an* <admission> *of* guilt regarding the theft."",""translation"":""經過數小時的審問，嫌疑犯最終承認了盜竊的罪行。"",""explanation"":""名詞「承認」。片語 make an admission of sth 表示「承認某事」。""},{""sentence"":""The museum charges a small <admission> *fee* to help maintain its exhibits and support educational programs."",""translation"":""博物館收取少量入場費，以幫助維護其展品並支持教育計畫。"",""explanation"":""名詞「入場費」。常與 fee 搭配。""}],""related_forms"":[""admit""]}"
adopt	adopt v.	"{""headword"":""adopt"",""explanation"":""動詞「採納；領養」。(1) 「採納」指接受並開始使用某種方法、政策或觀點。(2) 「領養」指合法地收養一個孩子或動物。(3) 注意與 *adapt* (適應) 的拼寫和意義區別。"",""entries"":[{""sentence"":""The couple decided to <adopt> a child from an orphanage, providing a loving home for the young boy."",""translation"":""這對夫婦決定從孤兒院領養一個孩子，為這個小男孩提供一個充滿愛的家。"",""explanation"":""動詞「領養」。指合法地收養孩子或動物。""},{""sentence"":""Our school decided to <adopt> a new grading system to provide students with more comprehensive feedback on their performance."",""translation"":""我們學校決定採納新的評分制度，為學生提供更全面的表現回饋。"",""explanation"":""動詞「採納」。指接受並開始使用某種方法或政策。""}],""related_forms"":[""adoption"",""adoptive""]}"
agency	agency n.	"{""headword"":""agency"",""explanation"":""名詞「機構；代理處」。指提供特定服務的組織或公司。常見搭配如 *travel agency* (旅行社)、*advertising agency* (廣告公司)。另有「作用；效力」之意，但較少在GSAT中出現。"",""entries"":[{""sentence"":""She found her dream job through a reputable *recruitment* <agency> that specializes in IT professionals."",""translation"":""她透過一家專門從事資訊科技專業人才的知名招聘機構找到了她的理想工作。"",""explanation"":""名詞「機構；代理處」。指提供特定服務的組織。""},{""sentence"":""The government <agency> is responsible for regulating food safety and ensuring public health standards."",""translation"":""該政府機構負責規範食品安全並確保公共衛生標準。"",""explanation"":""名詞「機構」。指政府部門或組織。""}],""related_forms"":[""agent""]}"
agent	agent n.	"{""headword"":""agent"",""explanation"":""名詞「代理人；經紀人；作用劑」。(1) 「代理人」指代表他人行事的人。(2) 「作用劑」指能產生特定效果的物質。"",""entries"":[{""sentence"":""The real estate <agent> helped the young couple find their ideal apartment in the bustling city center."",""translation"":""這位房地產經紀人幫助這對年輕夫婦在繁華的市中心找到了他們理想的公寓。"",""explanation"":""名詞「代理人；經紀人」。指代表客戶處理事務的人。""},{""sentence"":""Bleach is a powerful cleaning <agent> that can effectively remove stains and disinfect surfaces."",""translation"":""漂白水是一種強效的清潔劑，可以有效去除污漬並消毒表面。"",""explanation"":""名詞「作用劑」。指能產生特定效果的物質。""}],""related_forms"":[""agency""]}"
aggressive	aggressive adj.	"{""headword"":""aggressive"",""explanation"":""形容詞「好鬥的；積極進取的」。(1) 「好鬥的」指傾向於攻擊或爭吵。(2) 「積極進取的」指有決心且精力充沛地追求目標，通常帶有強勢的意味。(3) 注意其雙重含義，需根據語境判斷。"",""entries"":[{""sentence"":""The coach warned the team against <aggressive> *behavior* on the field, emphasizing fair play and sportsmanship."",""translation"":""教練警告球隊不要在場上表現出攻擊性行為，強調公平競爭和運動家精神。"",""explanation"":""形容詞「好鬥的；具攻擊性的」。指傾向於攻擊或爭吵的行為。""},{""sentence"":""The startup launched an <aggressive> *marketing campaign* to quickly gain market share in the competitive industry."",""translation"":""這家新創公司發起了一項積極進取的行銷活動，以在競爭激烈的行業中迅速搶佔市場份額。"",""explanation"":""形容詞「積極進取的」。指有決心且精力充沛地追求目標。""}],""related_forms"":[""aggression"",""aggressively""]}"
agreeable	agreeable adj.	"{""headword"":""agreeable"",""explanation"":""形容詞「令人愉快的；欣然同意的」。(1) 「令人愉快的」指令人感到舒適或喜歡。(2) 「欣然同意的」指樂意接受或同意某事，常搭配介係詞 *to*。"",""entries"":[{""sentence"":""The weather was quite <agreeable> for an outdoor picnic, with clear skies and a gentle breeze."",""translation"":""天氣非常宜人，適合戶外野餐，天空晴朗，微風輕拂。"",""explanation"":""形容詞「令人愉快的；宜人的」。指讓人感到舒適或喜歡。""},{""sentence"":""The committee was <agreeable> *to* the proposal, as it offered a practical solution to the budget problem."",""translation"":""委員會欣然同意這項提案，因為它為預算問題提供了一個實用的解決方案。"",""explanation"":""形容詞「欣然同意的」。片語 agreeable to sth 表示「樂意接受或同意某事」。""}],""related_forms"":[""agree"",""agreement"",""agreeably""]}"
alcohol	alcohol n.	"{""headword"":""alcohol"",""explanation"":""名詞「酒精；酒」。指含有酒精的飲料或化學物質。常用於討論健康、法律或社交場合。注意其不可數名詞的特性。"",""entries"":[{""sentence"":""Many universities have strict policies regarding the consumption of <alcohol> on campus, especially for underage students."",""translation"":""許多大學對校園內飲酒有嚴格的規定，特別是針對未成年學生。"",""explanation"":""名詞「酒精；酒」。指含有酒精的飲料。""},{""sentence"":""The doctor advised the patient to avoid <alcohol> *consumption* while taking the prescribed medication."",""translation"":""醫生建議病患在服用處方藥期間避免飲酒。"",""explanation"":""名詞「酒精」。常與 consumption 搭配，指「飲酒」。""}],""related_forms"":[""alcoholic""]}"
alert	alert adj./v./n.	"{""headword"":""alert"",""explanation"":""此字可作形容詞、動詞和名詞。形容詞「警覺的」常與 be, remain, stay 等動詞連用，表示對危險或重要事物保持警覺。動詞「提醒/使警覺」常搭配介係詞 to，表示提醒某人注意某事。名詞「警報/警覺」常與 on, give, sound 等動詞搭配。"",""entries"":[{""sentence"":""The security guard remained <alert> *for* any suspicious activity near the entrance, ensuring everyone's safety during the event."",""translation"":""保全人員對入口附近的任何可疑活動保持警覺，確保活動期間每個人的安全。"",""explanation"":""形容詞「警覺的」。常與介係詞 for 連用，表示對...保持警覺。""},{""sentence"":""The weather forecast <alerted> residents *to* the possibility of heavy thunderstorms, advising them to stay indoors for safety."",""translation"":""天氣預報提醒居民注意可能發生的強雷雨，建議他們為了安全待在室內。"",""explanation"":""動詞「提醒/使警覺」。常用句型 alert sb to sth。""},{""sentence"":""The sudden fire alarm *sounded* an <alert> throughout the building, prompting everyone to evacuate quickly and calmly."",""translation"":""突然響起的火災警報聲響徹整棟大樓，促使每個人迅速而平靜地疏散。"",""explanation"":""名詞「警報」。常用搭配 sound an alert 或 be on alert (保持警覺)。""}],""related_forms"":[""alertness""]}"
allowance	allowance n.	"{""headword"":""allowance"",""explanation"":""名詞「零用錢」或「津貼」。也指在特定情況下允許的數量或限度，如行李限額。注意此字與動詞 allow (允許) 意義不同，不可混淆。"",""entries"":[{""sentence"":""My parents give me a weekly <allowance> to manage my personal expenses, teaching me the importance of budgeting."",""translation"":""我的父母每週給我零用錢來管理我的個人開支，教導我預算的重要性。"",""explanation"":""名詞「零用錢」。常用搭配 give/receive an allowance。""},{""sentence"":""The airline has a strict baggage <allowance>, so passengers must ensure their luggage doesn't exceed the weight limit."",""translation"":""該航空公司有嚴格的行李限額，因此乘客必須確保他們的行李沒有超過重量限制。"",""explanation"":""名詞「限額/津貼」。常用搭配 baggage allowance, travel allowance。""}],""related_forms"":[]}"
alternative	alternative adj./n.	"{""headword"":""alternative"",""explanation"":""此字可作形容詞和名詞。形容詞「替代的」指可供選擇的方案或方法。名詞「替代方案」指可供選擇的事物或方案，常與介係詞 to 連用。注意其單複數形。"",""entries"":[{""sentence"":""Faced with a traffic jam, the driver decided to take an <alternative> *route* to reach his destination on time."",""translation"":""面對交通堵塞，司機決定走一條替代路線，以便準時到達目的地。"",""explanation"":""形容詞「替代的」。常用搭配 alternative route/method/energy。""},{""sentence"":""Since public transportation was on strike, cycling became the only viable <alternative> *to* getting to work that day."",""translation"":""由於大眾運輸罷工，騎自行車成了那天上班唯一可行的替代方案。"",""explanation"":""名詞「替代方案」。常用搭配 alternative to sth。""}],""related_forms"":[""alternatively""]}"
amateur	amateur adj./n.	"{""headword"":""amateur"",""explanation"":""此字可作形容詞和名詞。形容詞「業餘的」指非專業的。名詞「業餘愛好者」指非專業人士，常與 professional (專業人士) 對比。注意其發音與拼寫。"",""entries"":[{""sentence"":""Despite being an <amateur> *photographer*, her stunning landscape pictures won first prize in the local competition."",""translation"":""儘管她是一名業餘攝影師，她令人驚嘆的風景照片在當地比賽中贏得了第一名。"",""explanation"":""形容詞「業餘的」。常用搭配 amateur photographer/athlete/artist。""},{""sentence"":""The concert featured several talented <amateurs> who performed alongside professional musicians, showcasing their passion for music."",""translation"":""這場音樂會邀請了幾位才華橫溢的業餘愛好者與專業音樂家一同表演，展現他們對音樂的熱情。"",""explanation"":""名詞「業餘愛好者」。常與 professional (專業人士) 對比。""}],""related_forms"":[]}"
ambiguous	ambiguous adj.	"{""headword"":""ambiguous"",""explanation"":""形容詞「模稜兩可的」、「不明確的」。常因有多種解釋而造成困惑或不確定性。注意其名詞形式 ambiguity。"",""entries"":[{""sentence"":""The politician's statement was so <ambiguous> that both supporters and opponents interpreted it differently, causing confusion."",""translation"":""這位政治家的聲明如此模稜兩可，以至於支持者和反對者對其有不同的解讀，造成了混亂。"",""explanation"":""形容詞「模稜兩可的」。常用搭配 ambiguous statement/meaning/answer。""}],""related_forms"":[""ambiguity"",""ambiguously""]}"
ambitious	ambitious adj.	"{""headword"":""ambitious"",""explanation"":""形容詞「有抱負的」、「雄心勃勃的」。描述一個人有強烈的願望去實現某個目標，通常是困難或宏大的目標。注意其名詞形式 ambition。"",""entries"":[{""sentence"":""The young entrepreneur had <ambitious> *goals* to expand her startup globally within five years, requiring significant effort."",""translation"":""這位年輕的企業家有雄心勃勃的目標，要在五年內將她的新創公司擴展到全球，這需要付出巨大的努力。"",""explanation"":""形容詞「有抱負的/雄心勃勃的」。常用搭配 ambitious goals/plans/project。""}],""related_forms"":[""ambition"",""ambitiously""]}"
amuse	amuse(ment) v./(n.)	"{""headword"":""amuse"",""explanation"":""動詞「使發笑/娛樂」。常用於被動語態 be amused by/at，表示被逗樂或感到有趣。其名詞形式 amusement 指「娛樂/樂趣」，常用於 amusement park (遊樂園)。"",""entries"":[{""sentence"":""The comedian's witty jokes never failed to <amuse> the audience, making everyone laugh throughout the entire show."",""translation"":""這位喜劇演員機智的笑話總能逗樂觀眾，讓大家在整個表演中笑聲不斷。"",""explanation"":""動詞「使發笑/娛樂」。常用句型 amuse sb。""},{""sentence"":""We were greatly <amused> *by* the children's spontaneous dance performance during the school talent show."",""translation"":""我們被孩子們在學校才藝表演中自發的舞蹈表演逗樂了。"",""explanation"":""動詞「被逗樂」。常用被動語態 be amused by/at sth。""},{""sentence"":""The new theme park offers a wide range of rides and attractions for everyone's <amusement>, from toddlers to adults."",""translation"":""這個新的主題公園提供各種遊樂設施和景點，供從幼兒到成人所有人的娛樂。"",""explanation"":""名詞「娛樂/樂趣」。常用搭配 for amusement 或 amusement park。""}],""related_forms"":[""amusing"",""amused"",""amusement""]}"
analysis	analysis n.	"{""headword"":""analysis"",""explanation"":""名詞「分析」。指對事物進行詳細檢視以理解其組成、結構或原因。常與介係詞 of 連用。注意其動詞形式為 analyze。"",""entries"":[{""sentence"":""The scientist's detailed <analysis> *of* the soil samples revealed unexpected levels of pollution in the agricultural area."",""translation"":""科學家對土壤樣本的詳細分析揭示了農業區意想不到的污染程度。"",""explanation"":""名詞「分析」。常用搭配 analysis of sth。""}],""related_forms"":[""analyze"",""analytical""]}"
analyze	analyze v.	"{""headword"":""analyze"",""explanation"":""動詞「分析」。指對事物進行詳細檢視以理解其組成、結構或原因。常搭配 data, results, information 等。注意其名詞形式為 analysis。"",""entries"":[{""sentence"":""Researchers will <analyze> the collected data to identify patterns and draw conclusions about the effectiveness of the new teaching method."",""translation"":""研究人員將分析收集到的數據，以識別模式並就新教學方法的有效性得出結論。"",""explanation"":""動詞「分析」。常用搭配 analyze data/results/information。""}],""related_forms"":[""analysis"",""analytical""]}"
ancestor	ancestor n.	"{""headword"":""ancestor"",""explanation"":""名詞「祖先」、「祖宗」。指某人或某群體在過去的血緣關係中的前輩。注意其複數形為 ancestors。"",""entries"":[{""sentence"":""Many people research their family history to learn more about their <ancestors> and understand their cultural heritage."",""translation"":""許多人研究他們的家族歷史，以了解更多關於他們的祖先並理解他們的文化遺產。"",""explanation"":""名詞「祖先」。常用搭配 common ancestor, direct ancestor。""}],""related_forms"":[""ancestry""]}"
anniversary	anniversary n.	"{""headword"":""anniversary"",""explanation"":""名詞「週年紀念日」。常用於結婚紀念日 (wedding anniversary)、公司成立紀念日 (company anniversary) 等。注意其單複數變化。"",""entries"":[{""sentence"":""The couple celebrated their tenth wedding <anniversary> *with* a romantic dinner and a weekend getaway to a quiet beach resort."",""translation"":""這對夫妻以浪漫晚餐和週末到寧靜海灘度假的方式，慶祝他們的結婚十週年紀念日。"",""explanation"":""名詞「週年紀念日」。常用搭配：celebrate an anniversary, wedding anniversary。介係詞常用 with。""},{""sentence"":""Our school will host a grand event next month to mark its 50th <anniversary>, inviting alumni from all over the world."",""translation"":""我們學校下個月將舉辦一場盛大活動來慶祝其50週年校慶，邀請來自世界各地的校友。"",""explanation"":""名詞「週年紀念日」。mark an anniversary (慶祝/紀念週年)。""}],""related_forms"":[""anniversaries""]}"
annoy	annoy v.	"{""headword"":""annoy"",""explanation"":""動詞「使惱怒，使煩躁」。常用於描述某人或某事引起的不悅情緒。注意其形容詞形式 annoying (令人惱怒的) 和 annoyed (感到惱怒的)。"",""entries"":[{""sentence"":""The constant noise from the construction site next door began to <annoy> the residents, who eventually filed a complaint."",""translation"":""隔壁工地持續不斷的噪音開始使居民感到惱怒，他們最終提出了投訴。"",""explanation"":""動詞「使惱怒」。主詞是造成惱怒的事物。""},{""sentence"":""It really <annoys> me when people talk loudly on their phones in public places, especially during quiet study hours."",""translation"":""當人們在公共場所大聲講電話時，尤其是在安靜的自習時間，這真的讓我很惱火。"",""explanation"":""動詞「使惱怒」。常用句型：It annoys me when...。""}],""related_forms"":[""annoys"",""annoyed"",""annoying"",""annoyance""]}"
annual	annual adj.	"{""headword"":""annual"",""explanation"":""形容詞「每年的，一年一度的」。常用於描述定期發生的事件或報告。注意與 yearly (形容詞/副詞) 的區別，annual 語氣較正式。"",""entries"":[{""sentence"":""The company holds its <annual> *meeting* in December to review the year's performance and plan for the next fiscal year."",""translation"":""該公司在十二月舉行年度會議，以檢討當年的績效並規劃下一個財政年度。"",""explanation"":""形容詞「每年的，年度的」。常用搭配：annual meeting, annual report, annual leave。""},{""sentence"":""Students eagerly anticipate the <annual> *sports* day, where they compete in various events and show great team spirit."",""translation"":""學生們熱切期待一年一度的運動會，他們在各種項目中競爭並展現出很棒的團隊精神。"",""explanation"":""形容詞「一年一度的」。""}],""related_forms"":[""annually""]}"
anxiety	anxiety n.	"{""headword"":""anxiety"",""explanation"":""名詞「焦慮，不安」。指對未來或不確定情況的擔憂。注意其形容詞形式 anxious (焦慮的)。常與介係詞 about 搭配。"",""entries"":[{""sentence"":""Many students experience <anxiety> *about* final exams, which can sometimes affect their concentration and performance."",""translation"":""許多學生對期末考感到焦慮，這有時會影響他們的專注力和表現。"",""explanation"":""名詞「焦慮」。常用搭配：anxiety about sth。""},{""sentence"":""The sudden economic downturn caused widespread <anxiety> among investors, who feared losing their savings."",""translation"":""突如其來的經濟衰退在投資者中引起了普遍的焦慮，他們擔心會失去積蓄。"",""explanation"":""名詞「焦慮」。widespread anxiety (普遍的焦慮)。""}],""related_forms"":[""anxious""]}"
apology	apology n.	"{""headword"":""apology"",""explanation"":""名詞「道歉」。常用片語 make an apology (道歉)。注意其動詞形式 apologize (道歉)。常與介係詞 for 搭配，表示為某事道歉。"",""entries"":[{""sentence"":""The student offered a sincere <apology> *for* being late to class, explaining that his bus had broken down on the way."",""translation"":""這名學生為上課遲到真誠地道歉，解釋說他的公車在路上拋錨了。"",""explanation"":""名詞「道歉」。常用搭配：make an apology for sth。""},{""sentence"":""After realizing her mistake, she immediately sent an email to express her <apology> to her colleague for the misunderstanding."",""translation"":""意識到自己的錯誤後，她立即發送了一封電子郵件，向同事表達她的歉意，以消除誤會。"",""explanation"":""名詞「道歉」。express one's apology (表達歉意)。""}],""related_forms"":[""apologies"",""apologize""]}"
apparent	apparent adj.	"{""headword"":""apparent"",""explanation"":""形容詞「顯而易見的，明顯的」。常用於描述容易被看見或理解的事物。注意其副詞形式 apparently (顯然地)。常與 it is apparent that... 句型搭配。"",""entries"":[{""sentence"":""It was <apparent> *to* everyone that the new policy would have a significant impact on the company's future operations."",""translation"":""對所有人來說，新政策將對公司未來的營運產生重大影響是顯而易見的。"",""explanation"":""形容詞「顯而易見的」。常用句型：It is apparent to sb that...。""},{""sentence"":""Despite his efforts to hide it, his nervousness became <apparent> during the job interview when he started to stammer."",""translation"":""儘管他努力隱藏，但在面試時他開始口吃，他的緊張就變得顯而易見了。"",""explanation"":""形容詞「明顯的」。become apparent (變得明顯)。""}],""related_forms"":[""apparently""]}"
applicant	applicant n.	"{""headword"":""applicant"",""explanation"":""名詞「申請人」。指提出申請的人，例如求職者、入學者等。注意其動詞形式 apply (申請) 和名詞形式 application (申請書/應用)。"",""entries"":[{""sentence"":""Each <applicant> for the scholarship must submit a personal statement and two letters of recommendation by the deadline."",""translation"":""每位獎學金申請者都必須在截止日期前提交一份個人陳述和兩封推薦信。"",""explanation"":""名詞「申請人」。常用搭配：applicant for sth。""},{""sentence"":""The company received hundreds of resumes, but only a few <applicants> were invited for a second round of interviews."",""translation"":""該公司收到了數百份履歷，但只有少數申請者被邀請參加第二輪面試。"",""explanation"":""名詞「申請人」。""}],""related_forms"":[""applicants"",""apply"",""application""]}"
application	application n.	"{""headword"":""application"",""explanation"":""名詞「申請書；應用」。指提出申請的行為或文件，或指某物的使用方式。注意其動詞形式 apply (申請/應用)。"",""entries"":[{""sentence"":""Students must complete the online <application> *form* and submit it before the university's admission deadline."",""translation"":""學生必須填寫線上申請表並在大學入學截止日期前提交。"",""explanation"":""名詞「申請書」。常用搭配：application form, submit an application。""},{""sentence"":""The new software has many practical <applications> in various fields, from scientific research to daily business operations."",""translation"":""這款新軟體在各個領域都有許多實用的應用，從科學研究到日常商業營運。"",""explanation"":""名詞「應用」。practical applications (實際應用)。""}],""related_forms"":[""applications"",""apply"",""applicant""]}"
appoint	appoint(ment) v./(n.)	"{""headword"":""appoint"",""explanation"":""動詞「任命，指派」。指正式選定某人擔任職位。名詞 appointment (約會；任命)。注意動詞與名詞的詞性與用法。"",""entries"":[{""sentence"":""The board of directors decided to <appoint> a new CEO to lead the company through its challenging period of transformation."",""translation"":""董事會決定任命一位新的執行長，帶領公司度過轉型期的挑戰。"",""explanation"":""動詞「任命」。常用句型：appoint sb (as) sth。""},{""sentence"":""I have a dental <appointment> tomorrow morning, so I won't be able to attend the early team meeting."",""translation"":""我明天早上有一個牙醫預約，所以我無法參加早上的團隊會議。"",""explanation"":""名詞「約會」。常用搭配：make an appointment, have an appointment。""},{""sentence"":""The government announced the <appointment> *of* a special committee to investigate the recent scandal and propose solutions."",""translation"":""政府宣布任命一個特別委員會，調查最近的醜聞並提出解決方案。"",""explanation"":""名詞「任命」。常用搭配：appointment of sb (任命某人)。""}],""related_forms"":[""appointed"",""appointing"",""appointment"",""appointments""]}"
appreciation	appreciation n.	"{""headword"":""appreciation"",""explanation"":""名詞「欣賞；感謝」。指對某事物的價值或優點的認識，或對幫助的感激。注意其動詞形式 appreciate (欣賞/感謝)。常與介係詞 for 搭配。"",""entries"":[{""sentence"":""We would like to express our sincere <appreciation> *for* your generous donation, which will greatly support our charity."",""translation"":""我們想對您的慷慨捐款表達誠摯的感謝，這將大大支持我們的慈善機構。"",""explanation"":""名詞「感謝」。常用搭配：express appreciation for sth。""},{""sentence"":""His deep <appreciation> *of* classical music led him to attend every symphony concert held in the city."",""translation"":""他對古典音樂的深刻欣賞使他參加了城市裡舉辦的每一場交響音樂會。"",""explanation"":""名詞「欣賞」。常用搭配：appreciation of sth。""}],""related_forms"":[""appreciate"",""appreciative""]}"
appropriate	appropriate adj.	"{""headword"":""appropriate"",""explanation"":""形容詞「適當的」，常接介係詞 for 或 to。動詞用法（較少見）指「挪用/撥款」。注意與 proper 的細微差異，appropriate 強調符合情境。"",""entries"":[{""sentence"":""It is not <appropriate> *to* make jokes during such a solemn memorial service for the victims of the natural disaster."",""translation"":""在為自然災害受害者舉行的莊嚴追悼會上開玩笑是不適當的。"",""explanation"":""形容詞用法，搭配介係詞 to，表示對某場合適當。""},{""sentence"":""The teacher selected <appropriate> *materials* for the students to read, ensuring the content matched their current English proficiency level."",""translation"":""老師為學生挑選了適當的教材，確保內容符合他們目前的英語能力水準。"",""explanation"":""形容詞用法，修飾名詞 materials，表示合適的。""}],""related_forms"":[""appropriately"",""appropriateness""]}"
approval	approval n.	"{""headword"":""approval"",""explanation"":""名詞「批准/贊同」。常見搭配：seek/gain/win approval (獲得批准)；express/show one's approval (表示贊同)。"",""entries"":[{""sentence"":""The school board finally gave its <approval> *for* the construction of a new library building on the campus next year."",""translation"":""校董會終於批准了明年在校園內興建新圖書館大樓的計畫。"",""explanation"":""名詞「批准」，give approval for sth 為常見用法。""},{""sentence"":""She looked at her father with a smile, hoping to see his <approval> *of* her decision to study abroad after graduation."",""translation"":""她微笑著看著父親，希望能看到他贊同她畢業後出國留學的決定。"",""explanation"":""名詞「贊同」，approval of sth 表示對某事的認可。""}],""related_forms"":[""approve""]}"
aquarium	aquarium n.	"{""headword"":""aquarium"",""explanation"":""名詞「水族館/魚缸」。複數形式為 aquariums 或 aquaria。"",""entries"":[{""sentence"":""We visited the local <aquarium> to observe various marine creatures and learn about the importance of ocean conservation efforts."",""translation"":""我們參觀了當地的水族館，觀察各種海洋生物並了解海洋保育工作的重要性。"",""explanation"":""指大型公共水族館。""},{""sentence"":""The small <aquarium> *in* the living room is filled with colorful tropical fish that require careful maintenance and regular feeding."",""translation"":""客廳裡的小魚缸裝滿了色彩鮮豔的熱帶魚，需要細心的維護和定期的餵食。"",""explanation"":""指家庭用的小型魚缸。""}],""related_forms"":[""aquariums"",""aquaria""]}"
arch	arch n./v.	"{""headword"":""arch"",""explanation"":""名詞「拱門/拱形結構」；動詞「使成拱形」。常與建築或身體部位（如腳背）相關。"",""entries"":[{""sentence"":""The ancient stone <arch> *at* the entrance of the park has stood for centuries, serving as a symbol of the city."",""translation"":""公園入口處的古老石拱門已經矗立了幾個世紀，成為這座城市的象徵。"",""explanation"":""名詞「拱門」。""},{""sentence"":""The cat <arched> *its* back in fear when it encountered a large, barking dog on the quiet suburban street."",""translation"":""當貓在安靜的郊區街道上遇到一隻大聲吠叫的狗時，牠因恐懼而拱起了背。"",""explanation"":""動詞「使成拱形」，arch one's back 為常見搭配。""}],""related_forms"":[""arched"",""arching""]}"
arise	arise v.	"{""headword"":""arise"",""explanation"":""動詞「發生/出現/產生」。為不規則動詞 (arise-arose-arisen)。常與問題、困難搭配，類似 occur 或 happen。"",""entries"":[{""sentence"":""Should any unexpected problems <arise> *during* the project, please report them to the team leader immediately for further assistance."",""translation"":""如果在專案期間出現任何意外問題，請立即向組長報告以尋求進一步協助。"",""explanation"":""動詞「出現/發生」，常用於正式場合。""},{""sentence"":""The conflict between the two departments <arose> *from* a misunderstanding regarding the distribution of the limited annual budget resources."",""translation"":""這兩個部門之間的衝突源於對有限年度預算資源分配的誤解。"",""explanation"":""動詞片語 arise from = result from，表示起因於。""}],""related_forms"":[""arose"",""arisen""]}"
arms	arms n.	"{""headword"":""arms"",""explanation"":""名詞「武器/軍備」。常用複數形。片語：up in arms (憤怒抗議)；lay down one's arms (放下武器/投降)。"",""entries"":[{""sentence"":""The government decided to limit the trade of <arms> *to* maintain regional stability and prevent further escalation of the ongoing conflict."",""translation"":""政府決定限制武器貿易，以維持區域穩定並防止持續的衝突進一步升級。"",""explanation"":""名詞「武器」，常與 trade, control 等字連用。""},{""sentence"":""Local residents were up in <arms> *about* the new factory plan, fearing that it would cause severe pollution in their neighborhood."",""translation"":""當地居民對新的工廠計畫感到憤怒抗議，擔心這會對他們的社區造成嚴重的污染。"",""explanation"":""片語 up in arms about sth，表示對某事極度憤怒並強烈反對。""}],""related_forms"":[""arm""]}"
artificial	artificial adj.	"{""headword"":""artificial"",""explanation"":""形容詞「人工的/人造的/虛假的」。與 natural 相對。常用於 artificial intelligence (AI) 或 artificial light。"",""entries"":[{""sentence"":""Many scientists believe that <artificial> *intelligence* will fundamentally change the way we work and interact with each other in society."",""translation"":""許多科學家認為人工智慧將從根本上改變我們在社會中工作和互動的方式。"",""explanation"":""常用搭配 artificial intelligence (AI)。""},{""sentence"":""The flowers in the vase are <artificial>, yet they look so realistic that most visitors cannot tell they are not real."",""translation"":""花瓶裡的花是人造的，但它們看起來非常逼真，大多數訪客都無法分辨它們不是真的。"",""explanation"":""形容詞「人造的」，與 real 相對。""}],""related_forms"":[""artificially""]}"
artistic	artistic adj.	"{""headword"":""artistic"",""explanation"":""形容詞「藝術的/有藝術天份的」。指與藝術相關的，或形容人具有藝術氣質。"",""entries"":[{""sentence"":""The student showed great <artistic> *talent* by creating a stunning painting that won the first prize in the national competition."",""translation"":""這位學生展現了極高的藝術天份，創作了一幅令人驚豔的畫作，贏得了全國比賽的第一名。"",""explanation"":""形容詞「藝術的」，常修飾 talent, ability 等字。""},{""sentence"":""She has an <artistic> *eye* for interior design, which allows her to transform simple rooms into beautiful and comfortable living spaces."",""translation"":""她對室內設計有藝術眼光，這使她能夠將簡單的房間轉變為美麗舒適的居住空間。"",""explanation"":""形容詞「有藝術感的」，artistic eye 為常見搭配。""}],""related_forms"":[""artist"",""artistry""]}"
ashamed	ashamed adj.	"{""headword"":""ashamed"",""explanation"":""形容詞「感到羞恥的/慚愧的」。常見搭配：be ashamed of sth/sb；be ashamed to do sth。"",""entries"":[{""sentence"":""He felt deeply <ashamed> *of* his behavior at the party and decided to apologize to his friends for his rude actions."",""translation"":""他對自己在派對上的行為感到非常羞愧，並決定為自己的粗魯舉動向朋友們道歉。"",""explanation"":""形容詞用法，搭配介係詞 of，表示對某事感到羞恥。""},{""sentence"":""She was too <ashamed> *to* admit that she had failed the exam, so she kept the truth from her worried parents."",""translation"":""她感到太羞愧而不敢承認自己考試不及格，所以對擔心的父母隱瞞了真相。"",""explanation"":""形容詞用法，搭配不定詞 to do sth，表示因羞愧而不願做某事。""}],""related_forms"":[""shame""]}"
aspect	aspect n.	"{""headword"":""aspect"",""explanation"":""名詞「層面/觀點」。常用於探討問題的各個面向。搭配介係詞 of。"",""entries"":[{""sentence"":""We need to consider every <aspect> *of* the plan before making a final decision to ensure that nothing is overlooked."",""translation"":""在做出最終決定之前，我們需要考慮該計畫的每一個層面，以確保沒有任何遺漏。"",""explanation"":""名詞「層面」，every aspect of 為常見用法。""},{""sentence"":""The most challenging <aspect> *of* learning a new language is mastering the complex grammar rules and the vast vocabulary range."",""translation"":""學習新語言最具挑戰性的層面是掌握複雜的語法規則和龐大的詞彙量。"",""explanation"":""名詞「層面/面向」，指問題的某一部分。""}],""related_forms"":[""aspects""]}"
aspirin	aspirin n.	"{""headword"":""aspirin"",""explanation"":""名詞「阿斯匹靈」。不可數名詞，指藥物本身。"",""entries"":[{""sentence"":""The doctor suggested taking an <aspirin> *to* relieve the mild headache she had been experiencing since early this morning."",""translation"":""醫生建議服用一顆阿斯匹靈來緩解她從今天清晨開始出現的輕微頭痛。"",""explanation"":""名詞「阿斯匹靈」，常用於緩解疼痛。""},{""sentence"":""It is important to check the expiration date on the bottle of <aspirin> before consuming any medication for your health."",""translation"":""在服用任何藥物以維護健康之前，檢查阿斯匹靈瓶上的有效期限是很重要的。"",""explanation"":""名詞「阿斯匹靈」，指藥物。""}],""related_forms"":[]}"
assemble	assemble v.	"{""headword"":""assemble"",""explanation"":""動詞「組裝/集合」。指將零件拼湊起來，或指人聚集在一起。"",""entries"":[{""sentence"":""The workers spent several hours <assembling> *the* furniture pieces according to the instructions provided in the manual by the manufacturer."",""translation"":""工人們花了幾個小時按照製造商手冊中提供的說明組裝家具零件。"",""explanation"":""動詞「組裝」，常用於組裝機器或家具。""},{""sentence"":""Students were asked to <assemble> *in* the school auditorium for a special announcement regarding the upcoming annual sports competition."",""translation"":""學生們被要求在學校禮堂集合，聽取關於即將到來的年度運動比賽的特別公告。"",""explanation"":""動詞「集合」，指人聚集。""}],""related_forms"":[""assembly""]}"
assembly	assembly n.	"{""headword"":""assembly"",""explanation"":""名詞「集會/組裝」。指學校的早會或集體會議，也指製造過程中的裝配線。"",""entries"":[{""sentence"":""The principal gave a speech during the morning <assembly> to encourage students to participate actively in various extracurricular school activities."",""translation"":""校長在早會期間發表了演講，鼓勵學生積極參與各種課外學校活動。"",""explanation"":""名詞「集會」，指學校的集體會議。""},{""sentence"":""The car <assembly> *line* is highly automated, allowing for the efficient production of thousands of vehicles every single month."",""translation"":""汽車裝配線高度自動化，使每個月都能有效率地生產數千輛汽車。"",""explanation"":""名詞「組裝」，assembly line 為固定搭配。""}],""related_forms"":[""assemble""]}"
assign	assign(ment) v./(n.)	"{""headword"":""assign"",""explanation"":""動詞「分配/指派」。名詞為 assignment。常見搭配：assign sb sth 或 assign sth to sb。"",""entries"":[{""sentence"":""The manager decided to <assign> *the* most difficult task to the new employee to test his problem-solving skills and patience."",""translation"":""經理決定將最困難的任務指派給新員工，以測試他的解決問題能力和耐心。"",""explanation"":""動詞「指派」，assign sth to sb 為常見用法。""},{""sentence"":""The teacher gave us a challenging writing <assignment> *on* the topic of environmental protection to complete by next Friday."",""translation"":""老師給了我們一份關於環境保護主題的挑戰性寫作作業，要在下週五前完成。"",""explanation"":""名詞「作業/任務」，assignment on sth 為常見搭配。""}],""related_forms"":[""assignment""]}"
assistance	assistance n.	"{""headword"":""assistance"",""explanation"":""名詞「協助/援助」。不可數名詞。常見搭配：provide/offer assistance；seek assistance。"",""entries"":[{""sentence"":""If you require any <assistance> *with* your research project, please feel free to contact the library staff for further guidance."",""translation"":""如果您在研究專案上需要任何協助，請隨時聯繫圖書館工作人員以獲得進一步指導。"",""explanation"":""名詞「協助」，assistance with sth 為常見用法。""},{""sentence"":""The international organization provided financial <assistance> *to* the developing countries to help them improve their basic education systems."",""translation"":""該國際組織向開發中國家提供了經濟援助，以幫助他們改善基礎教育系統。"",""explanation"":""名詞「援助」，provide assistance to sb 為常見用法。""}],""related_forms"":[""assist"",""assistant""]}"
associate	associate adj./n./v.	"{""headword"":""associate"",""explanation"":""動詞「聯想/結交」；名詞「夥伴/同事」。常見搭配：associate A with B (將A與B聯想在一起)。"",""entries"":[{""sentence"":""Many people <associate> *the* color red *with* passion, energy, and excitement in various cultures around the world today."",""translation"":""在當今世界各地的多種文化中，許多人將紅色與熱情、活力和興奮聯想在一起。"",""explanation"":""動詞用法，associate A with B 為固定搭配。""},{""sentence"":""He is a close business <associate> *of* mine, and we have been working together on several successful projects for years."",""translation"":""他是我的親密商業夥伴，我們多年來一直合作進行幾個成功的專案。"",""explanation"":""名詞「夥伴/同事」，指工作上的合作關係。""}],""related_forms"":[""association""]}"
association	association n.	"{""headword"":""association"",""explanation"":""名詞「協會/關聯」。指組織或事物之間的連結。"",""entries"":[{""sentence"":""She joined the local teachers' <association> to network with other educators and share innovative teaching methods with them."",""translation"":""她加入了當地的教師協會，以便與其他教育工作者建立聯繫，並與他們分享創新的教學方法。"",""explanation"":""名詞「協會」，指組織。""},{""sentence"":""There is a strong <association> *between* regular physical exercise and improved mental health in people of all age groups."",""translation"":""在各個年齡層的人群中，規律的體育鍛鍊與改善心理健康之間有著強烈的關聯。"",""explanation"":""名詞「關聯」，association between A and B 為常見用法。""}],""related_forms"":[""associate""]}"
assurance	assurance n.	"{""headword"":""assurance"",""explanation"":""名詞「保證/自信」。常用於給予他人信心或承諾。常見搭配：give/receive an assurance。"",""entries"":[{""sentence"":""The company gave us an <assurance> *that* the new product would be delivered to our office before the end of this month."",""translation"":""公司向我們保證新產品將會在月底前送到我們的辦公室。"",""explanation"":""名詞「保證」，後接 that 子句。""},{""sentence"":""Despite the difficult circumstances, she spoke with great <assurance>, convincing everyone that the team could overcome the upcoming challenges."",""translation"":""儘管情況困難，她說話時充滿自信，說服了每個人團隊能夠克服即將到來的挑戰。"",""explanation"":""名詞「自信」，with assurance 表示自信地。""}],""related_forms"":[""assure""]}"
assure	assure v.	"{""headword"":""assure"",""explanation"":""動詞「向...保證」。常見用法：assure sb (that) ...；assure sb of sth。"",""entries"":[{""sentence"":""The tour guide <assured> *us* that the weather would be perfect for our hiking trip to the mountains tomorrow morning."",""translation"":""導遊向我們保證，明早去山上的健行之旅天氣會非常完美。"",""explanation"":""動詞「向...保證」，assure sb that... 為常見用法。""},{""sentence"":""I want to <assure> *you* of my full support regarding your decision to pursue a career in the field of medicine."",""translation"":""我想向你保證，我完全支持你決定從事醫學領域的職業。"",""explanation"":""動詞「向...保證」，assure sb of sth 為常見用法。""}],""related_forms"":[""assurance""]}"
athletic	athletic adj.	"{""headword"":""athletic"",""explanation"":""形容詞「運動的/體育的」。指擅長運動或與運動相關的。"",""entries"":[{""sentence"":""The school provides excellent <athletic> *facilities*, including a large swimming pool and a well-equipped gym for all the students."",""translation"":""學校提供優良的運動設施，包括一個大型游泳池和設備齊全的健身房供所有學生使用。"",""explanation"":""形容詞「運動的」，athletic facilities 為常見搭配。""},{""sentence"":""He has always been very <athletic>, participating in various sports competitions since he was a young boy in elementary school."",""translation"":""他一直很有運動天份，從小學時起就參加各種體育比賽。"",""explanation"":""形容詞「擅長運動的」，指人的體能狀態。""}],""related_forms"":[""athlete"",""athletics""]}"
atmosphere	atmosphere n.	"{""headword"":""atmosphere"",""explanation"":""名詞「氣氛/大氣層」。(1) 指環境氛圍時，常搭配 tense, relaxed, friendly 等形容詞。(2) 指科學上的大氣層時，常與 earth 搭配。"",""entries"":[{""sentence"":""The <atmosphere> in the classroom was *tense* as students waited for the final results of the difficult mathematics examination."",""translation"":""當學生們等待困難數學考試的最終結果時，教室裡的氣氛很緊張。"",""explanation"":""指環境氛圍。搭配形容詞 tense 描述緊張感。""},{""sentence"":""Scientists are studying how the Earth's <atmosphere> *protects* us from harmful solar radiation by filtering out dangerous ultraviolet rays."",""translation"":""科學家們正在研究地球的大氣層如何透過過濾危險的紫外線來保護我們免受有害太陽輻射的傷害。"",""explanation"":""指科學上的大氣層。動詞 protect 與介係詞 from 是常見搭配。""}],""related_forms"":[""atmospheres""]}"
atom	atom n.	"{""headword"":""atom"",""explanation"":""名詞「原子」。指物質的基本組成單位。常見於科學文章，強調微小結構。"",""entries"":[{""sentence"":""Every physical object in the universe is *composed* of tiny particles known as <atoms>, which form the building blocks of matter."",""translation"":""宇宙中的每個實體物體都由稱為原子的微小粒子組成，它們構成了物質的基本單元。"",""explanation"":""指科學上的原子。片語 be composed of 為常見用法。""},{""sentence"":""The scientist explained that the <atom> *consists* of a nucleus surrounded by electrons, which is a fundamental concept in chemistry."",""translation"":""科學家解釋說原子由原子核和周圍的電子組成，這是化學中的一個基本概念。"",""explanation"":""指原子的結構。動詞 consist of 常用於描述組成成分。""}],""related_forms"":[""atoms""]}"
atomic	atomic adj.	"{""headword"":""atomic"",""explanation"":""形容詞「原子的/原子能的」。多用於科學或軍事領域，如 atomic energy, atomic bomb。"",""entries"":[{""sentence"":""The country decided to invest more in <atomic> *energy* as a cleaner alternative to traditional fossil fuels for power generation."",""translation"":""該國決定投資更多原子能，作為發電時傳統化石燃料的更清潔替代方案。"",""explanation"":""指原子能。搭配 energy 形成固定用法。""},{""sentence"":""Researchers are using <atomic> *clocks* to measure time with extreme precision, which is essential for modern global positioning systems."",""translation"":""研究人員正在使用原子鐘來極其精確地測量時間，這對於現代全球定位系統至關重要。"",""explanation"":""指與原子相關的技術。atomic clock 為專有名詞。""}],""related_forms"":[]}"
attach	attach(ment) v./(n.)	"{""headword"":""attach"",""explanation"":""動詞「附加/連接」。(1) attach A to B 將A連接到B。(2) 心理上的依戀 (be attached to)。"",""entries"":[{""sentence"":""Please <attach> the *required* documents to your application form before you submit it to the human resources department today."",""translation"":""請在今天將所需文件附加到申請表上，再提交給人力資源部門。"",""explanation"":""指附加文件。搭配介係詞 to。""},{""sentence"":""Children often become deeply <attached> *to* their favorite toys, which provide them with a sense of security and comfort."",""translation"":""孩子們通常會對他們最喜歡的玩具產生深厚的依戀，這給了他們安全感和安慰。"",""explanation"":""指心理上的依戀。be attached to 為固定用法。""}],""related_forms"":[""attachment"",""attached""]}"
attraction	attraction n.	"{""headword"":""attraction"",""explanation"":""名詞「吸引力/景點」。(1) 抽象的吸引力 (attraction to)。(2) 觀光景點 (tourist attraction)。"",""entries"":[{""sentence"":""The ancient castle is the main tourist <attraction> in this small town, *drawing* thousands of visitors from all over the world."",""translation"":""這座古老的城堡是這個小鎮的主要觀光景點，吸引了來自世界各地的數千名遊客。"",""explanation"":""指觀光景點。常與 tourist 搭配。""},{""sentence"":""There is a strong mutual <attraction> *between* the two characters, which makes their relationship the focus of the romantic novel."",""translation"":""這兩個角色之間有強烈的相互吸引力，這使得他們的關係成為這部浪漫小說的焦點。"",""explanation"":""指人與人之間的吸引力。搭配介係詞 between 或 to。""}],""related_forms"":[""attractions"",""attractive""]}"
audio	audio adj.	"{""headword"":""audio"",""explanation"":""形容詞「聲音的/音頻的」。指與聽覺或錄音相關的技術或設備。"",""entries"":[{""sentence"":""The language lab provides high-quality <audio> *equipment* to help students improve their listening skills through daily practice and repetition."",""translation"":""語言實驗室提供高品質的音頻設備，幫助學生透過日常練習和重複來提高聽力技巧。"",""explanation"":""指音頻設備。audio equipment 為常見搭配。""},{""sentence"":""You can download the <audio> *version* of this textbook if you prefer listening to the lessons while commuting to school."",""translation"":""如果你喜歡在通勤上學時聽課程，你可以下載這本教科書的音頻版本。"",""explanation"":""指聲音格式。audio version 指有聲書或錄音版本。""}],""related_forms"":[]}"
authentic	authentic adj.	"{""headword"":""authentic"",""explanation"":""形容詞「真實的/道地的」。指物品是真的，非仿冒品，或指食物口味非常道地。"",""entries"":[{""sentence"":""The museum curator confirmed that the painting is an <authentic> *work* by the famous artist, not a copy made later."",""translation"":""博物館館長證實這幅畫是那位著名藝術家的真跡，而不是後來製作的複製品。"",""explanation"":""指真實的藝術品。authentic work 指真跡。""},{""sentence"":""We visited a small restaurant in Italy to enjoy <authentic> *Italian* pasta, which tasted much better than the local versions."",""translation"":""我們造訪了義大利的一家小餐館，品嚐了道地的義大利麵，味道比當地的版本好多了。"",""explanation"":""指道地的食物。authentic Italian 指道地的義大利風味。""}],""related_forms"":[""authenticity""]}"
authority	authority n.	"{""headword"":""authority"",""explanation"":""名詞「權威/當局」。(1) 權力/職權 (have the authority to)。(2) 政府當局 (the authorities)。"",""entries"":[{""sentence"":""The school principal has the <authority> *to* make final decisions regarding student discipline and the enforcement of campus rules."",""translation"":""校長有權對學生紀律和校規的執行做出最終決定。"",""explanation"":""指職權。have the authority to V 為固定用法。""},{""sentence"":""Local <authorities> *issued* a warning to residents about the approaching typhoon and advised them to stay indoors for safety."",""translation"":""地方當局向居民發布了關於颱風逼近的警告，並建議他們待在室內以策安全。"",""explanation"":""指政府當局。常用複數 the authorities。""}],""related_forms"":[""authorities"",""authoritative""]}"
autobiography	autobiography n.	"{""headword"":""autobiography"",""explanation"":""名詞「自傳」。指作者親自撰寫的個人生平故事。"",""entries"":[{""sentence"":""In his moving <autobiography>, the former president *shares* his personal struggles and the challenges he faced during his political career."",""translation"":""在前總統感人的自傳中，他分享了他在政治生涯中所面臨的個人掙扎與挑戰。"",""explanation"":""指自傳。動詞 share 常用於描述書中內容。""},{""sentence"":""Writing an <autobiography> *requires* a great deal of reflection, as the author must look back on their life experiences honestly."",""translation"":""撰寫自傳需要大量的反思，因為作者必須誠實地回顧他們的人生經歷。"",""explanation"":""指撰寫自傳的過程。動詞 require 搭配名詞 reflection。""}],""related_forms"":[""autobiographies""]}"
autograph	autograph n./v.	"{""headword"":""autograph"",""explanation"":""名詞/動詞「親筆簽名」。指名人親手簽下的名字。"",""entries"":[{""sentence"":""The excited fans waited for hours outside the theater, hoping to get an <autograph> *from* their favorite movie star after the show."",""translation"":""興奮的粉絲在劇院外等了幾個小時，希望演出結束後能得到他們最喜歡的電影明星的親筆簽名。"",""explanation"":""指名詞簽名。搭配介係詞 from。""},{""sentence"":""The famous athlete kindly <autographed> *a* baseball for the young boy, making his dream of meeting his hero come true."",""translation"":""那位著名的運動員親切地為小男孩在棒球上簽名，實現了他見到偶像的夢想。"",""explanation"":""指動詞簽名。autograph a [thing] 為常見用法。""}],""related_forms"":[""autographs"",""autographed""]}"
await	await v.	"{""headword"":""await"",""explanation"":""動詞「等待」。與 wait 不同，await 為及物動詞，後面直接接名詞，不需加 for。"",""entries"":[{""sentence"":""The graduates <await> *the* results of their final exams with great anxiety, hoping to get into their dream universities this year."",""translation"":""畢業生們焦急地等待期末考試的結果，希望今年能進入他們夢想中的大學。"",""explanation"":""及物動詞，後面直接接名詞，不可加 for。""},{""sentence"":""A bright future <awaits> *those* who are willing to work hard and never give up on their goals despite many difficulties."",""translation"":""光明的未來等待著那些願意努力工作，儘管困難重重也不放棄目標的人。"",""explanation"":""及物動詞，表示某事正等待著某人。""}],""related_forms"":[""awaited"",""awaiting""]}"
bald	bald adj.	"{""headword"":""bald"",""explanation"":""形容詞「禿頭的」。可用於描述人，也可用於描述輪胎磨損。"",""entries"":[{""sentence"":""The man decided to shave his head completely <bald> because he felt it was easier to maintain than having thinning hair."",""translation"":""那個男人決定把頭剃成全禿，因為他覺得這比留著稀疏的頭髮更容易打理。"",""explanation"":""描述人的狀態。常用 shave one's head bald。""},{""sentence"":""Driving with <bald> *tires* is extremely dangerous, especially on wet roads, as they lack the grip needed for safe braking."",""translation"":""使用磨損的輪胎開車非常危險，尤其是在濕滑的道路上，因為它們缺乏安全煞車所需的抓地力。"",""explanation"":""描述輪胎磨損。bald tires 指胎紋磨平的輪胎。""}],""related_forms"":[]}"
ballet	ballet n.	"{""headword"":""ballet"",""explanation"":""名詞「芭蕾舞」。指一種古典舞蹈藝術形式。"",""entries"":[{""sentence"":""She has been taking <ballet> *lessons* since she was five years old, dreaming of becoming a professional dancer in the future."",""translation"":""她從五歲起就開始上芭蕾舞課，夢想著未來能成為一名專業舞者。"",""explanation"":""指芭蕾舞課程。搭配 lessons。""},{""sentence"":""The performance of the classic <ballet> *Swan* Lake was so breathtaking that the entire audience stood up to applaud at the end."",""translation"":""經典芭蕾舞劇《天鵝湖》的演出令人嘆為觀止，以至於演出結束時全場觀眾都起立鼓掌。"",""explanation"":""指芭蕾舞劇。Swan Lake 為經典劇目。""}],""related_forms"":[""ballets""]}"
bandage	bandage n./v.	"{""headword"":""bandage"",""explanation"":""名詞/動詞「繃帶/包紮」。指醫療用的繃帶或用繃帶纏繞傷口。"",""entries"":[{""sentence"":""The nurse applied a clean <bandage> *to* the patient's wound to prevent infection and help the skin heal more quickly."",""translation"":""護士在病人的傷口上貼了一塊乾淨的繃帶，以防止感染並幫助皮膚更快癒合。"",""explanation"":""名詞用法。搭配介係詞 to。""},{""sentence"":""After the accident, the doctor <bandaged> *up* the injured arm carefully to ensure that the bone could heal properly over time."",""translation"":""事故發生後，醫生小心地包紮了受傷的手臂，以確保骨頭能隨著時間適當地癒合。"",""explanation"":""動詞用法。常搭配 up。""}],""related_forms"":[""bandages"",""bandaged""]}"
bankrupt	bankrupt adj./v./n.	"{""headword"":""bankrupt"",""explanation"":""形容詞/動詞/名詞「破產」。指個人或公司失去償債能力。"",""entries"":[{""sentence"":""The small company went <bankrupt> *after* facing severe financial losses and failing to secure a loan from the local bank."",""translation"":""這家小公司在面臨嚴重的財務損失且未能從當地銀行獲得貸款後破產了。"",""explanation"":""形容詞用法。go bankrupt 為固定搭配。""},{""sentence"":""The sudden economic crisis <bankrupted> *many* small businesses that were already struggling to survive in a highly competitive market environment."",""translation"":""突如其來的經濟危機使許多在競爭激烈的市場環境中苦苦掙扎的小企業破產了。"",""explanation"":""動詞用法。指導致破產。""}],""related_forms"":[""bankruptcy""]}"
bargain	bargain n./v.	"{""headword"":""bargain"",""explanation"":""名詞/動詞「交易/討價還價」。(1) 名詞指划算的交易 (a good bargain)。(2) 動詞指討價還價 (bargain with)。"",""entries"":[{""sentence"":""This high-quality camera was a real <bargain> *at* half the original price, so I decided to buy it immediately."",""translation"":""這台高品質相機以原價的一半買到真是太划算了，所以我決定馬上買下它。"",""explanation"":""名詞用法。指划算的交易。搭配介係詞 at。""},{""sentence"":""In some traditional markets, you can <bargain> *with* the vendors to get a lower price if you buy several items together."",""translation"":""在一些傳統市場，如果你一次買幾樣東西，你可以和攤販討價還價以獲得更低的價格。"",""explanation"":""動詞用法。指討價還價。搭配介係詞 with。""}],""related_forms"":[""bargains"",""bargained""]}"
barrier	barrier n.	"{""headword"":""barrier"",""explanation"":""名詞「障礙/隔閡」。(1) 實體障礙 (road barrier)。(2) 抽象障礙 (language barrier)。"",""entries"":[{""sentence"":""The language <barrier> *made* it difficult for the international students to communicate effectively with their local classmates during the group project."",""translation"":""語言障礙使得國際學生在小組專題中很難與當地同學進行有效溝通。"",""explanation"":""抽象障礙。language barrier 為常見搭配。""},{""sentence"":""The police set up a road <barrier> *to* block traffic and ensure the safety of the pedestrians during the annual parade."",""translation"":""警方設置了路障來阻擋交通，並確保年度遊行期間行人的安全。"",""explanation"":""實體障礙。搭配介係詞 to。""}],""related_forms"":[""barriers""]}"
basin	basin n.	"{""headword"":""basin"",""explanation"":""名詞「盆地/洗臉盆」。(1) 地理上的盆地。 (2) 浴室裡的洗臉盆。"",""entries"":[{""sentence"":""The city is located in a large <basin> *surrounded* by high mountains, which often causes air pollution to get trapped inside."",""translation"":""這座城市位於一個被高山環繞的大盆地中，這常導致空氣污染被困在裡面。"",""explanation"":""地理盆地。常用 surrounded by 描述其地形。""},{""sentence"":""Please wash your hands in the <basin> *in* the bathroom before we start preparing the meal for the dinner party."",""translation"":""在我們開始為晚宴準備餐點之前，請先在浴室的洗臉盆洗手。"",""explanation"":""指洗臉盆。搭配介係詞 in。""}],""related_forms"":[""basins""]}"
battery	battery n.	"{""headword"":""battery"",""explanation"":""名詞「電池」。指儲存電能的裝置。"",""entries"":[{""sentence"":""My laptop <battery> *ran* out of power during the meeting, so I had to find a charger to continue my presentation."",""translation"":""我的筆電電池在會議期間沒電了，所以我必須找個充電器來繼續我的簡報。"",""explanation"":""指電池。run out of power 為常見搭配。""},{""sentence"":""It is important to recycle used <batteries> *properly* because they contain chemicals that can be harmful to the environment if discarded."",""translation"":""正確回收廢電池很重要，因為它們含有如果隨意丟棄會對環境有害的化學物質。"",""explanation"":""指電池。常用複數 batteries。""}],""related_forms"":[""batteries""]}"
beggar	beggar n.	"{""headword"":""beggar"",""explanation"":""名詞「乞丐」。指在街頭乞討的人。"",""entries"":[{""sentence"":""The kind woman gave some money to the <beggar> *on* the street corner, hoping to help him buy a warm meal today."",""translation"":""那位善良的女士給了街角的乞丐一些錢，希望能幫助他今天買到一頓熱騰騰的飯菜。"",""explanation"":""指乞丐。搭配介係詞 on。""},{""sentence"":""Society should find ways to support the homeless and the <beggars> *rather* than simply ignoring their presence in public spaces."",""translation"":""社會應該想辦法支持無家可歸者和乞丐，而不是僅僅忽視他們在公共場所的存在。"",""explanation"":""指乞丐群體。常用複數 beggars。""}],""related_forms"":[""beggars""]}"
behavior	behavior n.	"{""headword"":""behavior"",""explanation"":""名詞「行為/舉止」。注意拼字，美式拼法為 behavior，英式為 behaviour。常見搭配包括 good/bad behavior 以及 behavioral (形容詞)。"",""entries"":[{""sentence"":""The teacher praised the students for their *exemplary* <behavior> during the school assembly, noting how quietly they listened to the guest speaker."",""translation"":""老師稱讚學生在學校集會期間的模範行為，並提到他們多麼安靜地聆聽演講者的發言。"",""explanation"":""指個人的品行或舉止。exemplary behavior 是常見的高級搭配。""},{""sentence"":""Scientists are studying the *social* <behavior> of dolphins in the wild to better understand how they communicate and hunt in groups."",""translation"":""科學家們正在研究野生海豚的社會行為，以更了解牠們如何在群體中溝通和狩獵。"",""explanation"":""指動物或系統的運作模式。social behavior 是生物學與社會學常見詞彙。""}],""related_forms"":[""behave"",""behavioral""]}"
bin	bin n.	"{""headword"":""bin"",""explanation"":""名詞「垃圾桶/容器」。在英式英語中常用於指垃圾桶，美式英語則較常使用 trash can 或 garbage can。注意雙寫 n。"",""entries"":[{""sentence"":""Please make sure to *sort* your recyclable waste and place it into the correct <bin> before leaving the cafeteria after lunch."",""translation"":""午餐後離開餐廳前，請務必將可回收垃圾分類並放入正確的垃圾桶中。"",""explanation"":""指放置垃圾的容器。sort... into the correct bin 是環保教育常見用語。""},{""sentence"":""The librarian asked the students to *empty* the paper <bin> at the end of the day to keep the study room tidy."",""translation"":""圖書管理員要求學生在一天結束時清空紙張回收桶，以保持自習室整潔。"",""explanation"":""指特定用途的容器。empty the bin 是常見的動詞搭配。""}],""related_forms"":[""bins""]}"
biography	biography n.	"{""headword"":""biography"",""explanation"":""名詞「傳記」。指對某人一生的紀錄。若作者寫的是自己的生平，則稱為 autobiography (自傳)。"",""entries"":[{""sentence"":""I just finished reading a *fascinating* <biography> of Steve Jobs, which details his journey from a college dropout to a tech visionary."",""translation"":""我剛讀完一本關於史蒂夫·賈伯斯的精彩傳記，書中詳細描述了他從大學輟學生到科技遠見者的歷程。"",""explanation"":""指關於某人一生的書。fascinating biography 是常見的形容詞搭配。""},{""sentence"":""The author spent five years *researching* for the <biography> of the famous historical figure, interviewing many people who knew him well."",""translation"":""作者花了五年時間研究這位歷史名人的傳記，並採訪了許多了解他的人。"",""explanation"":""指傳記的撰寫過程。researching for the biography 顯示了寫作的嚴謹性。""}],""related_forms"":[""biographical"",""biographer""]}"
biology	biology n.	"{""headword"":""biology"",""explanation"":""名詞「生物學」。指研究生命現象的科學。注意其形容詞形式為 biological，相關從業人員為 biologist。"",""entries"":[{""sentence"":""In our <biology> class today, we *examined* the structure of plant cells under a microscope to see how they function in nature."",""translation"":""在今天的生物課上，我們用顯微鏡觀察了植物細胞的結構，以了解它們在自然界中如何運作。"",""explanation"":""指學科名稱。biology class 是常見的校園場景。""},{""sentence"":""Advances in modern <biology> have *enabled* scientists to develop new vaccines that can effectively prevent the spread of infectious diseases worldwide."",""translation"":""現代生物學的進步使科學家能夠開發出能有效預防傳染病在全球傳播的新疫苗。"",""explanation"":""指科學領域。advances in biology 是學術寫作中的常見用法。""}],""related_forms"":[""biological"",""biologist""]}"
blade	blade n.	"{""headword"":""blade"",""explanation"":""名詞「刀刃/葉片」。可用於指刀具的鋒利部分，或草葉、螺旋槳葉片等形狀扁平的物體。"",""entries"":[{""sentence"":""The chef carefully sharpened the <blade> of his knife to ensure he could *slice* the vegetables with precision and ease."",""translation"":""廚師小心地磨利他的刀刃，以確保他能精確且輕鬆地切開蔬菜。"",""explanation"":""指刀具的鋒利部分。sharpen the blade 是常見動作。""},{""sentence"":""As the wind picked up, the <blade> of the windmill began to *spin* rapidly, generating clean energy for the small village nearby."",""translation"":""隨著風勢增強，風車的葉片開始快速旋轉，為附近的小村莊產生清潔能源。"",""explanation"":""指風車或螺旋槳的葉片。spin rapidly 是描述其運作的常見搭配。""}],""related_forms"":[""blades""]}"
blend	blend v./n.	"{""headword"":""blend"",""explanation"":""動詞「混合」；名詞「混合物」。強調將不同成分融合在一起，使其難以分辨個別部分。"",""entries"":[{""sentence"":""You should <blend> the ingredients *thoroughly* until the mixture becomes smooth, which is the secret to making a perfect chocolate cake."",""translation"":""你應該將材料徹底混合直到變得滑順，這是做出完美巧克力蛋糕的秘訣。"",""explanation"":""動詞用法。blend thoroughly 是強調混合程度的常見搭配。""},{""sentence"":""The new building features a unique <blend> of *modern* architecture and traditional design, making it a landmark in the city center."",""translation"":""這棟新建築結合了現代建築與傳統設計的獨特風格，使其成為市中心的標誌性建築。"",""explanation"":""名詞用法。a blend of A and B 是固定句型。""}],""related_forms"":[""blended"",""blender""]}"
blessing	blessing n.	"{""headword"":""blessing"",""explanation"":""名詞「祝福/幸運的事」。常指來自神或長輩的祝福，也可用於指一件雖然起初看起來不好，但結果卻是好事的情況 (a blessing in disguise)。"",""entries"":[{""sentence"":""Receiving a scholarship was a true <blessing> for the student, as it *relieved* the financial burden on his family during his studies."",""translation"":""獲得獎學金對這名學生來說真是個祝福，因為這減輕了他求學期間家庭的經濟負擔。"",""explanation"":""指幸運的事。a true blessing 強調其重要性。""},{""sentence"":""Losing his job turned out to be a <blessing> in *disguise* because it gave him the opportunity to pursue his dream career."",""translation"":""失去工作結果竟是因禍得福，因為這給了他追求夢想職業的機會。"",""explanation"":""固定片語 a blessing in disguise (因禍得福)。""}],""related_forms"":[""bless""]}"
blink	blink v./n.	"{""headword"":""blink"",""explanation"":""動詞「眨眼」；名詞「眨眼」。指眼睛快速開合。常見片語 in the blink of an eye (轉眼間)。"",""entries"":[{""sentence"":""The bright light caused everyone in the room to <blink> *repeatedly* as they tried to adjust their eyes to the sudden change."",""translation"":""強光導致房間裡的每個人都不停地眨眼，因為他們試圖讓眼睛適應這突如其來的變化。"",""explanation"":""動詞用法。blink repeatedly 描述持續的動作。""},{""sentence"":""Everything changed in the <blink> of an *eye*, leaving the spectators in complete shock as the underdog team won the championship."",""translation"":""一切都在轉眼間改變了，當弱勢隊伍贏得冠軍時，觀眾們感到無比震驚。"",""explanation"":""固定片語 in the blink of an eye，意指極短的時間內。""}],""related_forms"":[""blinks"",""blinked""]}"
bloom	bloom n./v.	"{""headword"":""bloom"",""explanation"":""名詞「花/開花期」；動詞「開花」。強調植物盛開的狀態，也可用於比喻人的才華或美貌展現。"",""entries"":[{""sentence"":""The cherry trees are in full <bloom> this week, *attracting* thousands of tourists who want to take photos of the beautiful pink flowers."",""translation"":""櫻花樹這週正值盛開期，吸引了成千上萬想要拍攝美麗粉紅色花朵的遊客。"",""explanation"":""名詞用法。in full bloom 是描述花朵盛開的固定搭配。""},{""sentence"":""These flowers usually <bloom> in *early* spring when the temperature begins to rise and the days become longer and warmer."",""translation"":""這些花通常在初春時開花，那時氣溫開始回升，白天也變得更長、更溫暖。"",""explanation"":""動詞用法。描述植物的生長週期。""}],""related_forms"":[""blooms"",""bloomed""]}"
blossom	blossom n./v.	"{""headword"":""blossom"",""explanation"":""名詞「花/開花」；動詞「開花/發展」。與 bloom 意思相近，但 blossom 常指果樹的花，或比喻關係、才華的發展。"",""entries"":[{""sentence"":""The apple trees are covered in white <blossom>, *promising* a bountiful harvest of fresh fruit for the farmers later this autumn."",""translation"":""蘋果樹上開滿了白色的花朵，預示著農民今年秋天將會有豐碩的水果收成。"",""explanation"":""名詞用法。指果樹的花。""},{""sentence"":""Their friendship began to <blossom> during the summer camp, as they *shared* many common interests and spent time talking every single day."",""translation"":""他們的友誼在夏令營期間開始發展，因為他們分享了許多共同興趣，並且每天都花時間聊天。"",""explanation"":""動詞用法。比喻關係的發展。""}],""related_forms"":[""blossoms"",""blossomed""]}"
boast	boast v./n.	"{""headword"":""boast"",""explanation"":""動詞「吹噓/擁有(引以為傲的事物)」；名詞「吹噓」。注意 boast of/about sth 的用法。"",""entries"":[{""sentence"":""He likes to <boast> *about* his academic achievements, which often makes his classmates feel uncomfortable during group discussions and study sessions."",""translation"":""他喜歡吹噓自己的學業成就，這常讓同學在小組討論和讀書會時感到不自在。"",""explanation"":""動詞用法。boast about/of sth 指自誇。""},{""sentence"":""The university <boasts> a *state-of-the-art* library that provides students with access to millions of books and digital research resources."",""translation"":""這所大學引以為傲地擁有一座最先進的圖書館，為學生提供數百萬冊書籍和數位研究資源的管道。"",""explanation"":""動詞用法。指某地擁有值得驕傲的設施。""}],""related_forms"":[""boasts"",""boasted""]}"
bond	bond n./v.	"{""headword"":""bond"",""explanation"":""名詞「連結/羈絆/債券」；動詞「建立連結」。指人與人之間的情感聯繫，或化學上的鍵結。"",""entries"":[{""sentence"":""The shared experience of overcoming challenges helped to *strengthen* the <bond> between the two teammates, creating a lifelong friendship."",""translation"":""共同克服挑戰的經歷有助於加強兩位隊友之間的羈絆，建立起終身的友誼。"",""explanation"":""名詞用法。strengthen the bond 是常見搭配。""},{""sentence"":""New mothers often <bond> with their babies through *physical* contact and constant care during the first few months of life."",""translation"":""新手媽媽通常在寶寶出生後的最初幾個月，透過身體接觸和持續的照顧與寶寶建立連結。"",""explanation"":""動詞用法。指建立情感連結。""}],""related_forms"":[""bonds"",""bonded""]}"
bounce	bounce v./n.	"{""headword"":""bounce"",""explanation"":""動詞「彈跳」；名詞「彈跳」。指物體撞擊表面後反彈，也可用於形容人的活力 (bouncy)。"",""entries"":[{""sentence"":""The basketball started to <bounce> *erratically* on the uneven ground, making it difficult for the player to maintain control of the ball."",""translation"":""籃球開始在不平的地面上不規則地彈跳，使得球員很難保持對球的控制。"",""explanation"":""動詞用法。bounce erratically 描述彈跳不穩定。""},{""sentence"":""The child watched the colorful ball <bounce> *off* the wall and roll across the room toward the open door in the hallway."",""translation"":""孩子看著彩色的球從牆上彈開，滾過房間朝走廊上敞開的門滾去。"",""explanation"":""動詞用法。bounce off sth 是固定搭配。""}],""related_forms"":[""bounces"",""bounced""]}"
bracelet	bracelet n.	"{""headword"":""bracelet"",""explanation"":""名詞「手鍊/手鐲」。指戴在手腕上的裝飾品。"",""entries"":[{""sentence"":""She received a beautiful silver <bracelet> as a *birthday* gift from her best friend, and she wears it every single day."",""translation"":""她從最好的朋友那裡收到一條美麗的銀手鍊作為生日禮物，而且她每天都戴著它。"",""explanation"":""名詞用法。birthday gift 是常見的搭配。""},{""sentence"":""The antique <bracelet> was *decorated* with small diamonds, making it a very valuable piece of jewelry in her collection."",""translation"":""這條古董手鍊裝飾著小鑽石，使它成為她收藏中非常有價值的一件珠寶。"",""explanation"":""名詞用法。decorated with 是描述飾品的常見用法。""}],""related_forms"":[""bracelets""]}"
breed	breed n./v.	"{""headword"":""breed"",""explanation"":""名詞「品種」；動詞「繁殖/飼養」。指動物的種類，或指培育動物的行為。"",""entries"":[{""sentence"":""This specific <breed> of dog is known for its *friendly* nature and high intelligence, making it a popular choice for families."",""translation"":""這種特定的狗品種以其友善的天性和高智商而聞名，這使它成為家庭的熱門選擇。"",""explanation"":""名詞用法。指動物品種。""},{""sentence"":""Farmers often <breed> cattle to *improve* the quality of their meat and milk, ensuring they can meet the market demand efficiently."",""translation"":""農民經常飼養牛隻以提高肉和奶的品質，確保他們能有效地滿足市場需求。"",""explanation"":""動詞用法。指培育動物。""}],""related_forms"":[""breeds"",""bred""]}"
bridegroom	bridegroom/groom n.	"{""headword"":""bridegroom"",""explanation"":""名詞「新郎」。通常簡稱為 groom。指婚禮當天結婚的男性。"",""entries"":[{""sentence"":""The <bridegroom> stood at the altar, waiting *anxiously* for his bride to walk down the aisle in her beautiful white wedding dress."",""translation"":""新郎站在祭壇前，焦急地等待著他的新娘穿著美麗的白色婚紗走過紅毯。"",""explanation"":""名詞用法。指婚禮中的男性角色。""},{""sentence"":""All the guests cheered as the <bridegroom> and his bride *exchanged* their wedding vows during the emotional ceremony in the garden."",""translation"":""當新郎和新娘在花園裡感人的儀式中交換結婚誓詞時，所有的客人都歡呼起來。"",""explanation"":""名詞用法。exchanged vows 是婚禮常見搭配。""}],""related_forms"":[""groom""]}"
broke	broke adj.	"{""headword"":""broke"",""explanation"":""形容詞「身無分文的」。為 break 的過去式，但在此作為形容詞使用，意指沒錢。注意不可與 broken (損壞的) 混淆。"",""entries"":[{""sentence"":""After paying for his tuition and rent, he was completely <broke> and had to *rely* on instant noodles for the rest of the month."",""translation"":""在支付學費和房租後，他完全身無分文，不得不靠泡麵度過這個月的剩餘時間。"",""explanation"":""形容詞用法。be broke 是口語中表示沒錢的常見說法。""},{""sentence"":""Many students find themselves <broke> by the end of the semester because they *spend* too much money on social activities and dining out."",""translation"":""許多學生發現自己在學期末時身無分文，因為他們在社交活動和外食上花太多錢了。"",""explanation"":""形容詞用法。描述經濟拮据的狀態。""}],""related_forms"":[""break""]}"
broom	broom n.	"{""headword"":""broom"",""explanation"":""名詞「掃帚」。用於清掃地面的工具。"",""entries"":[{""sentence"":""The janitor used a long-handled <broom> to *sweep* the dust and fallen leaves off the school playground before the students arrived."",""translation"":""清潔工在學生到達之前，用長柄掃帚清掃學校操場上的灰塵和落葉。"",""explanation"":""名詞用法。sweep with a broom 是常見動作。""},{""sentence"":""Please put the <broom> back in the *storage* closet after you finish cleaning the classroom so that it stays organized."",""translation"":""請在清掃完教室後將掃帚放回儲藏室，以便保持整潔。"",""explanation"":""名詞用法。指工具的存放。""}],""related_forms"":[""brooms""]}"
brutal	brutal adj.	"{""headword"":""brutal"",""explanation"":""形容詞「殘忍的/嚴酷的」。可用於形容暴力行為，或形容天氣、競爭等極端嚴苛的情況。"",""entries"":[{""sentence"":""The soldiers faced <brutal> conditions during the winter, with *freezing* temperatures and very little food to survive the harsh environment."",""translation"":""士兵們在冬天面臨嚴酷的條件，氣溫極低，且幾乎沒有食物能在惡劣的環境中生存。"",""explanation"":""形容詞用法。指環境或天氣極端嚴苛。""},{""sentence"":""The competition for the limited number of scholarships was <brutal>, as all the applicants were *highly* qualified and motivated students."",""translation"":""有限獎學金的競爭非常殘酷，因為所有的申請者都是高素質且積極進取的學生。"",""explanation"":""形容詞用法。指競爭非常激烈。""}],""related_forms"":[""brutality""]}"
bulletin	bulletin n.	"{""headword"":""bulletin"",""explanation"":""名詞「公告/簡報」。指發布重要消息的短文或看板。"",""entries"":[{""sentence"":""The school posted a <bulletin> on the notice board to *inform* students about the upcoming changes to the library's opening hours."",""translation"":""學校在佈告欄上張貼了一則公告，通知學生關於圖書館開放時間即將變動的消息。"",""explanation"":""名詞用法。post a bulletin 是常見搭配。""},{""sentence"":""We receive a weekly <bulletin> from the department that *highlights* important events, deadlines, and news for all the students enrolled."",""translation"":""我們每週會收到系上發出的簡報，重點介紹所有註冊學生的重要活動、截止日期和新聞。"",""explanation"":""名詞用法。指定期發布的資訊。""}],""related_forms"":[""bulletins""]}"
burglar	burglar n.	"{""headword"":""burglar"",""explanation"":""指「竊賊」，特別指闖入建築物行竊的人。與 thief（泛指小偷）不同，burglar 強調非法侵入住宅或建築物。"",""entries"":[{""sentence"":""The <burglar> *broke into* the house through the back window while the family was away on their summer vacation."",""translation"":""竊賊趁這家人去暑假度假時，從後窗闖入了房子。"",""explanation"":""描述闖入行為，搭配動詞 break into。""},{""sentence"":""Police are searching for the <burglar> who *stole* valuable jewelry from several homes in this quiet residential neighborhood last night."",""translation"":""警方正在搜尋昨晚從這個安靜住宅區幾戶人家中偷走貴重珠寶的竊賊。"",""explanation"":""描述竊賊的犯罪行為，搭配動詞 steal。""}],""related_forms"":[""burglary""]}"
cabinet	cabinet n.	"{""headword"":""cabinet"",""explanation"":""用法包括：(1) 名詞「櫥櫃」，如 kitchen cabinet；(2) 名詞「內閣」，指政府的高級官員會議。"",""entries"":[{""sentence"":""Please put the dishes back into the kitchen <cabinet> after you have finished washing and drying them this evening."",""translation"":""今晚洗完碗盤並擦乾後，請將它們放回廚房櫥櫃裡。"",""explanation"":""指家具櫥櫃，常見於居家生活場景。""},{""sentence"":""The Prime Minister held an emergency meeting with the <cabinet> to discuss the *economic crisis* facing the entire nation."",""translation"":""總理與內閣召開了緊急會議，討論全國面臨的經濟危機。"",""explanation"":""指政府內閣，常與 meeting, minister 等字連用。""}],""related_forms"":[]}"
calculate	calculate v.	"{""headword"":""calculate"",""explanation"":""動詞「計算」，指透過數學運算得出結果，或指「估計、推測」。"",""entries"":[{""sentence"":""Students are required to <calculate> the *total cost* of the project by adding up all the expenses incurred during the process."",""translation"":""學生必須透過加總過程中產生的所有費用，來計算該專案的總成本。"",""explanation"":""指數學上的計算，搭配 total cost。""},{""sentence"":""It is difficult to <calculate> the *exact impact* of climate change on local agriculture over the next few decades."",""translation"":""很難計算氣候變遷在未來幾十年對當地農業造成的確切影響。"",""explanation"":""指估計或預測，常用於學術討論。""}],""related_forms"":[""calculation"",""calculator""]}"
calculation	calculation n.	"{""headword"":""calculation"",""explanation"":""名詞「計算」，指運算的過程或結果，也可用於指「深思熟慮的計畫」。"",""entries"":[{""sentence"":""After a quick <calculation>, the accountant realized that the company had *exceeded its budget* for the first quarter of the year."",""translation"":""經過快速計算後，會計師意識到公司第一季的預算超支了。"",""explanation"":""指數學運算過程，搭配動詞 realize。""},{""sentence"":""His decision to resign was based on a careful <calculation> of his *future career* prospects in the competitive tech industry."",""translation"":""他辭職的決定是基於對自己在競爭激烈的科技產業中未來職涯前景的審慎評估。"",""explanation"":""指深思熟慮的評估或盤算。""}],""related_forms"":[""calculate"",""calculator""]}"
calorie	calorie n.	"{""headword"":""calorie"",""explanation"":""名詞「卡路里」，指熱量單位。在健康議題中，常與 intake（攝取量）或 burn（消耗）搭配。"",""entries"":[{""sentence"":""To maintain a healthy weight, you should pay attention to your daily <calorie> *intake* and engage in regular physical exercise."",""translation"":""為了維持健康體重，你應該注意每日的卡路里攝取量，並進行規律的體育鍛鍊。"",""explanation"":""指熱量攝取，搭配 intake。""},{""sentence"":""Running for thirty minutes can help you <burn> a significant number of <calories>, which is beneficial for your overall fitness level."",""translation"":""跑步三十分鐘可以幫助你消耗大量的卡路里，這對你的整體健康水準很有幫助。"",""explanation"":""指消耗熱量，常用動詞 burn。""}],""related_forms"":[""caloric""]}"
campaign	campaign n./v.	"{""headword"":""campaign"",""explanation"":""用法包括：(1) 名詞「活動/運動」，如 political campaign, advertising campaign；(2) 動詞「發起運動/參與競選」。"",""entries"":[{""sentence"":""The environmental group launched a nationwide <campaign> to *raise awareness* about the importance of reducing plastic waste in our oceans."",""translation"":""環保團體發起了一項全國性的運動，以提高人們對減少海洋塑膠垃圾重要性的認識。"",""explanation"":""名詞，指為了特定目的發起的活動，搭配 raise awareness。""},{""sentence"":""The senator spent several months <campaigning> across the country to *gain support* from voters before the upcoming general election."",""translation"":""在即將到來的大選前，這位參議員花了幾個月在全國各地競選，以爭取選民的支持。"",""explanation"":""動詞，指參與競選或推動運動，搭配 gain support。""}],""related_forms"":[""campaigner""]}"
candidate	candidate n.	"{""headword"":""candidate"",""explanation"":""名詞「候選人」或「應徵者」。指參加選舉的人，或申請職位的人。"",""entries"":[{""sentence"":""Each <candidate> for the student council president must deliver a speech to *present their vision* for the school's future development."",""translation"":""每位學生會會長候選人都必須發表一場演說，以呈現他們對學校未來發展的願景。"",""explanation"":""指選舉候選人，搭配 present their vision。""},{""sentence"":""The human resources manager interviewed every qualified <candidate> to find the best person for the *challenging position* in the marketing department."",""translation"":""人力資源經理面試了每一位合格的應徵者，以找到最適合行銷部門這個挑戰性職位的人選。"",""explanation"":""指求職者，搭配 interview。""}],""related_forms"":[""candidacy""]}"
cane	cane n.	"{""headword"":""cane"",""explanation"":""名詞「手杖」或「藤條」。指輔助行走用的杖，或植物的莖。"",""entries"":[{""sentence"":""The elderly man walked slowly down the street, leaning heavily on his wooden <cane> to *maintain his balance* on the uneven sidewalk."",""translation"":""那位老先生緩慢地走在街上，沉重地倚靠著他的木製手杖，以在不平的人行道上保持平衡。"",""explanation"":""指輔助行走的手杖，搭配 lean on。""},{""sentence"":""Sugar <cane> is widely grown in tropical regions and is the *primary source* of sugar production for many countries around the world."",""translation"":""甘蔗在熱帶地區廣泛種植，是世界上許多國家生產糖的主要來源。"",""explanation"":""指植物的莖，如 sugar cane。""}],""related_forms"":[]}"
canoe	canoe n./v.	"{""headword"":""canoe"",""explanation"":""名詞「獨木舟」；動詞「划獨木舟」。"",""entries"":[{""sentence"":""We rented a <canoe> and paddled across the calm lake to explore the *hidden island* located in the middle of the water."",""translation"":""我們租了一艘獨木舟，划過平靜的湖面，去探索位於水中央的隱密小島。"",""explanation"":""名詞，指交通工具，搭配 paddle。""},{""sentence"":""During our summer camp, we had the opportunity to <canoe> down the river and enjoy the *breathtaking scenery* along the riverbanks."",""translation"":""在夏令營期間，我們有機會沿著河流划獨木舟，並欣賞河岸邊令人屏息的景色。"",""explanation"":""動詞，指划船的動作。""}],""related_forms"":[""canoeing""]}"
capacity	capacity n.	"{""headword"":""capacity"",""explanation"":""名詞「容量」、「能力」或「職位」。指能容納的空間，或某人能做某事的能力。"",""entries"":[{""sentence"":""The stadium has a seating <capacity> of fifty thousand people, making it the perfect venue for *large-scale concerts* and sports events."",""translation"":""這座體育場有五萬人的座位容量，使其成為舉辦大型演唱會和體育賽事的完美場地。"",""explanation"":""指容量，搭配 seating capacity。""},{""sentence"":""She has the amazing <capacity> to *stay calm* under pressure, which makes her an excellent leader in times of crisis."",""translation"":""她有在壓力下保持冷靜的驚人能力，這使她成為危機時刻中優秀的領導者。"",""explanation"":""指能力，搭配 stay calm。""}],""related_forms"":[""capacitate""]}"
capital	capital(ism) n.	"{""headword"":""capital"",""explanation"":""用法包括：(1) 名詞「首都」；(2) 名詞「資本/資金」；(3) 名詞「大寫字母」。注意 capitalism 為「資本主義」。"",""entries"":[{""sentence"":""Taipei is the <capital> of Taiwan and serves as the *political and economic center* of the entire island nation."",""translation"":""台北是台灣的首都，也是整個島國的政治與經濟中心。"",""explanation"":""指首都，常與 city 搭配。""},{""sentence"":""The startup company needs to raise more <capital> from investors to *expand its business* and develop new products for the market."",""translation"":""這家新創公司需要從投資者那裡籌集更多資金，以擴展業務並開發市場新產品。"",""explanation"":""指資金，搭配 raise capital。""}],""related_forms"":[""capitalism"",""capitalist""]}"
capitalist	capitalist n.	"{""headword"":""capitalist"",""explanation"":""名詞「資本家」或「資本主義者」。指支持資本主義制度的人，或擁有大量資本的人。"",""entries"":[{""sentence"":""The <capitalist> argued that *free market* competition is the most effective way to drive innovation and economic growth in society."",""translation"":""那位資本家主張，自由市場競爭是推動社會創新與經濟成長最有效的方式。"",""explanation"":""指支持資本主義的人，搭配 free market。""},{""sentence"":""Many critics of the <capitalist> system believe that it often leads to *wealth inequality* and social division among different groups of people."",""translation"":""許多資本主義制度的批評者認為，它往往會導致財富不均以及不同群體之間的社會分裂。"",""explanation"":""形容詞用法，指與資本主義相關的。""}],""related_forms"":[""capital"",""capitalism""]}"
cargo	cargo n.	"{""headword"":""cargo"",""explanation"":""名詞「貨物」，指船隻、飛機或車輛運載的貨物。"",""entries"":[{""sentence"":""The ship was carrying a heavy <cargo> of electronic goods that were *destined for* major ports across the European continent."",""translation"":""這艘船載運著大批電子產品貨物，目的地是歐洲大陸各個主要港口。"",""explanation"":""指運載的貨物，搭配 carry。""},{""sentence"":""The airport has a special terminal dedicated to handling air <cargo> to ensure *efficient delivery* of international packages and mail."",""translation"":""機場設有專門處理航空貨物的航廈，以確保國際包裹與郵件的高效遞送。"",""explanation"":""指航空貨物，搭配 air cargo。""}],""related_forms"":[]}"
carrier	carrier n.	"{""headword"":""carrier"",""explanation"":""名詞「運輸工具」、「電信業者」或「帶原者」。"",""entries"":[{""sentence"":""The airline is a major <carrier> that provides *international flights* connecting many cities around the world on a daily basis."",""translation"":""這家航空公司是一家主要的運輸業者，提供連接世界各地許多城市的國際航班。"",""explanation"":""指運輸業者，如航空公司。""},{""sentence"":""Some people can be a <carrier> of the virus without showing any *obvious symptoms*, which makes disease prevention more difficult."",""translation"":""有些人可能是病毒的帶原者卻沒有表現出任何明顯症狀，這使得疾病預防更加困難。"",""explanation"":""指疾病帶原者，搭配 virus。""}],""related_forms"":[""carry""]}"
carve	carve v.	"{""headword"":""carve"",""explanation"":""動詞「雕刻」或「切（肉）」。"",""entries"":[{""sentence"":""The artist spent months trying to <carve> a beautiful statue out of a *large block* of marble for the museum exhibition."",""translation"":""藝術家花了幾個月的時間，試圖從一大塊大理石中雕刻出一座美麗的雕像，以供博物館展覽。"",""explanation"":""指雕刻藝術品，搭配 marble。""},{""sentence"":""It is a tradition for the father to <carve> the turkey during the *Thanksgiving dinner* while the whole family gathers around."",""translation"":""在感恩節晚餐時，由父親負責切火雞是一項傳統，全家人都會圍聚在一起。"",""explanation"":""指切肉，特別指節慶食物。""}],""related_forms"":[""carving""]}"
catalogue	catalogue n./v.	"{""headword"":""catalogue"",""explanation"":""名詞「目錄」；動詞「將...編入目錄」。"",""entries"":[{""sentence"":""I looked through the university <catalogue> to find a list of *required courses* for my major in the upcoming semester."",""translation"":""我瀏覽了大學目錄，以找到下學期主修課程的必修清單。"",""explanation"":""指課程或商品目錄。""},{""sentence"":""The librarian spent the entire morning <cataloguing> the *new books* that had just arrived at the library from the publisher."",""translation"":""圖書館員花了一整個早上將剛從出版社送到圖書館的新書編入目錄。"",""explanation"":""動詞，指編目作業。""}],""related_forms"":[]}"
category	category n.	"{""headword"":""category"",""explanation"":""名詞「類別」或「範疇」。"",""entries"":[{""sentence"":""The bookstore organizes its books into different <categories> so that customers can easily find their *favorite genres* of literature."",""translation"":""書店將書籍分類，以便顧客能輕鬆找到他們喜愛的文學類型。"",""explanation"":""指分類，常用複數 categories。""},{""sentence"":""Athletes are divided into different weight <categories> to ensure that the *competitive environment* remains fair for everyone involved."",""translation"":""運動員被分為不同的體重級別，以確保對所有參與者而言，競爭環境保持公平。"",""explanation"":""指比賽級別或範疇。""}],""related_forms"":[""categorize""]}"
cease	cease v./n.	"{""headword"":""cease"",""explanation"":""動詞「停止/終止」。較 formal 的用法，常指停止某種狀態或行為。"",""entries"":[{""sentence"":""The heavy rain finally <ceased> after three days, allowing the rescue team to *resume their search* for the missing hikers."",""translation"":""大雨在三天後終於停止，讓搜救隊得以恢復對失蹤登山客的搜尋。"",""explanation"":""指停止狀態，搭配 resume。""},{""sentence"":""Both countries agreed to <cease> fire immediately to *prevent further casualties* and seek a peaceful solution to the conflict."",""translation"":""兩國同意立即停火，以防止更多傷亡並尋求衝突的和平解決方案。"",""explanation"":""指停止行為，如 cease fire（停火）。""}],""related_forms"":[""ceaseless""]}"
celebration	celebration n.	"{""headword"":""celebration"",""explanation"":""名詞「慶祝」或「慶祝活動」。"",""entries"":[{""sentence"":""The entire city was filled with joy during the <celebration> of the *national holiday*, with fireworks lighting up the night sky."",""translation"":""在國定假日的慶祝活動期間，整座城市充滿了歡樂，煙火照亮了夜空。"",""explanation"":""指慶祝活動，搭配 national holiday。""},{""sentence"":""We organized a small party in <celebration> of our team's *great achievement* in the national science competition last week."",""translation"":""我們舉辦了一個小型派對，以慶祝我們團隊上週在全國科學競賽中的重大成就。"",""explanation"":""片語 in celebration of，表「為了慶祝...」。""}],""related_forms"":[""celebrate"",""celebrity""]}"
chamber	chamber n.	"{""headword"":""chamber"",""explanation"":""名詞「房間」、「議事廳」或「腔室」。"",""entries"":[{""sentence"":""The members of the parliament gathered in the main <chamber> to *debate the new law* that would affect the entire country."",""translation"":""國會議員聚集在主議事廳，辯論將影響全國的新法律。"",""explanation"":""指議事廳，搭配 debate。""},{""sentence"":""The heart has four <chambers> that work together to *pump blood* throughout the human body efficiently every single second."",""translation"":""心臟有四個腔室，它們共同運作，每一秒都有效地將血液輸送到全身。"",""explanation"":""指生物學上的腔室，搭配 pump blood。""}],""related_forms"":[]}"
championship	championship n.	"{""headword"":""championship"",""explanation"":""名詞「冠軍賽/錦標賽」或「冠軍頭銜」。常與 win, hold, defend 等動詞連用。注意拼字，中間有 'p'。"",""entries"":[{""sentence"":""The school basketball team practiced hard for months and finally won the national <championship> *in* a thrilling final game."",""translation"":""學校籃球隊努力練習了數月，最終在一場激動人心的決賽中贏得了全國冠軍。"",""explanation"":""指贏得比賽的頭銜。搭配介係詞 in 或 of。""},{""sentence"":""The professional tennis player is currently defending her <championship> *title* against a talented young challenger from another country."",""translation"":""這位職業網球選手目前正在捍衛她的冠軍頭銜，對手是來自另一個國家的天才年輕挑戰者。"",""explanation"":""指冠軍頭銜。常與 title 連用。""}],""related_forms"":[""championships""]}"
characteristic	characteristic n./adj.	"{""headword"":""characteristic"",""explanation"":""名詞「特徵/特色」；形容詞「典型的/特有的」。名詞常與 feature, trait 互換。形容詞常搭配介係詞 of。"",""entries"":[{""sentence"":""One of the most important <characteristic>s *of* a good leader is the ability to listen to others' opinions patiently."",""translation"":""好領導者最重要的特徵之一，就是能夠耐心地傾聽他人的意見。"",""explanation"":""名詞「特徵」。常搭配 of 說明屬於某人或某物的特徵。""},{""sentence"":""It is <characteristic> *of* him to arrive early for every meeting, as he is known for being extremely punctual."",""translation"":""每次會議都提早到達是他的典型作風，因為他以極度準時而聞名。"",""explanation"":""形容詞「典型的」。句型 It is characteristic of sb to V。""}],""related_forms"":[""characteristics"",""characterize""]}"
charity	charity n.	"{""headword"":""charity"",""explanation"":""名詞「慈善/慈善機構」。常用於慈善捐款或活動。注意複數形為 charities。"",""entries"":[{""sentence"":""The wealthy businessman decided to donate a large portion of his fortune *to* local <charity> organizations to help the poor."",""translation"":""這位富有的商人決定將他財富的一大部分捐給當地的慈善機構，以幫助窮人。"",""explanation"":""指慈善機構。常搭配 donate to。""},{""sentence"":""They organized a <charity> *event* to raise money for children who lack access to proper education in remote areas."",""translation"":""他們舉辦了一場慈善活動，為偏遠地區缺乏適當教育機會的兒童募款。"",""explanation"":""形容詞用法，修飾名詞 event。""}],""related_forms"":[""charities"",""charitable""]}"
chemistry	chemistry n.	"{""headword"":""chemistry"",""explanation"":""名詞「化學」或「人與人之間的默契/化學反應」。在人際關係中指相處融洽。"",""entries"":[{""sentence"":""The student found <chemistry> to be a challenging subject, especially when it came to memorizing the complex periodic table."",""translation"":""這名學生發現化學是一門具有挑戰性的學科，特別是在背誦複雜的元素週期表時。"",""explanation"":""指學科。常與 subject 連用。""},{""sentence"":""The two actors had great <chemistry> *on* screen, which made their romantic scenes look incredibly natural and convincing to viewers."",""translation"":""這兩位演員在螢幕上有很好的默契，這使得他們的浪漫場景看起來非常自然，且令觀眾信服。"",""explanation"":""指人與人之間的默契。常搭配 have chemistry with/between。""}],""related_forms"":[""chemical"",""chemist""]}"
cherish	cherish v.	"{""headword"":""cherish"",""explanation"":""動詞「珍愛/懷念」。常用於珍視回憶、友情或時光。為及物動詞。"",""entries"":[{""sentence"":""I will always <cherish> the *memories* of the summer we spent volunteering together at the local animal shelter."",""translation"":""我將永遠珍藏我們一起在當地動物收容所擔任志工的那個夏天的回憶。"",""explanation"":""珍視回憶。常搭配 memories。""},{""sentence"":""We should <cherish> the *time* we have with our family members because life is unpredictable and precious."",""translation"":""我們應該珍惜與家人相處的時光，因為人生是不可預測且珍貴的。"",""explanation"":""珍惜時光。常搭配 time。""}],""related_forms"":[""cherished"",""cherishing""]}"
chew	chew v./n.	"{""headword"":""chew"",""explanation"":""動詞「咀嚼」；名詞「咀嚼」。常與 food, gum 連用。注意 chew over 指「深思熟慮」。"",""entries"":[{""sentence"":""It is important to <chew> your *food* thoroughly before swallowing to ensure better digestion and avoid choking."",""translation"":""吞嚥前徹底咀嚼食物很重要，以確保更好的消化並避免噎到。"",""explanation"":""動詞「咀嚼」。常與 food 連用。""},{""sentence"":""The student needed some time to <chew> *over* the teacher's advice before making a final decision about his future career."",""translation"":""這名學生在對未來職業做出最終決定之前，需要一些時間來深思熟慮老師的建議。"",""explanation"":""片語 chew over = think about carefully。""}],""related_forms"":[""chewed"",""chewing""]}"
choke	choke v./n.	"{""headword"":""choke"",""explanation"":""動詞「噎住/窒息」；名詞「窒息」。常搭配介係詞 on。注意與 choke up (哽咽) 的區別。"",""entries"":[{""sentence"":""The young child started to <choke> *on* a piece of hard candy, so his mother immediately performed the Heimlich maneuver."",""translation"":""這名幼童開始被一塊硬糖噎住，所以他母親立即執行了哈姆立克急救法。"",""explanation"":""動詞「噎住」。搭配介係詞 on。""},{""sentence"":""The thick smoke from the forest fire made it difficult for the residents to breathe and caused them to <choke>."",""translation"":""森林大火產生的濃煙使居民難以呼吸，並導致他們窒息。"",""explanation"":""動詞「窒息」。指因空氣品質差而無法呼吸。""}],""related_forms"":[""choked"",""choking""]}"
chorus	chorus n.	"{""headword"":""chorus"",""explanation"":""名詞「合唱團/副歌」。在音樂中指歌曲重複的部分。"",""entries"":[{""sentence"":""The school <chorus> *sang* a beautiful song during the graduation ceremony, moving many parents and teachers to tears."",""translation"":""學校合唱團在畢業典禮上唱了一首優美的歌曲，感動了許多家長和老師。"",""explanation"":""指合唱團。常搭配 sing。""},{""sentence"":""Everyone in the audience joined in the <chorus> of the popular song, creating a very lively and joyful atmosphere."",""translation"":""觀眾席上的每個人都跟著唱這首流行歌的副歌，營造出一種非常熱鬧且歡樂的氣氛。"",""explanation"":""指歌曲的副歌。""}],""related_forms"":[""choruses""]}"
circular	circular adj.	"{""headword"":""circular"",""explanation"":""形容詞「圓形的/循環的」。常用於描述形狀或邏輯。"",""entries"":[{""sentence"":""The architect designed a <circular> *staircase* in the center of the library, which became the most eye-catching feature of the building."",""translation"":""建築師在圖書館中心設計了一個圓形樓梯，這成為該建築最引人注目的特色。"",""explanation"":""形容詞「圓形的」。""},{""sentence"":""The argument he provided was purely <circular>, as he simply repeated the same point without offering any new evidence."",""translation"":""他提供的論點純粹是循環論證，因為他只是重複相同的觀點，而沒有提供任何新的證據。"",""explanation"":""形容詞「循環的」。指邏輯上的循環。""}],""related_forms"":[""circle""]}"
circulate	circulate v.	"{""headword"":""circulate"",""explanation"":""動詞「循環/傳播」。指空氣、血液或消息的流動。"",""entries"":[{""sentence"":""Opening the windows helps fresh air <circulate> *through* the classroom, which is essential for maintaining a healthy learning environment."",""translation"":""打開窗戶有助於新鮮空氣在教室內循環，這對於維持健康的學習環境至關重要。"",""explanation"":""動詞「循環」。搭配介係詞 through。""},{""sentence"":""False rumors began to <circulate> *among* the students after the principal announced the sudden cancellation of the school trip."",""translation"":""校長宣布突然取消校外教學後，錯誤的謠言開始在學生之間流傳。"",""explanation"":""動詞「傳播」。指消息或謠言的散布。""}],""related_forms"":[""circulation"",""circulated""]}"
circulation	circulation n.	"{""headword"":""circulation"",""explanation"":""名詞「循環/流通/發行量」。常指血液循環或報紙發行量。"",""entries"":[{""sentence"":""Regular exercise is known to improve blood <circulation>, which can lead to better overall health and increased energy levels."",""translation"":""規律運動已知能改善血液循環，這能帶來更好的整體健康和增加能量水平。"",""explanation"":""名詞「循環」。常搭配 blood。""},{""sentence"":""The newspaper has a large <circulation> *of* over one million copies per day, making it the most popular paper in the city."",""translation"":""這份報紙每天有超過一百萬份的發行量，使其成為該市最受歡迎的報紙。"",""explanation"":""名詞「發行量」。""}],""related_forms"":[""circulate""]}"
circumstance	circumstance n.	"{""headword"":""circumstance"",""explanation"":""名詞「情況/環境」。常用複數形 circumstances。片語 under no circumstances (絕不) 為重點考點。"",""entries"":[{""sentence"":""Under no <circumstance>s *should* you leave the laboratory without turning off all the electrical equipment properly."",""translation"":""在任何情況下，你都不應該在沒有正確關閉所有電器設備的情況下離開實驗室。"",""explanation"":""片語 under no circumstances。注意倒裝句型，助動詞 should 移至主詞前。""},{""sentence"":""Due to the difficult financial <circumstance>s of his family, he had to work part-time while attending university."",""translation"":""由於家庭經濟狀況困難，他必須在讀大學的同時打工。"",""explanation"":""名詞「情況」。常用複數形。""}],""related_forms"":[""circumstances""]}"
civilian	civilian adj./n.	"{""headword"":""civilian"",""explanation"":""名詞「平民」；形容詞「平民的」。相對於軍人。"",""entries"":[{""sentence"":""The government promised to protect innocent <civilian>s *from* harm during the ongoing conflict in the border region."",""translation"":""政府承諾在邊境地區持續的衝突中保護無辜平民免受傷害。"",""explanation"":""名詞「平民」。""},{""sentence"":""After serving in the army for ten years, he finally returned to <civilian> *life* and started a small business in his hometown."",""translation"":""在軍隊服役十年後，他終於回歸平民生活，並在家鄉開了一家小店。"",""explanation"":""形容詞「平民的」。""}],""related_forms"":[""civilians""]}"
civilization	civilization n.	"{""headword"":""civilization"",""explanation"":""名詞「文明」。指人類社會的發展階段或特定文化。"",""entries"":[{""sentence"":""Ancient Egyptian <civilization> is famous for its magnificent pyramids and its advanced knowledge of mathematics and astronomy."",""translation"":""古埃及文明以其宏偉的金字塔以及在數學和天文學方面的先進知識而聞名。"",""explanation"":""名詞「文明」。""},{""sentence"":""Many historians study how different <civilization>s *developed* and interacted with each other throughout the course of human history."",""translation"":""許多歷史學家研究不同的文明如何在人類歷史的進程中發展並相互影響。"",""explanation"":""名詞「文明」。常用複數形。""}],""related_forms"":[""civilize"",""civilized""]}"
clarify	clarify v.	"{""headword"":""clarify"",""explanation"":""動詞「澄清/闡明」。指讓事情變得清楚易懂。"",""entries"":[{""sentence"":""The professor asked the student to <clarify> his *point* because the initial explanation was too vague to be understood."",""translation"":""教授要求這名學生澄清他的觀點，因為最初的解釋太模糊而無法理解。"",""explanation"":""動詞「澄清」。常搭配 point 或 meaning。""},{""sentence"":""The company issued a statement to <clarify> the *situation* regarding the recent product recall and reassure the concerned customers."",""translation"":""公司發布了一份聲明來澄清有關最近產品召回的情況，並讓擔心的顧客放心。"",""explanation"":""動詞「闡明」。常搭配 situation。""}],""related_forms"":[""clarified"",""clarification""]}"
clash	clash n./v.	"{""headword"":""clash"",""explanation"":""名詞「衝突/不調和」；動詞「衝突」。指意見不合或顏色不搭。"",""entries"":[{""sentence"":""The two politicians had a heated <clash> *over* the new tax policy during the televised debate last night."",""translation"":""這兩位政治人物昨晚在電視辯論中，針對新的稅收政策發生了激烈的衝突。"",""explanation"":""名詞「衝突」。搭配介係詞 over。""},{""sentence"":""I decided not to wear the red shirt with the orange pants because the colors <clash> *with* each other."",""translation"":""我決定不穿那件紅襯衫配橘色褲子，因為這兩種顏色很不搭。"",""explanation"":""動詞「不調和」。搭配介係詞 with。""}],""related_forms"":[""clashed"",""clashing""]}"
classification	classification n.	"{""headword"":""classification"",""explanation"":""名詞「分類」。指將事物分門別類。"",""entries"":[{""sentence"":""The library uses a complex <classification> *system* to help students find books on specific topics quickly and efficiently."",""translation"":""圖書館使用一套複雜的分類系統，來幫助學生快速且有效地找到特定主題的書籍。"",""explanation"":""名詞「分類」。常與 system 連用。""},{""sentence"":""The scientific <classification> of animals is based on their physical characteristics and genetic relationships to one another."",""translation"":""動物的科學分類是基於它們的身體特徵以及彼此之間的基因關係。"",""explanation"":""名詞「分類」。""}],""related_forms"":[""classify""]}"
classify	classify v.	"{""headword"":""classify"",""explanation"":""動詞「分類」。常搭配介係詞 as。"",""entries"":[{""sentence"":""Biologists <classify> whales *as* mammals rather than fish because they breathe air and give birth to live young."",""translation"":""生物學家將鯨魚歸類為哺乳動物而非魚類，因為牠們用肺呼吸並產下活的幼體。"",""explanation"":""動詞「分類」。句型 classify A as B。""},{""sentence"":""The documents were <classified> *into* different categories based on their level of importance and the date they were created."",""translation"":""這些文件根據其重要程度和創建日期被分類成不同的類別。"",""explanation"":""動詞「分類」。搭配介係詞 into。""}],""related_forms"":[""classified"",""classification""]}"
claw	claw n./v.	"{""headword"":""claw"",""explanation"":""名詞「爪子」；動詞「抓/撕」。指動物的爪子或用爪子抓。"",""entries"":[{""sentence"":""The eagle used its sharp <claw>s to grab the fish from the surface of the lake with incredible speed."",""translation"":""老鷹用牠鋒利的爪子以驚人的速度從湖面上抓起魚。"",""explanation"":""名詞「爪子」。常用複數形。""},{""sentence"":""The cat tried to <claw> *at* the door to get the attention of its owner who was busy in the kitchen."",""translation"":""貓試圖抓門以引起在廚房忙碌的主人的注意。"",""explanation"":""動詞「抓」。搭配介係詞 at。""}],""related_forms"":[""claws"",""clawed""]}"
cliff	cliff n.	"{""headword"":""cliff"",""explanation"":""名詞「懸崖」。常與 edge, fall 連用。"",""entries"":[{""sentence"":""The hikers stood at the edge of the <cliff> and enjoyed the breathtaking view of the ocean below them."",""translation"":""登山客站在懸崖邊，欣賞下方海洋令人屏息的美景。"",""explanation"":""名詞「懸崖」。常搭配 edge。""},{""sentence"":""It is extremely dangerous to walk too close to the <cliff> because the ground might be unstable and slippery."",""translation"":""走得太靠近懸崖是非常危險的，因為地面可能不穩定且濕滑。"",""explanation"":""名詞「懸崖」。""}],""related_forms"":[""cliffs""]}"
clumsy	clumsy adj.	"{""headword"":""clumsy"",""explanation"":""形容詞「笨拙的」，指動作不協調或處理事情不圓滑。常見搭配：clumsy mistake (粗心的錯誤)。"",""entries"":[{""sentence"":""Being <clumsy>, the young boy often *knocks over* his glass of water while reaching for the salt at the dinner table."",""translation"":""因為動作笨拙，那個小男孩在餐桌上伸手拿鹽時，常會打翻他的水杯。"",""explanation"":""形容人動作不協調，常用 knock over 搭配。""},{""sentence"":""The politician made a <clumsy> *remark* about the economic crisis, which offended many citizens and caused a public outcry online."",""translation"":""那位政治人物針對經濟危機發表了不得體的言論，冒犯了許多市民並在網路上引發公憤。"",""explanation"":""形容言語或處理方式不圓滑、不得體。""}],""related_forms"":[""clumsily"",""clumsiness""]}"
coarse	coarse adj.	"{""headword"":""coarse"",""explanation"":""形容詞「粗糙的」，指質地不細緻，或指言語「粗俗的」。注意與 course (課程/路線) 的拼字區別。"",""entries"":[{""sentence"":""The farmer wore a shirt made of <coarse> *fabric* to protect his skin while working in the rough, thorny fields."",""translation"":""農夫穿著一件由粗糙布料製成的襯衫，以保護他在多刺的田野中工作時的皮膚。"",""explanation"":""指質地粗糙，與 fine (細緻的) 相對。""},{""sentence"":""The teacher warned the students that using <coarse> *language* in the classroom would result in a serious disciplinary action immediately."",""translation"":""老師警告學生，在教室使用粗俗的語言將會立即導致嚴重的懲處。"",""explanation"":""指言語粗俗、不雅，常與 language 搭配。""}],""related_forms"":[""coarsely"",""coarseness""]}"
code	code n./v.	"{""headword"":""code"",""explanation"":""名詞「代碼/密碼/規範」；動詞「編碼」。常見搭配：dress code (服裝規定)、moral code (道德準則)。"",""entries"":[{""sentence"":""All employees are expected to follow the company's strict dress <code > *by* wearing formal business attire during the work week."",""translation"":""所有員工都被要求遵守公司嚴格的服裝規定，在工作週期間穿著正式商務服裝。"",""explanation"":""名詞「規範/準則」。""},{""sentence"":""The computer programmer spent the entire night trying to <code > *a* new application that could help students organize their study schedules."",""translation"":""電腦程式設計師花了一整晚試圖編寫一個能幫助學生安排讀書計畫的新應用程式。"",""explanation"":""動詞「編寫程式/編碼」。""}],""related_forms"":[""codes"",""coded"",""coding""]}"
collapse	collapse n./v.	"{""headword"":""collapse"",""explanation"":""名詞與動詞「倒塌/崩潰/昏倒」。常用於建築物倒塌或經濟、健康崩潰。"",""entries"":[{""sentence"":""The old bridge was on the verge of <collapse> *due to* the heavy rain and lack of maintenance over the years."",""translation"":""由於大雨和多年來缺乏維護，那座舊橋處於倒塌的邊緣。"",""explanation"":""名詞「倒塌」。""},{""sentence"":""The exhausted marathon runner <collapsed> *on* the track just a few meters away from the finish line during the race."",""translation"":""那位精疲力竭的馬拉松選手在比賽中，距離終點線僅幾公尺處倒在跑道上。"",""explanation"":""動詞「昏倒/倒下」。""}],""related_forms"":[""collapses"",""collapsed"",""collapsing""]}"
colleague	colleague n.	"{""headword"":""colleague"",""explanation"":""名詞「同事」。僅用於工作場合，不可用於同學 (classmate)。"",""entries"":[{""sentence"":""I often discuss my research projects with my <colleague> *at* the university to gain new perspectives and improve my work."",""translation"":""我常與大學的同事討論我的研究計畫，以獲得新的觀點並改進我的工作。"",""explanation"":""指工作上的夥伴。""},{""sentence"":""It is important to maintain a professional relationship with every <colleague> in the office to ensure a productive working environment."",""translation"":""與辦公室裡的每一位同事保持專業關係，對於確保高生產力的工作環境至關重要。"",""explanation"":""強調職場人際關係。""}],""related_forms"":[""colleagues""]}"
combination	combination n.	"{""headword"":""combination"",""explanation"":""名詞「結合/組合」。常用搭配：a combination of A and B (A與B的結合)。"",""entries"":[{""sentence"":""Success in the final exam is often a <combination> *of* hard work, effective study strategies, and a good night's sleep."",""translation"":""期末考的成功通常是努力工作、有效的讀書策略以及充足睡眠的結合。"",""explanation"":""指多種因素的綜合。""},{""sentence"":""The chef created a unique <combination> *of* flavors by mixing spicy peppers with sweet honey in the main course."",""translation"":""主廚透過將辣胡椒與甜蜂蜜混合在主菜中，創造了一種獨特的風味組合。"",""explanation"":""指不同事物的搭配。""}],""related_forms"":[""combinations""]}"
comedy	comedy n.	"{""headword"":""comedy"",""explanation"":""名詞「喜劇」。與 tragedy (悲劇) 相對。"",""entries"":[{""sentence"":""The students decided to perform a lighthearted <comedy> *for* the school talent show to make the audience laugh and relax."",""translation"":""學生們決定在學校才藝表演中演出一齣輕鬆的喜劇，讓觀眾開懷大笑並放鬆心情。"",""explanation"":""指戲劇類型。""},{""sentence"":""Watching a classic <comedy> *after* a long and stressful day is the best way for me to decompress and feel happy."",""translation"":""在漫長且充滿壓力的一天後看一部經典喜劇，是我減壓並感到快樂的最佳方式。"",""explanation"":""指喜劇電影或節目。""}],""related_forms"":[""comedies"",""comedian""]}"
commander	commander n.	"{""headword"":""commander"",""explanation"":""名詞「指揮官/司令」。指軍隊或組織中的領導者。"",""entries"":[{""sentence"":""The <commander> *ordered* the soldiers to retreat to a safer position before the enemy launched their next major attack."",""translation"":""指揮官命令士兵在敵人發動下一次大規模攻擊前，撤退到更安全的位置。"",""explanation"":""指軍事指揮官。""},{""sentence"":""As the <commander> *of* the rescue mission, she had to make quick decisions to save the trapped hikers in the mountains."",""translation"":""身為救援任務的指揮官，她必須做出快速決策以拯救困在山中的登山客。"",""explanation"":""指任務負責人。""}],""related_forms"":[""commanders"",""command""]}"
comment	comment n./v.	"{""headword"":""comment"",""explanation"":""名詞「評論」；動詞「評論」。常見搭配：make a comment on/about (對...發表評論)。"",""entries"":[{""sentence"":""The professor made a positive <comment> *on* my essay, which gave me the confidence to continue improving my writing skills."",""translation"":""教授對我的文章給予了正面評價，這給了我繼續提升寫作技巧的信心。"",""explanation"":""名詞「評論」，介係詞用 on。""},{""sentence"":""It is not appropriate to <comment> *on* someone's personal appearance during a formal interview, as it may seem unprofessional and rude."",""translation"":""在正式面試中評論某人的個人外表是不恰當的，因為這看起來可能不專業且無禮。"",""explanation"":""動詞「評論」，介係詞用 on。""}],""related_forms"":[""comments"",""commented"",""commenting""]}"
commerce	commerce n.	"{""headword"":""commerce"",""explanation"":""名詞「商業/貿易」。較正式，常指大規模的經濟活動。"",""entries"":[{""sentence"":""The rapid development of e-<commerce> *has* changed the way people shop, allowing them to purchase goods from all over the world."",""translation"":""電子商務的快速發展改變了人們購物的方式，讓他們能購買來自世界各地的商品。"",""explanation"":""指電子商務。""},{""sentence"":""The government is trying to promote international <commerce> *by* reducing tariffs and simplifying the procedures for exporting local products."",""translation"":""政府正試圖透過降低關稅和簡化出口當地產品的程序來促進國際貿易。"",""explanation"":""指國家間的貿易活動。""}],""related_forms"":[""commercial""]}"
commit	commit v.	"{""headword"":""commit"",""explanation"":""動詞「犯(罪/錯)」、「承諾/投入」。常見搭配：commit a crime (犯罪)、commit oneself to (致力於)。"",""entries"":[{""sentence"":""The young man was shocked to realize that he had <committed> *a* serious mistake by accidentally deleting the important project files."",""translation"":""那個年輕人震驚地意識到，他因為不小心刪除了重要的專案檔案而犯下了一個嚴重的錯誤。"",""explanation"":""指犯錯或犯罪，搭配 a mistake/crime。""},{""sentence"":""To achieve his goal of becoming a doctor, he <committed> *himself* to studying hard and volunteering at the local hospital every weekend."",""translation"":""為了實現成為醫生的目標，他致力於努力讀書，並在每個週末到當地醫院當志工。"",""explanation"":""片語 commit oneself to V-ing，表「致力於/投入」。""}],""related_forms"":[""commits"",""committed"",""committing"",""commitment""]}"
communication	communication n.	"{""headword"":""communication"",""explanation"":""名詞「溝通/通訊」。常見搭配：communication skills (溝通技巧)。"",""entries"":[{""sentence"":""Effective <communication> *between* teachers and parents is essential for supporting students' academic and personal development throughout the school year."",""translation"":""老師與家長之間有效的溝通，對於在整個學年中支持學生的學業與個人發展至關重要。"",""explanation"":""指人際間的溝通。""},{""sentence"":""Modern <communication> *technology* has made it possible for people to stay connected with their friends regardless of the distance."",""translation"":""現代通訊技術使得人們無論距離多遠，都能與朋友保持聯繫。"",""explanation"":""指通訊技術。""}],""related_forms"":[""communications"",""communicate""]}"
community	community n.	"{""headword"":""community"",""explanation"":""名詞「社區/群體」。指居住在同一地區的人們或具有共同特徵的群體。"",""entries"":[{""sentence"":""The local <community> *organized* a cleanup event last Saturday to improve the environment and build stronger bonds among the neighbors."",""translation"":""當地社區上週六舉辦了一場清潔活動，以改善環境並建立鄰居間更緊密的聯繫。"",""explanation"":""指居住社區。""},{""sentence"":""The scientific <community> *is* working together to find a cure for the disease that has affected many people worldwide recently."",""translation"":""科學界正共同努力尋找治療方法，以對抗最近影響全球許多人的疾病。"",""explanation"":""指特定領域的群體。""}],""related_forms"":[""communities""]}"
companion	companion n.	"{""headword"":""companion"",""explanation"":""名詞「同伴/伴侶」。指一起旅行或相處的人。"",""entries"":[{""sentence"":""During the long journey across the country, he was a great <companion> *who* always kept the mood light with his funny stories."",""translation"":""在橫跨全國的長途旅行中，他是一位很棒的同伴，總是能用他有趣的故事讓氣氛保持輕鬆。"",""explanation"":""指旅行同伴。""},{""sentence"":""Many elderly people find that having a pet as a <companion> *helps* them feel less lonely and more active in their daily lives."",""translation"":""許多長者發現養寵物作為伴侶，能幫助他們減少孤獨感，並在日常生活中變得更活躍。"",""explanation"":""指心靈伴侶。""}],""related_forms"":[""companions""]}"
competition	competition n.	"{""headword"":""competition"",""explanation"":""名詞「競爭/比賽」。常見搭配：in competition with (與...競爭)。"",""entries"":[{""sentence"":""The intense <competition> *among* the students for the limited scholarships encourages everyone to work harder and perform their best."",""translation"":""學生之間為了有限獎學金的激烈競爭，鼓勵每個人更努力並表現出最好的一面。"",""explanation"":""指競爭狀態。""},{""sentence"":""She decided to enter the national piano <competition> *to* challenge herself and gain more experience performing in front of a large audience."",""translation"":""她決定參加全國鋼琴比賽來挑戰自己，並獲得更多在大量觀眾面前表演的經驗。"",""explanation"":""指比賽活動。""}],""related_forms"":[""competitions""]}"
competitive	competitive adj.	"{""headword"":""competitive"",""explanation"":""形容詞「競爭激烈的/好勝的」。常用於描述市場、考試或人的性格。"",""entries"":[{""sentence"":""The job market for graduates is highly <competitive>, so it is important to gain practical experience through internships during college."",""translation"":""畢業生的就業市場競爭非常激烈，因此在大學期間透過實習獲得實務經驗很重要。"",""explanation"":""指競爭激烈的環境。""},{""sentence"":""He has a very <competitive> *nature*, which drives him to always strive for the top position in every sport he plays."",""translation"":""他有著非常好勝的本性，這驅使他在參與的每項運動中總是力爭上游。"",""explanation"":""形容人好勝。""}],""related_forms"":[""competitively""]}"
competitor	competitor n.	"{""headword"":""competitor"",""explanation"":""名詞「競爭者/參賽者」。"",""entries"":[{""sentence"":""The company needs to analyze the strategies of every major <competitor> *in* the industry to maintain its leading position in the market."",""translation"":""公司需要分析產業中每一位主要競爭者的策略，以維持其在市場上的領先地位。"",""explanation"":""指商業競爭對手。""},{""sentence"":""Every <competitor> *in* the race trained for months to ensure they were in the best physical condition for the final event."",""translation"":""比賽中的每一位參賽者都訓練了數月，以確保他們在決賽時處於最佳身體狀態。"",""explanation"":""指比賽選手。""}],""related_forms"":[""competitors""]}"
complicate	complicate v.	"{""headword"":""complicate"",""explanation"":""動詞「使複雜化」。常用被動語態或主動語態描述事情變得難處理。"",""entries"":[{""sentence"":""Adding too many rules to the project will only <complicate> *the* process and make it harder for the team to finish on time."",""translation"":""在專案中增加太多規則只會使過程複雜化，並讓團隊更難準時完成。"",""explanation"":""指使事情變得複雜。""},{""sentence"":""The unexpected bad weather <complicated> *our* travel plans, forcing us to cancel the outdoor activities we had scheduled for the weekend."",""translation"":""突如其來的惡劣天氣使我們的旅遊計畫變得複雜，迫使我們取消原定週末的戶外活動。"",""explanation"":""指使情況變得難以處理。""}],""related_forms"":[""complicates"",""complicated"",""complicating""]}"
compose	compose v.	"{""headword"":""compose"",""explanation"":""動詞「組成/創作(音樂/詩)」。常用 be composed of (由...組成)。"",""entries"":[{""sentence"":""The committee is <composed> *of* five experts who are responsible for reviewing the new educational policies proposed by the government."",""translation"":""該委員會由五位專家組成，負責審查政府提出的新教育政策。"",""explanation"":""片語 be composed of = consist of，表「由...組成」。""},{""sentence"":""The famous musician <composed> *a* beautiful melody to express his deep love for his hometown during his stay abroad."",""translation"":""那位著名的音樂家在國外停留期間，創作了一首優美的旋律來表達他對家鄉的深愛。"",""explanation"":""指創作音樂。""}],""related_forms"":[""composes"",""composed"",""composing"",""composition""]}"
composer	composer n.	"{""headword"":""composer"",""explanation"":""名詞「作曲家」。"",""entries"":[{""sentence"":""Beethoven is widely considered one of the greatest <composer>s *in* history, known for his powerful and emotional symphonies."",""translation"":""貝多芬被廣泛認為是歷史上最偉大的作曲家之一，以其強而有力且充滿情感的交響曲聞名。"",""explanation"":""指古典音樂作曲家。""},{""sentence"":""The young <composer> *spent* years studying music theory before he was able to write his first original piece for the orchestra."",""translation"":""那位年輕的作曲家花了數年研究音樂理論，才得以寫出他為管弦樂團創作的第一首原創曲目。"",""explanation"":""指作曲者。""}],""related_forms"":[""composers""]}"
composition	composition n.	"{""headword"":""composition"",""explanation"":""名詞用法：(1)「作文/作品」，指書寫的成品；(2)「構成/成分」，指組成事物的元素。注意與 compose (動詞) 的區別。"",""entries"":[{""sentence"":""The teacher asked every student to write a short <composition> *about* their most unforgettable travel experience during the summer vacation."",""translation"":""老師要求每位學生寫一篇關於他們暑假最難忘旅遊經驗的短文。"",""explanation"":""指學校作業中的「作文」。""},{""sentence"":""Scientists analyzed the chemical <composition> *of* the soil samples to determine why the plants in this area failed to grow properly."",""translation"":""科學家分析了土壤樣本的化學成分，以確定為什麼該地區的植物無法正常生長。"",""explanation"":""指事物的「構成成分」。""}],""related_forms"":[""compositions""]}"
concentrate	concentrate v.	"{""headword"":""concentrate"",""explanation"":""動詞用法：(1)「專注於」，常搭配 on；(2)「集中/聚集」，指將資源或力量匯集於某處。"",""entries"":[{""sentence"":""It is difficult for students to <concentrate> *on* their studies when there is too much noise coming from the construction site nearby."",""translation"":""當附近工地傳來太多噪音時，學生很難專注於課業。"",""explanation"":""concentrate on sth 是常見用法，指專心做某事。""},{""sentence"":""The government decided to <concentrate> its *resources* *on* improving public transportation to reduce traffic congestion in the downtown area."",""translation"":""政府決定將資源集中在改善大眾運輸，以減少市中心的交通擁堵。"",""explanation"":""指將力量或資源集中於特定目標。""}],""related_forms"":[""concentrates"",""concentrated"",""concentrating""]}"
concentration	concentration n.	"{""headword"":""concentration"",""explanation"":""名詞用法：(1)「專注/專心」；(2)「濃度/含量」。"",""entries"":[{""sentence"":""Deep breathing exercises can help improve your <concentration> and reduce stress before taking an important final examination at school."",""translation"":""深呼吸練習有助於在學校參加重要期末考前提升專注力並減輕壓力。"",""explanation"":""指心理上的專注狀態。""},{""sentence"":""The high <concentration> *of* carbon dioxide in the atmosphere is considered the primary cause of global warming in recent years."",""translation"":""大氣中二氧化碳的高濃度被認為是近年來全球暖化的主要原因。"",""explanation"":""指化學或物理上的濃度。""}],""related_forms"":[""concentrations""]}"
concept	concept n.	"{""headword"":""concept"",""explanation"":""名詞用法：指「概念/觀念」。常與 abstract (抽象的) 或 basic (基本的) 搭配。"",""entries"":[{""sentence"":""The teacher explained the difficult scientific <concept> *in* simple terms so that all the students could understand the core theory easily."",""translation"":""老師用簡單的術語解釋了這個困難的科學概念，以便所有學生都能輕鬆理解核心理論。"",""explanation"":""指抽象的科學或學術概念。""},{""sentence"":""Many teenagers have a different <concept> *of* success compared to their parents, valuing personal happiness more than high social status."",""translation"":""許多青少年對成功的觀念與父母不同，他們更重視個人快樂而非崇高的社會地位。"",""explanation"":""指對某事物的認知或觀念。""}],""related_forms"":[""concepts"",""conceptual""]}"
concerning	concerning prep.	"{""headword"":""concerning"",""explanation"":""介係詞用法：意為「關於/涉及」，等於 about 或 regarding。注意它本身即為介係詞，後接名詞。"",""entries"":[{""sentence"":""The principal sent an email to all parents <concerning> the *upcoming* school anniversary celebration and the schedule for the sports meet."",""translation"":""校長發了一封電子郵件給所有家長，內容是關於即將到來的校慶慶祝活動以及運動會的時程表。"",""explanation"":""作為介係詞，表示「關於」。""},{""sentence"":""There are many questions <concerning> the *safety* of the new technology, so the experts will hold a meeting to discuss it."",""translation"":""有許多關於這項新技術安全性的問題，因此專家們將召開會議進行討論。"",""explanation"":""用於引出討論的主題。""}],""related_forms"":[""concern""]}"
concrete	concrete adj./n./v.	"{""headword"":""concrete"",""explanation"":""用法：(1) 形容詞「具體的/實體的」；(2) 名詞「混凝土」。與 abstract (抽象的) 相對。"",""entries"":[{""sentence"":""Instead of making vague promises, the candidate provided <concrete> *evidence* to show how he would improve the local economy."",""translation"":""候選人沒有做出模糊的承諾，而是提供了具體的證據來展示他將如何改善當地經濟。"",""explanation"":""形容詞，指具體的、實質的。""},{""sentence"":""The workers poured wet <concrete> *into* the wooden frames to build the foundation of the new library building on campus."",""translation"":""工人們將濕混凝土倒入木框中，以建造校園內新圖書館大樓的地基。"",""explanation"":""名詞，指建築材料混凝土。""}],""related_forms"":[""concretes""]}"
conductor	conductor n.	"{""headword"":""conductor"",""explanation"":""名詞用法：(1)「指揮家」；(2)「導體」(物理學)；(3)「列車長/售票員」。"",""entries"":[{""sentence"":""The talented <conductor> waved his baton to lead the orchestra through a beautiful performance of Beethoven's famous symphony last night."",""translation"":""那位才華洋溢的指揮家揮動指揮棒，帶領管弦樂團在昨晚演奏了貝多芬著名的交響曲。"",""explanation"":""指音樂指揮。""},{""sentence"":""Copper is known as an excellent <conductor> *of* electricity, which is why it is widely used in various electronic devices today."",""translation"":""銅被認為是極佳的導體，這就是為什麼它今天被廣泛用於各種電子設備中。"",""explanation"":""指物理學上的導體。""}],""related_forms"":[""conductors"",""conduct""]}"
conference	conference n.	"{""headword"":""conference"",""explanation"":""名詞用法：指「會議/研討會」，通常規模較大且正式。常用搭配：attend a conference, hold a conference。"",""entries"":[{""sentence"":""Experts from around the world gathered at the international <conference> *to* share their latest research findings on climate change mitigation."",""translation"":""來自世界各地的專家齊聚國際會議，分享他們在減緩氣候變遷方面的最新研究成果。"",""explanation"":""指正式的國際會議。""},{""sentence"":""The professor will attend a three-day academic <conference> in Tokyo next month to present his paper on modern linguistics."",""translation"":""教授下個月將前往東京參加為期三天的學術研討會，發表他關於現代語言學的論文。"",""explanation"":""指學術性的研討會。""}],""related_forms"":[""conferences""]}"
confess	confess v.	"{""headword"":""confess"",""explanation"":""動詞用法：(1)「坦承/招供」；(2)「懺悔」。常搭配 to + V-ing 或名詞。"",""entries"":[{""sentence"":""The thief finally <confessed> *to* stealing the expensive diamond necklace after the police presented him with undeniable video evidence."",""translation"":""在警方出示了不可否認的影片證據後，小偷終於坦承偷了那條昂貴的鑽石項鍊。"",""explanation"":""confess to + V-ing 是常見用法，注意介係詞 to 不能省略。""},{""sentence"":""I must <confess> *that* I forgot to finish the report on time, even though I had plenty of time to work on it."",""translation"":""我必須承認我忘了準時完成報告，儘管我有充足的時間來處理它。"",""explanation"":""confess that 子句，用於坦承事實。""}],""related_forms"":[""confesses"",""confessed"",""confessing"",""confession""]}"
confidence	confidence n.	"{""headword"":""confidence"",""explanation"":""名詞用法：指「信心/自信」。常用搭配：have confidence in sb/sth, gain confidence。"",""entries"":[{""sentence"":""The coach has full <confidence> *in* his team's ability to win the championship if they continue to practice hard every day."",""translation"":""教練對他的球隊有十足的信心，只要他們繼續每天努力練習，就能贏得冠軍。"",""explanation"":""have confidence in 是固定搭配。""},{""sentence"":""Public <confidence> *in* the economy has increased significantly since the government announced the new plan to create more job opportunities."",""translation"":""自從政府宣布創造更多就業機會的新計畫以來，大眾對經濟的信心顯著提升。"",""explanation"":""指大眾對某事物的信任。""}],""related_forms"":[""confident""]}"
confusion	confusion n.	"{""headword"":""confusion"",""explanation"":""名詞用法：指「困惑/混亂」。常用搭配：cause confusion, in a state of confusion。"",""entries"":[{""sentence"":""The sudden change in the exam schedule caused a lot of <confusion> *among* the students who had already made other plans."",""translation"":""考試時間表的突然變更在已經另有計畫的學生之間造成了許多困惑。"",""explanation"":""指心理上的困惑。""},{""sentence"":""There was a great deal of <confusion> *at* the airport because of the heavy snow, leading to many flight cancellations and delays."",""translation"":""由於大雪，機場陷入一片混亂，導致許多航班取消和延誤。"",""explanation"":""指現場的混亂狀態。""}],""related_forms"":[""confuse"",""confused"",""confusing""]}"
congratulate	congratulate v.	"{""headword"":""congratulate"",""explanation"":""動詞用法：指「恭喜/祝賀」。常用句型：congratulate sb on sth。"",""entries"":[{""sentence"":""The principal stood on the stage to <congratulate> the graduates *on* their outstanding academic achievements during the past three years."",""translation"":""校長站在台上恭喜畢業生在過去三年中取得的傑出學術成就。"",""explanation"":""congratulate sb on sth 是固定用法。""},{""sentence"":""I would like to <congratulate> you *on* winning the first prize in the national English speech contest held last weekend."",""translation"":""我想恭喜你在上週末舉行的全國英語演講比賽中獲得第一名。"",""explanation"":""用於正式場合的祝賀。""}],""related_forms"":[""congratulates"",""congratulated"",""congratulating"",""congratulation""]}"
congress	congress n.	"{""headword"":""congress"",""explanation"":""名詞用法：(1)「國會」(大寫時指美國國會)；(2)「正式會議」。"",""entries"":[{""sentence"":""The members of <Congress> are currently debating the new tax law to decide whether it will benefit the middle class citizens."",""translation"":""國會議員目前正在辯論新的稅法，以決定它是否會造福中產階級公民。"",""explanation"":""指美國國會，首字母通常大寫。""},{""sentence"":""The international medical <congress> will take place in Geneva next month to discuss the latest developments in vaccine research and production."",""translation"":""國際醫學會議將於下個月在日內瓦舉行，討論疫苗研究和生產方面的最新進展。"",""explanation"":""指大型的正式學術或專業會議。""}],""related_forms"":[""congresses"",""congressional""]}"
conquer	conquer v.	"{""headword"":""conquer"",""explanation"":""動詞用法：(1)「征服/克服」；(2)「佔領」。"",""entries"":[{""sentence"":""With great determination and constant practice, the young athlete finally managed to <conquer> his *fear* of heights during the climbing competition."",""translation"":""憑藉著巨大的決心和不斷的練習，這位年輕運動員終於在攀岩比賽中克服了他對高度的恐懼。"",""explanation"":""指克服心理障礙。""},{""sentence"":""In ancient history, many powerful empires tried to <conquer> neighboring territories to expand their influence and gain more natural resources."",""translation"":""在古代歷史中，許多強大的帝國試圖征服鄰近領土以擴大影響力並獲得更多自然資源。"",""explanation"":""指軍事上的征服或佔領。""}],""related_forms"":[""conquers"",""conquered"",""conquering"",""conquest""]}"
conscience	conscience n.	"{""headword"":""conscience"",""explanation"":""名詞用法：指「良心」。常用搭配：clear conscience (問心無愧), guilty conscience (良心不安)。"",""entries"":[{""sentence"":""He felt a guilty <conscience> *after* he realized that he had accidentally broken his friend's favorite vase and didn't tell the truth."",""translation"":""在他意識到自己不小心打破了朋友最喜歡的花瓶卻沒有說實話後，他感到良心不安。"",""explanation"":""指內心的道德感。""},{""sentence"":""Having a clear <conscience> allows you to sleep peacefully at night, knowing that you have always acted with honesty and integrity."",""translation"":""擁有問心無愧的良心讓你晚上能睡得安穩，因為你知道自己一直以來都誠實且正直地行事。"",""explanation"":""clear conscience 指問心無愧。""}],""related_forms"":[""consciences"",""conscientious""]}"
consequence	consequence n.	"{""headword"":""consequence"",""explanation"":""名詞用法：指「結果/後果」。常指負面後果。常用搭配：suffer the consequences, in consequence of。"",""entries"":[{""sentence"":""If you continue to ignore the school rules, you will have to face the serious <consequence> *of* being suspended from your classes."",""translation"":""如果你繼續無視校規，你將必須面對被停課的嚴重後果。"",""explanation"":""指行為帶來的負面結果。""},{""sentence"":""The environmental damage is a direct <consequence> *of* industrial pollution, which has affected the health of local residents for many years."",""translation"":""環境破壞是工業污染的直接後果，這多年來已經影響了當地居民的健康。"",""explanation"":""指因果關係中的結果。""}],""related_forms"":[""consequences""]}"
consequent	consequent adj.	"{""headword"":""consequent"",""explanation"":""形容詞用法：指「隨之發生的/作為結果的」。常與 on 或 upon 搭配。"",""entries"":[{""sentence"":""The economic crisis and the <consequent> *rise* in unemployment rates have made it difficult for many families to afford basic living expenses."",""translation"":""經濟危機以及隨之而來的失業率上升，使得許多家庭難以負擔基本生活開銷。"",""explanation"":""指因某事而隨之發生的結果。""},{""sentence"":""Heavy rainfall and the <consequent> *flooding* in the low-lying areas forced the local government to evacuate all the residents immediately."",""translation"":""強降雨以及隨之而來的低窪地區淹水，迫使當地政府立即撤離所有居民。"",""explanation"":""指因果鏈中的後續事件。""}],""related_forms"":[""consequently""]}"
conservative	conservative adj./n.	"{""headword"":""conservative"",""explanation"":""用法：(1) 形容詞「保守的」；(2) 名詞「保守派人士」。"",""entries"":[{""sentence"":""My grandfather has very <conservative> *views* on fashion, preferring to wear traditional clothes rather than following the latest trends among teenagers."",""translation"":""我祖父對時尚有非常保守的看法，寧願穿傳統服裝，也不願追隨青少年間的最新潮流。"",""explanation"":""形容詞，指思想保守。""},{""sentence"":""The <conservative> *estimate* of the project's cost is around one million dollars, but the actual expenses might be even higher than that."",""translation"":""該計畫成本的保守估計約為一百萬美元，但實際支出可能會比那更高。"",""explanation"":""指數字上的「保守估計」。""}],""related_forms"":[""conservatives"",""conservatism""]}"
consist	consist v.	"{""headword"":""consist"",""explanation"":""動詞用法：指「由...組成/構成」。固定搭配：consist of (不可用於被動語態)。"",""entries"":[{""sentence"":""A balanced diet should <consist> *of* a variety of foods, including vegetables, fruits, proteins, and whole grains for better health."",""translation"":""均衡飲食應該由多種食物組成，包括蔬菜、水果、蛋白質和全穀類，以獲得更好的健康。"",""explanation"":""consist of 是固定用法，指組成成分。""},{""sentence"":""The committee <consists> *of* five experienced teachers who are responsible for organizing all the school events throughout the academic year."",""translation"":""該委員會由五位經驗豐富的老師組成，他們負責組織整個學年中所有的學校活動。"",""explanation"":""注意主詞為單數時，動詞要加 s。""}],""related_forms"":[""consists"",""consisted"",""consisting""]}"
consistent	consistent adj.	"{""headword"":""consistent"",""explanation"":""形容詞用法：(1)「一致的/連貫的」；(2)「持續的」。常用搭配：be consistent with (與...一致)。"",""entries"":[{""sentence"":""His actions are not <consistent> *with* his words, which makes it hard for his classmates to trust him in the future."",""translation"":""他的行為與他的言語不一致，這使得他的同學未來很難信任他。"",""explanation"":""be consistent with 是固定搭配，指與某事相符。""},{""sentence"":""The athlete has shown <consistent> *performance* throughout the season, winning medals in almost every competition she has participated in this year."",""translation"":""這位運動員在整個賽季中表現穩定，在今年參加的幾乎每場比賽中都贏得了獎牌。"",""explanation"":""指表現持續且穩定。""}],""related_forms"":[""consistency""]}"
constitute	constitute v.	"{""headword"":""constitute"",""explanation"":""動詞，意為「構成、組成」或「被視為」。常與「整體」搭配，強調部分組成整體。注意主詞通常是部分，受詞是整體。"",""entries"":[{""sentence"":""These small, local businesses <constitute> *a* significant *part* of the national economy, providing jobs for thousands of people every year."",""translation"":""這些小型在地企業構成了國民經濟的重要部分，每年為數千人提供就業機會。"",""explanation"":""表「構成」，常接整體名詞。此處為構成整體的一部分。""},{""sentence"":""The lack of evidence does not <constitute> *a* valid *reason* to dismiss the serious allegations against the manager of the company."",""translation"":""缺乏證據並不構成駁回針對該公司經理之嚴重指控的合理理由。"",""explanation"":""表「被視為/等於」，常與否定句連用，表示某事不構成某種狀態。""}],""related_forms"":[""constitutes"",""constituted"",""constituting""]}"
constitution	constitution n.	"{""headword"":""constitution"",""explanation"":""名詞，意為「憲法」或「體質、構造」。GSAT常考「憲法」之義，需注意與政治相關的詞彙搭配。"",""entries"":[{""sentence"":""The government is debating whether to amend the <constitution> to *protect* the fundamental *rights* of all citizens in the country."",""translation"":""政府正在辯論是否要修正憲法，以保護該國所有公民的基本權利。"",""explanation"":""表「憲法」。常見搭配：amend/violate the constitution。""},{""sentence"":""Due to her weak <constitution>, she often catches a cold when the weather changes suddenly during the winter season."",""translation"":""由於她體質虛弱，每當冬季天氣突然變化時，她就很容易感冒。"",""explanation"":""表「體質」。形容詞常搭配 weak, strong, healthy。""}],""related_forms"":[""constitutions""]}"
construct	construct v.	"{""headword"":""construct"",""explanation"":""動詞，意為「建造、構築」。亦可指抽象概念的「構建」。注意與 construction 的詞性區別。"",""entries"":[{""sentence"":""The city council plans to <construct> *a* new *bridge* across the river to reduce traffic congestion during the morning rush hour."",""translation"":""市議會計畫在河上建造一座新橋，以減少早晨尖峰時刻的交通擁堵。"",""explanation"":""表「建造」。常與 bridge, building, road 等實體名詞連用。""},{""sentence"":""It is difficult for students to <construct> *a* logical *argument* if they do not have enough background knowledge on the topic."",""translation"":""如果學生對該主題沒有足夠的背景知識，就很難構建出合乎邏輯的論點。"",""explanation"":""表「構建（抽象概念）」。常搭配 argument, theory, sentence。""}],""related_forms"":[""constructs"",""constructed"",""constructing""]}"
construction	construction n.	"{""headword"":""construction"",""explanation"":""名詞，意為「建造、建築工程」。常指正在進行的工程狀態。"",""entries"":[{""sentence"":""The new library is currently *under* <construction>, so students will have to use the temporary study room for the next semester."",""translation"":""新圖書館目前正在施工中，所以學生下學期必須使用臨時自習室。"",""explanation"":""片語 under construction 是固定用法，表「施工中」。""},{""sentence"":""Safety regulations must be strictly followed at the <construction> *site* to prevent any accidents among the workers on duty."",""translation"":""建築工地必須嚴格遵守安全規定，以防止值班工人發生任何意外。"",""explanation"":""表「建築的」。construction site 為常見複合名詞。""}],""related_forms"":[""constructions""]}"
constructive	constructive adj.	"{""headword"":""constructive"",""explanation"":""形容詞，意為「建設性的」。常用於形容建議、批評或意見，表示對改進有幫助。"",""entries"":[{""sentence"":""The teacher provided <constructive> *feedback* on my essay, which helped me improve my writing skills significantly for the final exam."",""translation"":""老師對我的作文提供了建設性的回饋，這幫助我在期末考前顯著提升了寫作技巧。"",""explanation"":""constructive feedback 是常見搭配，表「建設性的意見」。""},{""sentence"":""Instead of complaining about the problems, we should focus on offering <constructive> *solutions* to make the project more successful."",""translation"":""與其抱怨問題，我們應該專注於提供建設性的解決方案，讓專案更成功。"",""explanation"":""表「建設性的」。常與 solutions, suggestions, criticism 搭配。""}],""related_forms"":[]}"
consult	consult v.	"{""headword"":""consult"",""explanation"":""動詞，意為「諮詢、請教」或「查閱」。注意與 consult with (與某人商量) 及 consult (查閱資料) 的區別。"",""entries"":[{""sentence"":""Before making a final decision, you should <consult> *with* your parents to see if they have any better ideas or suggestions."",""translation"":""在做最終決定之前，你應該與父母商量，看看他們是否有更好的想法或建議。"",""explanation"":""表「諮詢某人」。consult with sb 為常見用法。""},{""sentence"":""If you are unsure about the meaning of the word, you can <consult> *a* dictionary to find the correct definition and usage."",""translation"":""如果你不確定這個詞的意思，你可以查閱字典來找到正確的定義和用法。"",""explanation"":""表「查閱（書籍/資料）」。此處不加 with。""}],""related_forms"":[""consults"",""consulted"",""consulting""]}"
consultant	consultant n.	"{""headword"":""consultant"",""explanation"":""名詞，意為「顧問」。指提供專業建議的專家。"",""entries"":[{""sentence"":""The company hired a financial <consultant> to *help* them manage their investments and reduce unnecessary expenses for the coming year."",""translation"":""該公司聘請了一位財務顧問來幫助他們管理投資，並減少來年不必要的開支。"",""explanation"":""表「顧問」。常搭配 hire, employ 等動詞。""},{""sentence"":""As a marketing <consultant>, she travels around the world to provide professional advice to various international corporations and small businesses."",""translation"":""身為行銷顧問，她到世界各地為各類跨國企業和小公司提供專業建議。"",""explanation"":""表「顧問」。常與職業名詞連用。""}],""related_forms"":[""consultants""]}"
consume	consume v.	"{""headword"":""consume"",""explanation"":""動詞，意為「消耗、消費」或「吃喝」。強調資源的耗盡或對食物的攝取。"",""entries"":[{""sentence"":""The new electric car <consumes> *less* energy than traditional gasoline vehicles, making it a more environmentally friendly choice for daily commuting."",""translation"":""這款新款電動車消耗的能源比傳統汽油車少，使其成為日常通勤更環保的選擇。"",""explanation"":""表「消耗（能源/資源）」。""},{""sentence"":""It is recommended that people <consume> *a* balanced *diet* rich in fruits and vegetables to maintain good health and energy levels."",""translation"":""建議人們攝取富含水果和蔬菜的均衡飲食，以維持良好的健康和體力。"",""explanation"":""表「攝取（食物）」。consume a diet 為常見搭配。""}],""related_forms"":[""consumes"",""consumed"",""consuming""]}"
consumer	consumer n.	"{""headword"":""consumer"",""explanation"":""名詞，意為「消費者」。常與市場、權益相關。"",""entries"":[{""sentence"":""Modern <consumer> *behavior* has changed significantly due to the rise of online shopping and the convenience of mobile payment systems."",""translation"":""由於網購的興起和行動支付系統的便利，現代消費者的行為已經發生了顯著的變化。"",""explanation"":""consumer behavior 為常見搭配，表「消費者行為」。""},{""sentence"":""The government has passed new laws to *protect* <consumer> *rights* against unfair business practices and misleading advertisements in the market."",""translation"":""政府已通過新法以保護消費者權益，免受市場上的不公平商業行為和誤導性廣告的侵害。"",""explanation"":""consumer rights 為常見搭配，表「消費者權益」。""}],""related_forms"":[""consumers""]}"
container	container n.	"{""headword"":""container"",""explanation"":""名詞，意為「容器、貨櫃」。指用來裝載物品的物體。"",""entries"":[{""sentence"":""Please put the leftover food into a plastic <container> and store it in the refrigerator to keep it fresh for tomorrow."",""translation"":""請將剩餘的食物放入塑膠容器中，並存放在冰箱裡，以保持明天的新鮮度。"",""explanation"":""表「容器」。""},{""sentence"":""The large ship was carrying hundreds of <container> *boxes* filled with electronic products from Asia to ports in Europe and America."",""translation"":""那艘大船載著數百個貨櫃，裡面裝滿了從亞洲運往歐美港口的電子產品。"",""explanation"":""表「貨櫃」。""}],""related_forms"":[""containers""]}"
content	content n./adj.	"{""headword"":""content"",""explanation"":""名詞，意為「內容、目錄」；形容詞，意為「滿足的」。注意名詞重音在第一音節，形容詞重音在第二音節。"",""entries"":[{""sentence"":""The <content> *of* the lecture was so fascinating that all the students listened attentively without checking their phones once."",""translation"":""演講的內容非常引人入勝，以至於所有學生都專注地聽，一次都沒有看手機。"",""explanation"":""名詞「內容」。常接 of 介係詞。""},{""sentence"":""After years of hard work, he finally felt <content> *with* his life and decided to retire to the countryside to relax."",""translation"":""經過多年的努力工作，他終於對自己的生活感到滿足，並決定退休到鄉下放鬆。"",""explanation"":""形容詞「滿足的」。常搭配 be content with sth。""}],""related_forms"":[""contents""]}"
content	content(ment) v./(n.)	"{""headword"":""content"",""explanation"":""動詞，意為「使滿足」；名詞，意為「滿足感」。常與 oneself 搭配。"",""entries"":[{""sentence"":""He had to <content> *himself* *with* a small salary because he valued the opportunity to learn more at the startup company."",""translation"":""他必須滿足於微薄的薪水，因為他看重在該新創公司學習更多機會的價值。"",""explanation"":""動詞片語 content oneself with sth，表「使自己滿足於...」。""},{""sentence"":""True <contentment> comes from appreciating what you already have rather than constantly chasing after things that are beyond your reach."",""translation"":""真正的滿足感來自於欣賞你已經擁有的東西，而不是不斷追求那些你無法企及的事物。"",""explanation"":""名詞「滿足感」。""}],""related_forms"":[""contents"",""contented"",""contenting"",""contentment""]}"
contest	contest n./v.	"{""headword"":""contest"",""explanation"":""名詞，意為「比賽、競賽」；動詞，意為「競爭、爭辯」。注意動詞重音在第二音節。"",""entries"":[{""sentence"":""She decided to enter the singing <contest> to challenge herself and gain more experience performing in front of a large audience."",""translation"":""她決定參加歌唱比賽來挑戰自己，並獲得更多在觀眾面前表演的經驗。"",""explanation"":""名詞「比賽」。""},{""sentence"":""The lawyer decided to <contest> *the* *results* of the election, claiming that there were serious irregularities during the voting process."",""translation"":""律師決定對選舉結果提出異議，聲稱投票過程中存在嚴重的違規行為。"",""explanation"":""動詞「爭辯/質疑」。""}],""related_forms"":[""contests"",""contested"",""contesting""]}"
context	context n.	"{""headword"":""context"",""explanation"":""名詞，意為「上下文、背景」。在閱讀測驗中，常指透過前後文推敲字義。"",""entries"":[{""sentence"":""You can often guess the meaning of an unfamiliar word by looking at the <context> *in* which it is used in the sentence."",""translation"":""你通常可以透過觀察生字在句子中使用的上下文來猜測其含義。"",""explanation"":""表「上下文」。""},{""sentence"":""To understand the historical event, we must consider the social and political <context> *of* that time period in the country."",""translation"":""為了理解該歷史事件，我們必須考慮當時該國的社會和政治背景。"",""explanation"":""表「背景」。""}],""related_forms"":[""contexts""]}"
continual	continual adj.	"{""headword"":""continual"",""explanation"":""形容詞，意為「頻繁的、持續不斷的」。通常帶有負面含義，指令人厭煩的重複。"",""entries"":[{""sentence"":""The <continual> *interruptions* during the meeting made it impossible for the team to reach a final agreement on the new project."",""translation"":""會議期間持續不斷的打斷，使得團隊無法對新專案達成最終協議。"",""explanation"":""表「頻繁的/令人厭煩的」。""},{""sentence"":""Despite the <continual> *complaints* from the neighbors, the construction work continued late into the night without any signs of stopping."",""translation"":""儘管鄰居們持續不斷地抱怨，施工工作仍持續到深夜，沒有任何停止的跡象。"",""explanation"":""表「持續不斷的」。""}],""related_forms"":[]}"
continuous	continuous adj.	"{""headword"":""continuous"",""explanation"":""形容詞，意為「連續不斷的」。強調過程沒有中斷，通常為中性或客觀描述。"",""entries"":[{""sentence"":""The machine requires <continuous> *monitoring* to ensure that the production line runs smoothly without any technical errors or unexpected breakdowns."",""translation"":""該機器需要持續的監控，以確保生產線運作順暢，不會出現技術錯誤或意外故障。"",""explanation"":""表「連續的」。""},{""sentence"":""After three days of <continuous> *rain*, the river finally overflowed its banks and caused severe flooding in the nearby low-lying areas."",""translation"":""經過三天的連續降雨，河水終於溢出河岸，並在附近的低窪地區造成了嚴重的洪水。"",""explanation"":""表「連續不斷的」。""}],""related_forms"":[]}"
contrary	contrary n./adj.	"{""headword"":""contrary"",""explanation"":""名詞/形容詞，意為「相反的」。常與 to 搭配，表示與某事相反。"",""entries"":[{""sentence"":""Contrary *to* popular <belief>, eating chocolate in moderation can actually have some health benefits for your heart and mood."",""translation"":""與大眾的認知相反，適量吃巧克力實際上對你的心臟和情緒有一些健康益處。"",""explanation"":""片語 contrary to 為固定用法，表「與...相反」。""},{""sentence"":""He insisted on doing the opposite, despite my advice to the <contrary> and the potential risks involved in his reckless plan."",""translation"":""儘管我有相反的建議，且他的魯莽計畫涉及潛在風險，他仍堅持做相反的事。"",""explanation"":""片語 advice to the contrary，表「相反的建議」。""}],""related_forms"":[""contraries""]}"
contrast	contrast n./v.	"{""headword"":""contrast"",""explanation"":""名詞/動詞，意為「對比、差異」。常與 between 或 with 搭配。"",""entries"":[{""sentence"":""There is a sharp <contrast> *between* the rich lifestyle of the city center and the poverty found in the remote rural villages."",""translation"":""市中心的富裕生活方式與偏遠農村的貧困之間存在著鮮明的對比。"",""explanation"":""名詞「對比」。常搭配 contrast between A and B。""},{""sentence"":""If you <contrast> *the* two *paintings*, you will notice that the artist used completely different colors to convey different emotional states."",""translation"":""如果你對比這兩幅畫，你會發現藝術家使用了完全不同的顏色來傳達不同的情緒狀態。"",""explanation"":""動詞「對比」。""}],""related_forms"":[""contrasts"",""contrasted"",""contrasting""]}"
contribute	contribute v.	"{""headword"":""contribute"",""explanation"":""動詞，意為「貢獻、捐獻」或「導致」。常與 to 搭配，注意 to 是介係詞，後接名詞或動名詞。"",""entries"":[{""sentence"":""Many volunteers <contribute> *their* *time* and effort to help the local community center provide free meals for the elderly people."",""translation"":""許多志工貢獻他們的時間和精力，幫助當地社區中心為老年人提供免費餐點。"",""explanation"":""表「貢獻」。""},{""sentence"":""Lack of exercise and poor eating habits can <contribute> *to* the development of various health problems as people get older."",""translation"":""缺乏運動和不良的飲食習慣可能會導致人們在年紀漸長時出現各種健康問題。"",""explanation"":""表「導致」。注意 to 是介係詞，後接名詞或 V-ing。""}],""related_forms"":[""contributes"",""contributed"",""contributing""]}"
contribution	contribution n.	"{""headword"":""contribution"",""explanation"":""名詞，意為「貢獻」。常與 make 搭配。"",""entries"":[{""sentence"":""The scientist made a significant <contribution> *to* the field of medicine by discovering a new way to treat rare diseases."",""translation"":""這位科學家透過發現治療罕見疾病的新方法，對醫學領域做出了重大貢獻。"",""explanation"":""片語 make a contribution to 為固定用法。""},{""sentence"":""We are collecting money to make a <contribution> *to* the disaster relief fund for the victims of the recent earthquake."",""translation"":""我們正在募款，以便對最近地震的受害者進行捐助。"",""explanation"":""表「捐獻」。""}],""related_forms"":[""contributions""]}"
convenience	convenience n.	"{""headword"":""convenience"",""explanation"":""名詞「便利/方便」。常見片語：at your earliest convenience (盡快)；for the sake of convenience (為了方便)。注意不可數名詞用法。"",""entries"":[{""sentence"":""The new subway station was built for the <convenience> *of* commuters who travel between the suburbs and the city center daily."",""translation"":""新的地鐵站是為了通勤者在郊區和市中心之間每日往返的便利而建的。"",""explanation"":""名詞「便利」。常用搭配 for the convenience of sb.""},{""sentence"":""Please reply to this email at your earliest <convenience> so that we can finalize the schedule for the upcoming school event."",""translation"":""請在您最方便時儘快回覆此郵件，以便我們能敲定即將到來的學校活動時間表。"",""explanation"":""固定片語 at one's earliest convenience，意為「在某人方便時儘快」。""}],""related_forms"":[""convenient"",""conveniently""]}"
convention	convention n.	"{""headword"":""convention"",""explanation"":""名詞「習俗/慣例」或「會議/大會」。注意與 conventional 的區別。"",""entries"":[{""sentence"":""It is a social <convention> *to* shake hands when meeting someone for the first time in many Western business cultures."",""translation"":""在許多西方商業文化中，初次見面時握手是一種社交慣例。"",""explanation"":""名詞「習俗/慣例」。常搭配 social convention 或 break with convention。""},{""sentence"":""Thousands of tech enthusiasts gathered in Taipei for the annual international gaming <convention> to explore the latest virtual reality products."",""translation"":""數千名科技愛好者聚集在台北參加年度國際遊戲大會，探索最新的虛擬實境產品。"",""explanation"":""名詞「大型會議/大會」。""}],""related_forms"":[""conventions""]}"
conventional	conventional adj.	"{""headword"":""conventional"",""explanation"":""形容詞「傳統的/慣例的」。常用於描述非創新、守舊的事物。"",""entries"":[{""sentence"":""Unlike <conventional> *methods* of teaching, this new program encourages students to participate in hands-on experiments rather than just listening."",""translation"":""與傳統教學方法不同，這個新課程鼓勵學生參與實作實驗，而不僅僅是聽講。"",""explanation"":""形容詞「傳統的」。常與 unconventional 或 modern 做對比。""},{""sentence"":""The artist decided to abandon <conventional> *styles* of painting and instead created abstract works that challenged the viewer's perception."",""translation"":""這位藝術家決定放棄傳統的繪畫風格，轉而創作挑戰觀眾感知的抽象作品。"",""explanation"":""形容詞「傳統的」。""}],""related_forms"":[""conventionally""]}"
converse	converse v.	"{""headword"":""converse"",""explanation"":""動詞「交談」。注意重音在第二音節。名詞形式為 conversation。"",""entries"":[{""sentence"":""During the language exchange program, students were encouraged to <converse> *with* native speakers to improve their oral communication skills effectively."",""translation"":""在語言交換計畫期間，學生們被鼓勵與母語人士交談，以有效提升口語溝通能力。"",""explanation"":""動詞「交談」。常用搭配 converse with sb. about sth.""},{""sentence"":""The professor stopped to <converse> *briefly* with the student about the research proposal before heading to the faculty meeting room."",""translation"":""教授在前往教職員會議室之前，停下來與該學生簡短地討論了研究計畫。"",""explanation"":""動詞「交談」。""}],""related_forms"":[""conversed"",""conversing""]}"
convey	convey v.	"{""headword"":""convey"",""explanation"":""動詞「傳達/運送」。常用於傳達訊息、情感或想法。"",""entries"":[{""sentence"":""The author uses vivid imagery in her novel to <convey> the deep sense of loneliness felt by the main character throughout."",""translation"":""作者在小說中運用生動的意象來傳達主角內心深處感受到的強烈孤獨感。"",""explanation"":""動詞「傳達」。常接訊息、情感或意義。""},{""sentence"":""Please <convey> my sincere *apologies* to your parents for missing the dinner party due to an unexpected work emergency yesterday."",""translation"":""請代我向你的父母轉達我誠摯的歉意，因為昨天突發的工作緊急狀況導致我錯過了晚宴。"",""explanation"":""動詞「傳達/轉達」。""}],""related_forms"":[""conveyed"",""conveying"",""conveyance""]}"
convince	convince v.	"{""headword"":""convince"",""explanation"":""動詞「說服/使確信」。常見句型：convince sb. of sth. 或 convince sb. that 子句。"",""entries"":[{""sentence"":""It took a lot of effort to <convince> the committee *of* the necessity of installing solar panels on the school roof."",""translation"":""花了很多努力才說服委員會在學校屋頂安裝太陽能板的必要性。"",""explanation"":""動詞「說服」。固定搭配 convince sb. of sth.""},{""sentence"":""The evidence presented in court was strong enough to <convince> the jury *that* the defendant was innocent of the crime charged."",""translation"":""法庭上提出的證據足以說服陪審團被告對被指控的罪行是無辜的。"",""explanation"":""動詞「使確信」。後接 that 子句。""}],""related_forms"":[""convinced"",""convincing""]}"
cooperate	cooperate v.	"{""headword"":""cooperate"",""explanation"":""動詞「合作」。注意介係詞搭配：cooperate with sb. on sth."",""entries"":[{""sentence"":""The two research teams decided to <cooperate> *with* each other to finish the complex scientific project before the deadline arrived."",""translation"":""這兩個研究團隊決定互相合作，以便在截止日期前完成這個複雜的科學計畫。"",""explanation"":""動詞「合作」。""},{""sentence"":""If all citizens <cooperate> *in* following the new recycling regulations, the city will become much cleaner and more sustainable for everyone."",""translation"":""如果所有市民都合作遵守新的回收規定，這座城市對每個人來說將會變得更乾淨、更永續。"",""explanation"":""動詞「合作」。cooperate in sth. 表在某事上合作。""}],""related_forms"":[""cooperated"",""cooperating""]}"
cooperation	cooperation n.	"{""headword"":""cooperation"",""explanation"":""名詞「合作」。常與 in 搭配，如 in cooperation with。"",""entries"":[{""sentence"":""The successful launch of the new satellite was achieved *in* <cooperation> *with* several international space agencies over the past five years."",""translation"":""新衛星的成功發射是在過去五年中與數個國際太空機構合作下達成的。"",""explanation"":""名詞「合作」。固定片語 in cooperation with。""},{""sentence"":""Close <cooperation> between the government and local businesses is essential for revitalizing the economy in this rural area of Taiwan."",""translation"":""政府與當地企業之間的密切合作對於振興台灣這個農村地區的經濟至關重要。"",""explanation"":""名詞「合作」。""}],""related_forms"":[""cooperations""]}"
cooperative	cooperative adj./n.	"{""headword"":""cooperative"",""explanation"":""形容詞「合作的/樂於助人的」；名詞「合作社」。"",""entries"":[{""sentence"":""The teacher praised the students for being so <cooperative> *during* the group project, as they shared tasks and helped each other out."",""translation"":""老師稱讚學生們在小組專題期間非常樂於合作，因為他們分擔工作並互相幫助。"",""explanation"":""形容詞「合作的/樂於助人的」。""},{""sentence"":""The local farmers formed a <cooperative> to sell their organic vegetables directly to consumers, cutting out the need for expensive middlemen."",""translation"":""當地農民組成了一個合作社，直接將有機蔬菜賣給消費者，省去了昂貴的中間商需求。"",""explanation"":""名詞「合作社」。""}],""related_forms"":[""cooperatively""]}"
cope	cope v.	"{""headword"":""cope"",""explanation"":""動詞「應付/處理」。常用搭配：cope with sth. (處理困難的事物)。"",""entries"":[{""sentence"":""Many students find it difficult to <cope> *with* the immense pressure of preparing for the upcoming university entrance examinations every year."",""translation"":""許多學生發現很難應付每年準備大學入學考試的巨大壓力。"",""explanation"":""動詞「應付」。常與 with 搭配，處理負面或困難的情境。""},{""sentence"":""She learned how to <cope> *with* stress by practicing meditation and taking short walks in the park during her lunch breaks."",""translation"":""她學會了透過練習冥想和在午休時間去公園散步來應付壓力。"",""explanation"":""動詞「應付」。""}],""related_forms"":[""coped"",""coping""]}"
copper	copper n./adj.	"{""headword"":""copper"",""explanation"":""名詞「銅」；形容詞「銅製的/紅銅色的」。"",""entries"":[{""sentence"":""Because <copper> is an excellent *conductor* of electricity, it is widely used in electrical wiring and various electronic devices today."",""translation"":""因為銅是極佳的導電體，所以它在現今的電線和各種電子設備中被廣泛使用。"",""explanation"":""名詞「銅」。""},{""sentence"":""The old kitchen was decorated with several <copper> *pots* and pans hanging from the ceiling, giving it a rustic and warm atmosphere."",""translation"":""舊廚房裝飾著幾個掛在天花板上的銅製鍋具，賦予它一種鄉村且溫暖的氛圍。"",""explanation"":""形容詞「銅製的」。""}],""related_forms"":[""coppers""]}"
cord	cord n.	"{""headword"":""cord"",""explanation"":""名詞「細繩/電線」。注意與 rope (粗繩) 的區別。"",""entries"":[{""sentence"":""Please make sure to unplug the power <cord> from the wall outlet before you start cleaning the back of the computer monitor."",""translation"":""在開始清潔電腦螢幕背面之前，請務必將電源線從牆上的插座拔掉。"",""explanation"":""名詞「電線」。""},{""sentence"":""The hiker used a strong <cord> to tie his heavy backpack securely to the frame of his bicycle for the long trip."",""translation"":""這位徒步旅行者用一條堅固的細繩將他沉重的背包牢牢地綁在自行車架上，準備長途旅行。"",""explanation"":""名詞「細繩」。""}],""related_forms"":[""cords""]}"
correspond	correspond v.	"{""headword"":""correspond"",""explanation"":""動詞「符合/一致」或「通信」。注意介係詞：correspond to/with (符合)；correspond with (通信)。"",""entries"":[{""sentence"":""The results of the laboratory experiment do not <correspond> *to* the initial hypothesis, suggesting that further investigation is required immediately."",""translation"":""實驗室實驗的結果與最初的假設不符，這顯示需要立即進行進一步的調查。"",""explanation"":""動詞「符合/一致」。""},{""sentence"":""Even after moving to different countries, the two best friends continued to <correspond> *with* each other through handwritten letters for many years."",""translation"":""即使搬到不同的國家，這兩位摯友多年來仍持續透過手寫信件保持通信。"",""explanation"":""動詞「通信」。""}],""related_forms"":[""corresponded"",""corresponding"",""correspondence""]}"
costume	costume n.	"{""headword"":""costume"",""explanation"":""名詞「服裝/戲服」。指特定場合或表演穿的衣服，而非日常服裝 (clothes)。"",""entries"":[{""sentence"":""All the actors spent hours putting on their elaborate <costume> *designs* before the opening night of the school's annual drama performance."",""translation"":""在學校年度戲劇表演的首演之夜前，所有演員都花了數小時穿上他們精緻的戲服設計。"",""explanation"":""名詞「戲服」。""},{""sentence"":""Many children enjoy wearing a colorful <costume> *on* Halloween, dressing up as their favorite superheroes or characters from popular fairy tales."",""translation"":""許多孩子喜歡在萬聖節穿上色彩鮮豔的服裝，打扮成他們最喜歡的超級英雄或童話故事中的角色。"",""explanation"":""名詞「服裝」。""}],""related_forms"":[""costumes""]}"
cottage	cottage n.	"{""headword"":""cottage"",""explanation"":""名詞「村舍/小屋」。通常指鄉間的小房子。"",""entries"":[{""sentence"":""They decided to rent a small, cozy <cottage> *in* the countryside to spend their summer vacation away from the noise of the city."",""translation"":""他們決定在鄉間租一間舒適的小屋，遠離城市的喧囂度過暑假。"",""explanation"":""名詞「小屋」。""},{""sentence"":""The old stone <cottage> was surrounded by a beautiful garden filled with blooming flowers, making it look like a scene from a storybook."",""translation"":""那座古老的石造小屋被一座開滿鮮花的美麗花園環繞，看起來就像故事書裡的場景。"",""explanation"":""名詞「小屋」。""}],""related_forms"":[""cottages""]}"
council	council n.	"{""headword"":""council"",""explanation"":""名詞「委員會/地方議會」。注意拼字，不要與 counsel (建議) 混淆。"",""entries"":[{""sentence"":""The city <council> *voted* in favor of the new policy to increase green spaces in the downtown area to improve air quality."",""translation"":""市議會投票贊成這項增加市中心綠地以改善空氣品質的新政策。"",""explanation"":""名詞「地方議會」。""},{""sentence"":""The student <council> *organized* a charity event to raise funds for the local animal shelter during the winter break last year."",""translation"":""學生會去年寒假期間舉辦了一場慈善活動，為當地動物收容所募款。"",""explanation"":""名詞「委員會」。""}],""related_forms"":[""councils"",""councillor""]}"
counter	counter n./v./adj./adv.	"{""headword"":""counter"",""explanation"":""名詞「櫃檯」；動詞「反駁/對抗」；形容詞/副詞「相反的」。"",""entries"":[{""sentence"":""The customer waited at the service <counter> for several minutes before a staff member finally arrived to assist with the return process."",""translation"":""顧客在服務櫃檯等了幾分鐘，才終於有工作人員過來協助退貨流程。"",""explanation"":""名詞「櫃檯」。""},{""sentence"":""The politician tried to <counter> the opponent's *arguments* by presenting new data that proved his own economic plan was more effective."",""translation"":""這位政治人物試圖透過提出證明他自己的經濟計畫更有效的新數據，來反駁對手的論點。"",""explanation"":""動詞「反駁」。""}],""related_forms"":[""counters"",""countered"",""countering""]}"
courageous	courageous adj.	"{""headword"":""courageous"",""explanation"":""形容詞「勇敢的」。常用於形容面對困難或危險時的表現。"",""entries"":[{""sentence"":""It was a <courageous> *decision* for the young athlete to continue competing in the race despite suffering a painful ankle injury earlier."",""translation"":""這位年輕運動員儘管早先受了痛苦的腳踝傷，仍決定繼續參加比賽，這是一個勇敢的決定。"",""explanation"":""形容詞「勇敢的」。""},{""sentence"":""The firefighter made a <courageous> *attempt* to rescue the trapped family from the burning building before the roof finally collapsed completely."",""translation"":""消防員在屋頂最終完全坍塌前，勇敢地嘗試將受困家庭從燃燒的建築物中救出。"",""explanation"":""形容詞「勇敢的」。""}],""related_forms"":[""courage"",""courageously""]}"
courtesy	courtesy n.	"{""headword"":""courtesy"",""explanation"":""名詞「禮貌/謙恭」。常見片語：by courtesy of (承蒙...提供)。"",""entries"":[{""sentence"":""Showing <courtesy> *to* others, such as holding the door open for someone behind you, is a simple way to make the world better."",""translation"":""對他人表現出禮貌，例如為身後的人扶住門，是讓世界變得更美好的一種簡單方式。"",""explanation"":""名詞「禮貌」。""},{""sentence"":""The beautiful photographs in this exhibition were provided *by* <courtesy> *of* the local museum, which holds a vast collection of historical images."",""translation"":""本次展覽中精美的照片是承蒙當地博物館提供，該館收藏了大量的歷史影像。"",""explanation"":""固定片語 by courtesy of，意為「承蒙...提供」。""}],""related_forms"":[""courteous""]}"
coward	coward n.	"{""headword"":""coward"",""explanation"":""名詞「懦夫」。形容詞形式為 cowardly。"",""entries"":[{""sentence"":""He was labeled a <coward> *for* running away from the challenge instead of facing his fears and trying to solve the problem."",""translation"":""他因為逃避挑戰而不是面對恐懼並試圖解決問題，而被貼上懦夫的標籤。"",""explanation"":""名詞「懦夫」。""},{""sentence"":""It is not a sign of being a <coward> to admit that you need help when you are overwhelmed by difficult tasks."",""translation"":""當你被艱鉅的任務壓得喘不過氣時，承認你需要幫助並不是懦夫的表現。"",""explanation"":""名詞「懦夫」。""}],""related_forms"":[""cowards"",""cowardly""]}"
crack	crack n./v.	"{""headword"":""crack"",""explanation"":""名詞表「裂縫/爆裂聲」；動詞表「使破裂/破解(密碼/難題)」。注意 crack a joke (講笑話) 的固定搭配。"",""entries"":[{""sentence"":""A small <crack> appeared in the *windowpane* after the heavy storm hit the school building last night."",""translation"":""昨晚強烈風暴襲擊校舍後，窗戶玻璃上出現了一道小裂縫。"",""explanation"":""名詞用法，指物體表面的裂縫。""},{""sentence"":""The detective finally managed to <crack> the *secret code* after working on the case for several weeks."",""translation"":""偵探在處理該案件幾週後，終於成功破解了秘密代碼。"",""explanation"":""動詞用法，指破解密碼或難題。""}],""related_forms"":[""cracks"",""cracked"",""cracking""]}"
craft	craft n.	"{""headword"":""craft"",""explanation"":""名詞表「工藝/手藝」或「飛行器/船隻」。注意 craft 複數形仍為 craft (指交通工具時)。"",""entries"":[{""sentence"":""The local villagers are famous for their traditional <craft> *skills*, especially in weaving beautiful baskets from bamboo."",""translation"":""當地村民以其傳統工藝技術聞名，特別是將竹子編織成精美的籃子。"",""explanation"":""名詞表手藝、工藝。""},{""sentence"":""The astronauts boarded the space <craft> to begin their *scientific mission* to explore the distant planet."",""translation"":""太空人登上太空船，開始他們探索遙遠行星的科學任務。"",""explanation"":""名詞表飛行器或船隻。""}],""related_forms"":[""crafts"",""craftsman"",""craftsmanship""]}"
creation	creation n.	"{""headword"":""creation"",""explanation"":""名詞表「創造/創造物」。常與 God 或 artistic works 搭配。"",""entries"":[{""sentence"":""The artist's latest <creation> is a *stunning sculpture* made entirely from recycled materials found on the beach."",""translation"":""這位藝術家最新的創作是一座完全由在海灘上發現的回收材料製成的驚人雕塑。"",""explanation"":""名詞表創造出來的作品。""},{""sentence"":""The <creation> of the new *national park* has helped protect many endangered species from losing their natural habitats."",""translation"":""新國家公園的建立有助於保護許多瀕危物種免於失去自然棲息地。"",""explanation"":""名詞表創造的過程或行為。""}],""related_forms"":[""creations"",""creative""]}"
creativity	creativity n.	"{""headword"":""creativity"",""explanation"":""名詞表「創造力」。常與 foster, encourage, spark 等動詞搭配。"",""entries"":[{""sentence"":""The teacher encourages <creativity> in the classroom by allowing students to *express their ideas* through various art projects."",""translation"":""老師透過允許學生透過各種藝術專案表達想法，來鼓勵課堂上的創造力。"",""explanation"":""名詞表創造力，不可數。""},{""sentence"":""Solving complex problems often requires a great deal of <creativity> and *out-of-the-box thinking* from the entire team."",""translation"":""解決複雜的問題通常需要整個團隊具備大量的創造力和跳脫框架的思考。"",""explanation"":""名詞表創造力，強調解決問題的能力。""}],""related_forms"":[""creative""]}"
creep	creep v.	"{""headword"":""creep"",""explanation"":""動詞表「緩慢移動/爬行」。注意過去式為 crept。"",""entries"":[{""sentence"":""The thief tried to <creep> *silently* across the floor to avoid waking up the sleeping family members."",""translation"":""小偷試圖安靜地爬過地板，以避免吵醒睡覺的家人。"",""explanation"":""動詞表悄悄地移動。""},{""sentence"":""As the deadline approached, a sense of *anxiety* began to <creep> into the students' minds during the exam."",""translation"":""隨著截止日期臨近，考試期間學生心中開始產生一種焦慮感。"",""explanation"":""動詞表緩慢地產生或蔓延。""}],""related_forms"":[""crept"",""creeping""]}"
critic	critic n.	"{""headword"":""critic"",""explanation"":""名詞表「評論家/批評者」。"",""entries"":[{""sentence"":""The famous film <critic> gave the new movie a *glowing review*, praising the director's unique storytelling style."",""translation"":""著名的影評人給了這部新電影極高的評價，稱讚導演獨特的敘事風格。"",""explanation"":""名詞表專業評論家。""},{""sentence"":""Despite being a harsh <critic> of the government's *economic policy*, he admitted that the new tax law was necessary."",""translation"":""儘管他是政府經濟政策的嚴厲批評者，但他承認新的稅法是有必要的。"",""explanation"":""名詞表批評者。""}],""related_forms"":[""critics""]}"
critical	critical adj.	"{""headword"":""critical"",""explanation"":""形容詞表「關鍵的/批判性的/嚴重的」。GSAT常考「批判性思考」critical thinking。"",""entries"":[{""sentence"":""Developing <critical> *thinking skills* is essential for students to analyze information and make informed decisions in life."",""translation"":""培養批判性思考能力對於學生分析資訊並在生活中做出明智決定至關重要。"",""explanation"":""形容詞表批判性的。""},{""sentence"":""The patient is in <critical> *condition* after the accident, and the doctors are doing their best to save him."",""translation"":""病人在事故後情況危急，醫生們正盡全力搶救他。"",""explanation"":""形容詞表極其嚴重的、危急的。""}],""related_forms"":[""critically""]}"
criticism	criticism n.	"{""headword"":""criticism"",""explanation"":""名詞表「批評/評論」。常搭配 face/receive criticism。"",""entries"":[{""sentence"":""The politician faced heavy <criticism> from the public after his *controversial remarks* were broadcast on national television."",""translation"":""這位政治人物在爭議言論於全國電視播出後，面臨來自大眾的沉重批評。"",""explanation"":""名詞表批評。""},{""sentence"":""Constructive <criticism> can help you improve your *writing skills* if you are willing to listen to others' suggestions."",""translation"":""如果你願意聽取他人的建議，建設性的批評可以幫助你提升寫作技巧。"",""explanation"":""名詞表建設性的評論。""}],""related_forms"":[""criticisms""]}"
criticize	criticize v.	"{""headword"":""criticize"",""explanation"":""動詞表「批評」。注意拼字，美式為 -ize，英式為 -ise。"",""entries"":[{""sentence"":""It is unfair to <criticize> others for their *personal choices* when you do not know the full story."",""translation"":""當你不了解完整情況時，因為他人的個人選擇而批評他們是不公平的。"",""explanation"":""動詞表批評。""},{""sentence"":""The professor <criticized> the student's *research paper* for lacking sufficient evidence to support the main argument."",""translation"":""教授批評該學生的研究報告，因為缺乏足夠的證據來支持主要論點。"",""explanation"":""動詞表提出負面意見。""}],""related_forms"":[""criticized"",""criticizing""]}"
cruelty	cruelty n.	"{""headword"":""cruelty"",""explanation"":""名詞表「殘酷/虐待」。常搭配 animal cruelty。"",""entries"":[{""sentence"":""The organization is dedicated to preventing animal <cruelty> and ensuring that all pets are *treated with kindness*."",""translation"":""該組織致力於防止虐待動物，並確保所有寵物都受到友善對待。"",""explanation"":""名詞表殘酷行為。""},{""sentence"":""He was shocked by the <cruelty> of the *harsh punishment* inflicted upon the prisoners in the ancient times."",""translation"":""他對古代囚犯所受到的殘酷懲罰感到震驚。"",""explanation"":""名詞表殘酷的性質。""}],""related_forms"":[""cruel""]}"
crunchy	crunchy adj.	"{""headword"":""crunchy"",""explanation"":""形容詞表「酥脆的」。常用於描述食物口感。"",""entries"":[{""sentence"":""I love eating <crunchy> *vegetables* like carrots and celery as a healthy snack during my afternoon study break."",""translation"":""我喜歡在下午讀書休息時吃像胡蘿蔔和芹菜這樣酥脆的蔬菜作為健康零食。"",""explanation"":""形容詞表酥脆的。""},{""sentence"":""The cookies were perfectly baked, with a <crunchy> *texture* on the outside and a soft center inside."",""translation"":""餅乾烤得非常完美，外層口感酥脆，內層柔軟。"",""explanation"":""形容詞表口感。""}],""related_forms"":[""crunch""]}"
crush	crush n./v.	"{""headword"":""crush"",""explanation"":""動詞表「壓碎/迷戀」；名詞表「迷戀/擁擠的人群」。"",""entries"":[{""sentence"":""Be careful not to <crush> the *delicate flowers* while you are walking through the garden this afternoon."",""translation"":""今天下午走過花園時，小心不要壓壞了嬌嫩的花朵。"",""explanation"":""動詞表壓碎。""},{""sentence"":""She has had a secret <crush> *on* her classmate since the beginning of the school year last September."",""translation"":""自從去年九月開學以來，她一直暗戀著她的同學。"",""explanation"":""名詞表迷戀，常搭配 have a crush on sb。""}],""related_forms"":[""crushed"",""crushing""]}"
cube	cube n./v.	"{""headword"":""cube"",""explanation"":""名詞表「立方體/冰塊」；動詞表「切成丁」。"",""entries"":[{""sentence"":""Please <cube> the *potatoes* into small pieces before you add them to the soup for the dinner party."",""translation"":""在將馬鈴薯加入晚餐派對的湯之前，請先將它們切成小丁。"",""explanation"":""動詞表切成丁。""},{""sentence"":""The math teacher used a wooden <cube> to explain the *geometric concept* of volume to the students today."",""translation"":""數學老師今天用一個木製立方體向學生解釋體積的幾何概念。"",""explanation"":""名詞表立方體。""}],""related_forms"":[""cubes"",""cubic""]}"
cue	cue n./v.	"{""headword"":""cue"",""explanation"":""名詞表「提示/暗示」；動詞表「給予提示」。"",""entries"":[{""sentence"":""The actor waited for his <cue> *from* the director before he walked onto the stage to start the performance."",""translation"":""演員在走上舞台開始表演前，等待著導演給他的提示。"",""explanation"":""名詞表提示。""},{""sentence"":""The teacher <cued> the students to *start writing* the essay by ringing a small bell in the classroom."",""translation"":""老師透過在教室裡搖響小鈴鐺，提示學生開始寫作論文。"",""explanation"":""動詞表給予提示。""}],""related_forms"":[""cues"",""cued""]}"
cunning	cunning adj./n.	"{""headword"":""cunning"",""explanation"":""形容詞表「狡猾的」；名詞表「狡猾」。"",""entries"":[{""sentence"":""The <cunning> fox managed to *outsmart* the hunters and escape into the deep forest without being caught."",""translation"":""狡猾的狐狸成功地勝過獵人，並逃進深林中而未被抓住。"",""explanation"":""形容詞表狡猾的。""},{""sentence"":""With great <cunning>, the spy *deceived* the enemy and obtained the classified information he needed for the mission."",""translation"":""間諜以極大的狡猾欺騙了敵人，並獲得了任務所需的機密資訊。"",""explanation"":""名詞表狡猾的特質。""}],""related_forms"":[""cunningly""]}"
curiosity	curiosity n.	"{""headword"":""curiosity"",""explanation"":""名詞表「好奇心」。常搭配 satisfy one's curiosity。"",""entries"":[{""sentence"":""Her <curiosity> about the *unknown world* led her to travel to many remote countries during her summer vacation."",""translation"":""她對未知世界的好奇心使她在暑假期間前往許多偏遠國家旅行。"",""explanation"":""名詞表好奇心。""},{""sentence"":""He opened the mysterious box just to *satisfy* his <curiosity> regarding what was hidden inside for so long."",""translation"":""他打開那個神秘的盒子，只是為了滿足他對於裡面隱藏了這麼久的東西的好奇心。"",""explanation"":""名詞表好奇心，搭配 satisfy。""}],""related_forms"":[""curious""]}"
curl	curl n./v.	"{""headword"":""curl"",""explanation"":""名詞表「捲髮/捲曲物」；動詞表「使捲曲」。"",""entries"":[{""sentence"":""She decided to <curl> her *long hair* for the school dance to look more elegant and stylish tonight."",""translation"":""她決定為了今晚的學校舞會將長髮捲起來，看起來更優雅時髦。"",""explanation"":""動詞表使捲曲。""},{""sentence"":""The cat likes to <curl> *up* on the sofa and sleep peacefully during the cold winter afternoons at home."",""translation"":""貓咪喜歡在寒冷的冬日下午蜷縮在沙發上安靜地睡覺。"",""explanation"":""動詞片語 curl up，指蜷縮。""}],""related_forms"":[""curls"",""curly""]}"
curse	curse n./v.	"{""headword"":""curse"",""explanation"":""名詞表「詛咒/咒罵」；動詞表「詛咒」。"",""entries"":[{""sentence"":""In the fairy tale, the witch cast a <curse> *on* the prince, turning him into a frog for many years."",""translation"":""在童話故事中，女巫對王子下了詛咒，讓他變成了青蛙多年。"",""explanation"":""名詞表詛咒。""},{""sentence"":""He was so angry that he started to <curse> *at* everyone who tried to help him solve the difficult problem."",""translation"":""他非常生氣，開始咒罵每一個試圖幫助他解決困難問題的人。"",""explanation"":""動詞表咒罵。""}],""related_forms"":[""cursed"",""cursing""]}"
curve	curve n./v.	"{""headword"":""curve"",""explanation"":""名詞表「曲線/彎曲處」；動詞表「使彎曲」。"",""entries"":[{""sentence"":""The road begins to <curve> *sharply* as it goes up the mountain, so drivers should be very careful there."",""translation"":""道路在爬山時開始急劇彎曲，所以駕駛在那裡應該要非常小心。"",""explanation"":""動詞表彎曲。""},{""sentence"":""The graph shows a steep <curve> *upward*, indicating that the company's sales have increased significantly this year."",""translation"":""圖表顯示出一條陡峭的向上曲線，表明該公司的銷售額今年顯著增長。"",""explanation"":""名詞表曲線。""}],""related_forms"":[""curves"",""curved""]}"
cushion	cushion n./v.	"{""headword"":""cushion"",""explanation"":""名詞表「坐墊/緩衝物」；動詞表「減輕衝擊」。"",""entries"":[{""sentence"":""She placed a soft <cushion> on the wooden chair to make it more *comfortable* for sitting for long hours."",""translation"":""她在木椅上放了一個柔軟的坐墊，讓長時間坐著更舒適。"",""explanation"":""名詞表坐墊。""},{""sentence"":""The thick layer of snow helped to <cushion> the *impact* of his fall when he slipped on the ice."",""translation"":""厚厚的積雪幫助減輕了他滑倒時的衝擊力。"",""explanation"":""動詞表減輕衝擊。""}],""related_forms"":[""cushions"",""cushioned""]}"
damp	damp adj./n./v.	"{""headword"":""damp"",""explanation"":""形容詞表「潮濕的」；名詞表「濕氣」；動詞表「使潮濕/抑制」。注意形容詞常指令人不舒服的濕氣，與 humid（氣候潮濕）不同。"",""entries"":[{""sentence"":""The basement was <damp> and cold, so we decided to store our important documents in a *dry* place upstairs instead."",""translation"":""地下室又濕又冷，所以我們決定把重要文件存放在樓上乾燥的地方。"",""explanation"":""形容詞「潮濕的」。常與 cold, dark 搭配描述環境。""},{""sentence"":""The heavy rain <damped> the *spirits* of the students who were looking forward to the outdoor sports meet all week."",""translation"":""大雨澆熄了那些整週都期待著戶外運動會的學生們的熱情。"",""explanation"":""動詞「抑制/減弱」。dampen/damp spirits 為常見搭配，意指澆熄熱情。""}],""related_forms"":[""damps"",""damped"",""dampening""]}"
deadline	deadline n.	"{""headword"":""deadline"",""explanation"":""名詞「截止日期」。常與動詞 meet（趕上）或 miss（錯過）搭配使用。"",""entries"":[{""sentence"":""To *meet* the strict <deadline> for the science project, the team members worked late into the night every single day."",""translation"":""為了趕上科學專題的嚴格截止日期，團隊成員每天都工作到深夜。"",""explanation"":""meet the deadline 為固定搭配，意指準時完成。""},{""sentence"":""The professor refused to accept any late assignments, even though several students *missed* the <deadline> due to technical issues."",""translation"":""教授拒絕接受任何遲交的作業，儘管有幾位學生因為技術問題錯過了截止日期。"",""explanation"":""miss the deadline 為固定搭配，意指錯過期限。""}],""related_forms"":[""deadlines""]}"
declare	declare v.	"{""headword"":""declare"",""explanation"":""動詞「宣佈/申報」。常用於正式場合或海關申報物品。"",""entries"":[{""sentence"":""The government <declared> a *state* of emergency after the massive earthquake destroyed most of the infrastructure in the city."",""translation"":""在大地震摧毀了城市大部分基礎設施後，政府宣佈了緊急狀態。"",""explanation"":""declare a state of... 為正式用法，意指宣佈某種狀態。""},{""sentence"":""Travelers are required to <declare> any *valuable* items, such as expensive jewelry or large amounts of cash, at the customs office."",""translation"":""旅客在海關必須申報任何貴重物品，例如昂貴珠寶或大量現金。"",""explanation"":""海關用語，declare sth 指申報物品。""}],""related_forms"":[""declared"",""declaring"",""declaration""]}"
decoration	decoration n.	"{""headword"":""decoration"",""explanation"":""名詞「裝飾/裝飾品」。常用於節慶或室內設計。"",""entries"":[{""sentence"":""The students spent the whole afternoon putting up colorful <decorations> to *create* a festive atmosphere for the school dance party."",""translation"":""學生們花了一整個下午掛上色彩繽紛的裝飾品，為學校舞會營造節日氣氛。"",""explanation"":""put up decorations 為常見動詞片語，意指佈置裝飾。""},{""sentence"":""Minimalist interior design focuses on function rather than excessive <decoration>, making the living space feel more *spacious* and organized."",""translation"":""極簡主義室內設計著重於功能而非過度的裝飾，使居住空間感覺更寬敞且有條理。"",""explanation"":""不可數用法，指裝飾風格或行為。""}],""related_forms"":[""decorations"",""decorate""]}"
defeat	defeat n./v.	"{""headword"":""defeat"",""explanation"":""名詞「失敗/擊敗」；動詞「擊敗」。注意與 defeat 相關的搭配詞常與比賽或戰爭有關。"",""entries"":[{""sentence"":""Despite their best efforts, the team suffered a bitter <defeat> in the *final* match against their long-time rival school."",""translation"":""儘管盡了最大努力，該隊在對抗長期競爭對手的決賽中仍遭受了慘痛的失敗。"",""explanation"":""suffer a defeat 為固定搭配，意指遭受失敗。""},{""sentence"":""The champion managed to <defeat> all his opponents in the tournament, proving that his *rigorous* training had truly paid off."",""translation"":""冠軍成功擊敗了錦標賽中所有的對手，證明他嚴格的訓練確實有了回報。"",""explanation"":""動詞「擊敗」。defeat one's opponent 為常見用法。""}],""related_forms"":[""defeats"",""defeated"",""defeating""]}"
defend	defend v.	"{""headword"":""defend"",""explanation"":""動詞「防禦/辯護」。常與 against 搭配使用。"",""entries"":[{""sentence"":""The soldiers were ordered to <defend> the *border* against any potential invasion to ensure the safety of the citizens living nearby."",""translation"":""士兵們奉命防禦邊境以抵禦任何潛在的入侵，確保附近居民的安全。"",""explanation"":""defend... against... 為固定搭配，意指防禦某物以對抗某威脅。""},{""sentence"":""The lawyer tried to <defend> his client by presenting new evidence that *challenged* the witness's credibility in the courtroom."",""translation"":""律師試圖透過提出挑戰證人可信度的新證據，在法庭上為他的委託人辯護。"",""explanation"":""動詞「辯護」。defend one's client 為法律領域常用詞。""}],""related_forms"":[""defended"",""defending"",""defense""]}"
defense	defense n.	"{""headword"":""defense"",""explanation"":""名詞「防禦/辯護」。注意美式拼法為 defense，英式為 defence。"",""entries"":[{""sentence"":""The country increased its spending on national <defense> to improve its *military* capabilities in response to rising regional tensions."",""translation"":""該國增加了國防開支以提升軍事能力，以應對日益升高的區域緊張局勢。"",""explanation"":""national defense 為固定搭配，意指國防。""},{""sentence"":""In his own <defense>, the student explained that he had been absent because of a *sudden* medical emergency at home."",""translation"":""為了替自己辯護，該學生解釋說他缺席是因為家裡發生了突發的醫療緊急狀況。"",""explanation"":""in one's defense 為固定片語，意指為了替自己辯解。""}],""related_forms"":[""defenses"",""defend""]}"
defensible	defensible adj.	"{""headword"":""defensible"",""explanation"":""形容詞「可防禦的/站得住腳的」。常用於論點或軍事策略。"",""entries"":[{""sentence"":""The general argued that the current position was easily <defensible> because of the *natural* barriers provided by the surrounding mountains."",""translation"":""將軍認為由於周圍山脈提供的天然屏障，目前的位置很容易防守。"",""explanation"":""形容詞「可防禦的」。""},{""sentence"":""While his decision was controversial, he provided a <defensible> *argument* based on the economic data available at that time."",""translation"":""雖然他的決定備受爭議，但他根據當時可取得的經濟數據，提出了一個站得住腳的論點。"",""explanation"":""形容詞「站得住腳的」。defensible argument 為常見搭配。""}],""related_forms"":[""defend""]}"
defensive	defensive adj.	"{""headword"":""defensive"",""explanation"":""形容詞「防禦性的」。常指態度或戰術。"",""entries"":[{""sentence"":""The coach decided to adopt a <defensive> *strategy* for the second half to protect their narrow lead against the opponent."",""translation"":""教練決定在下半場採取防禦性策略，以保護他們對對手的微弱領先優勢。"",""explanation"":""defensive strategy 為常見搭配，意指防守戰術。""},{""sentence"":""She became very <defensive> when her colleagues asked about the *mistakes* she made in the final report last week."",""translation"":""當同事問起她上週在最終報告中犯的錯誤時，她變得非常有防衛心。"",""explanation"":""形容詞「防衛的/自我保護的」。be defensive about sth 為常見用法。""}],""related_forms"":[""defend"",""defense""]}"
definite	definite adj.	"{""headword"":""definite"",""explanation"":""形容詞「明確的/肯定的」。注意與 definitive（決定性的）區分。"",""entries"":[{""sentence"":""We need a <definite> *answer* by tomorrow so that we can proceed with the travel arrangements for the school trip."",""translation"":""我們明天前需要一個明確的答案，這樣我們才能繼續進行校外教學的旅遊安排。"",""explanation"":""definite answer 為常見搭配，意指肯定的回答。""},{""sentence"":""There is a <definite> *improvement* in his writing skills after he attended the intensive English workshop this summer."",""translation"":""在他參加了今年夏天的密集英語工作坊後，他的寫作技巧有了明確的進步。"",""explanation"":""形容詞「明確的」。""}],""related_forms"":[""definitely""]}"
delicate	delicate adj.	"{""headword"":""delicate"",""explanation"":""形容詞「精緻的/脆弱的/棘手的」。根據語境不同，意思差異很大。"",""entries"":[{""sentence"":""The antique vase is extremely <delicate>, so please handle it with *great* care when you move it to the display case."",""translation"":""這只古董花瓶非常脆弱，所以當你把它移到展示櫃時，請務必小心處理。"",""explanation"":""形容詞「脆弱的」。""},{""sentence"":""The diplomat had to handle the <delicate> *situation* with caution to avoid causing any further conflict between the two nations."",""translation"":""外交官必須謹慎處理這棘手的情況，以避免在兩國之間造成任何進一步的衝突。"",""explanation"":""形容詞「棘手的」。delicate situation 為常見搭配。""}],""related_forms"":[""delicacy""]}"
delight	delight n./v.	"{""headword"":""delight"",""explanation"":""名詞「高興/樂事」；動詞「使高興」。常用片語 to one's delight。"",""entries"":[{""sentence"":""To the students' <delight>, the teacher announced that there would be no *homework* assigned for the upcoming long weekend."",""translation"":""令學生們高興的是，老師宣佈即將到來的連續假期不會指派任何家庭作業。"",""explanation"":""to one's delight 為固定片語，意指令某人高興的是。""},{""sentence"":""The chef <delights> in *creating* new recipes that combine traditional ingredients with modern cooking techniques from around the world."",""translation"":""這位廚師樂於創造結合傳統食材與世界各地現代烹飪技術的新食譜。"",""explanation"":""delight in doing sth 為固定用法，意指樂於做某事。""}],""related_forms"":[""delights"",""delighted"",""delightful""]}"
delightful	delightful adj.	"{""headword"":""delightful"",""explanation"":""形容詞「令人愉快的」。常用於形容天氣、經驗或人。"",""entries"":[{""sentence"":""We had a <delightful> *time* chatting with the local residents during our short visit to the small village in the mountains."",""translation"":""我們在短暫造訪山區小村莊期間，與當地居民聊得非常愉快。"",""explanation"":""delightful time 為常見搭配，意指愉快的時光。""},{""sentence"":""The garden was filled with <delightful> *scents* of blooming flowers, making it the perfect place for an afternoon tea party."",""translation"":""花園裡充滿了盛開花朵的迷人香氣，使其成為舉辦下午茶派對的完美場所。"",""explanation"":""形容詞「令人愉快的」。""}],""related_forms"":[""delight""]}"
demand	demand n./v.	"{""headword"":""demand"",""explanation"":""名詞「需求」；動詞「要求」。注意 demand that S + (should) + V 的用法。"",""entries"":[{""sentence"":""The <demand> for *electric* vehicles has increased significantly as more people become aware of the importance of environmental protection."",""translation"":""隨著越來越多人意識到環境保護的重要性，對電動車的需求顯著增加。"",""explanation"":""demand for sth 為固定搭配，意指對某物的需求。""},{""sentence"":""The workers <demanded> that the company *improve* working conditions and provide better benefits for all employees immediately."",""translation"":""工人們要求公司立即改善工作條件，並為所有員工提供更好的福利。"",""explanation"":""動詞「要求」。注意子句中動詞用原形（省略 should）。""}],""related_forms"":[""demands"",""demanded"",""demanding""]}"
demonstrate	demonstrate v.	"{""headword"":""demonstrate"",""explanation"":""動詞「示範/證明/顯示」。常用於教學或科學實驗。"",""entries"":[{""sentence"":""The science teacher <demonstrated> how to *conduct* the experiment safely before letting the students try it on their own."",""translation"":""科學老師在讓學生自己嘗試之前，先示範了如何安全地進行實驗。"",""explanation"":""動詞「示範」。""},{""sentence"":""The recent survey results <demonstrate> a *clear* preference among young people for online shopping over traditional brick-and-mortar stores."",""translation"":""最近的調查結果顯示，年輕人明顯偏好網購勝過傳統實體店面。"",""explanation"":""動詞「證明/顯示」。""}],""related_forms"":[""demonstrated"",""demonstrating"",""demonstration""]}"
demonstration	demonstration n.	"{""headword"":""demonstration"",""explanation"":""名詞「示範/證明/示威遊行」。注意其多義性。"",""entries"":[{""sentence"":""The software company gave a live <demonstration> of their new *application*, showing how it can simplify daily task management."",""translation"":""這家軟體公司對他們的新應用程式進行了現場演示，展示它如何簡化日常任務管理。"",""explanation"":""名詞「示範」。""},{""sentence"":""Thousands of people joined the <demonstration> in the city center to *protest* against the new policy proposed by the government."",""translation"":""成千上萬的人參加了市中心的示威遊行，以抗議政府提出的新政策。"",""explanation"":""名詞「示威遊行」。""}],""related_forms"":[""demonstrations"",""demonstrate""]}"
dense	dense adj.	"{""headword"":""dense"",""explanation"":""形容詞「稠密的/濃厚的」。常用於形容森林、煙霧或人口。"",""entries"":[{""sentence"":""The hikers found it difficult to navigate through the <dense> *forest* because the trees were growing so close together."",""translation"":""登山客發現很難在茂密的森林中穿行，因為樹木長得太密集了。"",""explanation"":""形容詞「稠密的」。""},{""sentence"":""A <dense> *fog* covered the entire valley this morning, causing several traffic accidents on the main highway leading to the city."",""translation"":""今天早上濃霧籠罩了整個山谷，導致通往城市的主要高速公路上發生了幾起交通事故。"",""explanation"":""形容詞「濃厚的」。""}],""related_forms"":[""density""]}"
depart	depart v.	"{""headword"":""depart"",""explanation"":""動詞「離開/出發」。比 leave 更正式，常用於交通運輸。"",""entries"":[{""sentence"":""The train is scheduled to <depart> from the *main* station at exactly eight o'clock, so please arrive at least ten minutes early."",""translation"":""火車預定在八點整從總站出發，所以請至少提早十分鐘到達。"",""explanation"":""depart from... 為固定搭配，意指從某地出發。""},{""sentence"":""After the meeting, the CEO <departed> for a *business* trip to Europe to discuss the new partnership with international investors."",""translation"":""會議結束後，執行長出發前往歐洲進行商務旅行，討論與國際投資者的新合作關係。"",""explanation"":""depart for... 為固定搭配，意指前往某地。""}],""related_forms"":[""departs"",""departed"",""departing"",""departure""]}"
departure	departure n.	"{""headword"":""departure"",""explanation"":""名詞「離開/出發」。常用於機場或車站的時刻表。"",""entries"":[{""sentence"":""Please check the <departure> *board* at the airport to confirm the gate number and the boarding time for your flight."",""translation"":""請查看機場的離境看板，以確認您航班的登機門號碼和登機時間。"",""explanation"":""departure board 為常見搭配，意指離境看板。""},{""sentence"":""The sudden <departure> of the manager caused a lot of *confusion* among the staff members regarding the upcoming project deadlines."",""translation"":""經理的突然離職在員工之間引起了許多關於即將到來的專案截止日期的困惑。"",""explanation"":""名詞「離開/離職」。""}],""related_forms"":[""departures"",""depart""]}"
dependent	dependent adj./n.	"{""headword"":""dependent"",""explanation"":""形容詞「依賴的」；名詞「受撫養者」。注意與 depend on 的搭配。"",""entries"":[{""sentence"":""The success of the new project is highly <dependent> *on* the cooperation between the marketing and product development departments."",""translation"":""新專案的成功高度依賴於行銷部門與產品開發部門之間的合作。"",""explanation"":""be dependent on 為固定用法，意指依賴於。""},{""sentence"":""As a single parent, he has two young <dependents> who rely on his *income* to cover their daily living expenses."",""translation"":""作為單親家長，他有兩位需要撫養的人，他們依賴他的收入來支付日常開銷。"",""explanation"":""名詞「受撫養者」。""}],""related_forms"":[""depend"",""dependence""]}"
depression	depression n.	"{""headword"":""depression"",""explanation"":""名詞用法：(1)「憂鬱症」或「沮喪的情緒」，常搭配 suffer from；(2)「經濟蕭條/不景氣」，如 The Great Depression；(3)「凹陷處」。注意與 depressed (形容詞) 的區分。"",""entries"":[{""sentence"":""Many students suffer from <depression> due to *academic pressure* and the fear of failing their final entrance examinations this year."",""translation"":""許多學生因為學業壓力以及害怕在今年的期末入學考試中失敗而深受憂鬱症之苦。"",""explanation"":""指心理狀態的憂鬱症。suffer from depression 是常見的搭配。""},{""sentence"":""The country is currently facing a severe economic <depression>, which has led to a *sharp rise* in the national unemployment rate."",""translation"":""該國目前面臨嚴重的經濟蕭條，這導致全國失業率急劇上升。"",""explanation"":""指經濟上的蕭條。常與 economic 搭配使用。""}],""related_forms"":[""depress"",""depressed"",""depressing""]}"
deserve	deserve v.	"{""headword"":""deserve"",""explanation"":""動詞用法：(1)「應得/值得」，後接名詞或不定詞 to V；(2) 常見用法 deserve + V-ing (主動表被動)。注意不可用於進行式。"",""entries"":[{""sentence"":""After working hard on the research project for months, the team <deserves> *to win* the first prize in the competition."",""translation"":""在研究計畫上努力了數月後，該團隊值得贏得比賽的第一名。"",""explanation"":""deserve + to V 表示值得做某事或獲得某物。""},{""sentence"":""The complex historical issues discussed in the lecture <deserve> *careful consideration* before we draw any final conclusions about the event."",""translation"":""講座中討論的複雜歷史議題在我們對該事件得出最終結論前，值得仔細考量。"",""explanation"":""deserve + 名詞，表示值得某種對待。""}],""related_forms"":[""deserved"",""deserving""]}"
desperate	desperate adj.	"{""headword"":""desperate"",""explanation"":""形容詞用法：(1)「絕望的/走投無路的」；(2)「極度渴望的」，後接 for sth 或 to V。注意拼字與 desperate 相關的副詞為 desperately。"",""entries"":[{""sentence"":""The <desperate> refugees were *in search of* food and shelter after their homes were completely destroyed by the massive earthquake."",""translation"":""在房屋被大地震完全摧毀後，那些絕望的難民正在尋找食物和避難所。"",""explanation"":""形容處境絕望、走投無路。""},{""sentence"":""He is <desperate> *to improve* his English proficiency so that he can apply for an exchange program in the United States."",""translation"":""他極度渴望提升英語能力，以便能申請美國的交換學生計畫。"",""explanation"":""desperate to V 表示極度渴望做某事。""}],""related_forms"":[""desperately"",""desperation""]}"
despite	despite prep.	"{""headword"":""despite"",""explanation"":""介係詞用法：(1)「儘管/雖然」，後接名詞、代名詞或 V-ing。注意 despite 後面不可直接接子句 (S+V)，若要接子句需用 in spite of the fact that 或 although。"",""entries"":[{""sentence"":""<Despite> the *heavy rain*, the outdoor music festival continued as scheduled, attracting thousands of enthusiastic fans to the city center."",""translation"":""儘管下著大雨，戶外音樂節仍按計畫進行，吸引了數千名熱情的粉絲來到市中心。"",""explanation"":""despite + 名詞片語，表讓步。""},{""sentence"":""<Despite> *working* overtime every day, the manager still could not finish the urgent report before the deadline this afternoon."",""translation"":""儘管每天加班，經理仍然無法在今天下午的截止日期前完成那份緊急報告。"",""explanation"":""despite + V-ing，表儘管做了某事。""}],""related_forms"":[]}"
destruction	destruction n.	"{""headword"":""destruction"",""explanation"":""名詞用法：(1)「破壞/毀滅」，常與 cause, lead to 搭配。注意動詞形式為 destroy，形容詞為 destructive。"",""entries"":[{""sentence"":""The hurricane caused widespread <destruction> *to* the coastal villages, leaving many families without electricity or clean water for weeks."",""translation"":""颶風對沿海村莊造成了廣泛的破壞，導致許多家庭數週沒有電力或乾淨的水可用。"",""explanation"":""cause destruction to sth 是常見搭配。""},{""sentence"":""Environmentalists are warning that the <destruction> *of* the rainforest will have a long-term negative impact on the global climate."",""translation"":""環保人士警告說，雨林的破壞將對全球氣候產生長期的負面影響。"",""explanation"":""destruction of sth 表示某物的毀滅。""}],""related_forms"":[""destroy"",""destructive""]}"
detective	detective n./adj.	"{""headword"":""detective"",""explanation"":""名詞/形容詞用法：(1) 名詞「偵探/刑警」；(2) 形容詞「偵探的/偵測的」。常與 mystery, story 搭配。"",""entries"":[{""sentence"":""The experienced <detective> spent several weeks *investigating* the mysterious case, eventually finding the crucial evidence hidden in the old warehouse."",""translation"":""那位經驗豐富的偵探花了數週調查這起神秘案件，最終在舊倉庫裡找到了隱藏的關鍵證據。"",""explanation"":""名詞用法，指職業偵探。""},{""sentence"":""She enjoys reading <detective> *novels* because they always challenge her to think logically and solve complex puzzles along with the characters."",""translation"":""她喜歡閱讀偵探小說，因為它們總是挑戰她進行邏輯思考，並與書中角色一起解開複雜的謎題。"",""explanation"":""形容詞用法，修飾 novels。""}],""related_forms"":[""detect"",""detection""]}"
determination	determination n.	"{""headword"":""determination"",""explanation"":""名詞用法：(1)「決心/堅定」，常搭配 show, have, with。注意動詞為 determine，形容詞為 determined。"",""entries"":[{""sentence"":""With great <determination>, the young athlete overcame her injury and finally *qualified for* the Olympic Games after years of training."",""translation"":""憑藉著巨大的決心，這位年輕運動員克服了傷勢，在多年訓練後終於獲得奧運參賽資格。"",""explanation"":""with determination 表示帶著決心。""},{""sentence"":""His <determination> *to succeed* in the business world motivated him to study hard and learn from his previous failures."",""translation"":""他要在商業世界成功的決心激勵他努力學習，並從之前的失敗中汲取教訓。"",""explanation"":""determination to V 是常見的用法。""}],""related_forms"":[""determine"",""determined""]}"
device	device n.	"{""headword"":""device"",""explanation"":""名詞用法：(1)「裝置/設備/儀器」，常指小型的電子產品。注意與 devise (動詞) 的拼字區別。"",""entries"":[{""sentence"":""This new electronic <device> is designed to *monitor* your heart rate and sleep quality throughout the day and night."",""translation"":""這款新的電子裝置旨在全天候監測您的心率和睡眠品質。"",""explanation"":""指電子設備。""},{""sentence"":""The teacher used a visual <device> to help students *understand* the abstract concepts of physics more effectively during the class."",""translation"":""老師使用了一種視覺輔助工具，幫助學生在課堂上更有效地理解抽象的物理概念。"",""explanation"":""指輔助工具或裝置。""}],""related_forms"":[""devise""]}"
devise	devise v.	"{""headword"":""devise"",""explanation"":""動詞用法：(1)「設計/發明/策劃」，常用於計畫、系統或方法。注意與 device (名詞) 的拼字區別。"",""entries"":[{""sentence"":""The engineering team needs to <devise> a more efficient *system* to reduce energy consumption in the factory by next month."",""translation"":""工程團隊需要設計出一套更有效率的系統，以在下個月前減少工廠的能源消耗。"",""explanation"":""devise a system/plan 是常見搭配。""},{""sentence"":""Scientists are trying to <devise> a new *method* for cleaning up oil spills in the ocean without harming marine life."",""translation"":""科學家們正試圖設計一種清理海洋漏油的新方法，且不傷害海洋生物。"",""explanation"":""devise a method 指發明或策劃出某種方法。""}],""related_forms"":[""device""]}"
devote	devote v.	"{""headword"":""devote"",""explanation"":""動詞用法：(1)「致力於/奉獻」，固定搭配 devote oneself/time/energy to + N/V-ing。注意 to 是介係詞。"",""entries"":[{""sentence"":""She decided to <devote> her life *to* helping underprivileged children receive a better education in remote rural areas of the country."",""translation"":""她決定將一生奉獻給幫助偏遠農村地區的弱勢兒童獲得更好的教育。"",""explanation"":""devote sth to sth，注意 to 是介係詞，後面接名詞或 V-ing。""},{""sentence"":""The professor <devoted> most of his *research* time to studying the effects of climate change on local biodiversity in Taiwan."",""translation"":""教授將他大部分的研究時間致力於研究氣候變遷對台灣當地生物多樣性的影響。"",""explanation"":""devote time to V-ing，表示將時間投入於某事。""}],""related_forms"":[""devoted"",""devotion""]}"
dew	dew n.	"{""headword"":""dew"",""explanation"":""名詞用法：(1)「露水」。常在文學或描寫清晨的場景中出現。"",""entries"":[{""sentence"":""The grass in the garden was still wet with <dew> when we went for a *morning walk* at sunrise today."",""translation"":""當我們今天日出時去晨間散步時，花園裡的草地上還沾著露水。"",""explanation"":""指早晨的露水。""},{""sentence"":""Small drops of <dew> *sparkled* like diamonds under the early morning sunlight, creating a beautiful scene in the quiet park."",""translation"":""清晨的陽光下，小小的露珠像鑽石般閃閃發光，在寧靜的公園裡營造出美麗的景象。"",""explanation"":""描寫露水的狀態。""}],""related_forms"":[]}"
diagram	diagram n./v.	"{""headword"":""diagram"",""explanation"":""名詞/動詞用法：(1) 名詞「圖表/圖解」；(2) 動詞「用圖表表示」。常與 label, draw 搭配。"",""entries"":[{""sentence"":""Please look at the <diagram> on page ten to *better understand* how the human circulatory system functions in our daily lives."",""translation"":""請看第十頁的圖表，以更了解人體循環系統在我們日常生活中是如何運作的。"",""explanation"":""名詞用法，指圖解。""},{""sentence"":""The teacher asked the students to <diagram> the *structure* of the sentence to show they understood the basic rules of grammar."",""translation"":""老師要求學生將句子的結構畫成圖表，以顯示他們理解基本的語法規則。"",""explanation"":""動詞用法，指將某物畫成圖表。""}],""related_forms"":[]}"
differ	differ v.	"{""headword"":""differ"",""explanation"":""動詞用法：(1)「不同/有差異」，常搭配 differ from。注意與 different (形容詞) 的區分。"",""entries"":[{""sentence"":""The opinions of the two experts <differ> *significantly* from each other regarding the long-term effects of the new government policy."",""translation"":""兩位專家對於新政府政策的長期影響，意見有顯著的不同。"",""explanation"":""differ from sth，表示與某物不同。""},{""sentence"":""Although they are twins, their personalities <differ> *in many ways*, with one being very outgoing and the other quite shy."",""translation"":""雖然他們是雙胞胎，但他們的個性在許多方面都不同，一個非常外向，另一個則相當害羞。"",""explanation"":""differ in + 方面，表示在某方面不同。""}],""related_forms"":[""different"",""difference""]}"
digest	digest n./v.	"{""headword"":""digest"",""explanation"":""動詞/名詞用法：(1) 動詞「消化/吸收知識」；(2) 名詞「摘要/文摘」。注意動詞重音在第二音節，名詞重音在第一音節。"",""entries"":[{""sentence"":""It is difficult for the human body to <digest> *fatty foods* if they are consumed in large quantities late at night."",""translation"":""如果深夜大量食用油膩食物，人體是很難消化的。"",""explanation"":""動詞用法，指生理上的消化。""},{""sentence"":""After reading the long article, I found it helpful to read a short <digest> to *summarize* the main points of the argument."",""translation"":""讀完那篇長文章後，我發現閱讀一篇簡短的摘要來總結論點的主要內容很有幫助。"",""explanation"":""名詞用法，指摘要。""}],""related_forms"":[""digestion"",""digestive""]}"
digital	digital adj.	"{""headword"":""digital"",""explanation"":""形容詞用法：(1)「數位的/數位化的」。常與 technology, device, age 搭配。"",""entries"":[{""sentence"":""In this <digital> *age*, most students prefer to read e-books on their tablets rather than carrying heavy printed textbooks to school."",""translation"":""在這個數位時代，大多數學生更喜歡在平板電腦上閱讀電子書，而不是帶沉重的印刷課本去學校。"",""explanation"":""digital age 是常見搭配。""},{""sentence"":""The company is planning to switch all its paper records to a <digital> *format* to save space and improve data security."",""translation"":""該公司計畫將所有紙本紀錄轉換為數位格式，以節省空間並提高資料安全性。"",""explanation"":""形容數位化的格式。""}],""related_forms"":[""digit""]}"
dignity	dignity n.	"{""headword"":""dignity"",""explanation"":""名詞用法：(1)「尊嚴/莊重」。常搭配 maintain, lose, with。"",""entries"":[{""sentence"":""Even when facing difficult challenges, she always managed to maintain her <dignity> and *treat others* with kindness and respect."",""translation"":""即使在面對困難的挑戰時，她總能保持尊嚴，並以友善和尊重的態度對待他人。"",""explanation"":""maintain one's dignity 是常見用法。""},{""sentence"":""Every human being has the right to live with <dignity>, regardless of their social status, *background*, or personal beliefs in life."",""translation"":""每個人都有權利有尊嚴地活著，無論他們的社會地位、背景或個人的生活信仰為何。"",""explanation"":""live with dignity 表示有尊嚴地活著。""}],""related_forms"":[""dignified""]}"
diligence	diligence n.	"{""headword"":""diligence"",""explanation"":""名詞用法：(1)「勤奮/勤勉」。常搭配 with, show。注意形容詞為 diligent。"",""entries"":[{""sentence"":""Through hard work and <diligence>, he finally achieved his goal of *getting admitted* to his dream university after three years of effort."",""translation"":""透過努力工作和勤奮，他在三年的努力後終於實現了進入夢想大學的目標。"",""explanation"":""diligence 指勤奮的特質。""},{""sentence"":""The manager praised the employee for his <diligence> and *dedication* to the project, which led to its successful completion ahead of schedule."",""translation"":""經理稱讚該員工對專案的勤奮和奉獻，這使得專案能提前順利完成。"",""explanation"":""指工作上的勤勉。""}],""related_forms"":[""diligent""]}"
diligent	diligent adj.	"{""headword"":""diligent"",""explanation"":""形容詞用法：(1)「勤奮的/用功的」。常搭配 student, worker。注意與 diligence (名詞) 的區分。"",""entries"":[{""sentence"":""As a <diligent> student, she always finishes her homework on time and *prepares* for her lessons before coming to the classroom."",""translation"":""作為一名勤奮的學生，她總是在課前準時完成作業並預習課程。"",""explanation"":""形容學生勤奮。""},{""sentence"":""The <diligent> researchers spent years collecting data to ensure that their *scientific findings* were accurate and reliable for the public."",""translation"":""勤奮的研究人員花了數年時間收集數據，以確保他們的科學發現對大眾而言是準確且可靠的。"",""explanation"":""形容研究人員勤奮。""}],""related_forms"":[""diligence""]}"
diploma	diploma n.	"{""headword"":""diploma"",""explanation"":""名詞用法：(1)「畢業證書/文憑」。常搭配 receive, earn, high school。"",""entries"":[{""sentence"":""After completing all the required courses, he finally received his high school <diploma> and is now *ready to* start his college life."",""translation"":""在完成所有必修課程後，他終於收到了高中畢業證書，現在準備好開始他的大學生活了。"",""explanation"":""指畢業證書。""},{""sentence"":""Many students work part-time while studying to earn enough money to pay for their <diploma> *program* at the local technical college."",""translation"":""許多學生在學習期間打工，以賺取足夠的錢來支付當地技術學院的文憑課程費用。"",""explanation"":""指學位或文憑課程。""}],""related_forms"":[]}"
diplomat	diplomat n.	"{""headword"":""diplomat"",""explanation"":""名詞用法：(1)「外交官」。注意與 diplomacy (外交) 的區分。"",""entries"":[{""sentence"":""The <diplomat> traveled to several countries to *negotiate* peace agreements and strengthen the relationships between different nations in the region."",""translation"":""這位外交官前往多個國家談判和平協議，並加強該地區不同國家之間的關係。"",""explanation"":""指外交官的職業。""},{""sentence"":""Being a <diplomat> requires excellent *communication skills* and the ability to handle sensitive international issues with great care and tact."",""translation"":""身為一名外交官需要優秀的溝通技巧，以及能非常小心且圓滑地處理敏感國際議題的能力。"",""explanation"":""指外交官的角色。""}],""related_forms"":[""diplomacy"",""diplomatic""]}"
disability	disability n.	"{""headword"":""disability"",""explanation"":""指生理或心理上的「殘疾」或「無能」。常用於描述身體障礙，注意與 disadvantage（劣勢）區分。常見搭配：physical disability, learning disability。"",""entries"":[{""sentence"":""The school provides special support for students with a physical <disability> to ensure they have *equal* *access* *to* all campus facilities."",""translation"":""學校為身心障礙學生提供特別支援，以確保他們能平等使用所有校園設施。"",""explanation"":""指生理上的殘疾。equal access to 是常見的搭配，表示平等使用權。""},{""sentence"":""Despite his learning <disability>, he worked hard and eventually graduated from the university with top honors in his class."",""translation"":""儘管有學習障礙，他仍努力不懈，最終以班上最高榮譽從大學畢業。"",""explanation"":""指學習上的障礙。despite 後接名詞，表示「儘管」。""},{""sentence"":""Many people with a <disability> face challenges in their daily lives, but they often show great courage and determination to overcome them."",""translation"":""許多身心障礙者在日常生活中面臨挑戰，但他們常展現出極大的勇氣與決心來克服這些困難。"",""explanation"":""指廣義的殘疾。overcome challenges 是常見的搭配。""}],""related_forms"":[""disable"",""disabled""]}"
disadvantage	disadvantage n./v.	"{""headword"":""disadvantage"",""explanation"":""名詞指「劣勢、不利條件」，動詞指「使處於不利地位」。常見片語：at a disadvantage（處於劣勢）。"",""entries"":[{""sentence"":""Living in a remote area can be a major <disadvantage> when you are trying to *find* *a* *job* in the city center."",""translation"":""當你試圖在市中心找工作時，住在偏遠地區可能是一個主要的劣勢。"",""explanation"":""名詞用法，指不利的條件。find a job 是常見搭配。""},{""sentence"":""The team was *at* *a* <disadvantage> because their star player was injured and could not play in the final match."",""translation"":""該隊處於劣勢，因為他們的明星球員受傷了，無法參加最後一場比賽。"",""explanation"":""片語 at a disadvantage，表示處於不利的狀態。""},{""sentence"":""The new tax policy might <disadvantage> small businesses by forcing them to pay higher fees than larger corporations."",""translation"":""新的稅收政策可能會使小型企業處於不利地位，因為迫使他們支付比大公司更高的費用。"",""explanation"":""動詞用法，指使某人或某物處於不利地位。""}],""related_forms"":[""disadvantaged""]}"
disappoint	disappoint(ment) v./(n.)	"{""headword"":""disappoint"",""explanation"":""動詞「使失望」。常見搭配：be disappointed with/in/at。名詞 disappointment 指「失望」。"",""entries"":[{""sentence"":""I did not want to <disappoint> my parents, so I studied very hard to *get* *good* *grades* on the final exam."",""translation"":""我不想讓父母失望，所以我非常努力讀書，以便在期末考取得好成績。"",""explanation"":""動詞用法，表示讓某人失望。get good grades 是常見搭配。""},{""sentence"":""To my great <disappointment>, the concert was canceled at the last minute due to the heavy rain and strong wind."",""translation"":""令我非常失望的是，由於大雨和強風，音樂會在最後一刻被取消了。"",""explanation"":""名詞用法。To one's disappointment 是常見的句型，表示「令某人失望的是」。""},{""sentence"":""The movie was a huge <disappointment> because the plot was boring and the actors did not perform well at all."",""translation"":""這部電影非常令人失望，因為劇情很無聊，演員的表現一點也不好。"",""explanation"":""名詞用法，指令人失望的事物。""}],""related_forms"":[""disappointed"",""disappointing"",""disappointment""]}"
disaster	disaster n.	"{""headword"":""disaster"",""explanation"":""名詞「災難、大禍」。形容詞為 disastrous。常見搭配：natural disaster（天然災害）。"",""entries"":[{""sentence"":""The earthquake was a terrible natural <disaster> that destroyed many houses and left thousands of people without a home."",""translation"":""那場地震是一場可怕的天然災害，摧毀了許多房屋，使成千上萬的人無家可歸。"",""explanation"":""名詞用法，指天然災害。natural disaster 是固定搭配。""},{""sentence"":""If we do not *take* *action* to protect the environment, we will face a global <disaster> in the near future."",""translation"":""如果我們不採取行動保護環境，我們在不久的將來將面臨全球性的災難。"",""explanation"":""名詞用法。take action 是常見搭配。""},{""sentence"":""The party was a total <disaster> because the food was cold and the music system broke down during the event."",""translation"":""派對簡直是一場災難，因為食物是冷的，而且音樂系統在活動期間壞掉了。"",""explanation"":""名詞用法，引申指「徹底的失敗」。""}],""related_forms"":[""disastrous""]}"
discipline	discipline n./v.	"{""headword"":""discipline"",""explanation"":""名詞「紀律、學科」，動詞「訓練、懲戒」。注意與 self-discipline（自律）的區別。"",""entries"":[{""sentence"":""The coach believes that strict <discipline> is the key to success for any athlete who wants to *reach* *the* *top*."",""translation"":""教練認為嚴格的紀律是任何想要達到頂峰的運動員成功的關鍵。"",""explanation"":""名詞用法，指紀律。reach the top 是常見搭配。""},{""sentence"":""Students need to learn how to <discipline> themselves to finish their homework before they go out to play with friends."",""translation"":""學生需要學習如何自我約束，在出去和朋友玩之前完成作業。"",""explanation"":""動詞用法，指自我約束或訓練。""},{""sentence"":""History is a fascinating academic <discipline> that helps us understand the mistakes and achievements of people in the past."",""translation"":""歷史是一門迷人的學科，幫助我們了解過去人們的錯誤與成就。"",""explanation"":""名詞用法，指學術領域或學科。""}],""related_forms"":[""disciplined"",""disciplinary""]}"
discourage	discourage(ment) v./(n.)	"{""headword"":""discourage"",""explanation"":""動詞「使氣餒、勸阻」。常見句型：discourage sb from V-ing（勸阻某人做某事）。"",""entries"":[{""sentence"":""Do not let one failure <discourage> you; instead, you should *learn* *from* your mistakes and try again with more confidence."",""translation"":""不要讓一次失敗使你氣餒；相反地，你應該從錯誤中學習，並帶著更多的自信再試一次。"",""explanation"":""動詞用法，指使人失去信心。learn from 是常見搭配。""},{""sentence"":""The government is trying to <discourage> people *from* *smoking* in public places by increasing the tax on cigarettes."",""translation"":""政府正試圖透過增加香菸稅來勸阻人們在公共場所吸菸。"",""explanation"":""動詞用法，搭配 from V-ing。discourage sb from V-ing 是重要句型。""},{""sentence"":""His parents' constant <discouragement> made him give up his dream of becoming a professional musician at a young age."",""translation"":""他父母不斷的打擊使他在年輕時就放棄了成為專業音樂家的夢想。"",""explanation"":""名詞用法，指打擊或勸阻。""}],""related_forms"":[""discouraged"",""discouraging"",""discouragement""]}"
disguise	disguise v./n.	"{""headword"":""disguise"",""explanation"":""動詞「偽裝」，名詞「偽裝物」。常見搭配：in disguise（偽裝地）。"",""entries"":[{""sentence"":""The spy had to <disguise> himself as a waiter to *get* *into* the building without being noticed by the guards."",""translation"":""間諜必須將自己偽裝成服務生，才能在不被警衛注意的情況下進入大樓。"",""explanation"":""動詞用法，指偽裝。disguise oneself as 是常見用法。""},{""sentence"":""The thief wore a mask as a <disguise> to hide his face from the security cameras during the robbery."",""translation"":""小偷戴著面具作為偽裝，以便在搶劫期間向監視器隱藏他的臉。"",""explanation"":""名詞用法，指偽裝物。""},{""sentence"":""Sometimes, a difficult challenge is just a blessing *in* <disguise> because it helps us become stronger and wiser."",""translation"":""有時候，困難的挑戰只是偽裝的祝福，因為它幫助我們變得更強大、更聰明。"",""explanation"":""名詞用法。a blessing in disguise 是常見的固定片語，意指「因禍得福」。""}],""related_forms"":[""disguised""]}"
disgust	disgust n./v.	"{""headword"":""disgust"",""explanation"":""名詞「厭惡」，動詞「使作嘔」。常見搭配：be disgusted with/at。"",""entries"":[{""sentence"":""The smell of the garbage in the street filled the neighbors with <disgust> and they asked the city to clean it up."",""translation"":""街上垃圾的臭味讓鄰居們感到厭惡，他們要求市府清理乾淨。"",""explanation"":""名詞用法，指厭惡感。""},{""sentence"":""I was deeply <disgusted> *by* the way he treated the stray dog, so I decided to report him to the animal shelter."",""translation"":""我對他對待流浪狗的方式感到非常厭惡，所以我決定向動物收容所舉報他。"",""explanation"":""動詞用法，常用被動語態。be disgusted by/with 是常見搭配。""},{""sentence"":""The rude behavior of the customer <disgusted> the waiter, who had been working hard to provide excellent service all day."",""translation"":""顧客粗魯的行為讓服務生感到噁心，他整天都在努力提供優質的服務。"",""explanation"":""動詞用法，指使人感到厭惡。""}],""related_forms"":[""disgusted"",""disgusting""]}"
dismiss	dismiss v.	"{""headword"":""dismiss"",""explanation"":""動詞「解僱、駁回、不予理會」。注意在學校情境中可指「下課」。"",""entries"":[{""sentence"":""The manager decided to <dismiss> the employee because he was often late and did not *finish* *his* *work* on time."",""translation"":""經理決定解僱該員工，因為他經常遲到且沒有準時完成工作。"",""explanation"":""動詞用法，指解僱。finish one's work 是常見搭配。""},{""sentence"":""The judge chose to <dismiss> the case because there was not enough evidence to prove that the man was guilty."",""translation"":""法官選擇駁回此案，因為沒有足夠的證據證明該男子有罪。"",""explanation"":""動詞用法，指駁回法律訴訟。""},{""sentence"":""The teacher will <dismiss> the class at three o'clock, so please make sure you have finished your group project by then."",""translation"":""老師將在三點鐘下課，所以請確保在那之前你們已經完成小組報告。"",""explanation"":""動詞用法，指讓學生下課。""}],""related_forms"":[""dismissal""]}"
disorder	disorder n./v.	"{""headword"":""disorder"",""explanation"":""名詞「混亂、失調、疾病」，動詞「使混亂」。常見搭配：eating disorder（飲食失調）。"",""entries"":[{""sentence"":""The room was in complete <disorder> after the children finished playing with all their toys on the floor."",""translation"":""孩子們在地板上玩完所有玩具後，房間裡一片混亂。"",""explanation"":""名詞用法，指混亂狀態。in disorder 是常見片語。""},{""sentence"":""The doctor explained that the patient was suffering from a sleep <disorder> and needed to change his daily habits."",""translation"":""醫生解釋說該病患患有睡眠障礙，需要改變他的日常生活習慣。"",""explanation"":""名詞用法，指生理或心理失調。""},{""sentence"":""The sudden news of the company's bankruptcy caused a great <disorder> among the employees who were worried about their future."",""translation"":""公司破產的突發消息在擔心未來的員工之間引起了極大的混亂。"",""explanation"":""名詞用法，指混亂或騷動。""}],""related_forms"":[""disordered""]}"
dispute	dispute n./v.	"{""headword"":""dispute"",""explanation"":""名詞「爭論、糾紛」，動詞「爭論、質疑」。常見搭配：in dispute（有爭議的）。"",""entries"":[{""sentence"":""The two neighbors had a long <dispute> over the boundary of their gardens, which finally led to a legal battle."",""translation"":""兩位鄰居對他們花園的邊界有長期的爭執，這最終導致了一場法律訴訟。"",""explanation"":""名詞用法，指爭論。have a dispute over 是常見搭配。""},{""sentence"":""The scientists continue to <dispute> the results of the study, claiming that the data was not collected in a fair way."",""translation"":""科學家們繼續質疑該研究的結果，聲稱數據並非以公平的方式收集。"",""explanation"":""動詞用法，指質疑或爭論。""},{""sentence"":""The ownership of the land is still *in* <dispute>, so the construction company cannot start building the new shopping mall yet."",""translation"":""這塊土地的所有權仍有爭議，所以建築公司還不能開始建造新的購物中心。"",""explanation"":""名詞用法。in dispute 是常見片語，表示「有爭議的」。""}],""related_forms"":[""disputed""]}"
distinct	distinct adj.	"{""headword"":""distinct"",""explanation"":""形容詞「明顯的、截然不同的」。注意與 distinctive（獨特的）的區別。"",""entries"":[{""sentence"":""There is a <distinct> difference between the two languages, even though they share some similar words and grammar rules."",""translation"":""這兩種語言之間有明顯的差異，儘管它們共享一些相似的單字和語法規則。"",""explanation"":""形容詞用法，指明顯的。distinct difference 是常見搭配。""},{""sentence"":""The twins have <distinct> personalities; one is very outgoing and talkative, while the other is quiet and shy."",""translation"":""這對雙胞胎有截然不同的個性；一個非常外向且健談，而另一個則安靜且害羞。"",""explanation"":""形容詞用法，指截然不同的。""},{""sentence"":""I could hear a <distinct> sound coming from the kitchen, so I went to check if someone was cooking dinner."",""translation"":""我可以聽到從廚房傳來一個清晰的聲音，所以我去檢查是否有人在煮晚餐。"",""explanation"":""形容詞用法，指清晰可辨的。""}],""related_forms"":[""distinction"",""distinctive""]}"
distinguish	distinguish v.	"{""headword"":""distinguish"",""explanation"":""動詞「區分、辨別」。常見句型：distinguish A from B（區分 A 與 B）。"",""entries"":[{""sentence"":""It is often difficult to <distinguish> the truth *from* lies when people are trying to hide their mistakes."",""translation"":""當人們試圖隱瞞錯誤時，通常很難區分事實與謊言。"",""explanation"":""動詞用法，distinguish A from B 是固定用法。""},{""sentence"":""The young artist was able to <distinguish> himself *from* other painters by using bright colors and unique shapes in his work."",""translation"":""這位年輕藝術家透過在作品中使用明亮的色彩和獨特的形狀，使自己與其他畫家區別開來。"",""explanation"":""動詞用法，distinguish oneself 指「使自己出眾/與眾不同」。""},{""sentence"":""Can you <distinguish> the sound of a violin *from* that of a cello in this beautiful piece of classical music?"",""translation"":""在這首優美的古典樂曲中，你能分辨出小提琴和大提琴的聲音嗎？"",""explanation"":""動詞用法，指辨別聲音。""}],""related_forms"":[""distinguishable"",""distinguished""]}"
distinguished	distinguished adj.	"{""headword"":""distinguished"",""explanation"":""形容詞「傑出的、著名的」。常用於形容人的成就或地位。"",""entries"":[{""sentence"":""The university invited a <distinguished> professor to give a speech about the future of technology and its impact on society."",""translation"":""大學邀請了一位傑出的教授來演講，主題是關於科技的未來及其對社會的影響。"",""explanation"":""形容詞用法，指傑出的。distinguished professor 是常見搭配。""},{""sentence"":""He had a long and <distinguished> career in medicine, saving many lives during his thirty years of practice."",""translation"":""他在醫學領域有著漫長且傑出的職業生涯，在他三十年的執業期間拯救了許多生命。"",""explanation"":""形容詞用法，指卓越的。""},{""sentence"":""The guest of honor was a <distinguished> writer who had won many awards for her novels and short stories."",""translation"":""貴賓是一位傑出的作家，她的小說和短篇故事贏得了許多獎項。"",""explanation"":""形容詞用法，指著名的。""}],""related_forms"":[""distinguish""]}"
distribute	distribute v.	"{""headword"":""distribute"",""explanation"":""動詞「分發、分配」。常見搭配：distribute sth to sb。"",""entries"":[{""sentence"":""The charity organization will <distribute> free food and clothes *to* the families who were affected by the recent flood."",""translation"":""慈善組織將會分發免費的食物和衣服給受近期洪水影響的家庭。"",""explanation"":""動詞用法，指分發。distribute to 是常見搭配。""},{""sentence"":""The teacher asked the class monitor to <distribute> the exam papers to every student before the test started."",""translation"":""老師請班長在考試開始前將考卷分發給每一位學生。"",""explanation"":""動詞用法，指分發文件。""},{""sentence"":""The company plans to <distribute> its new products to stores all over the country by the end of this month."",""translation"":""公司計劃在本月底前將其新產品分銷到全國各地的商店。"",""explanation"":""動詞用法，指分銷商品。""}],""related_forms"":[""distribution"",""distributor""]}"
distribution	distribution n.	"{""headword"":""distribution"",""explanation"":""名詞「分發、分配、分佈」。常見搭配：the distribution of wealth（財富分配）。"",""entries"":[{""sentence"":""The <distribution> of aid to the remote villages was delayed because the roads were blocked by the heavy snow."",""translation"":""對偏遠村莊的援助分發工作被延誤了，因為道路被大雪堵住了。"",""explanation"":""名詞用法，指分發過程。""},{""sentence"":""The government is working on a new policy to improve the <distribution> of wealth among different social classes in the country."",""translation"":""政府正在制定一項新政策，以改善國內不同社會階層之間的財富分配。"",""explanation"":""名詞用法，指分配。distribution of wealth 是固定搭配。""},{""sentence"":""The study looks at the <distribution> of different plant species across the island to understand how the climate affects them."",""translation"":""這項研究觀察島上不同植物物種的分佈，以了解氣候如何影響它們。"",""explanation"":""名詞用法，指地理分佈。""}],""related_forms"":[""distribute""]}"
district	district n.	"{""headword"":""district"",""explanation"":""名詞「區域、行政區」。常用於指特定的商業區或學校學區。"",""entries"":[{""sentence"":""The shopping <district> in the city center is always crowded with tourists who want to buy souvenirs and local snacks."",""translation"":""市中心的購物區總是擠滿了想要購買紀念品和當地小吃的遊客。"",""explanation"":""名詞用法，指特定區域。shopping district 是常見搭配。""},{""sentence"":""She lives in a quiet residential <district> where there are many parks and trees, making it a great place for families."",""translation"":""她住在一個安靜的住宅區，那裡有很多公園和樹木，這使它成為家庭居住的好地方。"",""explanation"":""名詞用法，指住宅區。""},{""sentence"":""The school <district> decided to build a new library to provide students with more resources for their research projects."",""translation"":""學區決定蓋一座新圖書館，為學生提供更多研究計畫的資源。"",""explanation"":""名詞用法，指學區。""}],""related_forms"":[]}"
disturb	disturb v.	"{""headword"":""disturb"",""explanation"":""動詞「打擾、擾亂」。常見用法：Sorry to disturb you（抱歉打擾你）。"",""entries"":[{""sentence"":""Please do not <disturb> the students while they are taking the exam in the classroom, as they need to focus."",""translation"":""當學生在教室裡考試時，請不要打擾他們，因為他們需要專心。"",""explanation"":""動詞用法，指打擾。do not disturb 是常見標語。""},{""sentence"":""The loud noise from the construction site <disturbed> my sleep last night, so I feel very tired today."",""translation"":""工地傳來的巨大噪音昨晚擾亂了我的睡眠，所以我今天感到很累。"",""explanation"":""動詞用法，指擾亂。""},{""sentence"":""The news of the sudden change in the plan <disturbed> everyone on the team, as they were not prepared for it."",""translation"":""計畫突然改變的消息擾亂了團隊中的每個人，因為他們對此毫無準備。"",""explanation"":""動詞用法，指使人不安或心煩。""}],""related_forms"":[""disturbed"",""disturbing"",""disturbance""]}"
diverse	diverse adj.	"{""headword"":""diverse"",""explanation"":""形容詞「多樣的、不同的」。常用於描述文化、背景或意見的多樣性。"",""entries"":[{""sentence"":""Our class has a <diverse> group of students from many different countries, which makes our discussions very interesting."",""translation"":""我們班有一群來自許多不同國家的多元學生，這使得我們的討論非常有趣。"",""explanation"":""形容詞用法，指多樣的。diverse group 是常見搭配。""},{""sentence"":""The island is home to a <diverse> range of wildlife, including many rare birds and plants that cannot be found elsewhere."",""translation"":""這座島嶼是多樣野生動物的家園，包括許多在其他地方找不到的稀有鳥類和植物。"",""explanation"":""形容詞用法，a diverse range of 是固定用法。""},{""sentence"":""It is important to listen to <diverse> opinions before making a final decision to ensure that everyone's needs are considered."",""translation"":""在做出最終決定之前，傾聽不同的意見很重要，以確保每個人的需求都被考慮到。"",""explanation"":""形容詞用法，指不同的。""}],""related_forms"":[""diversity""]}"
diversity	diversity n.	"{""headword"":""diversity"",""explanation"":""名詞「多樣性」。常見搭配：cultural diversity（文化多樣性）。"",""entries"":[{""sentence"":""The company values <diversity> in the workplace and encourages employees from different backgrounds to share their unique ideas."",""translation"":""公司重視職場的多樣性，並鼓勵來自不同背景的員工分享他們獨特的想法。"",""explanation"":""名詞用法，指多樣性。""},{""sentence"":""Cultural <diversity> is one of the main features of this city, where people from all over the world live together in peace."",""translation"":""文化多樣性是這座城市的主要特色之一，來自世界各地的人們在這裡和平共處。"",""explanation"":""名詞用法，cultural diversity 是固定搭配。""},{""sentence"":""The <diversity> of the landscape, from high mountains to deep valleys, makes this region a popular destination for hikers."",""translation"":""從高山到深谷的地景多樣性，使這個地區成為健行者熱門的目的地。"",""explanation"":""名詞用法，指事物種類的多樣。""}],""related_forms"":[""diverse""]}"
divine	divine adj.	"{""headword"":""divine"",""explanation"":""形容詞，意為「神聖的」或「極好的」。在宗教語境中指與神有關的，在日常口語中常誇張地用來形容食物或體驗非常棒。"",""entries"":[{""sentence"":""Many ancient cultures believed that the king was chosen by <divine> *will* to lead the people and protect the land from harm."",""translation"":""許多古老文化相信國王是由神聖的意志所選擇，來領導人民並保護土地免受傷害。"",""explanation"":""形容詞「神聖的」。常與 will, power, intervention 等詞搭配。""},{""sentence"":""The chocolate cake we had at the new bakery was absolutely <divine>; I have never tasted anything so delicious in my life."",""translation"":""我們在那家新麵包店吃的巧克力蛋糕真是太棒了；我這輩子從沒吃過這麼美味的東西。"",""explanation"":""形容詞「極好的/美味的」。常用於口語中誇飾讚美。""},{""sentence"":""The choir sang with such <divine> *beauty* that the entire audience sat in silence, moved by the peaceful melody."",""translation"":""唱詩班以一種神聖的美感歌唱，讓全場觀眾安靜地坐著，被那寧靜的旋律所感動。"",""explanation"":""形容詞「神聖的/超凡的」。強調超越世俗的美感。""}],""related_forms"":[""divinely""]}"
divorce	divorce n./v.	"{""headword"":""divorce"",""explanation"":""名詞「離婚」，動詞「與...離婚」。注意與介係詞 from 搭配使用。"",""entries"":[{""sentence"":""After years of constant arguments, the couple finally decided to <divorce> *each other* and go their separate ways for a better life."",""translation"":""經過多年的不斷爭吵，這對夫妻最終決定離婚，並為了更好的生活各奔東西。"",""explanation"":""動詞「離婚」。常用 divorce someone 或 get divorced from someone。""},{""sentence"":""The high rate of <divorce> *in* modern society has led many experts to study the importance of communication in a marriage."",""translation"":""現代社會的高離婚率促使許多專家研究溝通在婚姻中的重要性。"",""explanation"":""名詞「離婚」。常與 rate, statistics 等詞搭配。""},{""sentence"":""It is often difficult for children to cope with the emotional stress caused by their parents' <divorce> *at* a young age."",""translation"":""孩子們通常很難應付年幼時父母離婚所帶來的心理壓力。"",""explanation"":""名詞「離婚」。強調離婚帶來的影響。""}],""related_forms"":[""divorced""]}"
dodge	dodge v./n.	"{""headword"":""dodge"",""explanation"":""動詞「閃避/逃避」，名詞「閃避」。指快速移動身體以避開某物，或用技巧規避責任。"",""entries"":[{""sentence"":""The soccer player managed to <dodge> *the* defender and score a goal in the final minute of the intense game."",""translation"":""這位足球員在比賽最後一分鐘成功閃過防守者並踢進一球。"",""explanation"":""動詞「閃避」。指身體動作上的閃躲。""},{""sentence"":""Some students try to <dodge> *their* responsibilities by making excuses when they fail to complete their homework on time."",""translation"":""有些學生在沒能準時完成作業時，會試圖藉由找藉口來逃避責任。"",""explanation"":""動詞「逃避」。指規避責任或問題。""},{""sentence"":""With a quick <dodge>, he avoided being hit by the ball that was thrown toward him during the gym class."",""translation"":""他快速閃避，避開了體育課中朝他丟過來的球。"",""explanation"":""名詞「閃避」。指閃避的動作。""}],""related_forms"":[""dodged"",""dodging""]}"
dominant	dominant adj.	"{""headword"":""dominant"",""explanation"":""形容詞「佔優勢的/支配的」。指在數量、力量或影響力上超過其他事物。"",""entries"":[{""sentence"":""English has become the <dominant> *language* in international business, allowing people from different countries to communicate effectively."",""translation"":""英語已成為國際商業中的主要語言，使來自不同國家的人們能夠有效地溝通。"",""explanation"":""形容詞「佔優勢的」。常與 language, position, role 搭配。""},{""sentence"":""In the forest, the <dominant> *species* of trees often block the sunlight, making it hard for smaller plants to grow."",""translation"":""在森林中，佔優勢的樹種常會遮擋陽光，使得較小的植物難以生長。"",""explanation"":""形容詞「優勢的/支配的」。指在生態或競爭中佔據主導地位。""},{""sentence"":""The team played a <dominant> *role* throughout the tournament, winning every match with a large score difference."",""translation"":""該隊在整個錦標賽中扮演了主導角色，以大比分差距贏得了每一場比賽。"",""explanation"":""形容詞「主導的」。常與 role 搭配。""}],""related_forms"":[""dominance"",""dominate""]}"
dominate	dominate v.	"{""headword"":""dominate"",""explanation"":""動詞「支配/主導」。指在某個領域中佔據絕對優勢或控制地位。"",""entries"":[{""sentence"":""The large company continues to <dominate> *the* market, making it very difficult for smaller businesses to compete successfully."",""translation"":""這家大公司持續主導市場，使得小型企業很難成功競爭。"",""explanation"":""動詞「主導」。常與 market, field, industry 搭配。""},{""sentence"":""The tall mountain seems to <dominate> *the* landscape, as it can be seen from almost every corner of the small town."",""translation"":""這座高山似乎主宰了當地的景觀，因為從這小鎮的幾乎每個角落都能看見它。"",""explanation"":""動詞「俯瞰/主宰」。指在視覺上佔據顯著位置。""},{""sentence"":""He tends to <dominate> *the* conversation, rarely giving others a chance to express their own opinions or ideas."",""translation"":""他傾向於主導對話，很少給別人表達自己意見或想法的機會。"",""explanation"":""動詞「主導」。指在社交場合中控制發言權。""}],""related_forms"":[""dominant"",""domination""]}"
draft	draft n./v.	"{""headword"":""draft"",""explanation"":""名詞「草稿/徵兵」，動詞「起草/徵召」。注意區分名詞與動詞用法。"",""entries"":[{""sentence"":""Before submitting your essay, you should write a first <draft> *to* organize your thoughts and check for any grammar mistakes."",""translation"":""在繳交論文之前，你應該先寫一份草稿來整理思緒並檢查是否有文法錯誤。"",""explanation"":""名詞「草稿」。常用 first/final draft。""},{""sentence"":""The lawyer spent the whole afternoon <drafting> *a* legal document to ensure that all the terms were clearly stated."",""translation"":""律師花了一整個下午起草法律文件，以確保所有條款都清楚說明。"",""explanation"":""動詞「起草」。指撰寫文件或計畫的初步版本。""},{""sentence"":""In some countries, young men are required to join the army under a military <draft> *system* when they turn eighteen."",""translation"":""在某些國家，年輕男子在年滿十八歲時必須根據徵兵制度加入軍隊。"",""explanation"":""名詞「徵兵」。指強制性的兵役制度。""}],""related_forms"":[""drafted"",""drafting""]}"
dread	dread n./v.	"{""headword"":""dread"",""explanation"":""名詞「恐懼/擔憂」，動詞「非常害怕/擔憂」。指對未來可能發生的壞事感到焦慮。"",""entries"":[{""sentence"":""I always <dread> *the* Monday morning meeting because it usually lasts for three hours and involves many boring reports."",""translation"":""我總是害怕週一早上的會議，因為它通常持續三小時，而且包含許多無聊的報告。"",""explanation"":""動詞「非常害怕/擔憂」。指對即將到來的負面事件感到焦慮。""},{""sentence"":""The thought of failing the final exam filled her with a sense of <dread> *that* kept her awake at night."",""translation"":""想到期末考不及格，她心中充滿了恐懼，讓她徹夜難眠。"",""explanation"":""名詞「恐懼/擔憂」。常用 fill sb with dread。""},{""sentence"":""Many people <dread> *going* to the dentist, but regular checkups are necessary to keep our teeth healthy and strong."",""translation"":""許多人害怕去看牙醫，但定期檢查對於保持牙齒健康強壯是必要的。"",""explanation"":""動詞「害怕」。後接 V-ing 或不定詞。""}],""related_forms"":[""dreadful"",""dreaded""]}"
drift	drift v./n.	"{""headword"":""drift"",""explanation"":""動詞「漂流/遊蕩」，名詞「漂流/趨勢」。指緩慢地移動或隨波逐流。"",""entries"":[{""sentence"":""The small boat began to <drift> *away* from the shore as the wind grew stronger during the stormy afternoon."",""translation"":""當暴風雨的午後風勢增強時，小船開始從岸邊漂走。"",""explanation"":""動詞「漂流」。指在水面或空中緩慢移動。""},{""sentence"":""After graduating from college, he spent a year <drifting> *around* the world to discover his true passion in life."",""translation"":""大學畢業後，他花了一年時間在世界各地遊蕩，以發掘他生命中真正的熱情。"",""explanation"":""動詞「遊蕩」。指漫無目的地旅行或生活。""},{""sentence"":""There is a general <drift> *toward* using digital tools in classrooms to make learning more interactive and engaging for students."",""translation"":""教室內有一種使用數位工具的普遍趨勢，旨在讓學生的學習更具互動性和吸引力。"",""explanation"":""名詞「趨勢/走向」。指緩慢的變化或發展方向。""}],""related_forms"":[""drifted"",""drifting""]}"
drill	drill n./v.	"{""headword"":""drill"",""explanation"":""名詞「鑽子/練習」，動詞「鑽孔/反覆練習」。指機械性的重複訓練或工具使用。"",""entries"":[{""sentence"":""The teacher used a vocabulary <drill> *to* help students memorize the new words before the big test on Friday."",""translation"":""老師使用單字練習來幫助學生在週五的大考前記住這些新單字。"",""explanation"":""名詞「練習」。指機械式的反覆訓練。""},{""sentence"":""The fire <drill> *is* scheduled for next Tuesday, so all students must follow the instructions and leave the building quickly."",""translation"":""消防演習預定在下週二舉行，所以所有學生必須遵守指示並迅速離開大樓。"",""explanation"":""名詞「演習」。指緊急情況的預防訓練。""},{""sentence"":""You need to <drill> *the* basic grammar rules until you can use them correctly without thinking too much."",""translation"":""你需要反覆練習基本的文法規則，直到你不需要多想就能正確使用它們。"",""explanation"":""動詞「反覆練習」。指透過重複達到熟練。""}],""related_forms"":[""drilled"",""drilling""]}"
drowsy	drowsy adj.	"{""headword"":""drowsy"",""explanation"":""形容詞「昏昏欲睡的」。指因為疲勞或藥物作用而想睡覺。"",""entries"":[{""sentence"":""The medicine made me feel very <drowsy>, so I decided to take a short nap before starting my homework."",""translation"":""這藥讓我感到很昏昏欲睡，所以我決定在開始寫作業前小睡一下。"",""explanation"":""形容詞「昏昏欲睡的」。常與 feel, make sb 搭配。""},{""sentence"":""Driving while <drowsy> *is* extremely dangerous, as it slows down your reaction time and increases the risk of accidents."",""translation"":""在昏昏欲睡時開車極度危險，因為這會減慢你的反應時間並增加事故風險。"",""explanation"":""形容詞「昏昏欲睡的」。強調疲勞駕駛的危險性。""},{""sentence"":""The warm sunlight and the quiet library made the student feel <drowsy> while reading his history textbook."",""translation"":""溫暖的陽光和安靜的圖書館讓學生在閱讀歷史課本時感到昏昏欲睡。"",""explanation"":""形容詞「昏昏欲睡的」。描述環境導致的睡意。""}],""related_forms"":[""drowsiness""]}"
durable	durable adj.	"{""headword"":""durable"",""explanation"":""形容詞「耐用的/持久的」。指物品品質好，不易損壞。"",""entries"":[{""sentence"":""These hiking boots are very <durable> *and* can withstand harsh weather conditions during long trips in the mountains."",""translation"":""這些登山靴非常耐用，可以在山區長途旅行中承受惡劣的天氣條件。"",""explanation"":""形容詞「耐用的」。指物品結構堅固。""},{""sentence"":""We should invest in <durable> *goods* that will last for many years instead of buying cheap items that break easily."",""translation"":""我們應該投資耐用的商品，讓它們能使用多年，而不是購買容易損壞的廉價品。"",""explanation"":""形容詞「耐用的」。常用 durable goods (耐用財)。""},{""sentence"":""The plastic material is highly <durable>, making it a popular choice for manufacturing outdoor furniture and playground equipment."",""translation"":""這種塑膠材質非常耐用，使其成為製造戶外家具和遊樂場設備的熱門選擇。"",""explanation"":""形容詞「耐用的」。強調材質的持久性。""}],""related_forms"":[""durability""]}"
dusty	dusty adj.	"{""headword"":""dusty"",""explanation"":""形容詞「佈滿灰塵的」。指表面積滿灰塵，通常暗示很久沒清理。"",""entries"":[{""sentence"":""The old books in the attic were very <dusty>, so I had to clean them carefully before reading them."",""translation"":""閣樓裡的舊書佈滿了灰塵，所以我必須在閱讀前小心地清理它們。"",""explanation"":""形容詞「佈滿灰塵的」。描述物品狀態。""},{""sentence"":""After the long walk on the <dusty> *road*, our shoes were covered in dirt and we were very tired."",""translation"":""在佈滿灰塵的道路上長途跋涉後，我們的鞋子沾滿了泥土，我們也累壞了。"",""explanation"":""形容詞「佈滿灰塵的」。描述環境。""},{""sentence"":""The <dusty> *shelves* in the basement showed that nobody had visited this room for a very long time."",""translation"":""地下室佈滿灰塵的架子顯示已經很久沒有人來過這個房間了。"",""explanation"":""形容詞「佈滿灰塵的」。暗示時間久遠。""}],""related_forms"":[""dust""]}"
dye	dye n./v.	"{""headword"":""dye"",""explanation"":""名詞「染料」，動詞「染色」。指改變布料或頭髮的顏色。"",""entries"":[{""sentence"":""She decided to <dye> *her* hair a bright blue color to express her unique personality and style."",""translation"":""她決定把頭髮染成亮藍色，以表達她獨特的個性和風格。"",""explanation"":""動詞「染色」。常用 dye one's hair。""},{""sentence"":""The traditional fabric is made using a natural <dye> *extracted* from local plants found in the nearby forest."",""translation"":""這種傳統布料是使用從附近森林中發現的當地植物中提取的天然染料製成的。"",""explanation"":""名詞「染料」。指用於改變顏色的物質。""},{""sentence"":""They used a special <dye> *to* change the color of the white cotton shirts into a deep shade of green."",""translation"":""他們使用一種特殊的染料將白色棉襯衫的顏色變成了深綠色。"",""explanation"":""名詞「染料」。指染色過程。""}],""related_forms"":[""dyed"",""dyeing""]}"
dynamic	dynamic adj.	"{""headword"":""dynamic"",""explanation"":""形容詞「充滿活力的/動態的」。指不斷變化或非常有能量。"",""entries"":[{""sentence"":""The city is a <dynamic> *place* where new businesses and creative ideas are constantly emerging every single day."",""translation"":""這座城市是一個充滿活力的地方，新的企業和創意每天都在不斷湧現。"",""explanation"":""形容詞「充滿活力的」。指充滿變動與生機。""},{""sentence"":""To succeed in the modern world, students need to develop <dynamic> *skills* that allow them to adapt to new challenges."",""translation"":""為了在現代世界取得成功，學生需要培養動態的技能，使他們能夠適應新的挑戰。"",""explanation"":""形容詞「動態的/靈活的」。指能隨情況變化的能力。""},{""sentence"":""The <dynamic> *relationship* between the two countries has changed significantly over the past few years due to new trade agreements."",""translation"":""由於新的貿易協定，這兩國之間的動態關係在過去幾年中發生了顯著變化。"",""explanation"":""形容詞「動態的」。指關係是不斷變化的。""}],""related_forms"":[""dynamically""]}"
dynasty	dynasty n.	"{""headword"":""dynasty"",""explanation"":""名詞「朝代」。指由同一家族統治的一系列君主。"",""entries"":[{""sentence"":""The Tang <dynasty> *is* often considered one of the most prosperous periods in Chinese history, known for its poetry and art."",""translation"":""唐朝常被認為是中國歷史上最繁榮的時期之一，以其詩歌和藝術聞名。"",""explanation"":""名詞「朝代」。指歷史上的統治時期。""},{""sentence"":""Many historical artifacts from the Ming <dynasty> *can* be found in the museum, showing the advanced technology of that time."",""translation"":""許多來自明朝的歷史文物可以在博物館中找到，展示了當時先進的技術。"",""explanation"":""名詞「朝代」。常與特定朝代名稱連用。""},{""sentence"":""The powerful family built a business <dynasty> *that* lasted for over a century, controlling many industries across the country."",""translation"":""這個強大的家族建立了一個持續了一個多世紀的商業王朝，控制了全國許多產業。"",""explanation"":""名詞「王朝」。引申為長期控制某領域的家族或勢力。""}],""related_forms"":[""dynastic""]}"
earnest	earnest adj./n.	"{""headword"":""earnest"",""explanation"":""形容詞「認真的/誠摯的」。指態度非常嚴肅且真誠。"",""entries"":[{""sentence"":""He made an <earnest> *effort* to improve his grades by studying extra hours every night after school."",""translation"":""他非常認真地努力提高成績，每天放學後都多花幾小時讀書。"",""explanation"":""形容詞「認真的」。常用 earnest effort。""},{""sentence"":""She gave an <earnest> *apology* for her mistake, and everyone could see that she truly felt sorry for what happened."",""translation"":""她為自己的錯誤做了誠摯的道歉，每個人都看得出她對發生的事感到非常抱歉。"",""explanation"":""形容詞「誠摯的」。指發自內心的真誠。""},{""sentence"":""The student was in <earnest> *about* his goal of becoming a doctor, so he worked hard in all his science classes."",""translation"":""這名學生對於成為醫生的目標非常認真，因此他在所有的科學課中都努力學習。"",""explanation"":""形容詞「認真的」。常用 in earnest (認真地/嚴肅地)。""}],""related_forms"":[""earnestly""]}"
earphone	earphone n.	"{""headword"":""earphone"",""explanation"":""名詞「耳機」。指戴在耳朵上聽聲音的裝置。"",""entries"":[{""sentence"":""I always wear my <earphone> *to* listen to music or podcasts while I am taking the bus to school."",""translation"":""我搭公車去學校時，總是戴著耳機聽音樂或播客。"",""explanation"":""名詞「耳機」。常用 wear earphones。""},{""sentence"":""Please take off your <earphone> *when* the teacher is speaking so that you can pay attention to the lesson."",""translation"":""當老師在說話時，請把耳機拿下來，這樣你才能專心聽課。"",""explanation"":""名詞「耳機」。指聽課時應有的禮貌。""},{""sentence"":""The new <earphone> *design* is very comfortable, allowing users to wear it for hours without feeling any pain."",""translation"":""這款新耳機設計非常舒適，讓使用者可以戴著它好幾個小時而不會感到任何疼痛。"",""explanation"":""名詞「耳機」。強調設計的舒適度。""}],""related_forms"":[""earphones""]}"
economic	economic adj.	"{""headword"":""economic"",""explanation"":""形容詞「經濟的」。指與經濟學或國家經濟狀況有關。"",""entries"":[{""sentence"":""The country is facing serious <economic> *problems* due to the high inflation rate and the lack of new job opportunities."",""translation"":""由於高通貨膨脹率和缺乏新的就業機會，該國正面臨嚴重的經濟問題。"",""explanation"":""形容詞「經濟的」。常與 problems, growth, crisis 搭配。""},{""sentence"":""The government is trying to improve the <economic> *situation* by encouraging foreign companies to invest in local businesses."",""translation"":""政府正試圖藉由鼓勵外國公司投資當地企業來改善經濟狀況。"",""explanation"":""形容詞「經濟的」。指整體的經濟環境。""},{""sentence"":""We need to consider the <economic> *impact* of this new policy on small families before we decide to implement it."",""translation"":""在決定實施這項新政策之前，我們需要考慮它對小家庭的經濟影響。"",""explanation"":""形容詞「經濟的」。指對財政的影響。""}],""related_forms"":[""economical"",""economics"",""economy""]}"
economical	economical adj.	"{""headword"":""economical"",""explanation"":""形容詞「節約的/經濟實惠的」。指花錢少、物超所值。"",""entries"":[{""sentence"":""Buying in bulk is a very <economical> *way* to save money on groceries if you have enough storage space at home."",""translation"":""如果你家裡有足夠的儲存空間，大量購買是節省雜貨開支的一種非常經濟實惠的方法。"",""explanation"":""形容詞「經濟實惠的」。指省錢的策略。""},{""sentence"":""This small car is very <economical> *to* drive because it uses very little fuel compared to larger vehicles."",""translation"":""這輛小車開起來非常省錢，因為與大型車輛相比，它消耗的燃料非常少。"",""explanation"":""形容詞「節約的」。指消耗資源少。""},{""sentence"":""We are looking for an <economical> *solution* to our heating problem that will not cost too much money every month."",""translation"":""我們正在尋找一種經濟實惠的供暖問題解決方案，每個月不會花費太多錢。"",""explanation"":""形容詞「節約的」。指成本低廉的方案。""}],""related_forms"":[""economic"",""economics"",""economy""]}"
economics	economics n.	"{""headword"":""economics"",""explanation"":""名詞「經濟學」。指研究資源分配的學科。"",""entries"":[{""sentence"":""She decided to study <economics> *at* university because she is interested in how money and resources are managed in society."",""translation"":""她決定在大學學習經濟學，因為她對社會中金錢和資源如何被管理感興趣。"",""explanation"":""名詞「經濟學」。學科名稱，視為單數。""},{""sentence"":""Understanding the basic principles of <economics> *can* help you make better decisions about your personal finances and savings."",""translation"":""了解經濟學的基本原則可以幫助你對個人財務和儲蓄做出更好的決定。"",""explanation"":""名詞「經濟學」。指學科原則。""},{""sentence"":""The professor gave a lecture on <economics> *that* explained why prices of goods change based on supply and demand."",""translation"":""教授做了一場關於經濟學的演講，解釋了為什麼商品價格會根據供需而改變。"",""explanation"":""名詞「經濟學」。指學科內容。""}],""related_forms"":[""economic"",""economical"",""economy""]}"
economist	economist n.	"{""headword"":""economist"",""explanation"":""指研究經濟學的專家。常與形容詞搭配，如 leading, prominent, famous 等。注意與 economy (經濟) 和 economic (經濟的) 的區別。"",""entries"":[{""sentence"":""The <economist> *predicted* that the country's financial situation would improve significantly by the end of the next fiscal year."",""translation"":""該經濟學家預測，該國的財務狀況將在下個財政年度結束前顯著改善。"",""explanation"":""名詞「經濟學家」。常用動詞搭配 predict, warn, argue 等。""},{""sentence"":""Many <economists> *are* *concerned* about the rising inflation rates and their long-term impact on the global market."",""translation"":""許多經濟學家對不斷上升的通貨膨脹率及其對全球市場的長期影響感到擔憂。"",""explanation"":""複數用法。be concerned about 是常見搭配。""},{""sentence"":""As a leading <economist>, she was invited to give a speech at the international conference about sustainable development."",""translation"":""身為一位頂尖的經濟學家，她受邀在國際會議上發表關於永續發展的演講。"",""explanation"":""描述職業身分。leading 為常見形容詞修飾詞。""}],""related_forms"":[""economy"",""economic"",""economical""]}"
economy	economy n.	"{""headword"":""economy"",""explanation"":""指「經濟」或「節約」。常見用法包括 global economy (全球經濟), boost the economy (促進經濟)。注意形容詞 economic (經濟的) 與 economical (節儉的) 的差異。"",""entries"":[{""sentence"":""The government is trying to *boost* the national <economy> by supporting small businesses and encouraging new technology investments."",""translation"":""政府正試圖透過支持小型企業和鼓勵新技術投資來促進國家經濟。"",""explanation"":""名詞「經濟」。boost the economy 是常見的固定搭配。""},{""sentence"":""Due to the weak <economy>, many families have decided to cut down on their daily spending and save more money."",""translation"":""由於經濟疲軟，許多家庭決定減少日常開支並存更多的錢。"",""explanation"":""描述經濟狀況。weak/strong economy 為常見搭配。""},{""sentence"":""The company decided to switch to a more energy-efficient model for the sake of <economy> and environmental protection."",""translation"":""為了節約成本和保護環境，該公司決定改用更節能的型號。"",""explanation"":""名詞「節約/節省」。此處指節省開支。""}],""related_forms"":[""economic"",""economical"",""economize""]}"
efficiency	efficiency n.	"{""headword"":""efficiency"",""explanation"":""指「效率」。常用搭配包括 improve efficiency, energy efficiency。注意與形容詞 efficient 的詞性轉換。"",""entries"":[{""sentence"":""The new software was designed to *improve* the <efficiency> of the office staff by automating repetitive daily tasks."",""translation"":""這套新軟體旨在透過自動化重複的日常工作來提高辦公室員工的效率。"",""explanation"":""名詞「效率」。improve efficiency 為常見搭配。""},{""sentence"":""We should focus on energy <efficiency> to reduce our monthly electricity bills and protect the planet at the same time."",""translation"":""我們應該專注於能源效率，以減少每月的電費，同時保護地球。"",""explanation"":""energy efficiency 為常見術語。""},{""sentence"":""The manager praised the team for their high level of <efficiency> in completing the project ahead of the deadline."",""translation"":""經理稱讚該團隊在提前完成專案時展現出的高效率。"",""explanation"":""high level of efficiency 為常見用法。""}],""related_forms"":[""efficient"",""efficiently""]}"
elastic	elastic adj./n.	"{""headword"":""elastic"",""explanation"":""指「有彈性的」。可指物理性質，也可引申為「靈活的」。"",""entries"":[{""sentence"":""The waistband of these sports pants is made of <elastic> material, making them very comfortable for running and jumping."",""translation"":""這條運動褲的腰帶是由有彈性的材質製成的，這讓它們在跑步和跳躍時非常舒適。"",""explanation"":""形容詞「有彈性的」。""},{""sentence"":""The schedule for the summer camp is quite <elastic>, so we can easily adjust the activities based on the weather conditions."",""translation"":""夏令營的行程相當靈活，所以我們可以根據天氣狀況輕鬆調整活動。"",""explanation"":""形容詞「靈活的/可變動的」。""},{""sentence"":""She used an <elastic> band to tie her hair back while she was busy cleaning the house this morning."",""translation"":""她今天早上忙著打掃房子時，用一條橡皮筋把頭髮綁起來。"",""explanation"":""名詞「橡皮筋/彈性帶」。""}],""related_forms"":[""elasticity""]}"
electronics	electronics n.	"{""headword"":""electronics"",""explanation"":""指「電子學」或「電子產品」。注意此字結尾為 -s，但通常視為單數名詞（學科）或複數名詞（產品）。"",""entries"":[{""sentence"":""He has a great interest in <electronics> and spends his weekends building small robots in his garage."",""translation"":""他對電子學有很大的興趣，週末都在車庫裡組裝小型機器人。"",""explanation"":""名詞「電子學」。""},{""sentence"":""The store sells a wide range of <electronics>, including smartphones, laptops, and high-quality digital cameras."",""translation"":""這家商店販售各式各樣的電子產品，包括智慧型手機、筆記型電腦和高品質數位相機。"",""explanation"":""名詞「電子產品」。""},{""sentence"":""Modern <electronics> have *changed* the way we communicate and access information in our daily lives."",""translation"":""現代電子產品改變了我們在日常生活中溝通和獲取資訊的方式。"",""explanation"":""名詞「電子產品」。""}],""related_forms"":[""electronic"",""electron""]}"
elegant	elegant adj.	"{""headword"":""elegant"",""explanation"":""指「優雅的」。常用於形容人的舉止、裝扮或設計風格。"",""entries"":[{""sentence"":""She wore an <elegant> dress to the party and received many compliments from her friends throughout the evening."",""translation"":""她穿了一件優雅的洋裝參加派對，整個晚上都收到朋友們的讚美。"",""explanation"":""形容詞「優雅的」。""},{""sentence"":""The hotel is known for its <elegant> design and excellent service, making it a popular choice for weddings."",""translation"":""這家飯店以其優雅的設計和卓越的服務聞名，使其成為婚禮的熱門選擇。"",""explanation"":""形容詞「優雅的」。""},{""sentence"":""His <elegant> manners and polite speech made a very good impression on everyone he met at the meeting."",""translation"":""他優雅的舉止和禮貌的談吐給他在會議上遇到的每個人留下了很好的印象。"",""explanation"":""形容詞「優雅的」。""}],""related_forms"":[""elegance""]}"
elementary	elementary adj.	"{""headword"":""elementary"",""explanation"":""指「基本的」或「初級的」。常見搭配 elementary school (小學)。"",""entries"":[{""sentence"":""Learning the alphabet is an <elementary> step for anyone who wants to master a new language."",""translation"":""學習字母表對於任何想要精通新語言的人來說都是一個基本的步驟。"",""explanation"":""形容詞「基本的」。""},{""sentence"":""The teacher explained the <elementary> rules of the game so that even the youngest students could understand how to play."",""translation"":""老師解釋了遊戲的基本規則，以便即使是最年幼的學生也能理解如何玩。"",""explanation"":""形容詞「基本的」。""},{""sentence"":""After finishing <elementary> school, he moved to a different city to attend a middle school with his brother."",""translation"":""小學畢業後，他搬到另一個城市與他的兄弟一起上國中。"",""explanation"":""形容詞「小學的」。""}],""related_forms"":[""element""]}"
eliminate	eliminate v.	"{""headword"":""eliminate"",""explanation"":""指「消除」或「淘汰」。常用於消除問題、風險或在比賽中淘汰對手。"",""entries"":[{""sentence"":""The new policy aims to <eliminate> the use of plastic bags in our school to protect the environment."",""translation"":""這項新政策旨在消除我們學校對塑膠袋的使用，以保護環境。"",""explanation"":""動詞「消除」。""},{""sentence"":""Our team was <eliminated> from the basketball tournament after losing the final game by only two points."",""translation"":""我們的球隊在最後一場比賽以兩分之差輸掉後，被淘汰出籃球錦標賽。"",""explanation"":""動詞「淘汰」。常用被動語態 be eliminated from。""},{""sentence"":""Regular exercise can help <eliminate> stress and improve your overall health after a long day of work."",""translation"":""規律的運動可以幫助消除壓力，並在漫長的工作日後改善你的整體健康。"",""explanation"":""動詞「消除」。""}],""related_forms"":[""elimination""]}"
elsewhere	elsewhere adv.	"{""headword"":""elsewhere"",""explanation"":""指「在別處」或「到別處」。常作為副詞使用，不需要介係詞。"",""entries"":[{""sentence"":""If you cannot find the book you need here, you should try looking for it <elsewhere> in the library."",""translation"":""如果你在這裡找不到你需要的書，你應該試著在圖書館的其他地方找找看。"",""explanation"":""副詞「在別處」。""},{""sentence"":""The company decided to move its factory <elsewhere> because the rent in this city has become too expensive."",""translation"":""公司決定將工廠搬到別處，因為這座城市的租金變得太貴了。"",""explanation"":""副詞「到別處」。""},{""sentence"":""He felt unhappy in his current job and started looking for opportunities <elsewhere> to advance his career."",""translation"":""他對目前的工作感到不快樂，並開始在別處尋找機會以促進他的職業生涯。"",""explanation"":""副詞「在別處」。""}],""related_forms"":[]}"
embarrass	embarrass(ment) v./(n.)	"{""headword"":""embarrass"",""explanation"":""指「使尷尬」。注意拼字，中間有兩個 r。形容詞形式為 embarrassing (令人尷尬的) 或 embarrassed (感到尷尬的)。"",""entries"":[{""sentence"":""I did not want to <embarrass> him by asking about his low test scores in front of the whole class."",""translation"":""我不想在全班面前問他關於低分成績的事，以免讓他感到尷尬。"",""explanation"":""動詞「使尷尬」。""},{""sentence"":""It was very <embarrassing> for her to realize that she had been wearing her shirt inside out all day."",""translation"":""當她發現自己整天都把襯衫穿反時，感到非常尷尬。"",""explanation"":""形容詞 embarrassing 指「令人尷尬的」。""},{""sentence"":""He felt <embarrassed> when he tripped and fell down in the middle of the crowded cafeteria during lunch."",""translation"":""當他在午餐時間於擁擠的餐廳中間絆倒摔跤時，他感到很尷尬。"",""explanation"":""形容詞 embarrassed 指「感到尷尬的」。""}],""related_forms"":[""embarrassment"",""embarrassing"",""embarrassed""]}"
embassy	embassy n.	"{""headword"":""embassy"",""explanation"":""指「大使館」。通常指派駐在國外首都的官方機構。"",""entries"":[{""sentence"":""She went to the <embassy> to apply for a visa before her trip to Europe next month."",""translation"":""她在下個月去歐洲旅行之前，去了大使館申請簽證。"",""explanation"":""名詞「大使館」。""},{""sentence"":""The <embassy> staff provided helpful information to the tourists who had lost their passports while traveling abroad."",""translation"":""大使館工作人員為在國外旅行時遺失護照的遊客提供了有用的資訊。"",""explanation"":""名詞「大使館」。""},{""sentence"":""Many people gathered outside the <embassy> to show their support for the peaceful protest happening in the country."",""translation"":""許多人聚集在大使館外，以表達他們對該國發生的和平抗議活動的支持。"",""explanation"":""名詞「大使館」。""}],""related_forms"":[]}"
emerge	emerge v.	"{""headword"":""emerge"",""explanation"":""指「出現」或「浮現」。常用於從隱藏處出現，或問題、事實的顯現。"",""entries"":[{""sentence"":""The sun began to <emerge> from behind the clouds, and the sky turned a beautiful shade of orange."",""translation"":""太陽開始從雲層後出現，天空變成了美麗的橘色。"",""explanation"":""動詞「出現」。""},{""sentence"":""New evidence has <emerged> that might change the outcome of the investigation into the mysterious accident."",""translation"":""新的證據已經浮現，這可能會改變對這起神秘事故的調查結果。"",""explanation"":""動詞「浮現/顯現」。""},{""sentence"":""After the long winter, small green plants started to <emerge> from the soil in the garden."",""translation"":""漫長的冬天過後，小小的綠色植物開始從花園的土壤中冒出來。"",""explanation"":""動詞「出現」。""}],""related_forms"":[""emergence"",""emergency""]}"
emphasis	emphasis n.	"{""headword"":""emphasis"",""explanation"":""指「強調」。常用搭配 place/put emphasis on sth。注意複數形式為 emphases。"",""entries"":[{""sentence"":""The school *places* great <emphasis> *on* the importance of teamwork and communication in all student projects."",""translation"":""學校在所有學生專案中都非常強調團隊合作與溝通的重要性。"",""explanation"":""名詞「強調」。place emphasis on 為固定搭配。""},{""sentence"":""In his speech, the principal *put* special <emphasis> *on* the need for students to develop good study habits."",""translation"":""校長在演講中特別強調學生培養良好讀書習慣的必要性。"",""explanation"":""名詞「強調」。put emphasis on 為固定搭配。""},{""sentence"":""There is a strong <emphasis> *on* learning practical skills in this vocational training program."",""translation"":""這個職業訓練課程非常強調學習實用技能。"",""explanation"":""名詞「強調」。""}],""related_forms"":[""emphasize""]}"
empire	empire n.	"{""headword"":""empire"",""explanation"":""指「帝國」。可用於歷史背景，也可引申為龐大的企業組織。"",""entries"":[{""sentence"":""The Roman <empire> was one of the most powerful and influential civilizations in human history."",""translation"":""羅馬帝國是人類歷史上最強大且最具影響力的文明之一。"",""explanation"":""名詞「帝國」。""},{""sentence"":""He worked hard for many years to build his business <empire> from a small local shop into a global company."",""translation"":""他努力工作多年，將他的商業帝國從一家小型地方商店建立成一家全球性公司。"",""explanation"":""名詞「帝國」。此處引申為龐大的企業。""},{""sentence"":""The fall of the <empire> led to many changes in the political and social structure of the region."",""translation"":""帝國的滅亡導致該地區政治和社會結構的許多改變。"",""explanation"":""名詞「帝國」。""}],""related_forms"":[""emperor""]}"
enclose	enclose v.	"{""headword"":""enclose"",""explanation"":""指「圍住」或「隨信附上」。常見於書信用語。"",""entries"":[{""sentence"":""The garden is <enclosed> by a high stone wall to keep the animals safe and provide some privacy."",""translation"":""花園被一道高高的石牆圍住，以確保動物的安全並提供一些隱私。"",""explanation"":""動詞「圍住」。""},{""sentence"":""I have <enclosed> a copy of my resume with this letter for your review and consideration."",""translation"":""我已隨信附上一份我的履歷表，供您審閱與考慮。"",""explanation"":""動詞「隨信附上」。常見於商務書信。""},{""sentence"":""The park is <enclosed> within the city center, offering a quiet place for people to relax."",""translation"":""這座公園被圍在市中心內，為人們提供了一個放鬆的安靜場所。"",""explanation"":""動詞「圍住」。""}],""related_forms"":[""enclosure""]}"
encounter	encounter n./v.	"{""headword"":""encounter"",""explanation"":""指「遭遇」或「偶遇」。可作名詞或動詞。"",""entries"":[{""sentence"":""During our hike in the mountains, we did not <encounter> any wild animals, which was a relief for everyone."",""translation"":""在我們山中健行時，我們沒有遇到任何野生動物，這讓每個人都鬆了一口氣。"",""explanation"":""動詞「遭遇」。""},{""sentence"":""She had a pleasant <encounter> with her old teacher at the supermarket yesterday afternoon."",""translation"":""她昨天下午在超市與她的老師有了一次愉快的偶遇。"",""explanation"":""名詞「偶遇」。""},{""sentence"":""We might <encounter> some difficulties when we start the new project, but we are prepared to solve them together."",""translation"":""我們在開始新專案時可能會遇到一些困難，但我們準備好一起解決它們了。"",""explanation"":""動詞「遭遇」。常與 difficulties, problems 搭配。""}],""related_forms"":[]}"
endanger	endanger v.	"{""headword"":""endanger"",""explanation"":""指「使危險」。常用被動語態 be endangered (瀕臨絕種的)。"",""entries"":[{""sentence"":""Pollution and climate change continue to <endanger> the lives of many species in the ocean."",""translation"":""污染和氣候變遷持續危及海洋中許多物種的生命。"",""explanation"":""動詞「危及」。""},{""sentence"":""The giant panda is an <endangered> species, and many organizations are working hard to protect its natural habitat."",""translation"":""大貓熊是瀕臨絕種的物種，許多組織正努力保護牠們的自然棲息地。"",""explanation"":""形容詞 endangered 指「瀕臨絕種的」。""},{""sentence"":""Driving too fast in bad weather will <endanger> not only your own life but also the lives of other drivers."",""translation"":""在惡劣天氣下開車太快不僅會危及你自己的生命，也會危及其他駕駛的生命。"",""explanation"":""動詞「危及」。""}],""related_forms"":[""danger"",""dangerous""]}"
endure	endure v.	"{""headword"":""endure"",""explanation"":""指「忍受」或「持久」。"",""entries"":[{""sentence"":""The athletes had to <endure> extreme heat and humidity during the long marathon race this summer."",""translation"":""運動員在今年夏天的馬拉松長跑中必須忍受極端的炎熱和潮濕。"",""explanation"":""動詞「忍受」。""},{""sentence"":""True friendship is something that can <endure> through many years of separation and different life experiences."",""translation"":""真正的友誼是可以經歷多年分離和不同人生經驗而持久的。"",""explanation"":""動詞「持久」。""},{""sentence"":""She had to <endure> a lot of pain after the surgery, but she remained positive throughout her recovery."",""translation"":""她在手術後必須忍受許多疼痛，但她在整個恢復期間都保持樂觀。"",""explanation"":""動詞「忍受」。""}],""related_forms"":[""endurance""]}"
enforce	enforce(ment) v./(n.)	"{""headword"":""enforce"",""explanation"":""指「執行」或「強制實施」。常用於法律、規則或政策。"",""entries"":[{""sentence"":""The police are responsible for <enforcing> the traffic laws to ensure the safety of all road users."",""translation"":""警方有責任執行交通法規，以確保所有道路使用者的安全。"",""explanation"":""動詞「執行」。""},{""sentence"":""The <enforcement> of the new school rules has led to a quieter and more focused learning environment for everyone."",""translation"":""新校規的執行為每個人帶來了一個更安靜、更專注的學習環境。"",""explanation"":""名詞 enforcement 指「執行/實施」。""},{""sentence"":""It is difficult to <enforce> these regulations when many people do not fully understand why they are necessary."",""translation"":""當許多人並不完全理解這些規定為何必要時，要執行它們是很困難的。"",""explanation"":""動詞「執行」。""}],""related_forms"":[""enforcement""]}"
engineering	engineering n.	"{""headword"":""engineering"",""explanation"":""指「工程學」。常見搭配 civil engineering, mechanical engineering。"",""entries"":[{""sentence"":""He decided to study <engineering> at university because he has always been interested in how machines work."",""translation"":""他決定在大學學習工程學，因為他一直對機器如何運作很感興趣。"",""explanation"":""名詞「工程學」。""},{""sentence"":""The bridge is a great achievement in modern <engineering>, connecting the two sides of the river perfectly."",""translation"":""這座橋是現代工程學的一大成就，完美地連接了河流的兩岸。"",""explanation"":""名詞「工程學」。""},{""sentence"":""Many students choose a career in <engineering> because it offers many opportunities to solve real-world problems."",""translation"":""許多學生選擇工程學作為職業，因為它提供了許多解決現實世界問題的機會。"",""explanation"":""名詞「工程學」。""}],""related_forms"":[""engineer""]}"
enlarge	enlarge(ment) v./(n.)	"{""headword"":""enlarge"",""explanation"":""動詞「擴大/放大」；名詞 enlargement「擴大/擴建」。常與圖片、空間或規模搭配。注意拼字變化，去e加ing。"",""entries"":[{""sentence"":""The photographer decided to <enlarge> the *digital photo* so that everyone could see the details clearly."",""translation"":""攝影師決定將這張數位照片放大，這樣每個人都能清楚地看到細節。"",""explanation"":""動詞「放大」。常用於照片或影像。""},{""sentence"":""The city council plans to <enlarge> the *public library* to provide more space for students to study."",""translation"":""市議會計畫擴建公共圖書館，為學生提供更多學習空間。"",""explanation"":""動詞「擴建/擴大」。指空間或規模的增加。""},{""sentence"":""The <enlargement> *of* the factory will create many new job opportunities for the local people."",""translation"":""工廠的擴建將為當地居民創造許多新的就業機會。"",""explanation"":""名詞「擴建」。注意介係詞 of 的使用。""}],""related_forms"":[""enlargement"",""enlarges"",""enlarging""]}"
enormous	enormous adj.	"{""headword"":""enormous"",""explanation"":""形容詞「巨大的/龐大的」。與 huge 或 giant 同義，但語氣更強烈。常修飾數量、體積或影響力。"",""entries"":[{""sentence"":""The construction project requires an <enormous> *amount of* money and effort to complete on time."",""translation"":""這項建設工程需要巨大的資金和努力才能準時完成。"",""explanation"":""形容詞「巨大的」。常與 amount of 搭配。""},{""sentence"":""There is an <enormous> *difference* between the two candidates' opinions on how to improve the economy."",""translation"":""兩位候選人在如何改善經濟的看法上有巨大的差異。"",""explanation"":""形容詞「巨大的」。修飾抽象名詞 difference。""},{""sentence"":""The whale is an <enormous> *creature* that lives deep in the ocean, far away from the coast."",""translation"":""鯨魚是一種生活在遠離海岸的深海中的巨大生物。"",""explanation"":""形容詞「巨大的」。修飾實體生物。""}],""related_forms"":[""enormously""]}"
ensure	ensure v.	"{""headword"":""ensure"",""explanation"":""動詞「確保/保證」。用法：ensure that + 子句；ensure sth.；ensure sb. sth.。常與 success, safety 搭配。"",""entries"":[{""sentence"":""Please check your luggage again to <ensure> *that* you have not left anything important behind."",""translation"":""請再次檢查你的行李，以確保你沒有遺漏任何重要的東西。"",""explanation"":""動詞「確保」。後接 that 子句。""},{""sentence"":""The school has taken strict measures to <ensure> the *safety of* all students during the field trip."",""translation"":""學校已採取嚴格措施，以確保所有學生在校外教學期間的安全。"",""explanation"":""動詞「確保」。常用搭配 ensure the safety of。""},{""sentence"":""Hard work and careful planning are the best ways to <ensure> *future success* in your career."",""translation"":""努力工作和謹慎規劃是確保未來職業生涯成功的最佳途徑。"",""explanation"":""動詞「確保」。常用搭配 ensure success。""}],""related_forms"":[""ensures"",""ensuring"",""ensured""]}"
entertain	entertain(ment) v./(n.)	"{""headword"":""entertain"",""explanation"":""動詞「娛樂/款待」；名詞 entertainment「娛樂」。常用於形容表演、活動或對客人的款待。"",""entries"":[{""sentence"":""The street performers tried to <entertain> the *crowd of* tourists with their amazing magic tricks."",""translation"":""街頭藝人試圖用他們神奇的魔術來娛樂那群遊客。"",""explanation"":""動詞「娛樂」。指提供表演讓他人開心。""},{""sentence"":""My parents often <entertain> *guests* at home by cooking a delicious dinner on weekends."",""translation"":""我的父母週末常在家裡做一頓美味的晚餐來款待客人。"",""explanation"":""動詞「款待」。指招待客人。""},{""sentence"":""The city offers a wide variety of <entertainment>, such as movies, concerts, and art exhibitions."",""translation"":""這座城市提供多樣化的娛樂活動，例如電影、音樂會和藝術展覽。"",""explanation"":""名詞「娛樂」。不可數名詞。""}],""related_forms"":[""entertainment"",""entertainer"",""entertaining""]}"
enthusiasm	enthusiasm n.	"{""headword"":""enthusiasm"",""explanation"":""名詞「熱忱/熱情」。常用搭配：show/have enthusiasm for。注意拼字，中間有 th 和 u。"",""entries"":[{""sentence"":""The young teacher showed great <enthusiasm> *for* teaching, which inspired all the students in the class."",""translation"":""這位年輕老師展現了對教學的極大熱忱，這啟發了班上所有的學生。"",""explanation"":""名詞「熱忱」。常用搭配 enthusiasm for。""},{""sentence"":""Despite the heavy rain, the fans cheered with <enthusiasm> *during* the entire baseball game."",""translation"":""儘管下著大雨，球迷們在整場棒球比賽中仍熱情地歡呼。"",""explanation"":""名詞「熱情」。表示情緒高昂。""},{""sentence"":""He accepted the new project with <enthusiasm>, eager to show his skills to the manager."",""translation"":""他熱情地接受了這個新專案，渴望向經理展示他的技能。"",""explanation"":""名詞「熱忱」。表示積極的態度。""}],""related_forms"":[""enthusiastic"",""enthusiast""]}"
equality	equality n.	"{""headword"":""equality"",""explanation"":""名詞「平等」。常與 gender, social, racial 搭配。強調權利或地位的對等。"",""entries"":[{""sentence"":""The organization works hard to promote *gender* <equality> in the workplace and in society."",""translation"":""該組織致力於促進職場和社會中的性別平等。"",""explanation"":""名詞「平等」。常用搭配 gender equality。""},{""sentence"":""Everyone deserves to be treated with respect and <equality>, regardless of their background or beliefs."",""translation"":""每個人都值得被平等且尊重地對待，無論他們的背景或信仰為何。"",""explanation"":""名詞「平等」。指對待方式的公平。""},{""sentence"":""The government is trying to achieve *social* <equality> by providing better education for poor children."",""translation"":""政府正試圖透過為貧困兒童提供更好的教育來實現社會平等。"",""explanation"":""名詞「平等」。常用搭配 social equality。""}],""related_forms"":[""equal"",""equally""]}"
equip	equip(ment) v./(n.)	"{""headword"":""equip"",""explanation"":""動詞「裝備/配備」；名詞 equipment「設備/器材」。常用搭配：equip A with B (用B裝備A)。注意 equipment 是不可數名詞。"",""entries"":[{""sentence"":""The school decided to <equip> *every classroom* *with* a new computer and a projector."",""translation"":""學校決定為每間教室配備一台新電腦和投影機。"",""explanation"":""動詞「配備」。常用搭配 equip A with B。""},{""sentence"":""Before going hiking in the mountains, you should make sure you have the right <equipment>."",""translation"":""在去山裡健行之前，你應該確保你有正確的裝備。"",""explanation"":""名詞「裝備」。不可數名詞，不可加 s。""},{""sentence"":""The laboratory is well <equipped> *with* modern tools for scientific research."",""translation"":""這間實驗室配備了完善的現代化科學研究工具。"",""explanation"":""動詞過去分詞作形容詞。常用搭配 be equipped with。""}],""related_forms"":[""equipment"",""equipping"",""equipped""]}"
era	era n.	"{""headword"":""era"",""explanation"":""名詞「時代/紀元」。指具有特定特徵的歷史時期。"",""entries"":[{""sentence"":""We are living in an <era> *of* rapid technological change, where new inventions appear every day."",""translation"":""我們生活在一個科技快速變遷的時代，每天都有新的發明出現。"",""explanation"":""名詞「時代」。常用搭配 an era of。""},{""sentence"":""The invention of the internet marked the beginning of a new <era> *in* global communication."",""translation"":""網際網路的發明標誌著全球通訊新時代的開始。"",""explanation"":""名詞「時代」。常用搭配 an era in。""},{""sentence"":""Many people believe that the <era> *of* fossil fuels will soon end as green energy becomes popular."",""translation"":""許多人相信，隨著綠色能源變得普及，化石燃料的時代將很快結束。"",""explanation"":""名詞「時代」。指特定能源主導的時期。""}],""related_forms"":[]}"
essential	essential adj./n.	"{""headword"":""essential"",""explanation"":""形容詞「必要的/不可或缺的」；名詞「必需品」。用法：It is essential that... (that子句動詞用原形)。"",""entries"":[{""sentence"":""It is <essential> *that* every student *attend* the meeting to discuss the upcoming school event."",""translation"":""每位學生都必須參加會議，討論即將到來的學校活動。"",""explanation"":""形容詞「必要的」。It is essential that 後接原形動詞。""},{""sentence"":""Water and food are <essential> *for* human survival, especially in hot and dry climates."",""translation"":""水和食物對人類生存至關重要，尤其是在炎熱乾燥的氣候中。"",""explanation"":""形容詞「必要的」。常用搭配 essential for。""},{""sentence"":""Before you start the journey, make sure you pack all the <essentials> *like* medicine and warm clothes."",""translation"":""在你開始旅程之前，確保你打包了所有必需品，像是藥品和保暖衣物。"",""explanation"":""名詞「必需品」。常用複數形 essentials。""}],""related_forms"":[""essentially""]}"
establish	establish(ment) v./(n.)	"{""headword"":""establish"",""explanation"":""動詞「建立/設立」；名詞 establishment「建立/機構」。常指建立公司、制度或關係。"",""entries"":[{""sentence"":""The company was <established> *in* 1990, and it has grown into a global business today."",""translation"":""這家公司成立於1990年，如今已成長為一家全球性企業。"",""explanation"":""動詞「建立」。常用於公司或組織。""},{""sentence"":""It is important to <establish> *a good relationship* with your neighbors to live in peace."",""translation"":""與鄰居建立良好的關係對於和平生活很重要。"",""explanation"":""動詞「建立」。常用搭配 establish a relationship。""},{""sentence"":""The <establishment> *of* the new park has provided a great place for families to relax."",""translation"":""新公園的建立為家庭提供了一個放鬆的好地方。"",""explanation"":""名詞「建立」。指設立的過程或結果。""}],""related_forms"":[""establishment"",""establishes"",""establishing""]}"
estimate	estimate n./v.	"{""headword"":""estimate"",""explanation"":""動詞「估計」；名詞「估計值」。注意發音，動詞結尾為 -ate 發 [et]，名詞結尾發 [ət]。"",""entries"":[{""sentence"":""Experts <estimate> *that* the population of this city will reach one million within ten years."",""translation"":""專家估計這座城市的人口將在十年內達到一百萬。"",""explanation"":""動詞「估計」。後接 that 子句。""},{""sentence"":""The repair cost is just an <estimate>; the final price might be higher depending on the parts."",""translation"":""維修費用只是一個估計值；最終價格可能會根據零件而更高。"",""explanation"":""名詞「估計值」。指粗略的計算。""},{""sentence"":""It is hard to <estimate> *the number of* people who will attend the concert this weekend."",""translation"":""很難估計這個週末會有多少人參加音樂會。"",""explanation"":""動詞「估計」。常用搭配 estimate the number of。""}],""related_forms"":[""estimated"",""estimation""]}"
ethnic	ethnic adj./n.	"{""headword"":""ethnic"",""explanation"":""形容詞「種族的/民族的」。指與特定文化或族群相關的特徵。"",""entries"":[{""sentence"":""The country is home to many different <ethnic> *groups*, each with its own unique language and traditions."",""translation"":""這個國家是許多不同種族群體的家園，每個群體都有自己獨特的語言和傳統。"",""explanation"":""形容詞「種族的」。常用搭配 ethnic groups。""},{""sentence"":""The restaurant serves a variety of <ethnic> *food*, including dishes from Thailand, India, and Mexico."",""translation"":""這家餐廳供應各種民族風味的食物，包括來自泰國、印度和墨西哥的菜餚。"",""explanation"":""形容詞「民族的」。指特定文化的食物。""},{""sentence"":""We should respect the <ethnic> *diversity* of our society and learn from each other's cultures."",""translation"":""我們應該尊重社會的種族多樣性，並學習彼此的文化。"",""explanation"":""形容詞「種族的」。常用搭配 ethnic diversity。""}],""related_forms"":[""ethnicity""]}"
evaluate	evaluate v.	"{""headword"":""evaluate"",""explanation"":""動詞「評估/評價」。指對某事物的價值或表現進行判斷。"",""entries"":[{""sentence"":""Teachers often <evaluate> *students'* *performance* based on their homework, tests, and class participation."",""translation"":""老師通常根據學生的作業、考試和課堂參與度來評估他們的表現。"",""explanation"":""動詞「評估」。常用搭配 evaluate performance。""},{""sentence"":""Before buying a new car, you should <evaluate> *the pros and cons* to make a wise decision."",""translation"":""在買新車之前，你應該評估優缺點，以做出明智的決定。"",""explanation"":""動詞「評估」。常用搭配 evaluate the pros and cons。""},{""sentence"":""The manager needs more time to <evaluate> the *new plan* before deciding whether to support it."",""translation"":""經理需要更多時間來評估這個新計畫，再決定是否支持它。"",""explanation"":""動詞「評估」。指審慎考慮。""}],""related_forms"":[""evaluation"",""evaluates"",""evaluating""]}"
evaluation	evaluation n.	"{""headword"":""evaluation"",""explanation"":""名詞「評估/評價」。指對表現或價值的正式判斷。"",""entries"":[{""sentence"":""The final <evaluation> *of* the project will take place at the end of the semester."",""translation"":""該專案的最終評估將在學期末進行。"",""explanation"":""名詞「評估」。常用搭配 evaluation of。""},{""sentence"":""After a careful <evaluation>, the committee decided that the proposal was not suitable for the company."",""translation"":""經過仔細評估後，委員會認為該提案不適合公司。"",""explanation"":""名詞「評估」。指經過深思熟慮的判斷。""},{""sentence"":""Students can improve their work by listening to the teacher's <evaluation> *and* suggestions."",""translation"":""學生可以透過聽取老師的評價和建議來改進他們的作品。"",""explanation"":""名詞「評價」。指回饋意見。""}],""related_forms"":[""evaluate""]}"
eventual	eventual adj.	"{""headword"":""eventual"",""explanation"":""形容詞「最終的/結果的」。指經過一段時間後發生的事情。"",""entries"":[{""sentence"":""Despite many difficulties, their <eventual> *success* was the result of hard work and persistence."",""translation"":""儘管困難重重，他們最終的成功是努力工作和堅持不懈的結果。"",""explanation"":""形容詞「最終的」。常用搭配 eventual success。""},{""sentence"":""The <eventual> *goal* of the project is to provide clean water to all people in the village."",""translation"":""該專案的最終目標是為村裡的所有人提供乾淨的水。"",""explanation"":""形容詞「最終的」。常用搭配 eventual goal。""},{""sentence"":""We were worried about the <eventual> *outcome* of the election, but the results were peaceful."",""translation"":""我們很擔心選舉的最終結果，但結果很和平。"",""explanation"":""形容詞「最終的」。常用搭配 eventual outcome。""}],""related_forms"":[""eventually""]}"
evidence	evidence n./v.	"{""headword"":""evidence"",""explanation"":""名詞「證據/跡象」；動詞「證明」。名詞為不可數，若要表示「一項證據」需用 a piece of evidence。"",""entries"":[{""sentence"":""The police found enough <evidence> *to* prove that the man was guilty of the crime."",""translation"":""警方找到了足夠的證據來證明該男子犯了罪。"",""explanation"":""名詞「證據」。不可數名詞。""},{""sentence"":""There is no <evidence> *that* the new medicine has any serious side effects on patients."",""translation"":""沒有證據顯示這種新藥對病患有任何嚴重的副作用。"",""explanation"":""名詞「證據」。後接 that 子句。""},{""sentence"":""The scientist's research <evidences> *the fact* that climate change is affecting our daily lives."",""translation"":""這位科學家的研究證明了氣候變遷正在影響我們日常生活的事實。"",""explanation"":""動詞「證明」。較正式的用法。""}],""related_forms"":[""evident""]}"
evident	evident adj.	"{""headword"":""evident"",""explanation"":""形容詞「明顯的/顯而易見的」。與 obvious 同義。常用搭配：It is evident that...。"",""entries"":[{""sentence"":""It is <evident> *that* the team worked very hard to win the championship this year."",""translation"":""顯而易見，這支隊伍為了贏得今年的冠軍非常努力。"",""explanation"":""形容詞「明顯的」。常用句型 It is evident that。""},{""sentence"":""The change in her attitude was <evident> *to* everyone who talked to her today."",""translation"":""她態度的轉變對今天跟她交談的每個人來說都很明顯。"",""explanation"":""形容詞「明顯的」。常用搭配 evident to sb.""},{""sentence"":""His disappointment was <evident> *in* his voice when he heard the bad news."",""translation"":""當他聽到壞消息時，他的失望在語氣中顯而易見。"",""explanation"":""形容詞「明顯的」。指情緒表現明顯。""}],""related_forms"":[""evidence"",""evidently""]}"
exaggerate	exaggerate v.	"{""headword"":""exaggerate"",""explanation"":""動詞「誇張/誇大」。指把事情說得比實際情況更嚴重或更重要。"",""entries"":[{""sentence"":""Don't <exaggerate> *the story*; just tell me exactly what happened at the party last night."",""translation"":""不要誇大故事；只要告訴我昨晚派對上到底發生了什麼事。"",""explanation"":""動詞「誇張」。指誇大事實。""},{""sentence"":""He tends to <exaggerate> *his achievements* to make himself look more impressive to others."",""translation"":""他傾向於誇大自己的成就，好讓自己在別人眼中看起來更令人印象深刻。"",""explanation"":""動詞「誇大」。常用搭配 exaggerate one's achievements。""},{""sentence"":""It is common for people to <exaggerate> *the size of* the fish they caught during their fishing trip."",""translation"":""人們在釣魚之旅中誇大他們釣到的魚的大小是很常見的。"",""explanation"":""動詞「誇大」。指誇大數量或尺寸。""}],""related_forms"":[""exaggerated"",""exaggeration""]}"
exception	exception n.	"{""headword"":""exception"",""explanation"":""名詞「例外」。常用搭配：make an exception (破例)；with the exception of (除了...之外)。"",""entries"":[{""sentence"":""Everyone must follow the school rules, and the teacher will not <make an exception> *for* anyone."",""translation"":""每個人都必須遵守校規，老師不會為任何人破例。"",""explanation"":""片語 make an exception。注意介係詞 for。""},{""sentence"":""<With the exception of> *the last question*, I found the math test quite easy to finish."",""translation"":""除了最後一題之外，我覺得數學考試很容易完成。"",""explanation"":""片語 with the exception of = except for。""},{""sentence"":""Most of the students passed the exam, with only a few <exceptions> *in* the class."",""translation"":""班上大多數學生都通過了考試，只有少數例外。"",""explanation"":""名詞「例外」。指不符合一般情況的人或事。""}],""related_forms"":[""except"",""exceptional""]}"
exhaust	exhaust n./v.	"{""headword"":""exhaust"",""explanation"":""動詞「使筋疲力盡/耗盡」；名詞「廢氣」。常用被動語態 exhausted (感到疲憊的) 或主動語態 exhausting (令人疲憊的)。"",""entries"":[{""sentence"":""The long hike up the mountain <exhausted> *all of* the students, so they slept early that night."",""translation"":""漫長的登山健行讓所有學生都筋疲力盡，所以他們那天晚上很早就睡了。"",""explanation"":""動詞「使筋疲力盡」。""},{""sentence"":""We have <exhausted> *our supply of* water, so we need to find a new source immediately."",""translation"":""我們已經耗盡了水資源，所以我們需要立即找到新的水源。"",""explanation"":""動詞「耗盡」。指用光資源。""},{""sentence"":""The <exhaust> *from* the cars in the city center makes the air quality very poor."",""translation"":""市中心汽車排放的廢氣使得空氣品質非常差。"",""explanation"":""名詞「廢氣」。指引擎排出的氣體。""}],""related_forms"":[""exhausted"",""exhausting"",""exhaustion""]}"
exhibit	exhibit n./v.	"{""headword"":""exhibit"",""explanation"":""名詞指「展覽品/展覽會」；動詞指「展現/陳列」。注意動詞用法常與 display 互換，名詞則常指具體的展出物。"",""entries"":[{""sentence"":""The museum <exhibits> *a* wide *range* of ancient pottery, attracting thousands of visitors from all over the world every summer."",""translation"":""博物館展出各式各樣的古代陶器，每年夏天吸引來自世界各地的數千名遊客。"",""explanation"":""動詞用法，意為「展出/陳列」。常用搭配 exhibit a range of sth。""},{""sentence"":""The young artist <exhibited> *great* *talent* for painting during the school art competition, surprising all the teachers and judges."",""translation"":""那位年輕藝術家在學校美術比賽中展現了極高的繪畫天賦，讓所有老師和評審感到驚訝。"",""explanation"":""動詞用法，意為「展現/顯露」。常用搭配 exhibit talent/ability。""},{""sentence"":""Visitors are not allowed to touch any of the <exhibits> *in* the gallery to ensure the safety of these valuable historical items."",""translation"":""為了確保這些珍貴歷史文物的安全，參觀者不得觸摸畫廊內的任何展覽品。"",""explanation"":""名詞用法，意為「展覽品」。""}],""related_forms"":[""exhibits"",""exhibited"",""exhibiting"",""exhibition""]}"
expand	expand v.	"{""headword"":""expand"",""explanation"":""動詞「擴張/擴大」。注意與 extend 的區別，expand 多指體積、範圍或規模的增加。"",""entries"":[{""sentence"":""The company plans to <expand> *its* *business* *into* international markets to increase its annual revenue and global influence."",""translation"":""公司計劃將業務擴展到國際市場，以增加年度營收和全球影響力。"",""explanation"":""動詞用法，指業務規模的擴張。常用搭配 expand into markets。""},{""sentence"":""Water <expands> *when* it *freezes*, which is why you should not fill a glass bottle completely with water before putting it in the freezer."",""translation"":""水結冰時會膨脹，這就是為什麼你不應該在放入冷凍庫前將玻璃瓶裝滿水。"",""explanation"":""動詞用法，指物理上的膨脹。""},{""sentence"":""The city government decided to <expand> *the* *public* *transportation* system to reduce traffic congestion during rush hours."",""translation"":""市政府決定擴大公共交通系統，以減少尖峰時刻的交通擁堵。"",""explanation"":""動詞用法，指系統或規模的擴大。""}],""related_forms"":[""expands"",""expanded"",""expanding""]}"
expansion	expansion n.	"{""headword"":""expansion"",""explanation"":""名詞「擴張/膨脹」。常指經濟、領土或規模的成長。"",""entries"":[{""sentence"":""The rapid <expansion> *of* the internet has changed the way people communicate and access information in their daily lives."",""translation"":""網際網路的快速擴張改變了人們在日常生活中溝通和獲取資訊的方式。"",""explanation"":""名詞用法，指科技或影響力的擴張。""},{""sentence"":""Economic <expansion> *leads* *to* more job opportunities, which helps improve the overall standard of living for the citizens."",""translation"":""經濟擴張帶來更多就業機會，這有助於提升公民的整體生活水準。"",""explanation"":""名詞用法，指經濟成長。""},{""sentence"":""The company's recent <expansion> *into* new regions has brought both great success and many new challenges for the management team."",""translation"":""公司最近向新地區的擴張，為管理團隊帶來了巨大的成功，也帶來了許多新的挑戰。"",""explanation"":""名詞用法，指市場或地理範圍的擴張。""}],""related_forms"":[""expansions""]}"
experimental	experimental adj.	"{""headword"":""experimental"",""explanation"":""形容詞「實驗性的/試驗性的」。指處於測試階段或用於科學實驗。"",""entries"":[{""sentence"":""The scientists are conducting an <experimental> *study* *to* determine whether the new medicine is effective against the virus."",""translation"":""科學家們正在進行一項實驗性研究，以確定這種新藥是否對該病毒有效。"",""explanation"":""形容詞用法，修飾研究。""},{""sentence"":""This <experimental> *method* *of* teaching has proven to be very popular among students who prefer hands-on learning activities."",""translation"":""這種實驗性的教學方法已被證明在喜歡動手學習活動的學生中非常受歡迎。"",""explanation"":""形容詞用法，指創新的或處於測試階段的方法。""},{""sentence"":""The car is still at an <experimental> *stage*, so it is not yet ready for mass production or public sale."",""translation"":""這輛車仍處於實驗階段，因此尚未準備好進行量產或公開銷售。"",""explanation"":""形容詞用法，指處於測試階段的狀態。""}],""related_forms"":[""experiment""]}"
explanation	explanation n.	"{""headword"":""explanation"",""explanation"":""名詞「解釋/說明」。常見搭配 give/provide an explanation for sth。"",""entries"":[{""sentence"":""The teacher asked the student to provide a clear <explanation> *for* his absence from class yesterday morning."",""translation"":""老師要求學生為他昨天早上缺席課堂提供一個清楚的解釋。"",""explanation"":""名詞用法，指對某事的解釋。注意介係詞 for。""},{""sentence"":""There is no simple <explanation> *for* why the weather has been so unpredictable throughout this entire month."",""translation"":""對於為什麼這個月的天氣一直如此難以預測，並沒有簡單的解釋。"",""explanation"":""名詞用法，指對現象的說明。""},{""sentence"":""After a brief <explanation> *of* the rules, the game finally started, and everyone was excited to participate."",""translation"":""在對規則進行簡短說明後，遊戲終於開始了，每個人都很興奮地參與其中。"",""explanation"":""名詞用法，指對規則或程序的說明。""}],""related_forms"":[""explanations""]}"
explosion	explosion n.	"{""headword"":""explosion"",""explanation"":""名詞「爆炸/爆發」。可用於物理爆炸，也可用於指數量或現象的激增。"",""entries"":[{""sentence"":""The loud <explosion> *caused* *by* the gas leak damaged several buildings in the neighborhood early this morning."",""translation"":""今天清晨由瓦斯外洩引起的巨大爆炸損壞了附近幾棟建築物。"",""explanation"":""名詞用法，指物理上的爆炸。""},{""sentence"":""The sudden <explosion> *of* interest in AI technology has led many students to choose computer science as their major."",""translation"":""對人工智慧技術興趣的突然激增，導致許多學生選擇電腦科學作為主修。"",""explanation"":""名詞用法，指興趣或現象的激增。""},{""sentence"":""Firefighters arrived quickly to prevent another <explosion> *at* the factory after the first fire broke out."",""translation"":""在第一次火災發生後，消防員迅速趕到以防止工廠發生另一次爆炸。"",""explanation"":""名詞用法，指潛在的爆炸危險。""}],""related_forms"":[""explosions""]}"
explosive	explosive adj./n.	"{""headword"":""explosive"",""explanation"":""形容詞「爆炸性的/易爆的」；名詞「炸藥」。形容詞也可用於形容情緒或局勢一觸即發。"",""entries"":[{""sentence"":""The police warned the public to stay away from the area because of the <explosive> *materials* found in the abandoned warehouse."",""translation"":""警方警告大眾遠離該區域，因為在廢棄倉庫中發現了爆炸性物質。"",""explanation"":""形容詞用法，指易爆的物質。""},{""sentence"":""The politician's <explosive> *remarks* *about* the new policy caused a heated debate among the members of the parliament."",""translation"":""那位政治人物關於新政策的爆炸性言論，在國會議員之間引發了激烈的辯論。"",""explanation"":""形容詞用法，指引起強烈反應的言論。""},{""sentence"":""The soldiers carefully handled the <explosives> *to* ensure that no accidents would occur during the construction project."",""translation"":""士兵們小心地處理炸藥，以確保在施工過程中不會發生任何意外。"",""explanation"":""名詞用法，指炸藥。""}],""related_forms"":[""explosives""]}"
expose	expose v.	"{""headword"":""expose"",""explanation"":""動詞「暴露/揭露」。常用搭配 expose A to B (使 A 接觸 B) 或 expose the truth (揭露真相)。"",""entries"":[{""sentence"":""You should wear sunscreen to avoid <exposing> *your* *skin* *to* the harmful ultraviolet rays of the sun."",""translation"":""你應該擦防曬乳，以避免皮膚暴露在太陽有害的紫外線下。"",""explanation"":""動詞用法，指使接觸。常用搭配 expose to。""},{""sentence"":""The investigative reporter worked hard to <expose> *the* *corruption* *within* the local government and bring justice to the people."",""translation"":""那位調查記者努力揭露地方政府內部的貪腐，並為人民伸張正義。"",""explanation"":""動詞用法，指揭露真相或醜聞。""},{""sentence"":""The children were <exposed> *to* classical music at a very young age, which helped develop their appreciation for the arts."",""translation"":""孩子們在很小的時候就接觸到古典音樂，這有助於培養他們對藝術的欣賞力。"",""explanation"":""動詞用法，指使接觸某種環境或事物。""}],""related_forms"":[""exposes"",""exposed"",""exposing""]}"
exposure	exposure n.	"{""headword"":""exposure"",""explanation"":""名詞「暴露/接觸」。常指接觸到有害物質或環境，或指曝光度。"",""entries"":[{""sentence"":""Prolonged <exposure> *to* loud noise can lead to permanent hearing loss, so it is important to protect your ears."",""translation"":""長時間暴露在巨大的噪音中會導致永久性聽力喪失，因此保護耳朵很重要。"",""explanation"":""名詞用法，指接觸到環境。常用搭配 exposure to。""},{""sentence"":""The company's <exposure> *to* financial risks increased significantly after they invested all their money in the unstable stock market."",""translation"":""在將所有資金投入不穩定的股市後，該公司面臨的財務風險顯著增加。"",""explanation"":""名詞用法，指面臨風險。""},{""sentence"":""The singer gained more <exposure> *after* appearing on the popular television show, which helped boost her music career."",""translation"":""那位歌手在參加熱門電視節目後獲得了更多曝光度，這有助於推動她的音樂事業。"",""explanation"":""名詞用法，指媒體曝光度。""}],""related_forms"":[""exposures""]}"
extend	extend v.	"{""headword"":""extend"",""explanation"":""動詞「延伸/延長」。指時間、空間或範圍的拉長。注意與 expand 的區別，extend 常指長度或期限。"",""entries"":[{""sentence"":""The government decided to <extend> *the* *deadline* *for* submitting the tax forms by two weeks to help busy citizens."",""translation"":""政府決定將提交稅務表格的截止日期延長兩週，以幫助忙碌的公民。"",""explanation"":""動詞用法，指延長時間。""},{""sentence"":""The beautiful beach <extends> *for* miles along the coast, making it a perfect place for long walks in the morning."",""translation"":""美麗的海灘沿著海岸延伸數英里，使其成為早晨散步的絕佳地點。"",""explanation"":""動詞用法，指空間上的延伸。""},{""sentence"":""I would like to <extend> *my* *sincere* *thanks* to everyone who helped me complete this difficult project on time."",""translation"":""我想向所有幫助我準時完成這個困難專案的人表達我誠摯的謝意。"",""explanation"":""動詞用法，指表達（感謝、邀請等）。""}],""related_forms"":[""extends"",""extended"",""extending""]}"
extent	extent n.	"{""headword"":""extent"",""explanation"":""名詞「程度/範圍」。常用片語 to a certain extent (在某種程度上)。"",""entries"":[{""sentence"":""The <extent> *of* the damage caused by the earthquake was much greater than what the experts had initially predicted."",""translation"":""地震造成的損害程度遠大於專家們最初的預測。"",""explanation"":""名詞用法，指損害的程度。""},{""sentence"":""To *a* *certain* <extent>, I agree with your opinion, but I still think we need to consider other factors."",""translation"":""在某種程度上，我同意你的觀點，但我仍然認為我們需要考慮其他因素。"",""explanation"":""名詞用法，固定片語 to a certain extent。""},{""sentence"":""The <extent> *of* the forest is so vast that it is impossible to explore the whole area in just one day."",""translation"":""森林的範圍非常廣闊，以至於一天之內不可能探索整個區域。"",""explanation"":""名詞用法，指地理範圍。""}],""related_forms"":[""extents""]}"
facial	facial adj.	"{""headword"":""facial"",""explanation"":""形容詞「臉部的」。常指臉部特徵或護理。"",""entries"":[{""sentence"":""The suspect was identified by his <facial> *features* *captured* by the security cameras at the entrance of the building."",""translation"":""嫌疑人是透過建築物入口處監視器捕捉到的臉部特徵而被識別出來的。"",""explanation"":""形容詞用法，修飾 features。""},{""sentence"":""She enjoys getting a <facial> *treatment* *at* the spa every month to keep her skin looking healthy and smooth."",""translation"":""她喜歡每個月在水療中心做臉部護理，以保持皮膚看起來健康光滑。"",""explanation"":""形容詞用法，指臉部護理。""},{""sentence"":""The baby made a funny <facial> *expression* when he tasted the sour lemon for the very first time."",""translation"":""當嬰兒第一次嚐到酸檸檬時，他做了一個有趣的臉部表情。"",""explanation"":""形容詞用法，修飾 expression。""}],""related_forms"":[""face""]}"
facility	facility n.	"{""headword"":""facility"",""explanation"":""名詞「設施/設備」。常指提供特定服務的場所或建築。"",""entries"":[{""sentence"":""The school has excellent sports <facilities>, including a large swimming pool, a gym, and a running track for students."",""translation"":""學校有很棒的運動設施，包括一個大游泳池、健身房和供學生使用的跑道。"",""explanation"":""名詞用法，指運動設施。常用複數。""},{""sentence"":""The new medical <facility> *provides* *high-quality* care to patients in the rural area who previously had no access to doctors."",""translation"":""這家新的醫療機構為偏鄉地區以前無法看醫生的病患提供高品質的照護。"",""explanation"":""名詞用法，指醫療機構。""},{""sentence"":""The research <facility> *is* *equipped* *with* the latest technology to help scientists conduct their experiments more efficiently."",""translation"":""該研究設施配備了最新技術，以幫助科學家更有效率地進行實驗。"",""explanation"":""名詞用法，指研究場所。""}],""related_forms"":[""facilities""]}"
faithful	faithful adj.	"{""headword"":""faithful"",""explanation"":""形容詞「忠誠的/忠實的」。指對人忠誠或對事物準確。"",""entries"":[{""sentence"":""Dogs are known for being <faithful> *companions* *to* their owners, always staying by their side through good times and bad."",""translation"":""狗以對主人忠誠的夥伴而聞名，無論好壞總是陪伴在他們身邊。"",""explanation"":""形容詞用法，指忠誠的。""},{""sentence"":""The movie is a <faithful> *adaptation* *of* the original novel, keeping all the important characters and plot twists intact."",""translation"":""這部電影是原著小說的忠實改編，保留了所有重要角色和情節轉折。"",""explanation"":""形容詞用法，指忠實的（改編或描述）。""},{""sentence"":""He has been a <faithful> *supporter* *of* the local football team for over twenty years, never missing a single game."",""translation"":""他二十多年來一直是當地足球隊的忠實支持者，從未錯過任何一場比賽。"",""explanation"":""形容詞用法，指忠實的支持者。""}],""related_forms"":[""faith"",""faithfully""]}"
fame	fame n.	"{""headword"":""fame"",""explanation"":""名詞「名聲/名氣」。常用搭配 rise to fame (成名)。"",""entries"":[{""sentence"":""The young actor rose to <fame> *after* starring in the hit movie that became a global success last year."",""translation"":""那位年輕演員在主演了去年在全球取得成功的熱門電影後成名。"",""explanation"":""名詞用法，片語 rise to fame。""},{""sentence"":""Despite his great <fame> *and* *wealth*, he remains a humble person who enjoys helping those in need."",""translation"":""儘管他擁有巨大的名聲和財富，他仍然是一個樂於幫助有需要的人的謙虛之人。"",""explanation"":""名詞用法，指名氣。""},{""sentence"":""She decided to leave the world of <fame> *behind* to live a quiet and simple life in the countryside."",""translation"":""她決定拋下名利世界，到鄉下過著平靜簡單的生活。"",""explanation"":""名詞用法，指名利。""}],""related_forms"":[""famous""]}"
fantastic	fantastic adj.	"{""headword"":""fantastic"",""explanation"":""形容詞「極好的/幻想的」。口語中常用來表示「非常棒」。"",""entries"":[{""sentence"":""We had a <fantastic> *time* *at* the beach yesterday, enjoying the warm sun and the clear blue water."",""translation"":""我們昨天在海灘玩得很開心，享受著溫暖的陽光和清澈的藍色海水。"",""explanation"":""形容詞用法，指極好的體驗。""},{""sentence"":""The author is famous for writing <fantastic> *stories* *about* magical creatures living in a hidden world."",""translation"":""這位作家以撰寫關於生活在隱藏世界中的神奇生物的幻想故事而聞名。"",""explanation"":""形容詞用法，指幻想的。""},{""sentence"":""That is a <fantastic> *idea*! I think we should start working on the project as soon as possible."",""translation"":""那真是個好主意！我想我們應該盡快開始進行這個專案。"",""explanation"":""形容詞用法，指極好的點子。""}],""related_forms"":[""fantasy""]}"
fantasy	fantasy n.	"{""headword"":""fantasy"",""explanation"":""名詞「幻想/奇幻作品」。指想像中的事物或文學類型。"",""entries"":[{""sentence"":""Living on a deserted island is just a <fantasy> *for* most people, but for some, it is a dream they want to achieve."",""translation"":""住在荒島對大多數人來說只是一種幻想，但對某些人來說，這是他們想要實現的夢想。"",""explanation"":""名詞用法，指幻想。""},{""sentence"":""He loves reading <fantasy> *novels* *that* take him to different worlds filled with magic and adventure."",""translation"":""他喜歡閱讀帶他進入充滿魔法和冒險的不同世界的奇幻小說。"",""explanation"":""名詞用法，指奇幻文學類型。""},{""sentence"":""It is important to distinguish between reality and <fantasy> *to* avoid becoming disappointed with your own life."",""translation"":""區分現實與幻想很重要，以避免對自己的生活感到失望。"",""explanation"":""名詞用法，指幻想。""}],""related_forms"":[""fantastic""]}"
farewell	farewell n.	"{""headword"":""farewell"",""explanation"":""名詞「告別/再見」。常用於正式場合或道別。"",""entries"":[{""sentence"":""The students held a <farewell> *party* *for* their favorite teacher who is retiring after thirty years of service."",""translation"":""學生們為他們最喜愛的老師舉辦了告別派對，該老師在服務三十年後即將退休。"",""explanation"":""名詞用法，修飾 party。""},{""sentence"":""It is always hard to say <farewell> *to* friends when you know you might not see them for a long time."",""translation"":""當你知道可能很長一段時間見不到朋友時，向他們道別總是很困難。"",""explanation"":""名詞用法，片語 say farewell to。""},{""sentence"":""The captain gave a short <farewell> *speech* *before* the ship left the harbor for the long journey ahead."",""translation"":""船長在船隻離開港口進行前方漫長旅程之前，發表了簡短的告別演說。"",""explanation"":""名詞用法，修飾 speech。""}],""related_forms"":[]}"
fasten	fasten v.	"{""headword"":""fasten"",""explanation"":""動詞「繫緊/扣上」。常用於安全帶或鈕扣。"",""entries"":[{""sentence"":""Please <fasten> *your* *seat* *belt* before the plane takes off to ensure your safety during the flight."",""translation"":""請在飛機起飛前繫好安全帶，以確保您在飛行期間的安全。"",""explanation"":""動詞用法，常用搭配 fasten seat belt。""},{""sentence"":""She <fastened> *the* *buttons* *of* her coat because the wind was blowing very hard outside."",""translation"":""她扣上了外套的鈕扣，因為外面的風吹得很大。"",""explanation"":""動詞用法，指扣上鈕扣。""},{""sentence"":""Make sure you <fasten> *the* *door* *securely* so that no one can enter the room while you are away."",""translation"":""確保你將門鎖緊，這樣在你離開時就沒有人能進入房間。"",""explanation"":""動詞用法，指鎖緊或固定。""}],""related_forms"":[""fastens"",""fastened"",""fastening""]}"
fatal	fatal adj.	"{""headword"":""fatal"",""explanation"":""形容詞「致命的」。指導致死亡或毀滅性的。"",""entries"":[{""sentence"":""The driver made a <fatal> *mistake* *by* falling asleep at the wheel, which led to a serious car accident."",""translation"":""駕駛因開車時睡著而犯了致命的錯誤，導致了一場嚴重的車禍。"",""explanation"":""形容詞用法，指致命的錯誤。""},{""sentence"":""The virus can be <fatal> *to* elderly people or those who have existing health problems, so they must be careful."",""translation"":""這種病毒對老年人或有既有健康問題的人可能是致命的，所以他們必須小心。"",""explanation"":""形容詞用法，指對某人致命。""},{""sentence"":""He suffered a <fatal> *injury* *in* the accident and passed away shortly after arriving at the hospital."",""translation"":""他在事故中受了致命傷，並在抵達醫院後不久去世。"",""explanation"":""形容詞用法，指致命的傷害。""}],""related_forms"":[""fatally""]}"
favorable	favorable adj.	"{""headword"":""favorable"",""explanation"":""形容詞「有利的、贊同的」。常搭配條件、反應或評價。注意拼字為 favorable (美式) 或 favourable (英式)。"",""entries"":[{""sentence"":""The weather conditions were <favorable> *for* the outdoor sports competition, so all the students enjoyed the game under the bright sunshine."",""translation"":""天氣條件對戶外運動競賽很有利，所以所有學生都在明亮的陽光下享受了比賽。"",""explanation"":""favorable for sth. 表示「對某事有利的」。""},{""sentence"":""The new policy received a <favorable> *response* *from* the public because it helps reduce the living costs for young families."",""translation"":""這項新政策得到了公眾的正面回應，因為它有助於降低年輕家庭的生活成本。"",""explanation"":""favorable response 表示「正面的/贊同的回應」。""},{""sentence"":""With a <favorable> *impression* *of* the candidate, the manager decided to offer him the job immediately after the interview."",""translation"":""對這位候選人有良好的印象，經理決定在面試後立即錄用他。"",""explanation"":""favorable impression 表示「良好的印象」。""}],""related_forms"":[""favor"",""favorably""]}"
fax	fax n./v.	"{""headword"":""fax"",""explanation"":""名詞「傳真」；動詞「傳真」。雖然現代通訊發達，但在商務情境中仍偶爾使用。"",""entries"":[{""sentence"":""Please <fax> the signed contract *to* our office before five o'clock so that we can process your application today."",""translation"":""請在五點前將簽署的合約傳真到我們辦公室，以便我們今天能處理您的申請。"",""explanation"":""動詞用法，fax sth. to sb. 表示「傳真某物給某人」。""},{""sentence"":""I sent a <fax> *to* the hotel to confirm my room reservation for the upcoming summer vacation."",""translation"":""我傳真了一份文件給飯店，以確認我即將到來的暑假訂房。"",""explanation"":""名詞用法，send a fax to sb. 表示「傳真給某人」。""},{""sentence"":""The <fax> *machine* *in* the library is broken, so you might need to find another way to send your documents."",""translation"":""圖書館的傳真機壞了，所以你可能需要找其他方式來寄送你的文件。"",""explanation"":""fax machine 是常見的複合名詞。""}],""related_forms"":[""faxes"",""faxed""]}"
feast	feast n./v.	"{""headword"":""feast"",""explanation"":""名詞「盛宴、節日」；動詞「盡情享用」。常指豐盛的食物或感官享受。"",""entries"":[{""sentence"":""The family prepared a grand <feast> *for* the Thanksgiving dinner, including a large turkey and many delicious side dishes."",""translation"":""這家人為感恩節晚餐準備了一場盛宴，包括一隻大火雞和許多美味的配菜。"",""explanation"":""名詞用法，指豐盛的餐點。""},{""sentence"":""We <feasted> *on* fresh seafood and local fruits during our wonderful trip to the coastal village last weekend."",""translation"":""上週末我們去沿海村莊旅行時，盡情享用了新鮮的海鮮和當地水果。"",""explanation"":""動詞用法，feast on sth. 表示「盡情享用某物」。""},{""sentence"":""The annual music festival is a real <feast> *for* the ears, attracting thousands of fans from all over the country."",""translation"":""年度音樂節是一場真正的聽覺盛宴，吸引了來自全國各地的數千名粉絲。"",""explanation"":""名詞用法，a feast for the eyes/ears 指「視覺/聽覺的饗宴」。""}],""related_forms"":[""feasts"",""feasting""]}"
feedback	feedback n.	"{""headword"":""feedback"",""explanation"":""名詞「回饋、意見」。注意此字為不可數名詞，不可加 s。"",""entries"":[{""sentence"":""The teacher asked the students to provide <feedback> *on* the new teaching method so that she could improve her lessons."",""translation"":""老師請學生對新的教學方法提供回饋，以便她能改進課程。"",""explanation"":""feedback on sth. 表示「對某事的意見」。""},{""sentence"":""We appreciate your valuable <feedback>, which helps us understand how to serve our customers better in the future."",""translation"":""我們感謝您寶貴的意見，這有助於我們了解未來如何更好地服務客戶。"",""explanation"":""valuable feedback 是常見搭配。""},{""sentence"":""After the presentation, the manager gave some positive <feedback> *to* the team members about their hard work."",""translation"":""簡報結束後，經理給了團隊成員一些關於他們辛勤工作的正面回饋。"",""explanation"":""give feedback to sb. 表示「給某人回饋」。""}],""related_forms"":[""feedbacks""]}"
ferry	ferry n./v.	"{""headword"":""ferry"",""explanation"":""名詞「渡輪」；動詞「運送」。指在兩岸間往返的交通工具或行為。"",""entries"":[{""sentence"":""We took a <ferry> *across* the river to reach the small island where we spent a relaxing afternoon."",""translation"":""我們搭乘渡輪過河，到達了我們度過輕鬆下午的小島。"",""explanation"":""名詞用法，take a ferry 表示「搭乘渡輪」。""},{""sentence"":""The small boat <ferried> passengers *between* the two islands every hour throughout the busy summer season."",""translation"":""在繁忙的夏季，這艘小船每小時在兩座島嶼之間運送乘客。"",""explanation"":""動詞用法，ferry sb./sth. between A and B 表示「在A與B之間運送」。""},{""sentence"":""The <ferry> *terminal* is located near the city center, making it very convenient for tourists to travel to the nearby islands."",""translation"":""渡輪碼頭位於市中心附近，這使得遊客前往附近的島嶼非常方便。"",""explanation"":""ferry terminal 是常見的複合名詞。""}],""related_forms"":[""ferries"",""ferried""]}"
fertile	fertile adj.	"{""headword"":""fertile"",""explanation"":""形容詞「肥沃的、多產的」。常用於描述土地或想像力。"",""entries"":[{""sentence"":""The <fertile> *soil* *in* this valley is perfect for growing various vegetables and fruits throughout the year."",""translation"":""這個山谷肥沃的土壤非常適合全年種植各種蔬菜和水果。"",""explanation"":""fertile soil 表示「肥沃的土壤」。""},{""sentence"":""The artist has a <fertile> *imagination*, which allows him to create many unique and beautiful paintings every year."",""translation"":""這位藝術家有豐富的想像力，這使他每年都能創作出許多獨特而美麗的畫作。"",""explanation"":""fertile imagination 表示「豐富的想像力」。""},{""sentence"":""Farmers work hard to keep the land <fertile> *by* using natural fertilizers and rotating their crops every season."",""translation"":""農夫們努力透過使用天然肥料和每季輪作來保持土地肥沃。"",""explanation"":""keep the land fertile 表示「保持土地肥沃」。""}],""related_forms"":[""fertility"",""fertilize""]}"
fetch	fetch v./n.	"{""headword"":""fetch"",""explanation"":""動詞「去拿來、取回」。常指去某處拿東西並帶回來。"",""entries"":[{""sentence"":""Could you please <fetch> a glass *of* water *for* me? I am feeling a bit thirsty after the long run."",""translation"":""你可以幫我拿杯水嗎？長跑後我感到有點口渴。"",""explanation"":""fetch sth. for sb. 表示「幫某人拿某物」。""},{""sentence"":""The dog loves to play with a ball; it will always run to <fetch> it whenever I throw it far away."",""translation"":""這隻狗很喜歡玩球；每當我把它丟遠時，牠總會跑去把它撿回來。"",""explanation"":""fetch 常用於描述狗撿球的動作。""},{""sentence"":""I need to <fetch> my sister *from* the airport because her flight arrives late at night."",""translation"":""我需要去機場接我妹妹，因為她的班機很晚才到。"",""explanation"":""fetch sb. from a place 表示「去某地接某人」。""}],""related_forms"":[""fetches"",""fetched""]}"
fiction	fiction n.	"{""headword"":""fiction"",""explanation"":""名詞「小說、虛構故事」。與 nonfiction (非小說/紀實文學) 相對。"",""entries"":[{""sentence"":""She enjoys reading science <fiction> because it allows her to explore different worlds and future possibilities."",""translation"":""她喜歡閱讀科幻小說，因為這讓她能探索不同的世界和未來的可能性。"",""explanation"":""science fiction 是常見的類型。""},{""sentence"":""Although the story is based *on* real events, the author added some <fiction> to make the plot more exciting."",""translation"":""雖然這個故事是基於真實事件，但作者加入了一些虛構情節，使劇情更刺激。"",""explanation"":""fiction 在此指「虛構的成分」。""},{""sentence"":""Many people find it difficult to distinguish between fact and <fiction> when they read news on the internet."",""translation"":""許多人在網路上閱讀新聞時，發現很難區分事實與虛構。"",""explanation"":""fact and fiction 是常見的對比搭配。""}],""related_forms"":[""fictional""]}"
fierce	fierce adj.	"{""headword"":""fierce"",""explanation"":""形容詞「激烈的、兇猛的」。可用於描述競爭、天氣或動物。"",""entries"":[{""sentence"":""There was <fierce> *competition* *among* the students to win the first prize in the national writing contest."",""translation"":""學生之間為了贏得全國寫作比賽的第一名，競爭非常激烈。"",""explanation"":""fierce competition 表示「激烈的競爭」。""},{""sentence"":""The <fierce> *storm* caused a lot of damage to the houses and trees in the small village last night."",""translation"":""昨晚猛烈的暴風雨對小村莊的房屋和樹木造成了很大的損壞。"",""explanation"":""fierce storm 表示「猛烈的暴風雨」。""},{""sentence"":""The lion is known for its <fierce> *nature*, but it usually only attacks when it feels threatened by others."",""translation"":""獅子以其兇猛的本性聞名，但牠通常只有在感到被威脅時才會攻擊。"",""explanation"":""fierce nature 表示「兇猛的本性」。""}],""related_forms"":[""fiercely""]}"
finance	finance n./v.	"{""headword"":""finance"",""explanation"":""名詞「財務、金融」；動詞「資助」。注意重音位置，名詞重音在第一音節，動詞重音在第二音節。"",""entries"":[{""sentence"":""He decided to study <finance> *at* the university because he wants to work in a bank in the future."",""translation"":""他決定在大學學習金融，因為他未來想在銀行工作。"",""explanation"":""名詞用法，指金融學科或財務狀況。""},{""sentence"":""The government will <finance> the new project *to* build more public parks in the city center."",""translation"":""政府將資助這項在市中心興建更多公園的新計畫。"",""explanation"":""動詞用法，finance sth. 表示「資助某計畫」。""},{""sentence"":""The company is having some <finance> *problems* because of the recent economic downturn in the market."",""translation"":""由於市場最近的經濟衰退，這家公司正遇到一些財務問題。"",""explanation"":""finance problems 表示「財務問題」。""}],""related_forms"":[""finances"",""financed""]}"
financial	financial adj.	"{""headword"":""financial"",""explanation"":""形容詞「財務的、金融的」。常用於描述與錢有關的事務。"",""entries"":[{""sentence"":""The company is facing a serious <financial> *crisis* and may need to cut down on its expenses."",""translation"":""這家公司正面臨嚴重的財務危機，可能需要削減開支。"",""explanation"":""financial crisis 表示「財務危機」。""},{""sentence"":""Students can apply for <financial> *aid* *from* the school if they have difficulty paying their tuition fees."",""translation"":""如果學生在支付學費方面有困難，可以向學校申請財務補助。"",""explanation"":""financial aid 表示「財務補助」。""},{""sentence"":""It is important to have a good <financial> *plan* to manage your savings and future investments effectively."",""translation"":""擁有良好的財務計畫來有效管理你的儲蓄和未來投資是很重要的。"",""explanation"":""financial plan 表示「財務計畫」。""}],""related_forms"":[""financially""]}"
fireplace	fireplace n.	"{""headword"":""fireplace"",""explanation"":""名詞「壁爐」。常與寒冷天氣或溫馨家庭場景連結。"",""entries"":[{""sentence"":""We sat *by* the <fireplace> to keep warm while it was snowing heavily outside the house."",""translation"":""我們坐在壁爐旁取暖，同時房子外面正下著大雪。"",""explanation"":""sit by the fireplace 表示「坐在壁爐旁」。""},{""sentence"":""The family hung their socks *above* the <fireplace> on Christmas Eve, hoping to receive gifts from Santa Claus."",""translation"":""平安夜時，這家人把襪子掛在壁爐上方，希望能收到聖誕老人的禮物。"",""explanation"":""above the fireplace 表示「在壁爐上方」。""},{""sentence"":""The living room looks very cozy with a large <fireplace> and comfortable chairs for everyone to relax."",""translation"":""客廳看起來非常舒適，有一個大壁爐和讓每個人放鬆的舒適椅子。"",""explanation"":""名詞用法，描述居家環境。""}],""related_forms"":[""fireplaces""]}"
flatter	flatter v.	"{""headword"":""flatter"",""explanation"":""動詞「奉承、討好」。指為了某種目的而說好話。"",""entries"":[{""sentence"":""He tried to <flatter> his boss *by* giving him many compliments, hoping to get a promotion soon."",""translation"":""他試圖透過給老闆許多讚美來奉承他，希望很快能獲得升遷。"",""explanation"":""flatter sb. by doing sth. 表示「透過做某事來奉承某人」。""},{""sentence"":""I was <flattered> *by* her kind words, but I knew she was just trying to be polite to me."",""translation"":""我對她的好話感到受寵若驚，但我知道她只是試著對我有禮貌。"",""explanation"":""be flattered by sth. 表示「對某事感到受寵若驚」。""},{""sentence"":""Don't let his sweet words <flatter> you; he often says things he doesn't really mean."",""translation"":""別被他的甜言蜜語給奉承到了；他常說些他並非真心實意的話。"",""explanation"":""動詞用法，指被言語所迷惑。""}],""related_forms"":[""flatters"",""flattered"",""flattery""]}"
flea	flea n.	"{""headword"":""flea"",""explanation"":""名詞「跳蚤」。常與寵物衛生相關。"",""entries"":[{""sentence"":""The dog was scratching itself because it had <flea> *bites* all over its body after playing in the grass."",""translation"":""這隻狗一直在抓癢，因為牠在草地上玩耍後全身都是跳蚤咬的痕跡。"",""explanation"":""flea bites 表示「跳蚤咬痕」。""},{""sentence"":""You should take your cat to the vet to get some <flea> *medicine* to keep it healthy and clean."",""translation"":""你應該帶你的貓去看獸醫，買些除跳蚤藥，以保持牠健康乾淨。"",""explanation"":""flea medicine 表示「除跳蚤藥」。""},{""sentence"":""The <flea> *market* is a great place to find old books, clothes, and unique items at very low prices."",""translation"":""跳蚤市場是一個能以非常低的價格找到舊書、衣服和獨特物品的好地方。"",""explanation"":""flea market 是固定用法，指「跳蚤市場」。""}],""related_forms"":[""fleas""]}"
flee	flee v.	"{""headword"":""flee"",""explanation"":""動詞「逃跑、逃離」。通常指為了躲避危險而離開。注意過去式與過去分詞為 fled。"",""entries"":[{""sentence"":""Many people had to <flee> *from* their homes when the war started in their country last year."",""translation"":""去年當他們的國家爆發戰爭時，許多人不得不逃離家園。"",""explanation"":""flee from a place 表示「從某地逃離」。""},{""sentence"":""The thief <fled> *the* *scene* immediately after the police arrived at the bank to investigate the robbery."",""translation"":""警察到達銀行調查搶案後，小偷立刻逃離了現場。"",""explanation"":""flee the scene 表示「逃離現場」。""},{""sentence"":""The animals <fled> *in* *terror* when they heard the loud noise of the forest fire nearby."",""translation"":""當動物們聽到附近森林大火的巨大聲響時，牠們驚恐地逃跑了。"",""explanation"":""flee in terror 表示「驚恐地逃跑」。""}],""related_forms"":[""flees"",""fled""]}"
flexible	flexible adj.	"{""headword"":""flexible"",""explanation"":""形容詞「靈活的、有彈性的」。可用於描述時間、計畫或身體。"",""entries"":[{""sentence"":""Our company has a <flexible> *working* *schedule*, which allows employees to choose their own hours."",""translation"":""我們公司有靈活的工作時間表，這讓員工可以選擇自己的工作時數。"",""explanation"":""flexible working schedule 表示「靈活的工作時間表」。""},{""sentence"":""You need to be <flexible> *with* your study plan because unexpected things might happen during the semester."",""translation"":""你需要對你的學習計畫保持靈活，因為學期中可能會發生意想不到的事情。"",""explanation"":""flexible with sth. 表示「對某事保持靈活」。""},{""sentence"":""Doing yoga every morning can help you become more <flexible> and improve your overall physical health."",""translation"":""每天早上做瑜伽可以幫助你變得更柔軟，並改善你的整體身體健康。"",""explanation"":""形容詞用法，指身體柔軟。""}],""related_forms"":[""flexibility""]}"
fluent	fluent adj.	"{""headword"":""fluent"",""explanation"":""形容詞「流利的」。常用於描述語言能力。"",""entries"":[{""sentence"":""She is <fluent> *in* English and French, so she can easily communicate with people from different countries."",""translation"":""她精通英語和法語，所以她可以輕鬆地與來自不同國家的人溝通。"",""explanation"":""fluent in + 語言 表示「精通某語言」。""},{""sentence"":""After living in Japan for three years, he became <fluent> *in* Japanese and made many local friends."",""translation"":""在日本住了三年後，他變得精通日語，並結交了許多當地朋友。"",""explanation"":""become fluent in 表示「變得精通」。""},{""sentence"":""The student gave a <fluent> *presentation* *about* environmental protection, impressing all the teachers in the room."",""translation"":""這位學生做了一場關於環境保護的流利簡報，讓室內所有的老師印象深刻。"",""explanation"":""fluent presentation 表示「流利的簡報」。""}],""related_forms"":[""fluency""]}"
flush	flush v./n.	"{""headword"":""flush"",""explanation"":""動詞「沖水、臉紅」；名詞「沖水」。"",""entries"":[{""sentence"":""Please remember to <flush> the toilet after you use it to keep the bathroom clean and fresh."",""translation"":""請記得在使用後沖馬桶，以保持浴室乾淨清爽。"",""explanation"":""動詞用法，指沖馬桶。""},{""sentence"":""She felt her face <flush> *with* embarrassment when everyone started singing happy birthday to her in public."",""translation"":""當大家開始在公共場合為她唱生日快樂歌時，她感到臉紅尷尬。"",""explanation"":""flush with embarrassment 表示「因尷尬而臉紅」。""},{""sentence"":""The <flush> *of* the water was not strong enough to clean the sink, so I had to use a brush."",""translation"":""沖水的水流不夠強，無法清潔水槽，所以我必須使用刷子。"",""explanation"":""名詞用法，指沖水的水流。""}],""related_forms"":[""flushes"",""flushed""]}"
foam	foam n./v.	"{""headword"":""foam"",""explanation"":""名詞「泡沫」；動詞「起泡沫」。"",""entries"":[{""sentence"":""The waves were covered *in* white <foam> as they crashed against the rocks on the beach."",""translation"":""當海浪拍打在海灘的岩石上時，上面覆蓋著白色的泡沫。"",""explanation"":""名詞用法，指海浪的泡沫。""},{""sentence"":""The soap began to <foam> *when* I added some water and rubbed it between my hands."",""translation"":""當我加了一些水並在雙手之間搓揉時，肥皂開始起泡沫。"",""explanation"":""動詞用法，指起泡沫。""},{""sentence"":""The coffee has a thick layer *of* milk <foam> *on* top, which makes it taste very smooth and delicious."",""translation"":""咖啡上面有一層厚厚的奶泡，這讓它喝起來非常滑順美味。"",""explanation"":""milk foam 表示「奶泡」。""}],""related_forms"":[""foams"",""foamed""]}"
forbid	forbid v.	"{""headword"":""forbid"",""explanation"":""動詞「禁止」。注意過去式為 forbade，過去分詞為 forbidden。"",""entries"":[{""sentence"":""The school rules <forbid> students *from* using their mobile phones during class to help them focus better."",""translation"":""校規禁止學生在上課期間使用手機，以幫助他們更專注。"",""explanation"":""forbid sb. from doing sth. 表示「禁止某人做某事」。""},{""sentence"":""It is <forbidden> *to* smoke in this building, so please go outside if you want to have a cigarette."",""translation"":""這棟建築內禁止吸菸，所以如果你想抽菸，請到外面去。"",""explanation"":""It is forbidden to do sth. 表示「做某事是被禁止的」。""},{""sentence"":""The law <forbids> the sale *of* alcohol to anyone under the age of eighteen in this country."",""translation"":""在這個國家，法律禁止向任何未滿十八歲的人販售酒精飲料。"",""explanation"":""forbid the sale of sth. 表示「禁止販售某物」。""}],""related_forms"":[""forbids"",""forbade"",""forbidden""]}"
forecast	forecast n./v.	"{""headword"":""forecast"",""explanation"":""名詞「預測/預報」；動詞「預測」。常見搭配 weather forecast。動詞三態同形 (forecast-forecast-forecast)。"",""entries"":[{""sentence"":""The weather <forecast> *predicts* heavy rain for the weekend, so we should probably cancel our outdoor hiking trip to the mountains."",""translation"":""天氣預報預測週末會有大雨，所以我們或許應該取消去山上的戶外健行之旅。"",""explanation"":""名詞用法，常與動詞 predict 或 call for 連用。""},{""sentence"":""Experts <forecast> *a* significant *increase* in global temperatures over the next decade due to the ongoing effects of climate change."",""translation"":""專家預測，由於氣候變遷的持續影響，未來十年全球氣溫將顯著上升。"",""explanation"":""動詞用法，表示對未來的推測。""},{""sentence"":""Based on the latest economic <forecast>, the company decided to reduce its production to avoid having too much stock in the warehouse."",""translation"":""根據最新的經濟預測，該公司決定減少生產，以避免倉庫中有過多的庫存。"",""explanation"":""名詞用法，用於商業或經濟領域的預測。""}],""related_forms"":[""forecasting""]}"
formation	formation n.	"{""headword"":""formation"",""explanation"":""名詞「形成/構成/隊形」。指事物被創造或排列的過程。"",""entries"":[{""sentence"":""The <formation> *of* the new government took several weeks of intense negotiation between the different political parties involved in the election."",""translation"":""新政府的組成花了參與選舉的不同政黨之間數週的激烈談判。"",""explanation"":""指組織或政府的建立過程。""},{""sentence"":""Geologists study the <formation> *of* rocks to understand how the Earth's surface has changed over millions of years."",""translation"":""地質學家研究岩石的形成，以了解地球表面在數百萬年間是如何改變的。"",""explanation"":""指自然界的形成過程。""},{""sentence"":""The birds flew in a V-shaped <formation> *across* the sky, which helps them save energy during their long migration journey."",""translation"":""鳥兒以 V 字型隊形飛過天空，這有助於牠們在漫長的遷徙旅途中節省體力。"",""explanation"":""指物體排列的隊形。""}],""related_forms"":[""form"",""formative""]}"
formula	formula n.	"{""headword"":""formula"",""explanation"":""名詞「公式/配方/準則」。在數學中指公式，在商業或科學中指配方或解決問題的方法。"",""entries"":[{""sentence"":""The student memorized the math <formula> *to* solve the complex geometry problems on the final examination paper."",""translation"":""這名學生背下了數學公式，以解決期末考卷上複雜的幾何問題。"",""explanation"":""指數學或科學公式。""},{""sentence"":""The company has a secret <formula> *for* its success, which involves high-quality products and excellent customer service."",""translation"":""該公司有一套成功的秘訣，其中包括高品質的產品和卓越的客戶服務。"",""explanation"":""指成功的秘訣或方法。""},{""sentence"":""The scientist is trying to find the right chemical <formula> *to* create a new type of environmentally friendly plastic."",""translation"":""科學家正試圖找到正確的化學配方，以創造出一種新型的環保塑膠。"",""explanation"":""指化學配方。""}],""related_forms"":[""formulate"",""formulation""]}"
fort	fort n.	"{""headword"":""fort"",""explanation"":""名詞「堡壘/要塞」。指防禦性的軍事建築。"",""entries"":[{""sentence"":""The soldiers defended the <fort> *against* the enemy attacks for several days until reinforcements finally arrived from the capital."",""translation"":""士兵們防守堡壘抵抗敵人的攻擊數日，直到來自首都的援軍終於抵達。"",""explanation"":""指軍事防禦工事。""},{""sentence"":""We visited an old stone <fort> *on* the coast that was built hundreds of years ago to protect the city from pirates."",""translation"":""我們參觀了海岸邊一座古老的石造堡壘，它是數百年前為了保護城市免受海盜侵擾而建的。"",""explanation"":""指歷史性的防禦建築。""},{""sentence"":""The children built a small <fort> *out* of blankets and pillows in the living room to play games during the rainy afternoon."",""translation"":""孩子們在客廳用毯子和枕頭蓋了一座小堡壘，以便在下雨的午後玩遊戲。"",""explanation"":""指用物品搭建的類似堡壘的遮蔽物。""}],""related_forms"":[""fortress"",""fortify""]}"
fortunate	fortunate adj.	"{""headword"":""fortunate"",""explanation"":""形容詞「幸運的」。常用搭配 be fortunate to V 或 be fortunate in sth。"",""entries"":[{""sentence"":""I was very <fortunate> *to* receive a scholarship, which allowed me to focus on my studies without worrying about tuition fees."",""translation"":""我很幸運能獲得獎學金，這讓我能專注於學業，而不必擔心學費問題。"",""explanation"":""be fortunate to V 表示「很幸運能做某事」。""},{""sentence"":""She is <fortunate> *in* having a supportive family that always encourages her to pursue her dreams no matter how difficult they seem."",""translation"":""她很幸運擁有一個支持她的家庭，無論夢想看起來多麼困難，他們總是鼓勵她去追求。"",""explanation"":""be fortunate in sth 表示「在某方面很幸運」。""},{""sentence"":""It was a <fortunate> *coincidence* that we met at the airport, as we had not seen each other for over ten years."",""translation"":""我們在機場相遇真是幸運的巧合，因為我們已經超過十年沒見面了。"",""explanation"":""形容詞修飾名詞，表示幸運的。""}],""related_forms"":[""fortunately"",""fortune""]}"
fossil	fossil n./adj.	"{""headword"":""fossil"",""explanation"":""名詞「化石」；形容詞「化石的/守舊的」。常與 fuel 搭配 (fossil fuel)。"",""entries"":[{""sentence"":""The museum displays a giant dinosaur <fossil> *found* in the desert, which attracts many visitors from all over the world."",""translation"":""博物館展示了一具在沙漠中發現的巨大恐龍化石，吸引了來自世界各地的遊客。"",""explanation"":""名詞用法，指古代生物遺骸。""},{""sentence"":""Many countries are trying to reduce their reliance *on* <fossil> *fuels* to combat global warming and protect the environment."",""translation"":""許多國家正試圖減少對化石燃料的依賴，以對抗全球暖化並保護環境。"",""explanation"":""fossil fuel 是常見的固定搭配。""},{""sentence"":""Scientists believe that this rare <fossil> *provides* important clues about how early life on Earth evolved over millions of years."",""translation"":""科學家認為這個罕見的化石提供了關於地球早期生命如何在數百萬年間演化的重要線索。"",""explanation"":""指化石作為科學研究的證據。""}],""related_forms"":[""fossilize""]}"
foundation	foundation n.	"{""headword"":""foundation"",""explanation"":""名詞「基礎/地基/基金會」。指建築物的地基或抽象事物的根基。"",""entries"":[{""sentence"":""A strong <foundation> *in* mathematics is essential for students who want to pursue a career in engineering or computer science."",""translation"":""對於想要從事工程或電腦科學職涯的學生來說，紮實的數學基礎是必要的。"",""explanation"":""指抽象的基礎，常搭配 in/of。""},{""sentence"":""The charity <foundation> *provides* financial support to children in need, helping them get a better education and a brighter future."",""translation"":""該慈善基金會為有需要的兒童提供經濟支持，幫助他們獲得更好的教育和更光明的未來。"",""explanation"":""指組織機構，即基金會。""},{""sentence"":""The workers poured concrete to build the <foundation> *of* the new library, ensuring the building would be safe and stable for years."",""translation"":""工人們澆灌混凝土來建造新圖書館的地基，確保建築物多年來都能安全且穩固。"",""explanation"":""指建築物的地基。""}],""related_forms"":[""found""]}"
founder	founder n.	"{""headword"":""founder"",""explanation"":""名詞「創辦人/創立者」。指建立公司、組織或機構的人。"",""entries"":[{""sentence"":""The <founder> *of* the technology company started the business in a small garage with only a few friends and limited resources."",""translation"":""這家科技公司的創辦人在一個小車庫裡開始創業，當時只有幾個朋友和有限的資源。"",""explanation"":""指公司或組織的創立者。""},{""sentence"":""As the <founder> *of* the local animal shelter, she has dedicated her life to helping stray dogs and cats find new homes."",""translation"":""身為當地動物收容所的創辦人，她畢生致力於幫助流浪狗和貓找到新家。"",""explanation"":""指機構的創立者。""},{""sentence"":""The university was established by a group of scholars, and its <founder> *is* remembered every year during the graduation ceremony."",""translation"":""這所大學是由一群學者建立的，其創辦人在每年畢業典禮時都會被紀念。"",""explanation"":""指大學或學校的創立者。""}],""related_forms"":[""found""]}"
fragile	fragile adj.	"{""headword"":""fragile"",""explanation"":""形容詞「脆弱的/易碎的」。指容易損壞的物品或身體、心理狀態。"",""entries"":[{""sentence"":""Please handle the glass vase with care because it is extremely <fragile> *and* can break into pieces if you drop it."",""translation"":""請小心處理那個玻璃花瓶，因為它非常脆弱，如果掉落可能會碎成碎片。"",""explanation"":""指物品易碎。""},{""sentence"":""The peace in the region is very <fragile>, and any small conflict could lead to a major war between the two countries."",""translation"":""該地區的和平非常脆弱，任何小衝突都可能導致兩國之間的大戰。"",""explanation"":""指抽象概念（如和平、關係）的脆弱。""},{""sentence"":""After the long illness, his health remained <fragile>, so he had to rest and avoid any strenuous physical activities for a while."",""translation"":""生了一場大病後，他的健康狀況仍然很脆弱，所以他必須休息並暫時避免任何劇烈的體能活動。"",""explanation"":""指身體狀況虛弱。""}],""related_forms"":[""fragility""]}"
frame	frame n./v.	"{""headword"":""frame"",""explanation"":""名詞「框架/框」；動詞「給...裝框/陷害」。"",""entries"":[{""sentence"":""She decided to <frame> *the* beautiful painting and hang it on the living room wall to decorate her new apartment."",""translation"":""她決定把那幅美麗的畫裝上框，並掛在客廳牆上來裝飾她的新公寓。"",""explanation"":""動詞用法，指給畫作裝框。""},{""sentence"":""The wooden <frame> *of* the window was rotten due to years of exposure to heavy rain and humidity in the coastal area."",""translation"":""窗戶的木製框架因為多年暴露在沿海地區的大雨和潮濕中而腐爛了。"",""explanation"":""名詞用法，指窗框。""},{""sentence"":""The innocent man claimed that someone had tried to <frame> *him* for the crime by planting evidence at his house."",""translation"":""那名無辜的男子聲稱有人試圖透過在他家放置證據來陷害他犯罪。"",""explanation"":""動詞用法，指陷害某人。""}],""related_forms"":[""framework""]}"
frequency	frequency n.	"{""headword"":""frequency"",""explanation"":""名詞「頻率/發生次數」。指某事發生的頻繁程度。"",""entries"":[{""sentence"":""The <frequency> *of* the bus service has been increased to every ten minutes to accommodate the growing number of passengers."",""translation"":""公車服務的頻率已增加到每十分鐘一班，以容納越來越多的乘客。"",""explanation"":""指事件發生的頻率。""},{""sentence"":""Scientists are studying the <frequency> *of* earthquakes in this area to better predict and prepare for future natural disasters."",""translation"":""科學家正在研究該地區地震的發生頻率，以便更好地預測並為未來的自然災害做準備。"",""explanation"":""指災害發生的頻率。""},{""sentence"":""You can tune your radio to a different <frequency> *to* listen to a variety of music stations throughout the city."",""translation"":""你可以將收音機調到不同的頻率，以收聽城市中各種不同的音樂電台。"",""explanation"":""指無線電頻率。""}],""related_forms"":[""frequent""]}"
freshman	freshman n.	"{""headword"":""freshman"",""explanation"":""名詞「大一新生」。在美國高中或大學的第一年學生。"",""entries"":[{""sentence"":""As a college <freshman>, he felt nervous about living away from home for the first time and meeting so many new people."",""translation"":""身為大學新鮮人，他對於第一次離家生活以及結識這麼多新朋友感到緊張。"",""explanation"":""指大學一年級學生。""},{""sentence"":""The university organized an orientation program for all <freshmen> *to* help them adjust to campus life and learn about school resources."",""translation"":""大學為所有大一新生舉辦了迎新活動，幫助他們適應校園生活並了解學校資源。"",""explanation"":""複數形式為 freshmen。""},{""sentence"":""During her <freshman> *year*, she joined several clubs to explore her interests and make friends with students from different departments."",""translation"":""在大一那年，她參加了幾個社團，以探索自己的興趣並與不同系的學生交朋友。"",""explanation"":""形容詞用法，修飾 year。""}],""related_forms"":[""fresh""]}"
frost	frost n./v.	"{""headword"":""frost"",""explanation"":""名詞「霜」；動詞「結霜」。指低溫造成的現象。"",""entries"":[{""sentence"":""The grass was covered with <frost> *in* the early morning, making the garden look like a beautiful winter wonderland."",""translation"":""清晨草地上覆蓋著一層霜，使花園看起來像一個美麗的冬日仙境。"",""explanation"":""名詞用法，指地表的霜。""},{""sentence"":""The cold weather caused the car windows to <frost> *over* during the night, so I had to scrape the ice off before driving."",""translation"":""寒冷的天氣導致車窗在夜間結霜，所以我開車前必須把冰刮掉。"",""explanation"":""動詞用法，指結霜。""},{""sentence"":""A sudden <frost> *destroyed* most of the crops in the field, causing a significant financial loss for the local farmers this year."",""translation"":""突如其來的霜害摧毀了田裡大部分的農作物，導致當地農民今年損失慘重。"",""explanation"":""名詞用法，指霜害。""}],""related_forms"":[""frosty""]}"
frown	frown n./v.	"{""headword"":""frown"",""explanation"":""名詞「皺眉」；動詞「皺眉」。常用搭配 frown at sb/sth。"",""entries"":[{""sentence"":""She <frowned> *at* the difficult math problem, trying to figure out the correct answer before the time ran out."",""translation"":""她對著那道困難的數學題皺眉，試圖在時間結束前算出正確答案。"",""explanation"":""動詞用法，表示對某事感到困惑或不滿。""},{""sentence"":""A deep <frown> *appeared* on his face when he heard the bad news about the cancellation of the school trip."",""translation"":""當他聽到學校旅行取消的壞消息時，臉上出現了深鎖的眉頭。"",""explanation"":""名詞用法，指皺眉的表情。""},{""sentence"":""The teacher <frowned> *upon* students using their mobile phones during class, as it distracted them from learning the lesson."",""translation"":""老師不贊成學生在課堂上使用手機，因為這會讓他們分心而無法學習課程。"",""explanation"":""片語 frown upon sth 表示「不贊成/反對」。""}],""related_forms"":[""frowning""]}"
frustrate	frustrate v.	"{""headword"":""frustrate"",""explanation"":""動詞「使受挫/使沮喪」。常以被動語態 be frustrated with/by 表示「對...感到沮喪」。"",""entries"":[{""sentence"":""It can <frustrate> *students* when they study hard for an exam but still do not get the grades they expected."",""translation"":""當學生為考試努力讀書卻仍未得到預期的成績時，這會讓他們感到沮喪。"",""explanation"":""主動用法，指某事讓人感到沮喪。""},{""sentence"":""She was <frustrated> *by* the slow internet connection, which made it impossible for her to finish her online assignment on time."",""translation"":""她對緩慢的網路連線感到沮喪，這讓她無法準時完成線上作業。"",""explanation"":""被動用法，表示對某事感到沮喪。""},{""sentence"":""The lack of progress in the project began to <frustrate> *the* team members, leading to many arguments during the weekly meetings."",""translation"":""專案進度停滯不前開始讓團隊成員感到挫折，導致每週會議中出現許多爭論。"",""explanation"":""主動用法，指挫折感影響了團隊。""}],""related_forms"":[""frustrated"",""frustrating"",""frustration""]}"
frustration	frustration n.	"{""headword"":""frustration"",""explanation"":""名詞「挫折/沮喪」。指無法達成目標時產生的情緒。"",""entries"":[{""sentence"":""He expressed his <frustration> *with* the new software, which was difficult to use and kept crashing during his work."",""translation"":""他表達了對新軟體的挫折感，因為它很難使用，而且工作時一直當機。"",""explanation"":""搭配 with，表示對某事感到挫折。""},{""sentence"":""Despite her <frustration> *at* not being able to solve the puzzle, she decided to take a break and try again later."",""translation"":""儘管對無法解開謎題感到沮喪，她還是決定休息一下，稍後再試一次。"",""explanation"":""搭配 at，表示對某事感到沮喪。""},{""sentence"":""Learning a new language can be full of <frustration>, but the sense of achievement when you finally speak it is worth it."",""translation"":""學習一門新語言可能會充滿挫折，但當你最終能開口說時，那種成就感是值得的。"",""explanation"":""指學習過程中的挫折感。""}],""related_forms"":[""frustrate""]}"
fulfill	fulfill(ment) v./(n.)	"{""headword"":""fulfill"",""explanation"":""動詞「履行/實現/滿足」。常用搭配 fulfill a dream/promise/requirement。"",""entries"":[{""sentence"":""She worked hard to <fulfill> *her* long-held *dream* of becoming a doctor and helping people in need."",""translation"":""她努力工作以實現她成為醫生並幫助有需要的人的長久夢想。"",""explanation"":""fulfill a dream 表示實現夢想。""},{""sentence"":""The company failed to <fulfill> *the* requirements of the contract, so they had to pay a large fine to the client."",""translation"":""該公司未能履行合約的要求，因此他們必須支付客戶一筆大額罰款。"",""explanation"":""fulfill requirements 表示履行要求。""},{""sentence"":""He promised to help his friend, and he was determined to <fulfill> *his* promise no matter how busy he was."",""translation"":""他答應要幫助朋友，無論多忙，他都決心履行他的承諾。"",""explanation"":""fulfill a promise 表示履行承諾。""}],""related_forms"":[""fulfillment""]}"
functional	functional adj.	"{""headword"":""functional"",""explanation"":""形容詞「功能的/實用的」。指物品具有實際用途或運作正常。"",""entries"":[{""sentence"":""The new office design is very <functional>, with plenty of space for employees to work comfortably and efficiently."",""translation"":""新的辦公室設計非常實用，有足夠的空間讓員工舒適且有效率地工作。"",""explanation"":""指設計實用。""},{""sentence"":""Although the old computer is slow, it is still <functional> *for* basic tasks like writing documents and checking emails."",""translation"":""雖然這台舊電腦很慢，但對於編寫文件和查看電子郵件等基本任務來說，它仍然可以運作。"",""explanation"":""指機器運作正常。""},{""sentence"":""The kitchen was designed to be <functional> *rather* than beautiful, focusing on making cooking easier for the chef."",""translation"":""廚房的設計旨在實用而非美觀，重點在於讓廚師烹飪更輕鬆。"",""explanation"":""指功能性重於美觀。""}],""related_forms"":[""function""]}"
fundamental	fundamental adj./n.	"{""headword"":""fundamental"",""explanation"":""形容詞「基本的/根本的」；名詞「基本原則」。"",""entries"":[{""sentence"":""Respect is a <fundamental> *part* of any healthy relationship, whether it is between friends, family members, or colleagues."",""translation"":""尊重是任何健康關係的基本部分，無論是在朋友、家人或同事之間。"",""explanation"":""形容詞用法，指根本的。""},{""sentence"":""The teacher explained the <fundamental> *principles* of physics to help students understand how the world around them works."",""translation"":""老師解釋了物理學的基本原則，以幫助學生了解周遭世界是如何運作的。"",""explanation"":""形容詞用法，指基本原則。""},{""sentence"":""We need to make some <fundamental> *changes* to our lifestyle if we want to improve our health and live longer."",""translation"":""如果我們想要改善健康並活得更久，我們需要對生活方式做出一些根本性的改變。"",""explanation"":""形容詞用法，指根本性的改變。""}],""related_forms"":[""fundamentally""]}"
funeral	funeral n.	"{""headword"":""funeral"",""explanation"":""名詞「葬禮」。"",""entries"":[{""sentence"":""Many friends and family members attended the <funeral> *to* pay their last respects to the man who had passed away."",""translation"":""許多親友參加了葬禮，向那位過世的男子致上最後的敬意。"",""explanation"":""指參加葬禮。""},{""sentence"":""She felt very sad during the <funeral>, but she was comforted by the kind words of support from her friends."",""translation"":""她在葬禮期間感到非常難過，但朋友們溫暖的支持話語安慰了她。"",""explanation"":""指在葬禮期間的感受。""},{""sentence"":""The family decided to hold a small, private <funeral> *for* their grandfather, inviting only close relatives to the ceremony."",""translation"":""這家人決定為他們的祖父舉行一場小型、私人的葬禮，只邀請親近的親戚參加儀式。"",""explanation"":""指舉行葬禮。""}],""related_forms"":[]}"
furious	furious adj.	"{""headword"":""furious"",""explanation"":""形容詞「暴怒的/激烈的」。常見搭配 be furious with sb about/at sth。注意與 angry 相比，furious 語氣更強，意指「極度憤怒」。"",""entries"":[{""sentence"":""The teacher was <furious> *with* the students who were talking loudly while she was explaining the difficult math problem to the class."",""translation"":""老師對於在她向全班解釋困難數學題時大聲交談的學生感到非常憤怒。"",""explanation"":""furious with sb 結構，表示對某人生氣。""},{""sentence"":""He was <furious> *at* the unfair decision made by the manager, so he decided to quit his job immediately and look for a new one."",""translation"":""他對經理做出的不公平決定感到非常憤怒，因此他決定立即辭職並尋找新工作。"",""explanation"":""furious at sth 結構，表示對某事感到憤怒。""},{""sentence"":""There was a <furious> *debate* among the committee members regarding the new school policy, as everyone had different opinions about the changes."",""translation"":""委員會成員之間針對新校規進行了激烈的辯論，因為每個人對這些變動都有不同的看法。"",""explanation"":""furious 亦可用於形容活動或爭論「激烈的」。""}],""related_forms"":[""furiously"",""fury""]}"
furnish	furnish v.	"{""headword"":""furnish"",""explanation"":""動詞「佈置/提供」。常見搭配 furnish a room with furniture 或 furnish sb with sth。在學測中常考「提供資訊/設備」的用法。"",""entries"":[{""sentence"":""The young couple decided to <furnish> their new apartment *with* simple and modern wooden furniture to create a comfortable living space."",""translation"":""這對年輕夫婦決定用簡單現代的木製家具佈置他們的新公寓，以創造一個舒適的居住空間。"",""explanation"":""furnish sth with sth 結構，表示用某物佈置某處。""},{""sentence"":""The witness was asked to <furnish> the police *with* more details about the suspect he saw near the bank yesterday afternoon."",""translation"":""警方要求目擊者提供更多關於他昨天下午在銀行附近看到的嫌疑人的細節。"",""explanation"":""furnish sb with sth 結構，表示提供某人某物，等同於 provide sb with sth。""},{""sentence"":""The hotel room was <furnished> *with* all the necessary equipment, including a high-speed internet connection and a large desk for working."",""translation"":""飯店房間配備了所有必要的設備，包括高速網路連線和一張適合工作的大桌子。"",""explanation"":""被動語態用法，表示某處配備了某物。""}],""related_forms"":[""furnished"",""furnishing"",""furniture""]}"
furthermore	furthermore adv.	"{""headword"":""furthermore"",""explanation"":""副詞「此外/而且」。用於連接兩個觀點，表示補充說明。在寫作中常用於段落銜接，語氣比 moreover 正式。"",""entries"":[{""sentence"":""Eating healthy food helps you stay in good shape; <furthermore>, it can improve your concentration and energy levels throughout the busy school day."",""translation"":""吃健康的食物有助於保持良好的體態；此外，它還能提高你在繁忙校園生活中的專注力和能量水平。"",""explanation"":""用於補充說明前述觀點的好處。""},{""sentence"":""The library offers a wide range of books for students to borrow; <furthermore>, it provides a quiet environment for those who need to study."",""translation"":""圖書館提供各種書籍供學生借閱；此外，它還為需要讀書的人提供了一個安靜的環境。"",""explanation"":""用於列舉圖書館的另一項功能。""},{""sentence"":""The project is too expensive for our current budget; <furthermore>, we do not have enough staff members to complete it on time."",""translation"":""這個計畫對我們目前的預算來說太昂貴了；此外，我們也沒有足夠的員工能按時完成它。"",""explanation"":""用於列舉計畫不可行的另一個原因。""}],""related_forms"":[""further""]}"
gallery	gallery n.	"{""headword"":""gallery"",""explanation"":""名詞「畫廊/美術館」。指展示藝術品的地方。注意拼字，不要與 galaxy (銀河) 混淆。"",""entries"":[{""sentence"":""We visited a local art <gallery> to see the latest paintings by young artists, which were very impressive and creative."",""translation"":""我們參觀了一間當地的藝術畫廊，欣賞年輕藝術家們最新的畫作，那些作品非常令人印象深刻且富有創意。"",""explanation"":""指展示藝術品的場所。""},{""sentence"":""The famous <gallery> *in* the city center will hold a special exhibition next month, featuring works from the nineteenth century."",""translation"":""市中心那間著名的美術館下個月將舉辦一場特別展覽，展出十九世紀的作品。"",""explanation"":""指美術館或畫廊。""},{""sentence"":""After walking around the <gallery> for two hours, we felt a bit tired but enjoyed learning about the history of modern art."",""translation"":""在畫廊逛了兩個小時後，我們感到有點累，但很享受了解現代藝術歷史的過程。"",""explanation"":""指逛畫廊的活動。""}],""related_forms"":[]}"
gaze	gaze n./v.	"{""headword"":""gaze"",""explanation"":""名詞/動詞「凝視/注視」。通常指長時間、專注地看。常見搭配 gaze at sb/sth。"",""entries"":[{""sentence"":""The little boy <gazed> *at* the colorful toys in the shop window, wishing he could have one for his upcoming birthday."",""translation"":""小男孩凝視著櫥窗裡色彩繽紛的玩具，希望他即將到來的生日能得到一個。"",""explanation"":""動詞用法，表示專注地看。""},{""sentence"":""She kept her <gaze> *fixed* *on* the stage, waiting for her favorite singer to appear and start the concert."",""translation"":""她的目光固定在舞台上，等待她最喜歡的歌手出現並開始演唱會。"",""explanation"":""名詞用法，常用搭配 keep one's gaze fixed on sth。""},{""sentence"":""It is rude to <gaze> *at* strangers in public, so you should try to avoid staring at people while you are on the bus."",""translation"":""在公共場合凝視陌生人是不禮貌的，所以你在搭公車時應該盡量避免盯著別人看。"",""explanation"":""動詞用法，提醒社交禮儀。""}],""related_forms"":[""gazed"",""gazing""]}"
gear	gear n./v.	"{""headword"":""gear"",""explanation"":""名詞「裝備/齒輪」；動詞「使適合/調整」。常見搭配 gear toward/to (使適合...)。"",""entries"":[{""sentence"":""Before going hiking in the mountains, you should make sure you have all the necessary <gear>, such as a map and a flashlight."",""translation"":""在去山裡健行之前，你應該確保你有所有必要的裝備，例如地圖和手電筒。"",""explanation"":""名詞用法，指裝備。""},{""sentence"":""The new English course is <geared> *toward* beginners who want to improve their basic communication skills in a short period."",""translation"":""這門新的英語課程是為想要在短時間內提升基本溝通技巧的初學者所設計的。"",""explanation"":""動詞片語 be geared toward，表示「專門為...設計/調整」。""},{""sentence"":""The bicycle's <gear> system needs to be checked regularly to ensure that you can ride smoothly on different types of roads."",""translation"":""腳踏車的變速系統需要定期檢查，以確保你能在不同類型的道路上順暢騎行。"",""explanation"":""名詞用法，指機械齒輪或變速系統。""}],""related_forms"":[""gears""]}"
gender	gender n.	"{""headword"":""gender"",""explanation"":""名詞「性別」。指社會或文化上的性別區分。注意與 sex (生理性別) 的細微差別。"",""entries"":[{""sentence"":""The school promotes <gender> *equality* by ensuring that both boys and girls have equal opportunities to participate in all sports activities."",""translation"":""學校透過確保男孩和女孩都有平等的機會參與所有體育活動，來提倡性別平等。"",""explanation"":""常見搭配 gender equality (性別平等)。""},{""sentence"":""In many modern companies, employees are treated equally regardless of their <gender>, age, or background, which creates a better working environment."",""translation"":""在許多現代公司中，員工無論性別、年齡或背景如何，都受到平等待遇，這創造了更好的工作環境。"",""explanation"":""指不分性別的平等對待。""},{""sentence"":""Sociologists often study how <gender> *roles* have changed over the past few decades in different parts of the world."",""translation"":""社會學家經常研究過去幾十年來，世界各地對性別角色的看法是如何改變的。"",""explanation"":""常見搭配 gender roles (性別角色)。""}],""related_forms"":[]}"
gene	gene n.	"{""headword"":""gene"",""explanation"":""名詞「基因」。指生物遺傳的基本單位。常與 genetic (基因的) 混淆，gene 是名詞，genetic 是形容詞。"",""entries"":[{""sentence"":""Scientists have discovered a specific <gene> that may be related to how our bodies respond to certain types of medicine."",""translation"":""科學家發現了一種特定的基因，可能與我們的身體對某些藥物的反應方式有關。"",""explanation"":""指生物學上的基因。""},{""sentence"":""It is interesting to learn how our <genes> determine our physical characteristics, such as eye color and height, from our parents."",""translation"":""了解我們的基因如何從父母那裡決定我們的身體特徵（例如眼睛顏色和身高）是很有趣的。"",""explanation"":""指遺傳特徵的基因。""},{""sentence"":""Through advanced <gene> *research*, doctors hope to find new ways to treat diseases that were once considered impossible to cure."",""translation"":""透過先進的基因研究，醫生們希望能找到治療過去被認為無法治癒的疾病的新方法。"",""explanation"":""常見搭配 gene research (基因研究)。""}],""related_forms"":[""genetic"",""genetics""]}"
generation	generation n.	"{""headword"":""generation"",""explanation"":""名詞「世代」。指大約 20-30 年的時間跨度，或指同一時期出生的人。常見搭配 the younger/older generation。"",""entries"":[{""sentence"":""The gap between the older <generation> and the younger one can sometimes lead to misunderstandings about values and lifestyle choices."",""translation"":""年長一代與年輕一代之間的代溝，有時會導致對價值觀和生活方式選擇的誤解。"",""explanation"":""指不同年齡層的群體。""},{""sentence"":""This traditional craft has been passed down from one <generation> *to* the next for over two hundred years in this small village."",""translation"":""這項傳統工藝在這個小村莊裡已經傳承了兩百多年，一代傳給下一代。"",""explanation"":""常見搭配 from one generation to the next。""},{""sentence"":""The new <generation> of smartphones is much faster and has a better camera than the models released just two years ago."",""translation"":""新一代的智慧型手機比兩年前發布的型號快得多，且相機功能更好。"",""explanation"":""指產品的新一代。""}],""related_forms"":[""generational""]}"
generosity	generosity n.	"{""headword"":""generosity"",""explanation"":""名詞「慷慨/大方」。形容詞為 generous。注意拼字，結尾是 -osity。"",""entries"":[{""sentence"":""The charity was able to build a new school for the children thanks to the <generosity> of many anonymous donors."",""translation"":""多虧了許多匿名捐贈者的慷慨，慈善機構才能為孩子們蓋一所新學校。"",""explanation"":""指捐贈者的慷慨行為。""},{""sentence"":""He is known for his <generosity> *toward* his friends, as he is always willing to help them when they are in trouble."",""translation"":""他以對朋友慷慨而聞名，因為當朋友遇到困難時，他總是樂於伸出援手。"",""explanation"":""指對人的慷慨。""},{""sentence"":""We were touched by the <generosity> of the local people, who welcomed us into their homes and shared their food with us."",""translation"":""我們被當地人的慷慨所感動，他們歡迎我們進入他們的家，並與我們分享他們的食物。"",""explanation"":""指待人的慷慨。""}],""related_forms"":[""generous"",""generously""]}"
genius	genius n.	"{""headword"":""genius"",""explanation"":""名詞「天才/天賦」。指極高的智力或特殊才能。複數形為 geniuses。"",""entries"":[{""sentence"":""Albert Einstein was a <genius> who changed our understanding of the universe with his groundbreaking theories in physics."",""translation"":""阿爾伯特·愛因斯坦是一位天才，他以其在物理學上的開創性理論改變了我們對宇宙的理解。"",""explanation"":""指具有極高智力的人。""},{""sentence"":""She has a <genius> *for* music; she can play any song on the piano after hearing it just once."",""translation"":""她在音樂方面有天賦；她聽過一次後就能在鋼琴上彈奏任何歌曲。"",""explanation"":""常見搭配 have a genius for sth (在某方面有天賦)。""},{""sentence"":""It was a stroke of <genius> to organize the event online, as it allowed more people from different countries to participate."",""translation"":""將活動改為線上舉辦真是天才之舉，因為這讓更多來自不同國家的人能夠參與。"",""explanation"":""指極佳的點子或策略。""}],""related_forms"":[""geniuses""]}"
genuine	genuine adj.	"{""headword"":""genuine"",""explanation"":""形容詞「真正的/真誠的」。指非偽造的，或情感真實的。常見搭配 genuine interest/concern。"",""entries"":[{""sentence"":""The antique dealer confirmed that the painting was a <genuine> work of art from the eighteenth century, not a copy."",""translation"":""古董商證實這幅畫是十八世紀的真跡，而不是複製品。"",""explanation"":""指物品是真的，非偽造。""},{""sentence"":""He showed a <genuine> *interest* in learning about other cultures, so he spent a lot of time talking to international students."",""translation"":""他對了解其他文化表現出真誠的興趣，因此他花了很多時間與國際學生交談。"",""explanation"":""指情感是真誠的。""},{""sentence"":""It is hard to find <genuine> *friendship* in a busy city, but he was lucky enough to meet someone he could trust completely."",""translation"":""在繁忙的城市中很難找到真誠的友誼，但他很幸運地遇到了一個他可以完全信任的人。"",""explanation"":""指友誼是真誠的。""}],""related_forms"":[""genuinely""]}"
germ	germ n.	"{""headword"":""germ"",""explanation"":""名詞「細菌/病菌」。指引起疾病的微生物。常用複數 germs。"",""entries"":[{""sentence"":""You should wash your hands before eating to kill any <germs> that might have been picked up from touching public surfaces."",""translation"":""飯前應該洗手，以殺死可能因觸摸公共表面而沾上的細菌。"",""explanation"":""指引起疾病的細菌。""},{""sentence"":""The doctor explained that the <germs> spread quickly in crowded places, so it is important to keep the room well-ventilated."",""translation"":""醫生解釋說細菌在擁擠的地方傳播得很快，所以保持房間通風很重要。"",""explanation"":""指細菌的傳播。""},{""sentence"":""Using soap and water is the most effective way to remove <germs> and prevent the spread of common colds and flu."",""translation"":""使用肥皂和水是去除細菌並預防普通感冒和流感傳播最有效的方法。"",""explanation"":""指衛生習慣與細菌的關係。""}],""related_forms"":[]}"
gifted	gifted adj.	"{""headword"":""gifted"",""explanation"":""形容詞「有天賦的」。指在某方面具有特殊才能。常與 talented 互換使用。"",""entries"":[{""sentence"":""The <gifted> student was able to solve the complex math problem in just a few minutes, while others were still struggling."",""translation"":""那位有天賦的學生能在幾分鐘內解開複雜的數學題，而其他人還在掙扎。"",""explanation"":""指在學習上有天賦。""},{""sentence"":""She is a <gifted> *musician* who has won several international awards for her beautiful violin performances."",""translation"":""她是一位有天賦的音樂家，因其優美的鋼琴演奏而贏得了多項國際獎項。"",""explanation"":""指在藝術上有天賦。""},{""sentence"":""The school provides special programs for <gifted> children to help them develop their potential and explore their interests further."",""translation"":""學校為有天賦的兒童提供特別課程，幫助他們發展潛力並進一步探索興趣。"",""explanation"":""指資優兒童。""}],""related_forms"":[""gift""]}"
gigantic	gigantic adj.	"{""headword"":""gigantic"",""explanation"":""形容詞「巨大的」。指體積或規模非常大。與 huge, enormous 同義。"",""entries"":[{""sentence"":""The <gigantic> statue in the middle of the park was built to honor the heroes who protected the city during the war."",""translation"":""公園中央那座巨大的雕像，是為了紀念在戰爭期間保護城市的英雄們而建的。"",""explanation"":""指體積巨大。""},{""sentence"":""The company faces a <gigantic> *task* of moving all its offices to a new location within just one month."",""translation"":""公司面臨著在短短一個月內將所有辦公室搬遷到新地點的巨大任務。"",""explanation"":""指任務規模巨大。""},{""sentence"":""We were amazed by the <gigantic> size of the whale when it suddenly jumped out of the water near our boat."",""translation"":""當鯨魚突然從我們船附近的水中跳出來時，我們對它巨大的體型感到震驚。"",""explanation"":""指鯨魚體型巨大。""}],""related_forms"":[]}"
giggle	giggle n./v.	"{""headword"":""giggle"",""explanation"":""名詞/動詞「咯咯笑」。指輕微、抑制不住的笑聲。常帶有羞澀或開心的意味。"",""entries"":[{""sentence"":""The two friends couldn't stop <giggling> *at* the funny faces the clown was making during the birthday party."",""translation"":""這兩個朋友在生日派對上，對小丑做的鬼臉忍不住一直咯咯笑。"",""explanation"":""動詞用法，表示因好笑而咯咯笑。""},{""sentence"":""I heard a soft <giggle> coming from the next room, so I knew that my little sister was playing with her toys."",""translation"":""我聽到隔壁房間傳來一陣輕微的咯咯笑聲，所以我知道我妹妹正在玩她的玩具。"",""explanation"":""名詞用法，指笑聲。""},{""sentence"":""It is sometimes hard to suppress a <giggle> when someone tells a joke in a very serious meeting, even if you know it is inappropriate."",""translation"":""當有人在非常嚴肅的會議中講笑話時，有時很難抑制住咯咯笑，即使你知道那是不恰當的。"",""explanation"":""指在不適當場合想笑的衝動。""}],""related_forms"":[""giggled"",""giggling""]}"
ginger	ginger n.	"{""headword"":""ginger"",""explanation"":""名詞「薑」。常用於烹飪或作為藥用。亦可形容顏色「薑黃色/紅棕色」。"",""entries"":[{""sentence"":""Adding some fresh <ginger> to the soup can help improve the flavor and is also good for your health during the winter."",""translation"":""在湯裡加一些新鮮的薑可以幫助提升風味，在冬天對你的健康也很有幫助。"",""explanation"":""指烹飪用的薑。""},{""sentence"":""She has beautiful <ginger> hair that shines brightly under the sunlight, making her stand out in the crowd."",""translation"":""她有一頭漂亮的紅棕色頭髮，在陽光下閃閃發光，使她在人群中脫穎而出。"",""explanation"":""指紅棕色的頭髮。""},{""sentence"":""Many people drink <ginger> *tea* when they have a cold because it is known to help warm the body and soothe a sore throat."",""translation"":""許多人在感冒時會喝薑茶，因為眾所周知它有助於溫暖身體並緩解喉嚨痛。"",""explanation"":""常見搭配 ginger tea (薑茶)。""}],""related_forms"":[]}"
glimpse	glimpse n./v.	"{""headword"":""glimpse"",""explanation"":""名詞/動詞「瞥見/一瞥」。指短暫地看一眼。常見搭配 catch a glimpse of sth。"",""entries"":[{""sentence"":""I managed to catch a <glimpse> *of* the famous actor as he was getting into his car after the movie premiere."",""translation"":""在電影首映後，那位著名演員上車時，我設法瞥見了他一眼。"",""explanation"":""常見搭配 catch a glimpse of sth (瞥見某物)。""},{""sentence"":""The short documentary gave us a brief <glimpse> *into* the daily lives of people living in remote mountain villages."",""translation"":""這部短紀錄片讓我們簡短地一窺住在偏遠山村人們的日常生活。"",""explanation"":""指對某事物的初步了解。""},{""sentence"":""She <glimpsed> a shadow moving in the garden, but when she looked again, there was nothing there."",""translation"":""她瞥見花園裡有個影子在移動，但當她再看一次時，那裡什麼也沒有。"",""explanation"":""動詞用法，表示瞥見。""}],""related_forms"":[""glimpsed"",""glimpsing""]}"
globe	globe n.	"{""headword"":""globe"",""explanation"":""名詞「地球儀/全球」。指球狀模型或指整個世界。常見搭配 around the globe (全球)。"",""entries"":[{""sentence"":""The teacher used a large <globe> to show the students where different countries are located and how they relate to each other."",""translation"":""老師用一個大的地球儀向學生展示不同國家位於何處，以及它們彼此之間的相對位置。"",""explanation"":""指地球儀。""},{""sentence"":""The internet has connected people from all over the <globe>, allowing them to share information and ideas instantly."",""translation"":""網際網路連結了來自全球各地的人們，讓他們能即時分享資訊與想法。"",""explanation"":""指全世界。""},{""sentence"":""Environmental issues are a concern for people *around* the <globe>, as climate change affects everyone regardless of where they live."",""translation"":""環境議題是全球人們所關心的，因為氣候變遷影響著每一個人，無論他們住在何處。"",""explanation"":""常見搭配 around the globe (全球)。""}],""related_forms"":[""global""]}"
glorious	glorious adj.	"{""headword"":""glorious"",""explanation"":""形容詞「光榮的/壯麗的」。指極好的、令人讚嘆的，或與榮耀相關的。"",""entries"":[{""sentence"":""We spent a <glorious> afternoon walking along the beach, enjoying the warm sunshine and the beautiful view of the ocean."",""translation"":""我們在海邊度過了一個美好的下午，享受著溫暖的陽光和美麗的海景。"",""explanation"":""指極好的、美好的。""},{""sentence"":""The team achieved a <glorious> *victory* in the final game, making all their hard work and training over the past year worthwhile."",""translation"":""球隊在決賽中取得了光榮的勝利，讓他們過去一年所有的努力和訓練都變得值得。"",""explanation"":""指光榮的勝利。""},{""sentence"":""The sunset over the mountains was truly <glorious>, with colors of orange and purple filling the entire sky."",""translation"":""山上的日落景象真是壯麗，橘色和紫色的光芒填滿了整個天空。"",""explanation"":""指壯麗的景象。""}],""related_forms"":[""glory""]}"
goods	goods n.	"{""headword"":""goods"",""explanation"":""名詞「商品/貨物」，恆為複數形。常見搭配：consumer goods (消費品), stolen goods (贓物)。注意不可單數使用。"",""entries"":[{""sentence"":""The store offers a wide variety of *consumer* <goods>, ranging from fresh vegetables to high-quality electronic devices for local residents."",""translation"":""這家商店為當地居民提供各式各樣的消費品，從新鮮蔬菜到高品質電子設備應有盡有。"",""explanation"":""consumer goods 為常見搭配，指一般大眾購買的商品。""},{""sentence"":""The police searched the warehouse and successfully *recovered* the *stolen* <goods> that were taken from the jewelry store last week."",""translation"":""警方搜索了倉庫，並成功找回了上週從珠寶店被偷走的贓物。"",""explanation"":""stolen goods 指被竊取的貨物，常與 recover 或 find 搭配。""}],""related_forms"":[]}"
gown	gown n.	"{""headword"":""gown"",""explanation"":""名詞「禮服/長袍」。常指正式場合穿著的長裙 (evening gown) 或畢業典禮穿的學位袍 (graduation gown)。"",""entries"":[{""sentence"":""The young actress wore a beautiful *evening* <gown> to the film festival, attracting the attention of many photographers on the red carpet."",""translation"":""那位年輕女演員穿著一件美麗的晚禮服參加影展，在紅地毯上吸引了許多攝影師的目光。"",""explanation"":""evening gown 指正式晚宴穿的長禮服。""},{""sentence"":""All the students were required to wear their *graduation* <gown> and cap during the ceremony to receive their diplomas on stage."",""translation"":""所有學生在典禮期間都被要求穿上畢業袍和學士帽，以便在台上領取畢業證書。"",""explanation"":""graduation gown 指畢業典禮穿的學位袍。""}],""related_forms"":[]}"
grace	grace n./v.	"{""headword"":""grace"",""explanation"":""名詞「優雅/恩典」；動詞「使優雅/增色」。常見片語：with grace (優雅地), fall from grace (失寵)。"",""entries"":[{""sentence"":""The ballerina moved across the stage *with* such <grace> that the entire audience was completely captivated by her performance."",""translation"":""芭蕾舞者在舞台上移動的姿態如此優雅，讓全場觀眾都被她的表演深深吸引。"",""explanation"":""with grace 為固定用法，形容動作優雅。""},{""sentence"":""Her presence <graced> the *charity event*, making the night even more special for all the guests who attended."",""translation"":""她的出席為慈善活動增色不少，讓所有參加的賓客都覺得那個夜晚更加特別。"",""explanation"":""動詞用法，指使某場合因某人的出現而更顯光彩。""}],""related_forms"":[""graces"",""graced"",""gracing""]}"
graceful	graceful adj.	"{""headword"":""graceful"",""explanation"":""形容詞「優雅的」。常用於形容人的動作、姿態或外表。"",""entries"":[{""sentence"":""Despite her age, the old lady still maintained a <graceful> *posture* and walked with confidence in the park every morning."",""translation"":""儘管年事已高，這位老太太依然保持著優雅的姿態，每天早上都自信地在公園散步。"",""explanation"":""graceful posture 指優雅的姿勢。""},{""sentence"":""The swan made a <graceful> *movement* across the calm lake, creating a peaceful scene for the tourists nearby."",""translation"":""天鵝在平靜的湖面上優雅地移動，為附近的遊客創造了一幅寧靜的景象。"",""explanation"":""形容動作優雅，與 movement 搭配。""}],""related_forms"":[""gracefully""]}"
gracious	gracious adj.	"{""headword"":""gracious"",""explanation"":""形容詞「親切的/和藹的」。常用於形容對人友善、有禮貌，特別是地位較高者對人親切。"",""entries"":[{""sentence"":""The host was very <gracious> *to* all the guests, ensuring that everyone felt welcome and comfortable throughout the dinner party."",""translation"":""主人對所有賓客都非常親切，確保每個人在晚宴期間都感到受歡迎且舒適。"",""explanation"":""gracious to sb 指對某人親切。""},{""sentence"":""She gave a <gracious> *smile* when she accepted the award, showing her appreciation for the support she received from her team."",""translation"":""她在領獎時露出親切的微笑，表達對團隊支持的感謝。"",""explanation"":""gracious smile 指親切的微笑。""}],""related_forms"":[""graciously""]}"
graduation	graduation n.	"{""headword"":""graduation"",""explanation"":""名詞「畢業」。常見搭配：graduation ceremony (畢業典禮), graduation cap (學士帽)。"",""entries"":[{""sentence"":""Many students feel both excited and nervous about their future as they prepare for their upcoming <graduation> *ceremony* next month."",""translation"":""許多學生在準備下個月即將到來的畢業典禮時，對未來感到既興奮又緊張。"",""explanation"":""graduation ceremony 為固定搭配。""},{""sentence"":""After four years of hard work, he finally reached his <graduation> *day* and felt proud of everything he had achieved."",""translation"":""經過四年的努力，他終於迎來了畢業日，並對自己所達成的一切感到驕傲。"",""explanation"":""graduation day 指畢業當天。""}],""related_forms"":[""graduate""]}"
grammar	grammar n.	"{""headword"":""grammar"",""explanation"":""名詞「文法」。注意拼字結尾是 -ar，非 -er。"",""entries"":[{""sentence"":""Learning English <grammar> *rules* can be challenging, but it is essential for writing clear and professional emails in the workplace."",""translation"":""學習英文文法規則可能很有挑戰性，但這對於在職場上撰寫清晰且專業的電子郵件至關重要。"",""explanation"":""grammar rules 指文法規則。""},{""sentence"":""The teacher corrected the <grammar> *mistakes* in my essay and explained how to improve my sentence structure for better flow."",""translation"":""老師糾正了我作文中的文法錯誤，並解釋如何改善句型結構以增加流暢度。"",""explanation"":""grammar mistakes 指文法錯誤。""}],""related_forms"":[]}"
grammatical	grammatical adj.	"{""headword"":""grammatical"",""explanation"":""形容詞「文法上的」。常用於描述錯誤或結構。"",""entries"":[{""sentence"":""Before submitting your report, please check it carefully for any <grammatical> *errors* that might affect the quality of your writing."",""translation"":""在提交報告之前，請仔細檢查是否有任何可能影響寫作品質的文法錯誤。"",""explanation"":""grammatical errors 為常見搭配。""},{""sentence"":""The student struggled to form a <grammatical> *sentence* in his first attempt at speaking a foreign language during class."",""translation"":""這名學生在課堂上第一次嘗試說外語時，很難組成一個文法正確的句子。"",""explanation"":""grammatical sentence 指文法正確的句子。""}],""related_forms"":[""grammatically""]}"
graph	graph n./v.	"{""headword"":""graph"",""explanation"":""名詞「圖表/曲線圖」；動詞「用圖表表示」。常見搭配：bar graph (長條圖), line graph (折線圖)。"",""entries"":[{""sentence"":""The <graph> *shows* a steady increase in the company's sales over the past twelve months, indicating a successful marketing strategy."",""translation"":""圖表顯示過去十二個月公司銷售額穩定成長，顯示行銷策略相當成功。"",""explanation"":""graph shows 為常見搭配。""},{""sentence"":""It is helpful to <graph> the *data* so that we can easily identify the trends and patterns in the research results."",""translation"":""將數據繪製成圖表很有幫助，這樣我們就能輕鬆識別研究結果中的趨勢和模式。"",""explanation"":""動詞用法，指將數據繪製成圖表。""}],""related_forms"":[""graphs"",""graphed"",""graphing""]}"
grateful	grateful adj.	"{""headword"":""grateful"",""explanation"":""形容詞「感激的」。常用搭配：be grateful to sb for sth。"",""entries"":[{""sentence"":""I am deeply <grateful> *to* my teacher for all the guidance and support she provided during my preparation for the exam."",""translation"":""我非常感激老師在我準備考試期間所提供的所有指導與支持。"",""explanation"":""grateful to sb for sth 為固定句型。""},{""sentence"":""The volunteers were <grateful> *for* the donations from the community, which helped them provide more food for the homeless."",""translation"":""志工們很感激社區的捐款，這幫助他們為遊民提供了更多的食物。"",""explanation"":""grateful for sth 指對某事感到感激。""}],""related_forms"":[""gratefully""]}"
gratitude	gratitude n.	"{""headword"":""gratitude"",""explanation"":""名詞「感激之情」。常與 express 搭配。"",""entries"":[{""sentence"":""She wanted to *express* her <gratitude> *to* the doctors who saved her life by sending them a thank-you card."",""translation"":""她想透過寄送感謝卡，表達她對救了她一命的醫生的感激之情。"",""explanation"":""express gratitude to sb 為固定用法。""},{""sentence"":""The students showed their <gratitude> *by* preparing a small gift for their coach at the end of the sports season."",""translation"":""學生們在運動賽季結束時，透過準備一份小禮物給教練來表達他們的感激之情。"",""explanation"":""show gratitude by doing sth 指透過某行動表達感激。""}],""related_forms"":[]}"
grave	grave n./adj.	"{""headword"":""grave"",""explanation"":""名詞「墳墓」；形容詞「嚴重的/嚴肅的」。注意形容詞用法在 GSAT 常考。"",""entries"":[{""sentence"":""The country is facing a <grave> *situation* due to the sudden economic crisis, and the government is taking urgent measures."",""translation"":""由於突如其來的經濟危機，該國正面臨嚴峻的局勢，政府正在採取緊急措施。"",""explanation"":""grave situation 指嚴重的局勢。""},{""sentence"":""He visited his grandfather's <grave> *in* the cemetery to pay his respects on the anniversary of his passing."",""translation"":""他在祖父逝世週年時前往墓園探視祖父的墳墓，以表達他的敬意。"",""explanation"":""名詞用法，指墳墓。""}],""related_forms"":[""gravely""]}"
greasy	greasy adj.	"{""headword"":""greasy"",""explanation"":""形容詞「油膩的」。常用於形容食物或表面。"",""entries"":[{""sentence"":""Eating too much <greasy> *food* can lead to health problems, such as high cholesterol and weight gain over time."",""translation"":""吃太多油膩的食物會導致健康問題，例如長期的膽固醇過高和體重增加。"",""explanation"":""greasy food 指油膩的食物。""},{""sentence"":""The kitchen floor became <greasy> *after* the cooking accident, so we had to clean it thoroughly with soap and water."",""translation"":""烹飪意外發生後，廚房地板變得油膩膩的，所以我們必須用肥皂和水徹底清理乾淨。"",""explanation"":""形容表面油膩。""}],""related_forms"":[""grease""]}"
greeting	greeting(s) n.	"{""headword"":""greeting"",""explanation"":""名詞「問候/招呼」。常用複數 greetings 表「問候語」。"",""entries"":[{""sentence"":""He offered a *warm* <greeting> *to* his colleagues when he walked into the office this morning to start the day."",""translation"":""他今天早上走進辦公室開始一天的工作時，給了同事們一個溫暖的問候。"",""explanation"":""warm greeting 指溫暖的問候。""},{""sentence"":""Please send my *best* <greetings> *to* your family when you see them at the party this weekend."",""translation"":""這個週末你在派對上見到你家人時，請代我向他們問好。"",""explanation"":""send one's greetings to sb 為固定用法。""}],""related_forms"":[""greet""]}"
grief	grief n.	"{""headword"":""grief"",""explanation"":""名詞「悲傷/悲痛」。常用於形容失去親人後的強烈情緒。"",""entries"":[{""sentence"":""She was *overcome* *with* <grief> after hearing the news of her best friend's sudden death in the accident."",""translation"":""在聽到她最好的朋友在事故中突然過世的消息後，她陷入了極度的悲痛之中。"",""explanation"":""overcome with grief 為固定搭配，指悲痛欲絕。""},{""sentence"":""It takes time to *deal* *with* <grief>, and it is important to talk to someone you trust during difficult times."",""translation"":""處理悲傷需要時間，在困難時期與你信任的人交談是很重要的。"",""explanation"":""deal with grief 指處理悲傷情緒。""}],""related_forms"":[""grieve""]}"
grind	grind v./n.	"{""headword"":""grind"",""explanation"":""動詞「研磨/苦幹」；名詞「苦差事」。常見搭配：grind coffee beans (磨咖啡豆)。"",""entries"":[{""sentence"":""The chef likes to <grind> *fresh* coffee beans every morning to make the best cup of coffee for his customers."",""translation"":""主廚喜歡每天早上研磨新鮮咖啡豆，為他的顧客製作最棒的咖啡。"",""explanation"":""grind coffee beans 指磨咖啡豆。""},{""sentence"":""Studying for the final exams is a real <grind>, but it is necessary if you want to get good grades."",""translation"":""準備期末考真的是件苦差事，但如果你想拿到好成績，這是必要的過程。"",""explanation"":""名詞用法，指枯燥乏味的苦差事。""}],""related_forms"":[""ground""]}"
guarantee	guarantee v./n.	"{""headword"":""guarantee"",""explanation"":""動詞「保證」；名詞「保證/保固」。常見搭配：guarantee that... (保證...)。"",""entries"":[{""sentence"":""The company <guarantees> *that* all their products are made of high-quality materials and will last for many years."",""translation"":""該公司保證他們所有的產品都是由高品質材料製成，並且可以使用多年。"",""explanation"":""guarantee that... 為常見句型。""},{""sentence"":""This laptop comes with a *one-year* <guarantee>, so you can get it repaired for free if any problems occur."",""translation"":""這台筆記型電腦附有一年保固，所以如果發生任何問題，你可以免費維修。"",""explanation"":""one-year guarantee 指一年保固。""}],""related_forms"":[""guaranteed"",""guaranteeing""]}"
guardian	guardian n.	"{""headword"":""guardian"",""explanation"":""名詞「監護人/守護者」。指法律上的監護人或保護某人事物的人。"",""entries"":[{""sentence"":""As a minor, she needs her <guardian> *to* sign the consent form before she can participate in the school trip."",""translation"":""身為未成年人，她需要監護人在同意書上簽名，才能參加學校旅行。"",""explanation"":""指法律上的監護人。""},{""sentence"":""Parents are the natural <guardians> *of* their children, responsible for their safety and well-being as they grow up."",""translation"":""父母是孩子天生的守護者，負責他們成長過程中的安全與福祉。"",""explanation"":""指守護者，與 of 搭配。""}],""related_forms"":[""guard""]}"
guilt	guilt n.	"{""headword"":""guilt"",""explanation"":""名詞「罪惡感/內疚」。常與 feel 搭配。"",""entries"":[{""sentence"":""He felt a deep sense of <guilt> *for* not being there when his brother needed his help the most."",""translation"":""他因為在兄弟最需要幫助時不在場，而感到深深的內疚。"",""explanation"":""feel a sense of guilt for sth 為固定搭配。""},{""sentence"":""The criminal could not hide his <guilt> *when* the police presented the evidence found at the crime scene."",""translation"":""當警方出示在犯罪現場發現的證據時，罪犯無法掩飾他的罪行。"",""explanation"":""指罪行或內疚感。""}],""related_forms"":[""guilty""]}"
guilty	guilty adj.	"{""headword"":""guilty"",""explanation"":""形容詞「有罪的/內疚的」。常見搭配：be guilty of (犯了...罪)。"",""entries"":[{""sentence"":""The jury found the man <guilty> *of* stealing the money from the bank after reviewing all the evidence presented."",""translation"":""陪審團在審閱所有提出的證據後，判定該男子犯有從銀行竊取金錢的罪行。"",""explanation"":""be guilty of sth 為固定用法。""},{""sentence"":""I felt <guilty> *about* forgetting my best friend's birthday, so I bought her a gift to make it up to her."",""translation"":""我因為忘記了最好朋友的生日而感到內疚，所以我買了禮物來補償她。"",""explanation"":""feel guilty about sth 指對某事感到內疚。""}],""related_forms"":[""guilt""]}"
