headword	raw_string	response	verification	comment	attempts
abolish	abolish v.	"{""headword"":""abolish"",""explanation"":""「abolish」在學測中常用於討論法律、制度、傳統或社會習俗的廢除。其核心概念是「正式地宣告某個法律制度不再有效」，因此其受詞通常是抽象名詞，如 slavery, tax, 或 system。請注意它與 destroy 或 remove 的區別：abolish 強調的是法律上的廢止而非物理上的摧毀。"",""senses"":[{""sense"":""廢除；取消（法律、制度或習俗）"",""entries"":[{""pattern"":""abolish sth."",""pos"":""verb"",""translation"":""廢除某事"",""explanation"":""及物動詞，後接被廢除的制度、法律或傳統。常用於歷史或社會科學類文章。"",""sentences"":[{""sentence"":""Many people fought bravely for decades to <target>abolish</target> <pattern>slavery</pattern> and ensure that every human being was born free."",""translation"":""許多人奮鬥了數十年以廢除奴隸制度，並確保每個人生而自由。""},{""sentence"":""sentence own"",""translation"":""sentence own""}]},{""pattern"":""abolish the death penalty"",""pos"":""verb"",""translation"":""廢除死刑"",""explanation"":""這是學測常考的高頻率搭配詞，涉及社會正義與人權討論。"",""sentences"":[{""sentence"":""Human rights groups argue that the government should <target>abolish</target> <pattern>the death penalty</pattern> because it is cruel and unfair."",""translation"":""人權團體主張政府應廢除死刑，因為這太過殘酷且不公平。""}]},{""pattern"":""abolish a law"",""pos"":""verb"",""translation"":""廢除一項法律"",""explanation"":""指正式地取消一項既有的法律規定。"",""sentences"":[{""sentence"":""The city council decided to <target>abolish</target> <pattern>a law</pattern> that restricted the use of public parks during the weekend."",""translation"":""市議會決定廢除一項限制週末使用公共公園的法律。""}]}],""synonyms"":[{""word"":""annul"",""pos"":""verb"",""translation"":""宣告無效；廢止"",""explanation"":""常用於法律文件或婚姻的廢除。""},{""word"":""nullify"",""pos"":""verb"",""translation"":""使無效；取消"",""explanation"":""強調將某事從法律上宣告為無效。""},{""word"":""eliminate"",""pos"":""verb"",""translation"":""消除；除去"",""explanation"":""強調完全地移除或刪除某個制度或問題。""}],""antonyms"":[]}],""conjugations"":{""past_tense"":""abolished"",""past_participle"":""abolished""},""relatives"":{""morphology"":""字根 abol- (遠離、毀滅) + 字尾 -ish (使使其成為)"",""related"":[{""word"":""abolition"",""pos"":""noun"",""translation"":""廢除；取消"",""explanation"":""由動詞 abolish 加上名詞字尾 -tion 延伸而來。""}]}}"	none		1
abnormal	abnormal adj.	"{""headword"":""abnormal"",""explanation"":""「abnormal」的核心概念是「偏離常態」。在學測中，它常出現在科學實驗報告、心理健康分析或氣候變遷等描述「不正常現象」的語境中。要注意它與 abnormal 及其名詞形式 abnormality 的用法區分。"",""senses"":[{""sense"":""異常的；不正常的（偏離一般預期或標準）"",""entries"":[{""pattern"":""abnormal levels of sth."",""pos"":""adjective"",""translation"":""異常的…量/程度"",""explanation"":""常用於描述血液指標、氣溫或污染物濃度等超出正常範圍的數值。"",""sentences"":[{""sentence"":""The doctors became worried when the blood tests showed <target>abnormal</target> <pattern>levels of</pattern> sugar in the patient's bloodstream."",""translation"":""當血液檢查顯示患者血液中的血糖量異常時，醫生們開始感到擔心。""},{""sentence"":""Environmental scientists are studying the <target>abnormal</target> <pattern>levels of</pattern> carbon dioxide in the atmosphere to understand global warming."",""translation"":""環境科學家正在研究大氣中異常的二氧化碳含量，以了解全球暖化現象。""}]},{""pattern"":""abnormal behavior"",""pos"":""adjective"",""translation"":""異常行為"",""explanation"":""用於描述動物或人類在心理、社會壓力下表現出的不符合常規的舉止。"",""sentences"":[{""sentence"":""After the loud explosion, the dog showed <target>abnormal</target> <pattern>behavior</pattern> by hiding under the sofa and shaking for hours."",""translation"":""在巨大的爆炸之後，這隻狗表現出異常的行為，好幾個小時都躲在沙發下發抖。""},{""sentence"":""The psychologist noted that the child's <target>abnormal</target> <pattern>behavior</pattern> in class was a sign of deep emotional stress."",""translation"":""心理學家注意到該孩子在課堂上的異常行為是深層情緒壓力的徵兆。""}]},{""pattern"":""abnormal weather / conditions"",""pos"":""adjective"",""translation"":""異常的天氣／條件"",""explanation"":""指不符合該地區季節性規律的氣候現象，如極端高溫或寒流。"",""sentences"":[{""sentence"":""Due to <target>abnormal</target> <pattern>weather</pattern> in the spring, many farmers lost their crops because of unexpected frost and heavy rain."",""translation"":""由於春季異常的天氣，許多農民因為意外的霜凍和暴雨而損失了作物。""},{""sentence"":""The flight was canceled because the airport was facing <target>abnormal</target> <pattern>conditions</pattern> such as thick fog and strong winds."",""translation"":""航班被取消，因為機場正遭遇濃霧與強風等異常條件。""}]}],""synonyms"":[{""word"":""unusual"",""pos"":""adjective"",""translation"":""不尋常的"",""explanation"":""最通用的詞彙，強調與平常不同""},{""word"":""irregular"",""pos"":""adjective"",""translation"":""不規則的；異常的"",""explanation"":""強調不符合標準流程或固定模式""},{""word"":""anomalous"",""pos"":""adjective"",""translation"":""反常的；異常的"",""explanation"":""較高階詞彙，常用於科學數據分析中""}],""antonyms"":[{""word"":""normal"",""pos"":""adjective"",""translation"":""正常的"",""explanation"":null},{""word"":""typical"",""pos"":""adjective"",""translation"":""典型的；正常的"",""explanation"":""強調符合一般特徵""}]}],""conjugations"":null,""relatives"":{""morphology"":""字首 ab- (偏離) + 字根 norm (標準、常態) + 形容詞字尾 -al"",""related"":[{""word"":""norm"",""pos"":""noun"",""translation"":""標準；常態"",""explanation"":""核心名詞，指社會或自然界的普遍標準。""},{""word"":""normalize"",""pos"":""verb"",""translation"":""使正常化"",""explanation"":""將異常狀態轉化為正常狀態的過程。""},{""word"":""abnormality"",""pos"":""noun"",""translation"":""異常；畸形"",""explanation"":""由 abnormal 加上名詞字尾 -ity 延伸而來。""}]}}"	ai_pass		0
absurd	absurd adj.	"{""headword"":""absurd"",""explanation"":""「absurd」在學測中常用於描述想法、決定或情況的「荒謬」或「不合理」。這個字帶有強烈的主觀批判色彩，常用於論說文或對話中，用以指稱某件事完全違背常理或缺乏邏輯。"",""senses"":[{""sense"":""荒謬的；可笑的（完全違背邏輯、常理或現實）"",""entries"":[{""pattern"":""absurd"",""pos"":""adjective"",""translation"":""荒謬的；不合理的"",""explanation"":""用來修飾名詞，指某件事完全不合理，甚至讓人覺得可笑。"",""sentences"":[{""sentence"":""The claim that humans could inhabit Mars within a few years is <target>absurd</target>, as the current technology is far too primitive."",""translation"":""主張人類能在幾年內居住在火星是荒謬的，因為目前的技術遠為太過原始。""},{""sentence"":""It is <target>absurd</target> to expect a small child to sit still for three hours without moving or talking."",""translation"":""要求一個小孩子在三小時內保持靜止且不移動或說話，這是不合理的。""}]},{""pattern"":""an absurd amount of sth."",""pos"":""adjective"",""translation"":""極其大量的…（多到荒謬的程度）"",""explanation"":""這是一個常見的慣用語，用來強調數量之多已超出常理，通常帶有驚訝或不滿的情緒。"",""sentences"":[{""sentence"":""The billionaire spent an <target>absurd</target> <pattern>amount of</pattern> money on a golden toilet, which most people think is a waste of resources."",""translation"":""這位億萬富翁在一個金馬桶上花費了極其大量的金錢，大多數人認為這是資源的浪費。""}]}],""synonyms"":[],""antonyms"":[]},{""sense"":""荒謬的（指行為或外觀呈現出不協調、滑稽的樣子）"",""entries"":[{""pattern"":""absurd"",""pos"":""adjective"",""translation"":""translation\"":\""滑稽的；古怪的"",""explanation"":""指外觀或行為與環境不協調，產生一種幽默或奇怪的感覺。"",""sentences"":[{""sentence"":""The tiny dog looked <target>absurd</target> wearing a large, fancy hat and a small red bowtie during the party."",""translation"":""那隻小狗在派對上戴著一頂大而華麗的帽子和一個紅色小領結，看起來很滑稽。""}]}],""synonyms"":[],""antonyms"":[]},{""sense"":""荒謬的（指法律、規則或行政程序上的不合理）"",""entries"":[{""pattern"":""absurd"",""pos"":""adjective"",""translation"":""不合邏輯的；無理的"",""explanation"":""常用於批判制度或法律，指其執行過程或結果完全不符合常理。"",""sentences"":[{""sentence"":""The new school rule is <target>absurd</target> because it forbids students from using umbrellas during heavy rain to avoid accidents."",""translation"":""這項新的校規非常無理，因為它禁止學生在暴雨期間使用雨傘以避免意外。""}]}],""synonyms"":[],""antonyms"":[]}],""conjugations"":null,""relatives"":{""morphology"":""字根 abs- (離開) 與字根 surdus (沈默、聾的)，原意指不被聽見或不合理"",""related"":[{""word"":""absurdity"",""pos"":""noun"",""translation"":""荒謬；不合理"",""explanation"":""由形容詞 absurd 加上名詞字尾 -ity 延伸而來。""},{""word"":""absurdly"",""pos"":""adverb"",""translation"":""荒謬地；極其地"",""explanation"":""由形容詞 absurd 加上副詞字尾 -ly 延伸而來。""}]}}"	none		1
abortion	abortion n.	"{""headword"":""abortion"",""explanation"":""「abortion」在學測中常出現在關於生物倫理、女性權利或社會爭議的閱讀測驗中。這個字具有強烈的社會與法律色彩，學生應區分其「醫療行為」與「法律地位」的討論語境。"",""senses"":[{""sense"":""墮胎；人工流產（終止妊娠的醫療程序）"",""entries"":[{""pattern"":""perform an abortion"",""pos"":""noun"",""translation"":""執行墮胎手術"",""explanation"":""常用於醫療或法律語境，描述執行手術的專業行為。"",""sentences"":[{""sentence"":""In some countries, doctors are only allowed to <pattern>perform</pattern> an <target>abortion</target> if the mother's life is in serious danger."",""translation"":""在某些國家，醫生只有在母親生命處於嚴重危險時才被允許執行墮胎手術。""}]},{""pattern"":""have an abortion"",""pos"":""noun"",""translation"":""墮胎"",""explanation"":""最常用的日常表達方式，指女性決定終止妊娠。"",""sentences"":[{""sentence"":""The young woman spent many weeks thinking carefully before she decided to <pattern>have</pattern> an <target>abortion</target> due to her difficult financial situation."",""translation"":""這名年輕女子在決定因為困難的經濟狀況而墮胎之前，花了好幾週的時間深思熟慮。""}]},{""pattern"":""abortion laws / rights"",""pos"":""noun"",""translation"":""墮胎法／墮胎權"",""explanation"":""將 abortion 作為形容詞修飾語，討論法律限制或人權議題。"",""sentences"":[{""sentence"":""Many people joined the protest to demand more flexible <target>abortion</target> <pattern>laws</pattern> to protect the health of women."",""translation"":""許多人加入抗議活動，要求更靈活的墮胎法以保護女性的健康。""}]},{""pattern"":""illegal / legal abortion"",""pos"":""noun"",""translation"":""s"",""explanation"":""描述墮胎在法律上的狀態，常用於對比合法醫療體系與危險的黑市手術。"",""sentences"":[{""sentence"":""When abortion is banned by the law, some women may seek an <pattern>illegal</pattern> <target>abortion</target>, which can lead to dangerous health problems."",""translation"":""當墮胎被法律禁止時，一些女性可能會尋求非法墮胎，這可能導致危險的健康問題。""}]}],""synonyms"":[],""antonyms"":[]}],""conjugations"":null,""relatives"":{""morphology"":""字根 abort (離開、不完整) + 名詞字尾 -ion"",""related"":[{""word"":""abort"",""pos"":""verb"",""translation"":""中止；放棄"",""explanation"":""指在計劃或程序完成前強行停止，常用於科技或太空計畫（如 abort the mission）。""},{""word"":""abortive"",""pos"":""adjective"",""translation"":""失敗的；徒勞的"",""explanation"":""由動詞 abort  abortive attempts to stop the crisis""}]}}"	none		1
abrupt	abrupt adj.	"{""headword"":""abrupt"",""explanation"":""「abrupt」在學測中常用於描述事情發生的速度極快且出乎意料，或描述人的態度冷淡、沒禮貌。理解這個字時，應區分「突然」與「迅速」的不同之處：abrupt 強調的是「缺乏預兆」且「令人不安」的突發感。"",""senses"":[{""sense"":""突然的；意外的（指事情發生得極快，且沒有任何先兆）"",""entries"":[{""pattern"":""abrupt change"",""pos"":""adjective"",""translation"":""突然的改變"",""explanation"":""描述情況、天氣或情緒的劇烈且出乎意料的轉變。"",""sentences"":[{""sentence"":""The peaceful walk in the forest was interrupted by an <target>abrupt</target> <pattern>change</pattern> in the weather, as a heavy storm suddenly hit."",""translation"":""森林中寧靜的散步被天氣的突然改變給中斷了，因為一場暴風雨突然襲擊。""}]},{""pattern"":""abrupt end / stop"",""pos"":""adjective"",""translation"":""突然的結束／停止"",""explanation"":""描述一件事情在沒有預警的情況下被強制截斷或終止。"",""sentences"":[{""sentence"":""The company's successful growth came to an <target>abrupt</target> <pattern>end</pattern> when the main investor decided to withdraw all his money."",""translation"":""當主要投資者決定撤回所有資金時，這間公司成功的成長戛然而止（來了一個突然的結束）。""}]},{""pattern"":""be abrupt in sth."",""pos"":""adjective"",""translation"":""在…方面很突然／突兀"",""explanation"":""描述行動或反應在時間點上顯得極不自然或突然。"",""sentences"":[{""sentence"":""The old man was <target>abrupt</target> <pattern>in</pattern> his movements, turning around and walking away without saying a single word to the young boy."",""translation"":""那個老人動作很突兀，轉身走開，沒有對那個小男孩說過一個字。""}]}],""synonyms"":[],""antonyms"":[]},{""sense"":""唐突的；冷淡的（指人的言語或態度缺乏禮貌，顯得簡短且生硬）"",""entries"":[{""pattern"":""abrupt manner / tone"",""pos"":""adjective"",""translation"":""唐突的態度／口吻"",""explanation"":""描述對話中缺乏社交禮貌，讓人感覺被拒絕或不被歡迎。"",""sentences"":[{""sentence"":""The secretary answered the phone in such an <target>abrupt</target> <pattern>manner</pattern> that the customer felt insulted and immediately hung up."",""translation"":""秘書接電話的態度如此唐突，以至於顧客感到受辱並立即掛斷了電話。""}]},{""pattern"":""be abrupt with sb."",""pos"":""adjective"",""translation"":""對某人態度冷淡／唐突"",""explanation"":""常用於描述在社交互動中，對方因為不耐煩而使用簡短、生硬的語言。"",""sentences"":[{""sentence"":""I apologize for being so <target>abrupt</target> <pattern>with</pattern> you this morning; I was just very stressed because of the big presentation."",""translation"":""我很抱歉今天早上對你如此冷淡；我只是因為那場大型簡報而感到壓力很大。""}]}],""synonyms"":[],""antonyms"":[]},{""sense"":""陡峭的（指地形地貌的突然下降或上升）"",""entries"":[{""pattern"":""abrupt drop / slope"",""pos"":""adjective"",""translation"":""陡峭的下降／坡度"",""explanation"":""用於地理描述，指地表高度突然改變。"",""sentences"":[{""sentence"":""The hikers were warned to be careful because the mountain trail had an <target>abrupt</target> <pattern>drop</pattern> that could lead to a dangerous fall."",""translation"":""登山者被警告要小心，因為山路有一處陡峭的下降，可能會導致危險的墜落。""}]}],""synonyms"":[],""antonyms"":[]}],""conjugations"":null,""relatives"":{""morphology"":""字根 abrupt (突然、切斷)"",""related"":[{""word"":""abruptly"",""pos"":""adverb"",""translation"":""突然地；唐突地"",""explanation"":""由形容詞 abrupt 加上副詞字尾 -ly 延伸而來。""},{""word"":""abruption"",""pos"":""noun"",""translation"":""突然的中斷；脫離"",""explanation"":""由形容詞 abrupt 加上名詞字尾 -ion 延伸而來。""}]}}"	none		1
abundant	abundant adj.	"{""headword"":""abundant"",""explanation"":""「abundant」在學測中常用於描述自然資源、糧食供應或證據等，強調數量「極其充足」甚至「過剩」的狀態。它比 simple 的 many 或 plenty 更有正式感，常出現在環境科學或社會分析類的文章中。"",""senses"":[{""sense"":""豐富的；充裕的（數量多到足以滿足需求或甚至過剩）"",""entries"":[{""pattern"":""abundant in sth."",""pos"":""adjective"",""translation"":""富含…的；在…方面豐富的"",""explanation"":""用來描述某個地方、生物或物質中含有大量的特定元素。常用於自然科學描述。"",""sentences"":[{""sentence"":""Tropical rainforests are <target>abundant</target> <pattern>in</pattern> diverse plant species, making them essential for maintaining the earth's biological balance."",""translation"":""熱帶雨林富含多樣的植物物種，使其對於維持地球的生物平衡至關重要。""},{""sentence"":""Fresh fruits and vegetables are <target>abundant</target> <pattern>in</pattern> this sunny region, providing local people with a healthy and natural diet."",""translation"":""這個陽光充足的地區擁有豐富的新鮮水果和蔬菜，為當地人提供了健康且天然的飲食。""}]},{""pattern"":""abundant sth."",""pos"":""adjective"",""translation"":""豐富的…"",""explanation"":""作為形容詞直接修飾名詞，強調該物品的數量非常多。"",""sentences"":[{""sentence"":""The island has <target>abundant</target> natural resources, such as gold and oil, which have attracted many foreign companies to invest there."",""translation"":""該島擁有豐富的自然資源，例如黃金和石油，這吸引了許多外國公司前往投資。""},{""sentence"":""Despite the long drought, the farmer was relieved to find <target>abundant</target> rainfall during the early spring months."",""translation"":""儘管經歷了長期的乾旱，農夫很欣慰地發現早春時節有充足的雨量。""},{""sentence"":""The detective found <target>abundant</target> evidence at the crime scene, proving that the suspect was indeed present during the robbery."",""translation"":""偵探在犯罪現場發現了充足的證據，證明嫌疑人在搶劫過程中確實在場。""}]}],""synonyms"":[{""word"":""plentiful"",""pos"":""adjective"",""translation"":""充足的；豐富的"",""explanation"":""最接近的同義詞，強調數量多到夠用""},{""word"":""ample"",""pos"":""adjective"",""translation"":""寬裕的；充足的"",""explanation"":""強調空間或時間、數量上非常寬裕""}],""antonyms"":[{""word"":""scarce"",""pos"":""adjective"",""translation"":""缺乏的；稀少的"",""explanation"":""指數量不足以滿足基本需求""},{""word"":""meager"",""pos"":""adjective"",""translation"":""貧乏的；不足的"",""explanation"":""強調數量極少且品質低劣""}]}],""conjugations"":null,""relatives"":{""morphology"":""字根 abund (豐富、溢出) + 形容詞字尾 -ant"",""related"":[{""word"":""abundance"",""pos"":""noun"",""translation"":""豐富；充裕"",""explanation"":""由形容詞 abundant 轉化而來的名詞，指豐富的狀態。""},{""word"":""abundantly"",""pos"":""adverb"",""translation"":""豐富地；極其"",""explanation"":""副詞形式，可用於修飾形容詞，例如 abundantly clear (極其清楚)。""}]}}"	ai_pass		0
accelerate	accelerate v.	"{""headword"":""accelerate"",""explanation"":""「accelerate」在學測中常出現在科學、環境、經濟或社會進步等主題中。理解此字時，要注意它不僅可以用於描述物理上的「加速」，還可以用於描述過程、進度或趨勢的「加快」或「促進」。"",""senses"":[{""sense"":""加速；加快（速度、進度或過程）"",""entries"":[{""pattern"":""accelerate sth."",""pos"":""verb"",""translation"":""加速某事"",""explanation"":""及物動詞，受詞通常是速度、經濟增長、工業化進程、氣候變遷等抽象過程。"",""sentences"":[{""sentence"":""The government introduced new tax cuts to <target>accelerate</target> economic growth and create more jobs for young graduates."",""translation"":""政府推出了新的減稅政策，以加速經濟增長並為年輕畢業生創造更多就業機會。""},{""sentence"":""Rising global temperatures <target>accelerate</target> the melting of polar ice caps, which leads to a dangerous rise in sea levels."",""translation"":""全球氣溫升高加速了極地冰蓋的融化，這導致海平面危險地上升。""}]},{""pattern"":""accelerate the process of..."",""pos"":""verb"",""translation"":""加速…的過程"",""explanation"":""高頻搭配，常用於描述科技發展、社會改革或學習進程。"",""sentences"":[{""sentence"":""The use of high-speed internet and digital tablets has <target>accelerated</target> <pattern>the process of</pattern> learning for students in remote villages."",""translation"":""高速網路和數位平板的使用加速了偏遠村莊學生的學習過程。""}]},{""pattern"":""accelerate"",""pos"":""verb"",""translation"":""加快速度"",""explanation"":""自動詞用法，指物體本身速度增加。"",""sentences"":[{""sentence"":""The train began to <target>accelerate</target> as it left the city station, quickly reaching its top speed within a few minutes."",""translation"":""火車離開城市車站後開始加速，在幾分鐘內迅速達到了最高時速。""},{""sentence"":""The car <target>accelerated</target> away from the stop sign, moving quickly into the traffic flow."",""translation"":""火車離開城市車站後開始加速，在幾分鐘內迅速達到了最高時速。""}]}],""synonyms"":[{""word"":""speed up"",""pos"":""verb"",""translation"":""加速"",""explanation"":""最常用的替代詞彙""},{""word"":""hasten"",""pos"":""verb"",""translation"":""加速；促使"",""explanation"":""常用於描述抽象過程或結果的加快""},{""word"":""expedite"",""pos"":""verb"",""translation"":""加速；促進"",""explanation"":""正式用詞，常用於處理行政或程序上的加速""}],""antonyms"":[{""word"":""decelerate"",""pos"":""verb"",""translation"":""減速"",""explanation"":""物理上的減速""},{""word"":""slow down"",""pos"":""verb"",""translation"":""放慢速度"",""explanation"":""通用型減速詞彙""},{""word"":""delay"",""pos"":""verb"",""translation"":""延遲；耽擱"",""explanation"":""延後發生時間""}]}],""conjugations"":{""past_tense"":""accelerated"",""past_participle"":""accelerated""},""relatives"":{""morphology"":""字首 ac- (朝向) + 字根 celer (快) + 字尾 -ate (動詞字尾)"",""related"":[{""word"":""acceleration"",""pos"":""noun"",""translation"":""加速；加速度"",""explanation"":""由動詞 accelerate 加上名詞字尾 -ion 延伸而來。""},{""word"":""accelerator"",""pos"":""noun"",""translation"":""加速器；油門"",""explanation"":""指使物體加速的裝置或人。""},{""word"":""celerity"",""pos"":""noun"",""translation"":""迅速；敏捷"",""explanation"":""來自相同的字根 celer，指行動之快。""}]}}"	none		1
accommodate	accommodate v.	"{""headword"":""accommodate"",""explanation"":""「accommodate」在學測中是一個多義詞，涵蓋了從「提供空間」到「適應」以及「配合」的語意。在閱讀測驗中，常出現在描述城市規劃、旅遊住宿或人際適應的語境中。重點在於辨識其後方接續的對象（如乘客、需求或需求）來確定正確的翻譯。"",""senses"":[{""sense"":""容納；提供空間（指物理空間能容納一定人數或物體）"",""entries"":[{""pattern"":""accommodate sb./sth."",""pos"":""verb"",""translation"":""容納某人／某物"",""explanation"":""指一個空間足夠大，可以讓特定人數或物品進入或放置。"",""sentences"":[{""sentence"":""The new city library was designed to <target>accommodate</target> up to five hundred visitors at the same time without feeling crowded."",""translation"":""這座新的城市圖書館在設計時，旨在能同時容納多達五百名訪客而不會感到擁擠。""},{""sentence"":""The small local bus is unable to <target>accommodate</target> <pattern>more</pattern> passengers during the busy morning rush hour."",""translation"":""這輛小型地方巴士在繁忙的早晨尖峰時段無法容納更多乘客。""}]}],""synonyms"":[],""antonyms"":[]},{""sense"":""滿足；配合（指滿足需求或提供方便）"",""entries"":[{""pattern"":""accommodate the needs of sb."",""pos"":""verb"",""translation"":""滿足…的需求"",""explanation"":""提供必要的設施或服務以符合對方的需求。"",""sentences"":[{""sentence"":""The university redesigned its classrooms to <target>accommodate</target> <pattern>the needs of</pattern> students with physical disabilities."",""translation"":""這所大學重新設計了教室，以滿足肢體障礙學生的需求。""}]},{""pattern"":""accommodate sb."",""pos"":""verb"",""translation"":""配合某人／遷就某人"",""explanation"":""在時間、安排或幫助上做出讓步或調整，以方便對方。"",""sentences"":[{""sentence"":""The teacher was kind enough to <target>accommodate</target> the student's request for a late submission of the final project."",""translation"":""老師非常親切，配合了學生延後提交最終專案的請求。""}]}],""synonyms"":[{""word"":""satisfy"",""pos"":""verb"",""translation"":""滿足"",""explanation"":null}],""antonyms"":[]},{""sense"":""適應；調整（為了配合環境或新情況而改變自己）"",""entries"":[{""pattern"":""accommodate oneself to sth."",""pos"":""verb"",""translation"":""使自己適應…"",""explanation"":""反身動詞用法，強調主體主動地調整自己的行為或想法以符合新環境。"",""sentences"":[{""sentence"":""After moving from a small village to a big city, the student had to <target>accommodate</target> <pattern>himself to</pattern> the noisy and fast-paced environment."",""translation"":""從小村莊搬到大城市後，這個學生必須使自己適應那嘈雜且快節奏的環境。""}]}],""synonyms"":[{""word"":""adapt"",""pos"":""verb"",""translation"":""適應"",""explanation"":null}],""antonyms"":[]},{""sense"":""提供住宿"",""entries"":[{""pattern"":""accommodate sb."",""pos"":""verb"",""translation"":""提供住宿給某人"",""explanation"":""正式用法，指提供房間或住處。"",""sentences"":[{""sentence"":""The mountain lodge can <target>accommodate</target> twenty guests per night, providing each person with a cozy private room."",""translation"":""這座山間小屋每晚可提供二十位客人的住宿，為每個人提供一間舒適的私人房間。""},{""sentence"":""The hotel was fully booked, so the manager could not <target>accommodate</target> any additional guests for the weekend."",""translation"":""這座飯店已滿房，因此經理在週末無法提供額外的客人住宿。""}]}],""synonyms"":[{""word"":""house"",""pos"":""verb"",""translation"":""提供住處"",""explanation"":null}],""antonyms"":[]},{""sense"":""調解；協調（使兩者之間達成一致）"",""entries"":[{""pattern"":""accommodate a dispute / difference"",""pos"":""verb"",""translation"":""調解爭端／協調分歧"",""explanation"":""描述解決衝突，使雙方達成共識。"",""sentences"":[{""sentence"":""The two political parties struggled for months to <target>accommodate</target> their <pattern>differences</pattern> and reach a final agreement."",""translation"":""兩個政黨奮鬥了數月，試圖協調他們的分歧並達成最終協議。""}]}],""synonyms"":[{""word"":""reconcile"",""pos"":""verb"",""translation"":""調解"",""explanation"":null}],""antonyms"":[]}],""conjugations"":{""past_tense"":""accommodated"",""past_participle"":""accommodated""},""relatives"":{""morphology"":""字首 ac- (朝向) + 字根 commod (適合、方便) + 字尾 -ate (動詞字尾)"",""related"":[{""word"":""accommodation"",""pos"":""noun"",""translation"":""住宿；適應"",""explanation"":""由動詞 accommodate 加上名詞字尾 -ation 延伸而來。""},{""word"":""commodity"",""pos"":""noun"",""translation"":""商品；日用品"",""explanation"":""指方便獲取的、可交易的物品。""}]}}"	none		1
abuse	abuse n./v.	"{""headword"":""abuse"",""explanation"":""「abuse」在學測中既是名詞也是動詞，核心概念是「濫用」或「虐待」。動詞用法中，要注意其受詞通常是權力、藥物或弱勢群體。名詞則常出現在社會議題、心理健康或法律相關的閱讀測驗中。區分其「濫用」與「虐待」兩種截然不同的語境是解題關鍵。"",""senses"":[{""sense"":""濫用；誤用（將權力、物質或權利用於不正確的目的）"",""entries"":[{""pattern"":""abuse sth."",""pos"":""verb"",""translation"":""濫用某物"",""explanation"":""及物動詞，受詞常為 power, authority, trust, drug 等。指將某種權限或物質用於非法或不道德的目的。"",""sentences"":[{""sentence"":""Some corrupt politicians <target>abuse</target> <pattern>their</pattern> power to steal public money and give high-paying jobs to their own family members."",""translation"":""一些腐敗的政治家濫用他們的權力來偷取公款，並給予自己的家人高薪職位。""},{""sentence"":""Doctors warn that students who <target>abuse</target> <pattern>stimulant</pattern> drugs to stay awake during finals may suffer from serious heart problems."",""translation"":""醫生警告說，那些在期末考期間濫用興奮劑以保持清醒的學生可能會遭受嚴重的心臟問題。""}]},{""pattern"":""abuse of sth."",""pos"":""noun"",""translation"":""對…的濫用"",""explanation"":""名詞結構，常用於描述制度上的缺失或社會現象。"",""sentences"":[{""sentence"":""The new law was created to prevent the <target>abuse</target> <pattern>of</pattern> official authority by police officers during public protests."",""translation"":""這項新法律的制定是為了防止警察在公共抗議期間濫用官方權限。""},{""sentence"":""Many people believe that the <target>abuse</target> <pattern>of</pattern> artificial intelligence in creating fake news is a dangerous threat to democracy."",""translation"":""許多人認為，利用人工智慧製造假新聞的濫用行為是對民主的危險威脅。""}]}],""synonyms"":[{""word"":""misuse"",""pos"":""verb"",""translation"":""誤用；濫用"",""explanation"":""強調使用不正確的方式""}],""antonyms"":[{""word"":""protect"",""pos"":""verb"",""translation"":""保護"",""explanation"":""防止被濫用或誤用""}]},{""sense"":""虐待；辱罵（對人或動物造成身體或心理上的傷害）"",""entries"":[{""pattern"":""abuse sb./sth."",""pos"":""verb"",""translation"":""虐待某人／某物"",""explanation"":""指對弱勢對象（如兒童、動物、配偶）進行身體或精神上的折磨。"",""sentences"":[{""sentence"":""The animal shelter works hard to rescue dogs and cats that were <target>abused</target> <pattern>by</pattern> their previous owners."",""translation"":""動物收容所努力營救那些被前任主人虐待的狗和貓。""},{""sentence"":""In some ancient cultures, workers were <target>abused</target> <pattern>by</pattern> cruel supervisors who treated them like slaves instead of human beings."",""translation"":""在某些古代文化中，工人被殘酷的主管虐待，後者將他們視為奴隸而非人類。""}]},{""pattern"":""be the victim of abuse"",""pos"":""noun"",""translation"":""成為虐待的受害者"",""explanation"":""在此語境下 abuse 為名詞，指遭受身體或心理傷害的行為。"",""sentences"":[{""sentence"":""Many children who <pattern>are</pattern> the victims <pattern>of</pattern> physical <target>abuse</target> struggle with deep emotional trauma for the rest of their lives."",""translation"":""許多身體虐待的受害者兒童在餘生中都與深刻的情感創傷搏鬥。""},{""sentence"":""The counselor provided a safe space for the woman to talk about the emotional <target>abuse</target> she had faced in her marriage."",""translation"":""諮詢師為這位女性提供了一個安全空間，讓她談論她在婚姻中面臨的情緒虐待。""}]}],""synonyms"":[{""word"":""mistreat"",""pos"":""verb"",""translation"":""虐待；對待不周"",""explanation"":""泛指對人或動物不友善地對待""},{""word"":""torment"",""pos"":""verb"",""translation"":""折磨"",""explanation"":""強調精神或肉體上的極度痛苦""}],""antonyms"":[{""word"":""cherish"",""pos"":""verb"",""translation"":""珍惜；愛護"",""explanation"":null},{""word"":""protect"",""pos"":""verb"",""translation"":""保護"",""explanation"":null}]}],""conjugations"":{""past_tense"":""abused"",""past_participle"":""abused""},""relatives"":{""morphology"":""字根 abuse (濫用/虐待) 來自拉丁語 ab- (離開) + uti (使用)，原意為「不正確地使用」。"",""related"":[{""word"":""abusive"",""pos"":""adjective"",""translation"":""虐待的；辱罵的"",""explanation"":""由動詞 abuse 加上形容詞字尾 -ive 延伸而來。""},{""word"":""abuser"",""pos"":""noun"",""translation"":""濫用者；虐待者"",""explanation"":""由動詞 abuse 加上行為者字尾 -er 延伸而來。""}]}}"	none		1
accommodation	accommodation n.	"{""headword"":""accommodation"",""explanation"":""「accommodation」在學測中是一個多義詞，涵蓋了從具體的「住宿」到抽象的「調適/妥協」等語意。在閱讀測驗中，最常出現的是旅遊或社會議題相關的「住宿」；但在心理學或教育類文章中，則常出現「調適」之義。學生應根據上下文快速判斷其語境。"",""senses"":[{""sense"":""住宿；住處（提供給旅客或居住者的空間）"",""entries"":[{""pattern"":""provide accommodation"",""pos"":""noun"",""translation"":""提供住宿"",""explanation"":""常用於描述飯店、青年旅館或學校宿舍等提供居住空間的行為。"",""sentences"":[{""sentence"":""Because the city center is so expensive, the university decided to provide cheaper <target>accommodation</target> for all first-year students."",""translation"":""由於市中心價格昂貴，大學決定為所有一年級學生提供較便宜的住宿。""}]},{""pattern"":""book accommodation"",""pos"":""noun"",""translation"":""預訂住宿"",""explanation"":""指在旅行前透過網路或電話預約飯店或民宿。"",""sentences"":[{""sentence"":""If you plan to visit the popular beach town during the summer holiday, you should book your <target>accommodation</target> early to avoid high prices."",""translation"":""如果你計畫在暑假期間造訪那個熱門的海濱小鎮，你應該儘早預訂住宿以避免高價。""}]}],""synonyms"":[{""word"":""lodging"",""pos"":""noun"",""translation"":""住宿；住處"",""explanation"":""較正式的說法，指臨時的居住空間""},{""word"":""housing"",""pos"":""noun"",""translation"":""住房；住宅"",""explanation"":""指較長期的居住安排或住房問題""}],""antonyms"":[]},{""sense"":""調適；妥協；調整（改變以適應新環境或需求）"",""entries"":[{""pattern"":""make an accommodation"",""pos"":""noun"",""translation"":""達成妥協；做出調整"",""explanation"":""指雙方各讓一步以達成一致，或為了適應新情況而做出改變。"",""sentences"":[{""sentence"":""After several long discussions, the two companies finally made an <target>accommodation</target> that allowed both sides to share the profits equally."",""translation"":""經過幾次長時間的討論，兩家公司最終達成了一項妥協，允許雙方平分 solides 利潤。""}]},{""pattern"":""reasonable accommodation"",""pos"":""noun"",""translation"":""合理的調適／便利設施"",""explanation"":""法律或教育術語，指為身心障礙者提供必要的調整（如坡道或特殊設備）以使其能平等參與。"",""sentences"":[{""sentence"":""The school provided a reasonable <target>accommodation</target> by giving the student with a visual impairment extra time to complete the final exam."",""translation"":""學校提供了一項合理的調適，讓視覺受損的學生在期末考時擁有額外的時間來完成試卷。""}]}],""synonyms"":[{""word"":""adjustment"",""pos"":""noun"",""translation"":""調整；調適"",""explanation"":""指改變某些部分以使其更適合""},{""word"":""compromise"",""pos"":""noun"",""translation"":""妥協；折衷"",""explanation"":""指雙方各讓一步以達成一致""}],""antonyms"":[]}],""conjugations"":null,""relatives"":{""morphology"":""動詞 accommodate 加上名詞字尾 -ion"",""related"":[{""word"":""accommodate"",""pos"":""verb"",""translation"":""提供住宿；適應；容納"",""explanation"":""核心動詞，可指提供住處或配合他人需求。""}]}}"	none		1
accounting	accounting n.	"{""headword"":""accounting"",""explanation"":""「accounting」在學測中通常出現在關於商業、財務管理或職業選擇的閱讀測驗中。它不僅指一個專業的「會計學」領域，也可以指具體的「會計記錄」過程。理解此字時需注意其與 account (帳戶/描述) 的衍生關係。"",""senses"":[{""sense"":""會計學；會計制度（專業領域或理論）"",""entries"":[{""pattern"":""a degree in accounting"",""pos"":""noun"",""translation"":""會計學學位"",""explanation"":""描述教育背景時的常用搭配，指在大學主修會計學。"",""sentences"":[{""sentence"":""After graduating from college with a degree in <target>accounting</target>, Sarah found a high-paying job at one of the world's largest banks."",""translation"":""在大學取得會計學位畢業後，莎拉在全球最大銀行之一找到了一份高薪工作。""}]},{""pattern"":""accounting principles"",""pos"":""noun"",""translation"":""會計原則"",""explanation"":""指一套標準化的財務記錄規則，常用於探討企業治理或法律合規的文章。"",""sentences"":[{""sentence"":""To ensure that financial reports are honest and clear, every company must follow strict <target>accounting</target> <pattern>principles</pattern> when recording their profits."",""translation"":""為了確保財務報告誠實且清晰，每家公司在記錄利潤時必須遵守嚴格的會計原則。""}]}],""synonyms"":[{""word"":""bookkeeping"",""pos"":""noun"",""translation"":""簿記；記帳"",""explanation"":""較偏向基礎的記錄過程，而 accounting 包含更廣的分析與審計""}],""antonyms"":[]},{""sense"":""會計記錄；帳務處理（實際的操作過程）"",""entries"":[{""pattern"":""accounting"",""pos"":""noun"",""translation"":""會計記錄；帳務處理"",""explanation"":""指將金錢交易記錄在帳簿中的具體行動。"",""sentences"":[{""sentence"":""The small business owner spent the entire weekend on <target>accounting</target> to make sure every single expense was recorded correctly for the tax office."",""translation"":""這名小企業主花了一整個週末在處理會計記錄，以確保每一筆支出都正確地記錄在稅務局的帳單中。""}]}],""synonyms"":[{""word"":""record-keeping"",""pos"":""noun"",""translation"":""紀錄保存"",""explanation"":""泛指對數據或文件進行有系統的記錄""}],""antonyms"":[]}],""conjugations"":null,""relatives"":{""morphology"":""字根 count (計算) + 名詞字尾 -ing (將動作轉為領域/名稱)"",""related"":[{""word"":""account"",""pos"":""noun"",""translation"":""帳戶；描述"",""explanation"":""基礎詞彙，指金融帳戶或對某事的敘述。""},{""word"":""accountant"",""pos"":""noun"",""translation"":""會計師"",""explanation"":""指從事會計專業的人員，由 accounting 加上 -ant (人) 構成。""},{""word"":""accountable"",""pos"":""adjective"",""translation"":""應負責任的"",""explanation"":""字面意為「可被計算/對帳的」，引申為必須對結果負責。""}]}}"	ai_pass		0
accord	accord n./v.	"{""headword"":""accord"",""explanation"":""「accord」在學測中具備名詞與動詞兩種核心用法。名詞時常出現在正式的國際協議或外交文書中；動詞時則表現為較正式的「授予」或「一致」之意。最關鍵的考點在於其名詞形式的固定搭配片語「in accord with」與「of one's own accord」，學生需將其區分開來記憶。"",""senses"":[{""sense"":""一致；協調（狀態或觀點的契合）"",""entries"":[{""pattern"":""in accord with sth."",""pos"":""noun"",""translation"":""與…一致；與…協調"",""explanation"":""常用於描述法律、規定或個人行為與某種標準或原則相符。"",""sentences"":[{""sentence"":""The new school rules are <pattern>in</pattern> <target>accord</target> <pattern>with</pattern> the latest education laws, ensuring all students receive a fair and equal learning environment."",""translation"":""新的學校規則與最新的教育法規一致，確保所有學生都能獲得公平且平等的學習環境。""},{""sentence"":""The company's recent decision to reduce plastic packaging is <pattern>in</pattern> <target>accord</target> <pattern>with</pattern> its goal of protecting the global environment."",""translation"":""translation a's recent decision to reduce plastic packaging is <pattern>in</pattern> <target>accord</target> <pattern>with</pattern> its goal of protecting the global environment.""}]},{""pattern"":""of one's own accord"",""pos"":""noun"",""translation"":""自願地；主動地"",""explanation"":""指不需要他人要求或強迫，而是出於自己的意願採取行動。"",""sentences"":[{""sentence"":""Although the teacher did not ask for any extra help, the student decided to clean the classroom <pattern>of</pattern> <target>his</target> <pattern>own accord</pattern>."",""translation"":""雖然老師沒有要求任何額外幫忙，但該名學生決定主動清理教室。""},{""sentence"":""The shy boy finally stepped forward <pattern>of</pattern> <target>his</target> <pattern>own accord</pattern> to answer the difficult question during the science class."",""translation"":""那個害羞的男孩終於主動上前回答科學課上那個困難的問題。""}]}],""synonyms"":[{""word"":""agreement"",""pos"":""noun"",""translation"":""一致；協議"",""explanation"":""泛指雙方達成共識的狀態""},{""word"":""harmony"",""pos"":""noun"",""translation"":""和諧；一致"",""explanation"":""強調彼此之間沒有衝突的契合感""}],""antonyms"":[{""word"":""discord"",""pos"":""noun"",""translation"":""不一致；不和"",""explanation"":""指觀點或狀態完全相反""}]},{""sense"":""協議；條約（正式的書面約定）"",""entries"":[{""pattern"":""accord"",""pos"":""noun"",""translation"":""協議；條約"",""explanation"":""通常指國家之間或正式組織之間簽署的正式協議。"",""sentences"":[{""sentence"":""The two neighboring countries finally signed a peace <target>accord</target> to end the long war and restore trade between their cities."",""translation"":""兩個鄰國終於簽署了一項和平協議，以結束了長期的戰爭並恢復城市間的貿易。""},{""sentence"":""The international climate <target>accord</target> aims to reduce carbon emissions worldwide to stop the global temperature from rising too quickly."",""translation"":""國際氣候協議旨在減少全球碳排放，以防止全球溫度上升過快。""}]}],""synonyms"":[{""word"":""treaty"",""pos"":""noun"",""translation"":""條約"",""explanation"":""國家間最高等級的正式法律協議""},{""word"":""pact"",""pos"":""noun"",""translation"":""協定；盟約"",""explanation"":""通常指較小規模或較私人的正式約定""}],""antonyms"":[]},{""sense"":""授予；賦予（正式地給予某種權利或地位）"",""entries"":[{""pattern"":""accord sth. to sb."",""pos"":""verb"",""translation"":""賦予某人某事"",""explanation"":""正式動詞，常用於授予尊重、地位或權利等抽象名詞。"",""sentences"":[{""sentence"":""The local community <target>accorded</target> great <pattern>respect</pattern> <pattern>to</pattern> the old doctor who had served the village for over forty years."",""translation"":""當地社區對那位服務村莊超過四十年的老醫生賦予了極大的尊重。""},{""sentence"":""The judge <target>accorded</target> full <pattern>legal rights</pattern> <pattern>to</pattern> the refugees, allowing them to live and work in the city safely."",""translation"":""法官賦予了難民完整的法律權利，允許在城市中安全地生活與工作。""}]}],""synonyms"":[{""word"":""grant"",""pos"":""verb"",""translation"":""授予；給予"",""explanation"":"" ""},{""word"":""bestow"",""pos"":""verb"",""translation"":""賜予；賦予"",""explanation"":"" ""}],""antonyms"":[{""word"":""deny"",""pos"":""verb"",""translation"":""否認；拒絕給予"",""explanation"":""指拒絕給予對方應有的權利或地位""}]}],""conjugations"":{""past_tense"":""accorded"",""past_participle"":""accorded""},""relatives"":{""morphology"":""字根 accord (一致、協調)"",""related"":[{""word"":""accordingly"",""pos"":""adverb"",""translation"":""因此；相應地"",""explanation"":""由 accord 延伸而來，意為根據情況採取相應行動。""},{""word"":""according to"",""pos"":""preposition"",""translation"":""根據…"",""explanation"":""極其高頻的片語，用以引用來源或依據。""},{""word"":""discord"",""pos"":""noun"",""translation"":""不和；衝突"",""explanation"":""字首 dis- (相反) + accord (accord 一致)，字面意為不一致。""}]}}"	none		1
acknowledge	acknowledge(ment) v./(n.)	"{""headword"":""acknowledge"",""explanation"":""「acknowledge」在學測中是一個高頻且多義的字彙。其核心概念是「承認某事的存在或真實性」。根據接續的對象不同，它可以表示承認錯誤、承認事實，或是禮貌性地確認收到訊息。在寫作中，常用於論述文章的開頭或結尾，用以承認對立觀點或感謝他人。"",""senses"":[{""sense"":""承認；認可（承認某事為真實、正確或合法）"",""entries"":[{""pattern"":""acknowledge sth."",""pos"":""verb"",""translation"":""承認某事"",""explanation"":""及物動詞，後接名詞或名詞片語，通常指承認一個事實、錯誤或現狀。"",""sentences"":[{""sentence"":""After several hours of questioning, the suspect finally <target>acknowledged</target> his mistake and apologized to the victims for the pain he caused."",""translation"":""經過數小時的審問，嫌疑人終於承認了他的錯誤並向受害者道歉。""}]},{""pattern"":""acknowledge that..."",""pos"":""verb"",""translation"":""承認…（後接子句）"",""explanation"":""後接 that 子句，用來描述一個完整的事實或情況。在學術論文中常用於承認對立觀點以增加論點的客觀性。"",""sentences"":[{""sentence"":""Most historians <target>acknowledge</target> <pattern>that</pattern> the ancient trade routes played a key role in spreading culture across different lands."",""translation"":""大多數歷史學家承認，古代貿易路線在將文化傳播到不同土地方面扮演了關鍵角色。""},{""sentence"":""Although she won the race, the athlete <target>acknowledged</target> <pattern>that</pattern> her opponent had trained harder than she did."",""translation"":""雖然她贏了比賽，但這位運動員承認她的對手比她訓練得更勤奮。""}]}],""synonyms"":[{""word"":""admit"",""pos"":""verb"",""translation"":""承認"",""explanation"":""通常指勉強承認一件不愉快或尷尬的事""},{""word"":""concede"",""pos"":""verb"",""translation"":""讓步承認"",""explanation"":""在辯論或爭論中，不情願地承認對方是對的""}],""antonyms"":[{""word"":""deny"",""pos"":""verb"",""translation"":""否認"",""explanation"":""堅稱某事不是真實的""}]},{""sense"":""確認收到；回應（對訊息、信件或他人存在做出反應）"",""entries"":[{""pattern"":""acknowledge receipt of sth."",""pos"":""verb"",""translation"":""確認收到某物"",""explanation"":""常用於商務或正式書信，指告知對方已收到信件或包裹。"",""sentences"":[{""sentence"":""Please <target>acknowledge</target> <pattern>receipt of</pattern> this email by replying with a short message as soon as you can."",""translation"":""請盡快回覆簡訊以確認收到這封電子郵件。""}]},{""pattern"":""acknowledge sb."",""pos"":""verb"",""translation"":""向某人打招呼；對某人做出回應"",""explanation"":""指透過眼神、微笑或點頭來表示注意到對方的存在。"",""sentences"":[{""sentence"":""Although they were once best friends, he walked past her in the hallway and did not even <target>acknowledge</target> her with a nod."",""translation"":""儘管他們曾經是最好的朋友，他在走廊經過她時甚至沒有點頭示意。""}]}],""synonyms"":[{""word"":""confirm"",""pos"":""verb"",""translation"":""確認"",""explanation"":""證實某事的正確性或收到狀態""},{""word"":""recognize"",""pos"":""verb"",""translation"":""認出；識別"",""explanation"":""意識到某人的存在或身分""}],""antonyms"":[{""word"":""ignore"",""pos"":""verb"",""translation"":""無視；忽略"",""explanation"":""故意不理會某人的存在或訊息""}]}],""conjugations"":{""past_tense"":""acknowledged"",""past_participle"":""acknowledged""},""relatives"":{""morphology"":""字根 know (知道) + 前綴 ac- (趨向) + 字尾 -ledge (名詞/動詞化)"",""related"":[{""word"":""acknowledgment"",""pos"":""noun"",""translation"":""承認；確認收到的通知；感謝辭"",""explanation"":""由動詞 acknowledge 加上名詞字尾 -ment 延伸而來。在書籍開頭常見的感謝頁面即稱為 Acknowledgments。""},{""word"":""knowledge"",""pos"":""noun"",""translation"":""知識；認知"",""explanation"":""最基礎的同根名詞，指對某事物的了解。""},{""word"":""knowing"",""pos"":""adjective"",""translation"":""心照不宣的；有意圖的"",""explanation"":""由 know 延伸而來的形容詞。""}]}}"	none		1
accessible	accessible adj.	"{""headword"":""accessible"",""explanation"":""「accessible」在學測中是一個多義詞，核心概念是「可以接觸到的」。具體應用分為三大類：物理空間的「可進入/可到達」、資訊或服務的「可獲得/可利用」，以及心智或語言上的「易懂/親切」。掌握這三種情境的切換是解題關鍵。"",""senses"":[{""sense"":""可進入的；可到達的（指物理空間或地點）"",""entries"":[{""pattern"":""be accessible to sb."",""pos"":""adjective"",""translation"":""對某人可進入的／可到達的"",""explanation"":""指某個地點或設施對特定人群（如身心障礙者）開放或方便到達。"",""sentences"":[{""sentence"":""The city council decided to build new ramps so that the old museum would be more <target>accessible</target> <pattern>to</pattern> people in wheelchairs."",""translation"":""市議會決定建造新的坡道，好讓這座古老的博物館對於使用輪椅的人來說更方便進入。""}]},{""pattern"":""accessible by sth."",""pos"":""adjective"",""translation"":""可經由…到達的"",""explanation"":""用來描述地點如何被到達，後接交通工具或道路。"",""sentences"":[{""sentence"":""The small island is <target>accessible</target> <pattern>by</pattern> boat only, making it a perfect quiet spot for those who want to escape the city."",""translation"":""這個小島只能經由船隻到達，使其成為那些想要逃離城市的人們完美的寧靜之處。""}]}],""synonyms"":[{""word"":""reachable"",""pos"":""adjective"",""translation"":""可到達的"",""explanation"":""強調物理上的到達""},{""word"":""approachable"",""pos"":""adjective"",""translation"":""可接近的"",""explanation"":""指地點方便接近""}],""antonyms"":[{""word"":""inaccessible"",""pos"":""adjective"",""translation"":""無法進入的；偏僻的"",""explanation"":null}]},{""sense"":""可獲得的；可利用的（指資訊、權利或服務）"",""entries"":[{""pattern"":""be accessible to sb."",""pos"":""adjective"",""translation"":""對某人可獲得的／可利用的"",""explanation"":""指某種資源或權利對大眾或特定群體開放，不再被壟斷或限制。"",""sentences"":[{""sentence"":""With the help of free online libraries, academic research papers are now more <target>accessible</target> <pattern>to</pattern> students who cannot afford expensive books."",""translation"":""在免費線上圖書館的幫助下，學術研究論文現在對於那些買不起昂貴書籍的學生來說更容易獲得了。""}]},{""pattern"":""make sth. accessible"",""pos"":""adjective"",""translation"":""使某事可獲得／可利用"",""explanation"":""使原本困難獲取的資源變得容易取得。"",""sentences"":[{""sentence"":""The government's new policy aims to make high-quality healthcare <target>accessible</target> to all citizens regardless of their income levels."",""translation"":""政府的新政策旨在使高品質的醫療保健服務對所有公民而言都是可獲得的，無論其收入水平如何。""}]}],""synonyms"":[{""word"":""available"",""pos"":""adjective"",""translation"":""可獲得的；可利用的"",""explanation"":""最普遍的同義詞，指資源現成且可使用""},{""word"":""obtainable"",""pos"":""adjective"",""translation"":""可取得的"",""explanation"":""強調獲取過程""}],""antonyms"":[{""word"":""restricted"",""pos"":""adjective"",""translation"":""受限的"",""explanation"":""指資源被限制在特定範圍內""}]},{""sense"":""易懂的；親切的（指內容、風格或性格）"",""entries"":[{""pattern"":""accessible style/language"",""pos"":""adjective"",""translation"":""易懂的風格／語言"",""explanation"":""指複雜的理論或專業知識被簡化為大眾能理解的語言。"",""sentences"":[{""sentence"":""The professor wrote the science book in an <target>accessible</target> style, so that even teenagers could understand the complex laws of physics."",""translation"":""教授用一種易懂的風格撰寫了這本科學書，因此即使是青少年也能理解複雜的物理定律。""}]},{""pattern"":""be accessible to sb."",""pos"":""adjective"",""translation"":""（性格）親切的；容易接近的"",""explanation"":""指一個人的性格溫暖，使他人容易與其溝通或建立關係。"",""sentences"":[{""sentence"":""Despite being a world-famous leader, the president was known for being <target>accessible</target> <pattern>to</pattern> his employees and listening to their ideas."",""translation"":""儘管是一位世界聞名的領導者，總統仍以其對員工親切且容易接近而聞名，並傾聽他們的想法。""}]}],""synonyms"":[{""word"":""understandable"",""pos"":""adjective"",""translation"":""易懂的"",""explanation"":""指內容清晰且不複雜""},{""word"":""approachable"",""pos"":""adjective"",""translation"":""親切的；容易接近的"",""explanation"":""指人的性格溫暖""},{""word"":""clear"",""pos"":""adjective"",""translation"":""清晰的"",""explanation"":null}],""antonyms"":[]},{""sense"":""可觸及的（指物理觸摸）"",""entries"":[{""pattern"":""accessible"",""pos"":""adjective"",""translation"":""可觸及的"",""explanation"":""指物品在物理位置上容易被觸摸或拿到。"",""sentences"":[{""sentence"":""Please keep your most important documents in an <target>accessible</target> place so that you can find them quickly during an emergency."",""translation"":""將你最重要的文件放在一個容易觸及的地方，以便在緊急情況時能快速找到它們。""}]},{""pattern"":""accessible"",""pos"":""adjective"",""translation"":""可觸及的"",""explanation"":""指物品在物理觸及範圍內。"",""sentences"":[{""sentence"":""The medicine was kept in a high cabinet to ensure it was not <target>accessible</target> to young children."",""translation"":""藥品被放在高櫃中，以確保幼童無法觸及。""}]}],""synonyms"":[{""word"":""reachable"",""pos"":""adjective"",""translation"":""可觸及的"",""explanation"":null}],""antonyms"":[]}],""conjugations"":null,""relatives"":{""morphology"":""字根 access (進入/接近) + 形容詞字尾 -ible (可…的)"",""related"":[{""word"":""access"",""pos"":""noun"",""translation"":""進入的權限；路徑"",""explanation"":""核心名詞型態。""},{""word"":""access"",""pos"":""verb"",""translation"":""進入；獲取"",""explanation"":""指進入某地或獲取電腦系統中的資訊。""},{""word"":""accessibility"",""pos"":""noun"",""translation"":""可進入性；易懂性"",""explanation"":""由形容詞 accessible 加上名詞字尾 -ibility 延伸而來。""}]}}"	none		1
acquisition	acquisition n.	"{""headword"":""acquisition"",""explanation"":""「acquisition」在學測中具有兩種截然不同的核心語義：一是物質上的「獲取/購得」，常用於商業購併或財產增加；二是能力上的「習得」，特別是在語言學習 (language acquisition) 這一高頻學術討論主題中。區分這兩者能幫助學生在閱讀測驗中快速定位文章主題。"",""senses"":[{""sense"":""獲取；購得（指透過購買、努力或交易而得到的物品或公司）"",""entries"":[{""pattern"":""the acquisition of sth."",""pos"":""noun"",""translation"":""對…的獲取／購得"",""explanation"":""最普遍的用法，受詞通常是公司、土地、藝術品或特定資產。"",""sentences"":[{""sentence"":""The museum's recent <target>acquisition</target> <pattern>of</pattern> a rare 18th-century painting has attracted thousands of art lovers from all over the country."",""translation"":""該博物館最近購得的一幅稀有 18 世紀繪畫，吸引了全國成千上萬的藝術愛好者。""},{""sentence"":""The <target>acquisition</target> <pattern>of</pattern> new land for the national park was a difficult process that took several years of negotiation."",""translation"":""為國家公園獲取新土地是一個困難的過程，耗時數年的談判。""}]},{""pattern"":""corporate acquisition"",""pos"":""noun"",""translation"":""公司併購"",""explanation"":""商業術語，指一家公司買下另一家公司以擴展市場規模或獲取技術。"",""sentences"":[{""sentence"":""After the corporate <target>acquisition</target>, the two companies combined their research teams to create a more powerful and efficient product."",""translation"":""在公司併購之後，這兩家公司合併了研究團隊，以創造一個更強大且更高效的產品。""}]}],""synonyms"":[],""antonyms"":[]},{""sense"":""習得；學習（指自然而然地獲得一種能力或知識，而非刻意地死背）"",""entries"":[{""pattern"":""language acquisition"",""pos"":""noun"",""translation"":""語言習得"",""explanation"":""心理學與語言學的高頻術語，強調在自然環境中透過溝通而自然地掌握語言，與 learning (學習) 不同。"",""sentences"":[{""sentence"":""Many experts believe that early childhood is the most critical period for first language <target>acquisition</target>, as the brain is more flexible."",""translation"":""許多專家認為，幼兒期是第一語言習得最關鍵的時期，因為大腦更具靈活性。""},{""sentence"":""The <target>acquisition</target> <pattern>of</pattern> social skills is just as important as academic success for students who want to build strong relationships."",""translation"":""對於想要建立良好人際關係的學生來說，社交技巧的習得與學業成功同樣重要。""}]}],""synonyms"":[],""antonyms"":[]},{""sense"":""新獲取的物品；新成員（指新買的東西或新加入的組織成員）"",""entries"":[{""pattern"":""a new acquisition"",""pos"":""noun"",""translation"":""新購得之物；新成員"",""explanation"":""指新加入收藏品或團隊中的單一項目。"",""sentences"":[{""sentence"":""My father's newest <target>acquisition</target> is a high-quality telescope that allows him to see the stars and planets clearly at night in the garden."",""translation"":""我父親最新的獲購物是一台高品質的望遠鏡，讓他能在夜晚於花園中清晰地看見星星與行星。""}]}],""synonyms"":[],""antonyms"":[]}],""conjugations"":null,""relatives"":{""morphology"":""字根 acquire (獲得) + 名詞字尾 -ition"",""related"":[{""word"":""acquire"",""pos"":""verb"",""translation"":""獲得；習得"",""explanation"":""核心動詞型態。""},{""word"":""acquisitive"",""pos"":""adjective"",""translation"":""貪得的；渴望獲取的"",""explanation"":""由 acquire 延伸而來的形容詞，常用於描述對財產的強烈慾望。""},{""word"":""requisition"",""pos"":""noun"",""translation"":""徵用；要求"",""explanation"":""字根組合：re- (再次) + quisition (要求)，指正式地要求獲取某物。""}]}}"	none		1
acquaint	acquaint v.	"{""headword"":""acquaint"",""explanation"":""「acquaint」在學測中主要出現在被動語態或特定的片語結構中，重點在於「讓某人知道」或「使某人熟悉」。需注意其作為及物動詞的用法，並與名詞 acquaintance 區分。"",""senses"":[{""sense"":""使熟悉；讓知道（使某人獲取特定資訊或對某環境產生了解）"",""entries"":[{""pattern"":""acquaint sb. with sth."",""pos"":""verb"",""translation"":""使某人熟悉某事／讓某人了解某事"",""explanation"":""這是最核心的用法，表示讓某人獲得必要的知識或資訊。後方接 with，不可接 to。"",""sentences"":[{""sentence"":""Before the hiking trip begins, the guide will <target>acquaint</target> <pattern>all the tourists</pattern> <pattern>with</pattern> all the safety rules of the mountain."",""translation"":""在登山行程開始前，嚮導會讓所有遊客熟悉山上的安全規則。""},{""sentence"":""The new teacher spent the first week of school trying to <target>acquaint</target> <pattern>her students</pattern> <pattern>with</pattern> the library's digital catalog system."",""translation"":""新老師在開學的第一週試著讓她的學生熟悉圖書館的數位目錄系統。""}]},{""pattern"":""be acquainted with sth./sb."",""pos"":""adjective"",""translation"":""對…熟悉；與…相識"",""explanation"":""這是 acquaint 的被動形式，表示一種狀態，即已經對某事有了解或與某人認識。"",""sentences"":[{""sentence"":""After living in Taipei for three years, the exchange student was finally <target>acquainted</target> <pattern>with</pattern> the complex subway system and local customs."",""translation"":""在台北住了三年後，這位交換學生終於熟悉了複雜的捷運系統和當地習俗。""},{""sentence"":""Most professional musicians are well <target>acquainted</target> <pattern>with</pattern> the history of classical music and the lives of famous composers."",""translation"":""大多數專業音樂家都對古典音樂的歷史以及著名作曲家的生活非常熟悉。""}]}],""synonyms"":[],""antonyms"":[]},{""sense"":""告知；通知（正式語境，讓某人知道某事）"",""entries"":[{""pattern"":""acquaint sb. of sth."",""pos"":""verb"",""translation"":""告知某人某事"",""explanation"":""較為正式的用法，通常用於告知某項事實或決定。"",""sentences"":[{""sentence"":""The company manager decided to <target>acquaint</target> <pattern>the employees</pattern> <pattern>of</pattern> the new office policy regarding remote work options."",""translation"":""公司經理決定告知員工關於遠端工作選項的新辦公室政策。""}]}],""synonyms"":[],""antonyms"":[]},{""sense"":""使認識（讓兩個人互相認識）"",""entries"":[{""pattern"":""acquaint sb. with sb."",""pos"":""verb"",""translation"":""使某人認識某人"",""explanation"":""指將一個人介紹給另一個人，使他們建立初步的認識。"",""sentences"":[{""sentence"":""The principal wanted to <target>acquaint</target> <pattern>the new transfer student</pattern> <pattern>with</pattern> the members of the student council to help him fit in."",""translation"":""校長想要讓這名新轉學生認識學生會的們成員，以幫助他融入環境。""}]}],""synonyms"":[],""antonyms"":[]},{""sense"":""自我介紹（讓他人了解自己）"",""entries"":[{""pattern"":""acquaint oneself with sth."",""pos"":""verb"",""translation"":""熟悉…；了解…"",""explanation"":""反身用法，表示主動去學習或研究某事以使其變得熟悉。"",""sentences"":[{""sentence"":""To pass the difficult exam, the student spent several nights in the library to <target>acquaint</target> <pattern>himself</pattern> <pattern>with</pattern> the complex theories of physics."",""translation"":""為了通過這場困難的考試，學生在圖書館待了幾個晚上，好讓自己熟悉複雜的物理理論。""}]}],""synonyms"":[],""antonyms"":[]}],""conjugations"":{""past_tense"":""acquainted"",""past_participle"":""acquainted""},""relatives"":{""morphology"":""字根 acquaint (使熟悉) 來自於 ad- (朝向) + quai (平等的/相同的)，字面意為使某人達到相同的認知水平。"",""related"":[{""word"":""acquaintance"",""pos"":""noun"",""translation"":""相識的人；認識"",""explanation"":""由 acquaint 加上名詞字尾 -ance 延伸而來，指認識的人或對某事的初步了解。""},{""word"":""unacquainted"",""pos"":""adjective"",""translation"":""不熟悉的；不認識的"",""explanation"":""由前綴 un- (unfamiliar)""}]}}"	none		1
activist	activist n.	"{""headword"":""activist"",""explanation"":""「activist」在學測中常出現在社會議題、環境保護或人權討論的閱讀文章中。這個字強調的是「採取行動」而非僅僅是「支持」某個理念，因此在文意選填或克漏字中，應將其與普通的 supporter (支持者) 區分開來，強調其積極參與抗議、遊說或組織活動的特質。"",""senses"":[{""sense"":""行動主義者；積極參與社會變革之人（通常指為了政治、環境或社會正義而採取行動的人）"",""entries"":[{""pattern"":""activist"",""pos"":""noun"",""translation"":""行動主義者"",""explanation"":""指積極參與社會變革的人，通常與特定議題（如環境、人權）搭配。"",""sentences"":[{""sentence"":""A young environmental <target>activist</target> gave a powerful speech at the conference to warn people about the dangers of global warming."",""translation"":""一名年輕的環境行動主義者在會議上發表了一場強有力的演講，警告人們全球暖化的危險。""},{""sentence"":""The local human rights <target>activists</target> worked hard to organize a peaceful protest against the unfair laws of the city."",""translation"":""當地的權利行動主義者們努力組織了一場和平抗議，以反對這座城市不公平的法律。""}]},{""pattern"":""be an activist for sth."",""pos"":""noun"",""translation"":""是…的行動主義者；積極爭取…之人"",""explanation"":""用來明確指出該行動主義者所關注的具體議題或目標。"",""sentences"":[{""sentence"":""Since she was in high school, Sarah has been an <target>activist</target> <pattern>for</pattern> animal rights, fighting to stop the use of animals in labs."",""translation"":""自從高中起，莎拉就一直是一位動物權利行動主義者，致力於停止在實驗室中使用動物。""},{""sentence"":""Many students have become <target>activists</target> <pattern>for</pattern> mental health awareness to ensure that schools provide more support for struggling teenagers."",""translation"":""許多學生已成為心理健康意識的行動主義者，以確保學校為掙扎中的青少年提供更多支持。""}]}],""synonyms"":[{""word"":""campaigner"",""pos"":""noun"",""translation"":""活動倡議者"",""explanation"":""強調透過有組織的活動來推動變革""},{""word"":""advocate"",""pos"":""noun"",""translation"":""擁護者；倡導者"",""explanation"":""強調在言論或法律上支持某種理念""}],""antonyms"":[{""word"":""bystander"",""pos"":""noun"",""translation"":""旁觀者"",""explanation"":""指對發生的事情不採取任何行動的人""},{""word"":""conformist"",""pos"":""noun"",""translation"":""循規蹈矩者"",""explanation"":""指接受現狀且不嘗試改變的人""}]}],""conjugations"":null,""relatives"":{""morphology"":""字根 act (做、行動) + 字尾 -ivist (持有某種主義之的人)"",""related"":[{""word"":""active"",""pos"":""adjective"",""translation"":""積極的；活躍的"",""explanation"":""由 act 延伸而來的基礎形容詞。""},{""word"":""activate"",""pos"":""verb"",""translation"":""啟動；激活"",""explanation"":""使某物開始運作或生效。""},{""word"":""activity"",""pos"":""noun"",""translation"":""活動"",""explanation"":""指具體的行動或事情。""},{""word"":""activism"",""pos"":""noun"",""translation"":""行動主義"",""explanation"":""指採取行動以達成社會或政治變革的理念或實踐。""}]}}"	ai_pass		0
acute	acute adj.	"{""headword"":""acute"",""explanation"":""「acute」在學測中具有兩種完全不同的核心語意：一是描述生理或心理的「劇烈/急性」狀態，二是描述感官、意識或分析能力的「敏銳/尖銳」程度。在閱讀中，需根據上下文判斷該詞是用於醫療健康情境還是能力評估情境。"",""senses"":[{""sense"":""劇烈的；急性的（描述痛苦、短暫但強烈的狀態）"",""entries"":[{""pattern"":""acute pain / stress / shortage"",""pos"":""adjective"",""translation"":""劇烈的疼痛／壓力／短缺"",""explanation"":""用來修飾名詞，強調程度之深或情況之緊急，常用於描述病症、情感壓力或資源匱乏。"",""sentences"":[{""sentence"":""The patient felt an <target>acute</target> pain in his lower back after lifting a heavy box without using his legs."",""translation"":""在沒有使用腿部力量而舉起一個沉重的盒子後，這名患者感到下背部有劇烈的疼痛。""},{""sentence"":""During the summer drought, the city suffered from an <target>acute</target> <pattern>shortage</pattern> of clean drinking water for several weeks."",""translation"":""在夏季乾旱期間，這座城市連續數週遭受乾淨飲用水的劇烈短缺。""}]},{""pattern"":""acute illness / infection"",""pos"":""adjective"",""translation"":""急性疾病／感染"",""explanation"":""醫學術語，指發作突然且迅速惡化的疾病，與 chronic (慢性) 形成對比。"",""sentences"":[{""sentence"":""The doctor warned that the patient was suffering from an <target>acute</target> <pattern>infection</pattern> in his lungs and needed immediate treatment."",""translation"":""醫生警告說，該患者正遭受肺部急性感染，需要立即治療。""}]}],""synonyms"":[],""antonyms"":[]},{""sense"":""敏銳的；尖銳的（描述感官、意識或分析能力的精確度）"",""entries"":[{""pattern"":""acute hearing / sight / smell"",""pos"":""adjective"",""translation"":""敏銳的聽覺／視覺／嗅覺"",""explanation"":""描述動物或人類感官系統的高效能，常用於生物類閱讀測驗中。"",""sentences"":[{""sentence"":""Dogs have an <target>acute</target> <pattern>sense</pattern> of smell, allowing them to track missing people in the thick forest."",""translation"":""狗具有敏銳的嗅覺，使它們能夠在茂密的森林中追蹤失蹤的人。""}]},{""pattern"":""acute awareness / observation"",""pos"":""adjective"",""translation"":""敏銳的意識／觀察力"",""explanation"":""描述一個人對周遭環境或細節的觀察力極其精確。"",""sentences"":[{""sentence"":""The detective's <target>acute</target> <pattern>observation</pattern> of the small clues at the crime scene helped the police solve the case quickly."",""translation"":""偵探對犯罪現場微小線索的敏銳觀察，幫助警方快速破案。""}]}],""synonyms"":[],""antonyms"":[]},{""sense"":""尖銳的（描述物理角度的狹窄）"",""entries"":[{""pattern"":""acute angle"",""pos"":""adjective"",""translation"":""銳角"",""explanation"":""數學術語，指小於 90 度的角。"",""sentences"":[{""sentence"":""In geometry class, the teacher showed us how to calculate the area of a triangle that has an <target>acute</target> <pattern>angle</pattern>."",""translation"":""在幾何課上，老師向我們展示了如何計算一個具有銳角的三角形的面積。""}]}],""synonyms"":[],""antonyms"":[]},{""sense"":""敏銳的；深刻的 (用於分析或判斷)"",""entries"":[{""pattern"":""an acute analysis"",""pos"":""adjective"",""translation"":""深刻的分析"",""explanation"":""指對問題的核心精確地抓到重點。"",""sentences"":[{""sentence"":""The professor provided an <target>acute</target> analysis of the economic crisis, explaining exactly why the stock market crashed."",""translation"":""教授對經濟危機提供了深刻的分析，解釋了股市崩盤的確切原因。""}]}],""synonyms"":[],""antonyms"":[]}],""conjugations"":null,""relatives"":{""morphology"":""來自拉丁語 acutus (尖銳的)"",""related"":[{""word"":""acutely"",""pos"":""adverb"",""translation"":""劇烈地；敏銳地"",""explanation"":""由形容詞 acute 加上副詞字尾 -ly 延伸而來。""},{""word"":""acuity"",""pos"":""noun"",""translation"":""敏銳度；視覺/聽覺之清晰度"",""explanation"":""名詞形式，常用於描述視覺 (visual acuity) 或分析能力。""}]}}"	ai_pass		0
acute	acute	"{""headword"":""acute"",""explanation"":""此詞在醫療情境中常與 chronic (慢性) 作為反義詞出現，且在描述感官或能力時表示「敏銳的」。"",""senses"":[{""sense"":""劇烈的，急性的"",""entries"":[{""pattern"":""acute pain"",""pos"":""adjective"",""translation"":""劇烈的疼痛"",""explanation"":""用於描述突然發生且強烈的疼痛。"",""sentences"":[{""sentence"":""The athlete felt an <target>acute</target> pain in his ankle after he fell down during the final match of the game."",""translation"":""這位運動員在比賽最終場次跌倒後，腳踝感到劇烈的疼痛。""}]},{""pattern"":""acute shortage"",""pos"":""adjective"",""translation"":""嚴重的短缺"",""explanation"":""用於描述問題或短缺情況極為嚴重。"",""sentences"":[{""sentence"":""Many small towns are facing an <target>acute</target> shortage of clean drinking water because of the long dry season."",""translation"":""由於漫長的乾季，許多小鎮正正面臨嚴重的飲用水短缺。""}]}],""synonyms"":[{""word"":""severe"",""pos"":""adjective"",""translation"":""嚴重的"",""explanation"":null},{""word"":""sharp"",""pos"":""adjective"",""translation"":""劇烈的"",""explanation"":null}],""antonyms"":[{""word"":""chronic"",""pos"":""adjective"",""translation"":""慢性的"",""explanation"":""指長期且反覆發生的情況""}]},{""sense"":""敏銳的"",""entries"":[{""pattern"":""acute sense of smell"",""pos"":""adjective"",""translation"":""敏銳的嗅覺"",""explanation"":""常用於描述動物或人的感官能力強。"",""sentences"":[{""sentence"":""Dogs have an <target>acute</target> sense of smell, which allows them to find missing people in the deep forest."",""translation"":""狗有敏銳的嗅覺，這讓它們能在深山中尋找失蹤的人。""}]},{""pattern"":""acute observation"",""pos"":""adjective"",""translation"":""敏銳的觀察力"",""explanation"":""用於描述對細節的察覺能力強。"",""sentences"":[{""sentence"":""The detective used his <target>acute</target> observation skills to find the small clue that others had missed."",""translation"":""偵探利用他敏銳的觀察力，找到了他人遺漏的小線索。""}]}],""synonyms"":[{""word"":""keen"",""pos"":""adjective"",""translation"":""敏銳的"",""explanation"":null},{""word"":""sharp"",""pos"":""adjective"",""translation"":""translation own"",""explanation"":null}],""antonyms"":[{""word"":""dull"",""pos"":""adjective"",""translation"":""遲鈍的"",""explanation"":null}]}],""conjugations"":null,""relatives"":{""morphology"":null,""related"":[{""word"":""acutely"",""pos"":""adverb"",""translation"":""深刻地，劇烈地"",""explanation"":null}]}}"	none		1
administration	administration n.	"{""headword"":""administration"",""explanation"":""「administration」在學測中具有兩層截然不同的核心含義：一是指「行政管理」或「政府機關」的運作（如學校行政、政府治理）；二是指醫療上的「給藥」或「施用」。學生在閱讀時應根據上下文（如提到醫院、劑量或政府、政策）來快速切換語意。"",""senses"":[{""sense"":""行政管理；管理層（組織的運作與領導）"",""entries"":[{""pattern"":""the administration of sth."",""pos"":""noun"",""translation"":""…的行政管理"",""explanation"":""指對某個系統、資源或組織的具體管理方式。"",""sentences"":[{""sentence"":""The school board decided to improve the <target>administration</target> <pattern>of</pattern> the new scholarship program to ensure the funds reached the right students."",""translation"":""學校董事會決定改善新獎學金計畫的行政管理，以確保資金能傳達到正確的學生手中。""}]},{""pattern"":""the [Name] administration"",""pos"":""noun"",""translation"":""（某人）政府；（某人）政權"",""explanation"":""在政治語境中，特指由某位領導者領導的政府團隊或行政機關。"",""sentences"":[{""sentence"":""The current <target>administration</target> has introduced several new environmental laws to reduce the amount of plastic waste in the ocean."",""translation"":""現任政府推出了幾項新的環境法律，以減少海洋中的塑膠廢棄物數量。""}]},{""pattern"":""school/hospital administration"",""pos"":""noun"",""translation"":""學校／醫院行政部門"",""explanation"":""指負責處理文書、財務與人事等非教學或非醫療核心工作的管理單位。"",""sentences"":[{""sentence"":""If you want to change your elective courses for the next semester, you must submit a written request to the school <target>administration</target>."",""translation"":""如果你想更改下學期的選修課程，你必須向學校行政部門提交一份書面申請。""}]}],""synonyms"":[{""word"":""management"",""pos"":""noun"",""translation"":""管理；經營"",""explanation"":""最通用的管理詞彙，強調對資源的有效運用""},{""word"":""governance"",""pos"":""noun"",""translation"":""治理；管理"",""explanation"":""較正式的詞彙，常用於描述國家或大型組織的治理模式""}],""antonyms"":[]},{""sense"":""給藥；施用（醫療上的操作）"",""entries"":[{""pattern"":""the administration of [medicine/drug]"",""pos"":""noun"",""translation"":""（藥物）的給藥／施用"",""explanation"":""醫療專業術語，指將藥物送入病患體內的過程。"",""sentences"":[{""sentence"":""The nurse carefully explained the correct <target>administration</target> <pattern>of</pattern> the medicine to the elderly patient to avoid any dangerous side effects."",""translation"":""護理師仔細地向這位年長病患解釋了藥物的正確給藥方式，以避免任何危險的副作用。""}]}],""synonyms"":[{""word"":""dosage"",""pos"":""noun"",""translation"":""劑量；給藥"",""explanation"":""強調藥物的分量與給藥頻率""},{""word"":""application"",""pos"":""noun"",""translation"":""塗抹；應用"",""explanation"":""指將藥物（如藥膏）施用於身體表面的行為""}],""antonyms"":[]}],""conjugations"":null,""relatives"":{""morphology"":""字根 admin- (管理) + 字尾 -istrate (使…成為) + -ion (名詞字尾)"",""related"":[{""word"":""administrative"",""pos"":""adjective"",""translation"":""行政的；管理的"",""explanation"":""由 administration 延伸而來的形容詞，常用於描述行政工作 (administrative work)。""},{""word"":""administrator"",""pos"":""noun"",""translation"":""行政管理員；系統管理員"",""explanation"":""指執行行政管理職務的人。""},{""word"":""administer"",""pos"":""verb"",""translation"":""管理；施予"",""explanation"":""核心動詞，包含管理組織與施予藥物兩種語意。""}]}}"	none		1
administrative	administrative adj.	"{""headword"":""administrative"",""explanation"":""「administrative」在學測中常出現在關於公司管理、學校行政或政府運作的文章中。這個字的核心在於「管理」與「執行」，通常用來描述與組織運行相關的工作、人員或流程，而非具體的技術性或創造性工作。"",""senses"":[{""sense"":""行政的；管理的（與組織運作、管理事務相關的）"",""entries"":[{""pattern"":""administrative work / tasks"",""pos"":""adjective"",""translation"":""行政工作／事務"",""explanation"":""指處理文件、排程、紀錄等維持組織運行的基礎工作。"",""sentences"":[{""sentence"":""The office manager spends most of her morning doing <target>administrative</target> <pattern>work</pattern>, such as organizing files and scheduling meetings."",""translation"":""辦公室經理的大部分早晨時間都在處理行政工作，例如整理文件和安排會議。""},{""sentence"":""To make the school run more smoothly, the principal decided to hire a new assistant to handle all the <target>administrative</target> <pattern>tasks</pattern>."",""translation"":""為了讓學校運行得更順暢，校長決定聘請一名新助理來處理所有的行政事務。""}]},{""pattern"":""administrative staff / personnel"",""pos"":""adjective"",""translation"":""行政人員"",""explanation"":""指在組織中負責管理而非直接參與生產或教學的人員。"",""sentences"":[{""sentence"":""If you have questions about your tuition fees or registration, please contact the <target>administrative</target> <pattern>staff</pattern> in the main office."",""translation"":""如果您對學費或註冊有疑問，請聯繫總辦公室的行政人員。""},{""sentence"":""The company's <target>administrative</target> <pattern>personnel</pattern> are responsible for managing the payroll and insurance for all the employees."",""translation"":""公司的行政人員負責管理所有員工的薪資單和保險。""}]},{""pattern"":""administrative cost / expense"",""pos"":""adjective"",""translation"":""行政成本／費用"",""explanation"":""指為了維持組織運作而產生的管理費用（如租金、文具費），而非產品本身的材料費。"",""sentences"":[{""sentence"":""The non-profit organization is trying to reduce its <target>administrative</target> <pattern>costs</pattern> so that more money can go directly to the poor children."",""translation"":""這個非營利組織正試圖降低其行政成本，以便能將更多資金直接提供給貧困兒童。""},{""sentence"":""High <target>administrative</target> <pattern>expenses</pattern> often make it difficult for small businesses to survive during their first year of operation."",""translation"":""高昂的行政費用通常使小企業在營運的第一年難以生存。""}]}],""synonyms"":[{""word"":""managerial"",""pos"":""adjective"",""translation"":""管理的"",""explanation"":""更強調領導與決策的層面""},{""word"":""organizational"",""pos"":""adjective"",""translation"":""組織的"",""explanation"":""指與組織結構或安排相關的""}],""antonyms"":[]}],""conjugations"":null,""relatives"":{""morphology"":""字根 administr- (管理) + 形容詞字尾 -ative"",""related"":[{""word"":""administration"",""pos"":""noun"",""translation"":""管理；行政；政府"",""explanation"":""指管理的行為、系統，或指某個總統的任期政府。""},{""word"":""administrator"",""pos"":""noun"",""translation"":""管理員；行政主管"",""explanation"":""指執行管理職務的人。""},{""word"":""administer"",""pos"":""verb"",""translation"":""管理；執行；施行"",""explanation"":""動詞原形，指管理組織或施行法律、藥物。""}]}}"	ai_pass		0
administrator	administrator n.	"{""headword"":""administrator"",""explanation"":""「administrator」在學測中常出現在職場、教育管理或政府體系等情境中。要注意它不僅指傳統的「行政人員」，在現代科技語境下，也指系統的「管理員」。"",""senses"":[{""sense"":""行政管理人員（負責組織、運作或管理特定機構的人）"",""entries"":[{""pattern"":""administrator"",""pos"":""noun"",""translation"":""行政管理人員"",""explanation"":""泛指在學校、公司或政府部門負責處理文書、排程與管理運作的人員。"",""sentences"":[{""sentence"":""The school <target>administrator</target> worked hard to organize a new schedule that allowed students to have more free time for sports."",""translation"":""學校的行政管理人員努力地制定了一套新時間表，讓學生有更多時間從事體育活動。""},{""sentence"":""To apply for a scholarship, you must submit all your documents to the university <target>administrator</target> before the end of the month."",""translation"":""若要申請獎學金，你必須在月底前將所有文件提交給大學的行政管理人員。""}]},{""pattern"":""hospital / business administrator"",""pos"":""noun"",""translation"":""醫院／商業管理人員"",""explanation"":""用來描述特定領域的專業管理職位，強調對資源分配與營運效率的掌控。"",""sentences"":[{""sentence"":""As a skilled business <target>administrator</target>, she managed to increase the company's total profit by reducing unnecessary costs in the office."",""translation"":""作為一名熟練的商業管理人員，她透過減少辦公室中不必要的成本，成功地提高了公司的總利潤。""}]},{""pattern"":""system administrator"",""pos"":""noun"",""translation"":""系統管理員"",""explanation"":""在科技語境下，指負責維護電腦網路、伺服器或軟體系統的人員。"",""sentences"":[{""sentence"":""When the school's website crashed, the system <target>administrator</target> worked quickly to fix the server and restore all the student records."",""translation"":""當學校網站當機時，系統管理員迅速地修復伺服器並恢復所有學生紀錄。""}]}],""synonyms"":[{""word"":""manager"",""pos"":""noun"",""translation"":""經理；管理員"",""explanation"":""最通用的管理職位名稱""},{""word"":""executive"",""pos"":""noun"",""translation"":""主管；執行長"",""explanation"":""強調在高層決策位置的人員""}],""antonyms"":[]}],""conjugations"":null,""relatives"":{""morphology"":""動詞 administer (管理) + 名詞字尾 -ator (…的人)"",""related"":[{""word"":""administer"",""pos"":""verb"",""translation"":""管理；執行；施予"",""explanation"":""核心動詞，指對系統、法律或藥物進行管理或執行。""},{""word"":""administration"",""pos"":""noun"",""translation"":""行政；管理；政府"",""explanation"":""指管理系統本身，或指特定的政府團隊（如 the Biden administration）。""},{""word"":""administrative"",""pos"":""adjective"",""translation"":""行政的；管理的"",""explanation"":""由 administer 衍生而來的形容詞，常用於 administrative assistant (行政助理)。""}]}}"	none		1
adolescent	adolescent adj./n.	"{""headword"":""adolescent"",""explanation"":""「adolescent」既可作為名詞（青少年）也可作為形容詞（青少年的、未成熟的）。在閱讀中，需注意其與 teenager 的區別：adolescent 較為正式，且更強調生理與心理從兒童到成人的過渡階段。"",""senses"":[{""sense"":""青少年（生理與心理發育的過渡期）"",""entries"":[{""pattern"":""adolescent"",""pos"":""noun"",""translation"":""青少年"",""explanation"":""指處於青春期、正經歷生理與心理劇烈變化的個體。"",""sentences"":[{""sentence"":""Most <target>adolescents</target> feel a strong need to fit in with their peers and often ignore the advice of their parents during this stage."",""translation"":""大多數青少年感到強烈的需要與同儕接軌，且經常無視父母的建議。""}]},{""pattern"":""adolescent"",""pos"":""adjective"",""translation"":""青少年的；未成熟的"",""explanation"":""描述與青少年相關的特徵，或指心理上的未成熟。"",""sentences"":[{""sentence"":""The teacher tried to explain that <target>adolescent</target> behavior is often caused by rapid hormonal changes in the brain and body."",""translation"":""老師試圖解釋，青少年時期的行為通常是由於大腦和身體內快速的荷爾蒙變化所引起的。""}]}],""synonyms"":[{""word"":""teenager"",""pos"":""noun"",""translation"":""青少年"",""explanation"":""最普遍的口語詞彙，指 13 到 19 歲的人""},{""word"":""youth"",""pos"":""noun"",""translation"":""年輕人"",""explanation"":""泛指年輕的年齡層""}],""antonyms"":[{""word"":""adult"",""pos"":""noun"",""translation"":""成年人"",""explanation"":null}]}],""conjugations"":null,""relatives"":{""morphology"":""字根 adolescent (成長、增加) + 字尾 -ent (形容詞/名詞化)"",""related"":[{""word"":""adolescence"",""pos"":""noun"",""translation"":""青春期；青春時代"",""explanation"":""指這個成長階段的名稱，是由 adolescent 加上名詞字尾 -ence 延伸而來。""}]}}"	none		1
adore	adore v.	"{""headword"":""adore"",""explanation"":""「adore」在學測中常用於描述強烈的情感，其強度遠高於 like 或 love。它不僅可以用於表達對某人的極度喜愛，也常用於描述對某種生活方式、嗜好或美景的深深著迷。在閱讀測驗中，看到此字通常暗示著主詞對受詞有著一種近乎崇拜的熱情。"",""senses"":[{""sense"":""極其喜愛；崇拜（強烈且深情的喜愛）"",""entries"":[{""pattern"":""adore sb."",""pos"":""verb"",""translation"":""極其喜愛某人"",""explanation"":""表達對某人深厚的感情或崇拜，常用於家庭成員、偶像或伴侶之間。"",""sentences"":[{""sentence"":""The young children <target>adore</target> their grandfather, who tells them amazing stories about his life as a sailor in the old days."",""translation"":""年幼的孩子們極其喜愛他們的祖父，他會告訴他們關於他年輕時擔任水手生活的精彩故事。""},{""sentence"":""Many fans <target>adore</target> the talented singer for her unique voice and the way she uses music to inspire people."",""translation"":""許多粉絲極其喜愛這位才華橫溢的歌手，因為她獨特的嗓音以及她用音樂激勵人們的方式。""}]},{""pattern"":""adore doing sth."",""pos"":""verb"",""translation"":""熱衷於做某事"",""explanation"":""後接動名詞，強調對某項活動的極大熱情與享受。"",""sentences"":[{""sentence"":""My sister <target>adores</target> <pattern>spending</pattern> her weekends at the local art gallery, where she can quietly study the colors and shapes of paintings."",""translation"":""我的姊姊熱衷於在週末前往當地的藝術美術館，在那裡她可以靜靜地研究繪畫的顏色與形狀。""},{""sentence"":""Since he loves nature, he <target>adores</target> <pattern>hiking</pattern> in the mountains during the spring when the cherry blossoms are in full bloom."",""translation"":""既然他熱愛自然，他便熱衷於在春天櫻花在盛開之時前往山區健行。""}]}],""synonyms"":[],""antonyms"":[]},{""sense"":""崇拜；敬仰（將某人視為神聖或至高無上）"",""entries"":[{""pattern"":""adore sth."",""pos"":""verb"",""translation"":""崇拜某物（如神靈、信仰）"",""explanation"":""指對神聖事物或絕對權威的崇拜，較少見於日常對話，多出現於歷史或文化類文章。"",""sentences"":[{""sentence"":""In ancient civilizations, people used to <target>adore</target> the sun god, believing that the sun provided the energy for all life on Earth."",""translation"":""在古代文明中，人們過去習慣崇拜太陽神，相信太陽為地球上所有生命提供了能量。""}]}],""synonyms"":[],""antonyms"":[]}],""conjugations"":{""past_tense"":""adored"",""past_participle"":""adored""},""relatives"":{""morphology"":""源自拉丁語 ad- (朝向) + orare (祈禱)，原意為向神祈禱，後演變為極度喜愛。"",""related"":[{""word"":""adorable"",""pos"":""adjective"",""translation"":""可愛的；令人喜愛的"",""explanation"":""由動詞 adore 加上形容詞字尾 -able 延伸而來。""}]}}"	none		1
affection	affection n.	"{""headword"":""affection"",""explanation"":""「affection」在學測中常被用來描述人與人之間溫暖的情感，尤其是家人、寵物或好友之間的喜愛。要注意它與「attraction」（吸引力）或「passion」（激情）的不同：affection 強調的是一種長期、穩定且溫柔的喜愛，而非瞬間的衝擊或強烈的慾望。"",""senses"":[{""sense"":""喜愛；深情；愛慕（溫暖且持久的情感）"",""entries"":[{""pattern"":""have affection for sb./sth."",""pos"":""noun"",""translation"":""對某人／某事有喜愛之情"",""explanation"":""最常見的搭配，表示對特定對象持有溫暖的感情。"",""sentences"":[{""sentence"":""Despite their constant fighting over small things, the two siblings still have deep <target>affection</target> <pattern>for</pattern> each other."",""translation"":""儘管他們經常為了小事吵架，這對兄妹之間依然保有深厚的喜愛之情。""},{""sentence"":""The old man spent his entire retirement years showing great <target>affection</target> <pattern>for</pattern> his small garden and the birds that visited it."",""translation"":""這位老人將他所有的退休歲月都用來對他的小花園以及造訪其中的鳥類表達深切的喜愛。""}]},{""pattern"":""show affection"",""pos"":""verb"",""translation"":""表達喜愛；展現深情"",""explanation"":""通常指透過肢體動作（如擁抱、親吻）或言語來將內心的喜愛外顯化。"",""sentences"":[{""sentence"":""Some people feel shy and find it difficult to show <target>affection</target> in public, while others do it naturally."",""translation"":""有些人感到害羞，覺得在公共場合表達喜愛很困難，而有些人則自然而然地這麼做。""},{""sentence"":""The golden retriever puppy showed <target>affection</target> by wagging its tail and jumping excitedly on its new owner."",""translation"":""這隻黃金獵犬幼犬透過搖尾巴並興奮地跳向新主人來展現它的深情。""}]},{""pattern"":""mutual affection"",""pos"":""noun"",""translation"":""相互的喜愛；彼此的深情"",""explanation"":""形容雙方都持有相同的喜愛之情，常用於描述穩定的關係。"",""sentences"":[{""sentence"":""The long-term friendship between the two artists was built on a foundation of mutual <target>affection</target> and respect."",""translation"":""這兩位藝術家之間長期的友誼是建立在相互喜愛與尊重的基礎之上的。""}]}],""synonyms"":[],""antonyms"":[]},{""sense"":""喜愛；深情；愛慕（溫暖且持久的情感）"",""entries"":[],""synonyms"":[{""word"":""fondness"",""pos"":""noun"",""translation"":""喜愛；愛好"",""explanation"":""對某人或某事有強烈的喜愛，語氣較溫柔""},{""word"":""love"",""pos"":""noun"",""translation"":""愛"",""explanation"":""最廣義的愛，包含 affection 的所有層次""},{""word"":""attachment"",""pos"":""noun"",""translation"":""依戀；感情"",""explanation"":""強調因長時間相處而產生的情感連結""}],""antonyms"":[{""word"":""hatred"",""pos"":""noun"",""translation"":""恨"",""explanation"":""強烈的厭惡之情""},{""word"":""dislike"",""pos"":""noun"",""translation"":""不喜歡"",""explanation"":""較輕微的厭惡感""}]}],""conjugations"":null,""relatives"":{""morphology"":""字根 affect (影響、觸動) + 名詞字尾 -ion"",""related"":[{""word"":""affectionate"",""pos"":""adjective"",""translation"":""充滿深情的；親切的"",""explanation"":""形容一個人很喜歡表達愛意。""},{""word"":""affect"",""pos"":""verb"",""translation"":""影響；觸動"",""explanation"":""核心動詞，指對某人或某事產生作用。""},{""word"":""affectation"",""pos"":""noun"",""translation"":""矯揉造作；假裝"",""explanation"":""指刻意表現出某種特質以吸引他人，與真誠的 affection 相對。""}]}}"	none		1
advocate	advocate n./v.	"{""headword"":""advocate"",""explanation"":""「advocate」在學測中同時作為名詞與動詞出現，核心概念皆為「支持」或「倡導」。動詞用法時需注意其為及物動詞，直接接受詞；名詞用法時則常與介系詞 for 搭配，強調其身分為某項理念的推動者。"",""senses"":[{""sense"":""倡導；支持（公開支持某種想法、計劃或權利）"",""entries"":[{""pattern"":""advocate sth."",""pos"":""verb"",""translation"":""倡導某事；支持某事"",""explanation"":""及物動詞，後接抽象名詞（如政策、權利或改革），強調公開且堅定地支持某項變革。"",""sentences"":[{""sentence"":""Many environmentalists <target>advocate</target> <pattern>stricter laws</pattern> to protect endangered sea turtles from the plastic pollution in the ocean."",""translation"":""許多環保人士倡導更嚴格的法律，以保護瀕危的海龜免於海洋中的塑膠污染。""},{""sentence"":""Some teachers <target>advocate</target> <pattern>a new teaching method</pattern> that focuses more on student creativity than on memorizing textbooks."",""translation"":""有些老師倡導一種新的教學方法，比起死背教科書，更注重學生的創造力。""}]},{""pattern"":""advocate for sb./sth."",""pos"":""verb"",""translation"":""為某人／某事奔走；倡導某事"",""explanation"":""加上 for 後，語氣更傾向於「為弱勢群體爭取權益」或「為某項目標奔走」。"",""sentences"":[{""sentence"":""The brave lawyer decided to <target>advocate</target> <pattern>for</pattern> the rights of poor refugees who had lost their homes in the war."",""translation"":""那位勇敢的律師決定為在戰爭中失去家園的貧困難民爭取權益。""},{""sentence"":""Local community leaders often <target>advocate</target> <pattern>for</pattern> better public transportation to help elderly people travel more easily."",""translation"":""當地社區領袖經常為改善大眾運輸奔走，以幫助年長者更方便地出行。""}]}],""synonyms"":[{""word"":""support"",""pos"":""verb"",""translation"":""支持"",""explanation"":""最通用的支持，包含精神上或物質上的幫助""},{""word"":""champion"",""pos"":""verb"",""translation"":""捍衛；支持"",""explanation"":""強烈地支持某種理念，如同冠軍般為其戰鬥""},{""word"":""promote"",""pos"":""verb"",""translation"":""推廣；促進"",""explanation"":""強調讓更多人知道並接受某項想法""}],""antonyms"":[{""word"":""oppose"",""pos"":""verb"",""translation"":""反對"",""explanation"":""明確表示不贊同或採取對抗行動""},{""word"":""condemn"",""pos"":""verb"",""translation"":""譴責"",""explanation"":""強烈地批評並表示反對""}]},{""sense"":""倡導者；支持者（支持某種理念的人）"",""entries"":[{""pattern"":""an advocate of sth."",""pos"":""noun"",""translation"":""…的倡導者；支持者"",""explanation"":""指某個特定理念、政策或生活方式的堅定支持者。"",""sentences"":[{""sentence"":""As a lifelong <target>advocate</target> <pattern>of</pattern> healthy eating, she always encourages her students to eat more vegetables and fruits."",""translation"":""作為一名終身的健康飲食倡導者，她總是鼓勵她的學生多吃蔬菜和水果。""},{""sentence"":""The professor is a well-known <target>advocate</target> <pattern>of</pattern> renewable energy, often speaking at international conferences about solar power."",""translation"":""這位教授是一位著名的再生能源支持者，經常在國際會議上談論太陽能。""}]}],""synonyms"":[{""word"":""supporter"",""pos"":""noun"",""translation"":""支持者"",""explanation"":""最普遍的稱呼，指支持某人或某事的人""},{""word"":""proponent"",""pos"":""noun"",""translation"":""支持者；擁護者"",""explanation"":""較正式的用詞，常用於學術或政策討論中""},{""word"":""activist"",""pos"":""noun"",""translation"":""行動主義者；激進分子"",""explanation"":""強調透過實際行動（如抗議）來推動改變的人""}],""antonyms"":[{""word"":""opponent"",""pos"":""noun"",""translation"":""對手；反對者"",""explanation"":""在爭論或比賽中站在對立面的人""},{""word"":""critic"",""pos"":""noun"",""translation"":""批評者"",""explanation"":""專門挑出缺點並表達不滿的人""}]}],""conjugations"":{""past_tense"":""advocated"",""past_participle"":""advocated""},""relatives"":{""morphology"":""字根 voc (聲音、呼喚) + 字尾 -ate (動詞字尾)"",""related"":[{""word"":""vocal"",""pos"":""adjective"",""translation"":""聲音的；大聲表達的"",""explanation"":""指使用聲音的，或在議題上毫不掩飾地表達意見。""},{""word"":""vocational"",""pos"":""adjective"",""translation"":""職業的"",""explanation"":""與特定職業訓練相關的呼喚或天職。""},{""word"":""provoke"",""pos"":""verb"",""translation"":""挑釁；激起"",""explanation"":""字首 pro- (向前) + voc (呼喚)，意為挑起對方的反應。""}]}}"	ai_fail	The pattern 'advocate sth.' is tagged as a verb, but in the example sentences, the pattern tags are wrapped around the others (e.g., <pattern>stricter laws</pattern>), which is a VIOLATION_OF_SYSTEM_PROMPT. The pattern tags should wrap the essential accompanying elements of the collocation formula, not the object of the sentence. In 'advocate for sb./sth.', the pattern tag should only be wrap 'for'.	0
adverse	adverse adj.	"{""headword"":""adverse"",""explanation"":""「adverse」在學測中通常出現在環境保護、醫療藥物反應以及經濟趨勢的討論中。它主要用來描述「不利的」或「有害的」狀況，且最常與 effect, condition, reaction 等名詞搭配。要注意它與 avers (反對的) 之間的拼寫差異，後者常用於 be adverse to sth. 的結構中。"",""senses"":[{""sense"":""不利的；有害的（對目標或進度產生負面影響）"",""entries"":[{""pattern"":""adverse effect"",""pos"":""adjective"",""translation"":""不良影響；副作用"",""explanation"":""極高頻搭配。指某項決定、藥物或政策產生的負面後果。"",""sentences"":[{""sentence"":""Many patients decided to stop taking the new medicine because it caused severe <target>adverse</target> <pattern>effects</pattern> like extreme nausea and dizziness."",""translation"":""許多病患決定停止服用這種新藥，因為它引起了嚴重的副作用，例如極度噁心和暈眩。""},{""sentence"":""The sudden change in trade laws had a lasting <target>adverse</target> <pattern>effect</pattern> on the local economy, leading to many small shops closing down."",""translation"":""貿易法律的突然改變對當地經濟產生了持久的不利影響，導致許多小商店關門大吉。""}]},{""pattern"":""adverse conditions"",""pos"":""adjective"",""translation"":""不利的條件；惡劣的環境"",""explanation"":""常用於描述極端天氣或艱難的生存環境，強調生存或運作的困難度。"",""sentences"":[{""sentence"":""The brave rescue team worked tirelessly to save the trapped hikers, even under extremely <target>adverse</target> <pattern>conditions</pattern> such as heavy snow and freezing winds."",""translation"":""勇敢的救援隊在極其惡劣的條件下（如大雪和 freezing winds）不懈地工作，以救出受困的登山客。""},{""sentence"":""Some desert plants have evolved special leaves to survive in <target>adverse</target> <pattern>conditions</pattern> where water is scarce and the sun is too hot."",""translation"":""某些沙漠植物演化出特殊的葉子，以便在水分稀缺且陽光過熱的不利環境中生存。""}]},{""pattern"":""adverse reaction"",""pos"":""adjective"",""translation"":""不良反應"",""explanation"":""專指醫療或化學物質進入身體後產生的負面生理反應。"",""sentences"":[{""sentence"":""The doctor warned the patient that a small percentage of people might have an <target>adverse</target> <pattern>reaction</pattern> to the vaccine."",""translation"":""醫生警告病患，一小部分的人可能會對疫苗產生不良反應。""}]}],""synonyms"":[],""antonyms"":[]},{""sense"":""相反的；對立的（較少見，指方向或立場相反）"",""entries"":[{""pattern"":""adverse to sth."",""pos"":""adjective"",""translation"":""與…相反的；反對的"",""explanation"":""在學測中較少見，通常指與預期或希望的方向相反。"",""sentences"":[{""sentence"":""The wind was <target>adverse</target> <pattern>to</pattern> their planned route, forcing the sailors to change their direction to reach the harbor safely."",""translation"":""風向與他們計畫的航線相反，迫使水手們改變方向才能安全到達港口。""}]}],""synonyms"":[],""antonyms"":[]},{""sense"":""反對的；不贊成的（指心理上的排斥）"",""entries"":[{""pattern"":""be adverse to sth."",""pos"":""adjective"",""translation"":""反對…；不贊成…"",""explanation"":""指對某項提議或改變感到不適或不想要，常與 be averse to 混用。"",""sentences"":[{""sentence"":""The older generation of teachers was <target>adverse</target> <pattern>to</pattern> the idea of using tablets in classrooms, fearing it would distract the students."",""translation"":""年長的教師一代反對在教室中使用平板電腦的想法，擔心這會分散學生的注意力。""}]}],""synonyms"":[],""antonyms"":[]},{""sense"":""不利的；有害的（對目標或進度產生負面影響）"",""entries"":[{""pattern"":""adverse effect"",""pos"":""adjective"",""translation"":""不良影響；副作用"",""explanation"":""極高頻搭配。指某項決定、藥物或政策產生的負面後果。"",""sentences"":[{""sentence"":""Many patients decided to stop taking the new medicine because it caused severe <target>adverse</target> <pattern>effects</pattern> like extreme nausea and dizziness."",""translation"":""許多病患就決定停止服用這種新藥，因為它引起了嚴重的副作用，例如極度噁心和暈眩。""},{""sentence"":""The sudden change in trade laws had a lasting <target>adverse</target> <pattern>effect</pattern> on the local economy, leading to many small shops closing down."",""translation"":""貿易法律的突然改變對當地經濟產生了持久的不利影響，導致許多小小商店關門大吉。""}]},{""pattern"":""adverse conditions"",""pos"":""adjective"",""translation"":""不利的條件；惡劣的環境"",""explanation"":""常用於描述極端天氣或艱難的生存環境，強調生存或運作的困難度。"",""sentences"":[{""sentence"":""The brave rescue team worked tirelessly to save the trapped hikers, even under extremely <target>adverse</target> <pattern>conditions</pattern> such as heavy snow and freezing winds."",""translation"":""勇敢的救援隊在極其惡劣的條件下（如大雪和 freezing winds）不懈地工作，以救出受困的登山客。""},{""sentence"":""Some desert plants have evolved special leaves to survive in <target>adverse</target> <pattern>conditions</pattern> where water is scarce and the sun is too hot."",""translation"":""某些沙漠植物演化出特殊的葉子，以便在水分稀缺且陽光過熱的不利環境中生存。""}]},{""pattern"":""adverse reaction"",""pos"":""adjective"",""translation"":""不良反應"",""explanation"":""專指醫療或化學物質進入身體後產生的負面生理反應。"",""sentences"":[{""sentence"":""The doctor warned the patient that a small percentage of people might have an <target>adverse</target> <pattern>reaction</pattern> to the vaccine."",""translation"":""醫生警告病患，一小部分的人可能會對疫苗產生不良反應。""}]}],""synonyms"":[],""antonyms"":[]},{""sense"":""相反的；對立的（較少見，指方向或相反）"",""entries"":[{""pattern"":""adverse to sth."",""pos"":""adjective"",""translation"":""與…相反的；反對的"",""explanation"":""在學測中較個少見，通常指與預期或希望的方向相反。"",""sentences"":[{""sentence"":""The wind was <target>adverse</target> <pattern>to</pattern> their planned route, forcing the sailors to change their direction to reach the harbor safely."",""translation"":""風向與他們計畫的航線相反，迫使水手們改變方向之方向以安全到達港口。""}]}],""synonyms"":[],""antonyms"":[]},{""sense"":""反對的；不贊成的（指心理上的排斥）"",""entries"":[{""pattern"":""be adverse to sth."",""pos"":""adjective"",""translation"":""反對…；不贊成…"",""explanation"":""指對某項提議或改變感到不適或不想要，常與 be averse to 混用。"",""sentences"":[{""sentence"":""The older generation of teachers was <target>adverse</target> <pattern>to</pattern> the idea of using tablets in classrooms, fearing it would distract the students."",""translation"":""年長的教師一代反對在教室中使用平板電腦的想法，擔心這會分散學生的注意力。""}]}],""synonyms"":[],""antonyms"":[]}],""conjugations"":null,""relatives"":{""morphology"":""字首 ad- (朝向) + 字根 vers (轉)"",""related"":[{""word"":""adversity"",""pos"":""noun"",""translation"":""逆境；不幸"",""explanation"":""由形容詞 adverse 延伸而來的名詞，指遭遇的不利情況。""},{""word"":""reverse"",""pos"":""verb"",""translation"":""反轉；倒轉"",""explanation"":""字根組合：re- (向後) + vers (轉)，意為轉回來。""},{""word"":""diverse"",""pos"":""adjective"",""translation"":""多元的；不同的"",""explanation"":""字根組合： di- (分開) + vers (轉)，意為轉向不同方向。""},{""word"":""anniversary"",""pos"":""noun"",""translation"":""週年紀念日"",""explanation"":""字根組合： ann- (年) + vers (轉)，指時間轉了一圈回來。""},{""word"":""convert"",""pos"":""verb"",""translation"":""轉換；轉變"",""explanation"":""字根組合： con- (共同/一起) + vers (轉)。""}]}}"	ai_fail	The card contains massive redundancy. The entire 'senses' array is duplicated twice. This is a DENSITY_ERROR and OTHER_ISSUE. Additionally, there are typos in the translations (e.g., '較個少見', '之方向以安全到達港口'). There is also a a VIOLATION_OF_SYSTEM_PROMPT regarding the target tag in the sentences for 'adverse to sth.' and 'be adverse to sth.' where the headword is correctly tagged, but the overall structure is duplicated.	0
agony	agony n.	"{""headword"":""agony"",""explanation"":""「agony」常用於描述極端的身體疼痛或深沉的心理痛苦。在學測中，它不僅出現在描述醫療急救或事故的文本中，也常出現在文學性質的閱讀測驗中，用以表達角色在面對重大失去或抉擇時的劇烈情緒掙扎。"",""senses"":[{""sense"":""極端痛苦；劇痛（身體上的劇烈疼痛）"",""entries"":[{""pattern"":""in agony"",""pos"":""noun"",""translation"":""在極度痛苦中"",""explanation"":""最常見的固定搭配，用來描述一個人正處於劇烈的生理疼痛之中。"",""sentences"":[{""sentence"":""The injured mountain climber lay <pattern>in</pattern> <target>agony</target> on the cold snow, waiting for the rescue team to find him."",""translation"":""受傷的山 climber 躺在冰冷的雪地上，處於極度痛苦之中，等待救援隊找到他。""}]},{""pattern"":""agony of sth."",""pos"":""noun"",""translation"":""…的劇痛"",""explanation"":""接名詞表示痛苦的來源，通常是嚴重受傷或疾病引起的。"",""sentences"":[{""sentence"":""The doctor quickly gave the patient a strong painkiller to reduce the <target>agony</target> <pattern>of</pattern> the deep burn on his arm."",""translation"":""醫生迅速給予病人強效止痛藥，以減輕他手臂深層燒傷的劇痛。""}]}],""synonyms"":[{""word"":""excruciating pain"",""pos"":""noun"",""translation"":""極其劇烈的疼痛"",""explanation"":""強調疼痛程度之高，幾乎無法忍受""},{""word"":""torment"",""pos"":""noun"",""translation"":""折磨；痛苦"",""explanation"":""指長期或反覆的生理與心理折磨""}],""antonyms"":[]}],""conjugations"":null,""relatives"":{""morphology"":""字根 agon (奮鬥、掙扎) + 名詞字尾 -y"",""related"":[{""word"":""agonizing"",""pos"":""adjective"",""translation"":""極其痛苦的；令人苦惱的"",""explanation"":""由名詞 agony 轉化而來的形容詞，可用於描述疼痛或決定過程。""}]}}"	ai_fail	CONTAINS_TYPO: In the first sentence, 'mountain climber' is left as English in the Traditional Chinese translation ('受傷的山 climber').	0
agenda	agenda n.	"{""headword"":""agenda"",""explanation"":""「agenda」在學測中常出現於社會議題、會議討論或政治分析的文本中。除了最基本的「議程」外，它在描述個人或組織的「隱藏目的」時具有極高的考頻。理解其從具體會議清單到抽象意圖的語意延伸是解題關鍵。"",""senses"":[{""sense"":""議程；討論事項（會議中預定要討論的內容清單）"",""entries"":[{""pattern"":""on the agenda"",""pos"":""noun"",""translation"":""在議程中；在討論範圍內"",""explanation"":""固定搭配，用來表示某項議題是否被列入計畫或討論清單。"",""sentences"":[{""sentence"":""Since the school budget is limited, improving the old gym was not <pattern>on</pattern> the <target>agenda</target> for this semester."",""translation"":""由於學校預算有限，改善舊體育館並不在此學期的議程之中。""}]},{""pattern"":""set the agenda"",""pos"":""noun"",""translation"":""制定議程；決定討論方向"",""explanation"":""常用於描述領導者或有力人士決定哪些議題應該被優先討論。"",""sentences"":[{""sentence"":""The student council president decided to <target>set</target> the <target>agenda</target> by focusing on the need for healthier cafeteria food."",""translation"":""學生會會長決定透過將焦點放在對健康食堂食物的需求上，來制定此次的議程。""}]}],""synonyms"":[{""word"":""schedule"",""pos"":""noun"",""translation"":""時間表；計畫"",""explanation"":""指預定發生的事情之順序""},{""word"":""program"",""pos"":""noun"",""translation"":""計畫；方案"",""explanation"":""指一套有系統的行動安排""}],""antonyms"":[]},{""sense"":""目的；意圖（通常指不公開的隱藏動機或計畫）"",""entries"":[{""pattern"":""a hidden agenda"",""pos"":""noun"",""translation"":""隱藏的目的；不可告人的動機"",""explanation"":""極高頻的固定搭配，指某人表面上在做某事，但實際上心中另有打算。"",""sentences"":[{""sentence"":""The company claimed they wanted to help the poor, but many people believed they had a <pattern>hidden</pattern> <target>agenda</target> to make more profit."",""translation"":""該公司聲稱他們想要幫助窮人，但許多人相信他們有著賺更多錢的隱藏目的。""}]},{""pattern"":""push an agenda"",""pos"":""noun"",""translation"":""推動（特定的）目的/計畫"",""explanation"":""指積極地利用權力或影響力來推動某個特定的意識形態或政治目的。"",""sentences"":[{""sentence"":""Some critics argue that the new history textbook is trying to <target>push</target> a political <target>agenda</target> that ignores important facts."",""translation"":""一些評論家認為，新的歷史教科書正試圖推動一個忽略重要事實的政治目的。""}]}],""synonyms"":[{""word"":""motive"",""pos"":""noun"",""translation"":""動機"",""explanation"":""促使某項行動發生的內在原因""},{""word"":""intention"",""pos"":""noun"",""translation"":""意圖；打算"",""explanation"":""指計畫做某事的心態""}],""antonyms"":[]}],""conjugations"":null,""relatives"":{""morphology"":""來自拉丁語 agere (做、驅動)，原意為「要做的事情清單」"",""related"":[{""word"":""agent"",""pos"":""noun"",""translation"":""代理人；經紀人"",""explanation"":""執行行動的人""},{""word"":""agency"",""pos"":""noun"",""translation"":""代理機構；能動性"",""explanation"":""執行行動的組織或能力""}]}}"	ai_fail	PART_OF_SPEECH_MISMATCH: In the pattern 'set the agenda', the POS is listed as 'noun', but 'set' is a verb. The pattern should be treated as a verb phrase. Additionally, in the sentence 'The student council president decided to <target>set</target> the <target>agenda</target>', the word 'set' is tagged as a target, but 'set' is not the headword 'agenda'.	0
aggression	aggression n.	"{""headword"":""aggression"",""explanation"":""「aggression」在學測中常出現在心理學、社會行為分析以及國際政治類文章中。它不僅指個體間的「攻擊性」或「侵略」，也可用於描述國家間的「侵略行為」。理解此字時需區分其作為心理特徵與具體行動的差異。"",""senses"":[{""sense"":""攻擊性；挑釁行為（個體或動物的心理傾向或行為）"",""entries"":[{""pattern"":""show / exhibit aggression"",""pos"":""noun"",""translation"":""表現出攻擊性"",""explanation"":""描述生物或人在特定壓力或威脅下展現出的好鬥傾向。"",""sentences"":[{""sentence"":""When the stray dog felt threatened by the crowd, it began to <pattern>show</pattern> <target>aggression</target> by barking loudly and snapping its teeth."",""translation"":""當那隻流浪狗感到被人群威脅時，它開始透過大聲吠叫和咬牙來表現出攻擊性。""},{""sentence"":""Psychologists suggest that some teenagers <pattern>exhibit</pattern> <target>aggression</target> because they lack healthy ways to express their deep frustration and anger."",""translation"":""心理學家建議，有些青少年之所以表現出攻擊性，是因為他們缺乏表達深層挫折與憤怒的健康方式。""}]},{""pattern"":""verbal aggression"",""pos"":""noun"",""translation"":""言語攻擊"",""explanation"":""指透過辱罵、嘲諷等非肢體方式進行的攻擊。"",""sentences"":[{""sentence"":""The teacher warned the students that <target>verbal</target> <target>aggression</target> is just as harmful as physical fighting and will not be tolerated in school."",""translation"":""老師警告學生，言語攻擊與肢體打鬥同樣有害，在學校內是不被容許的。""}]}],""synonyms"":[{""word"":""hostility"",""pos"":""noun"",""translation"":""敵意；敵對狀態"",""explanation"":""強調內在的敵對情感""},{""word"":""belligerence"",""pos"":""noun"",""translation"":""好鬥；好戰"",""explanation"":""較正式的詞彙，強調積極挑釁的傾向""}],""antonyms"":[{""word"":""friendliness"",""pos"":""noun"",""translation"":""友善；親切"",""explanation"":null},{""word"":""peacefulness"",""pos"":""noun"",""translation"":""和平；寧靜"",""explanation"":null}]},{""sense"":""侵略；侵犯（國家或領土的武力行動）"",""entries"":[{""pattern"":""act of aggression"",""pos"":""noun"",""translation"":""侵略行為"",""explanation"":""指一個國家對另一個國家發動的未經許可的武力攻擊。"",""sentences"":[{""sentence"":""The international community condemned the sudden <pattern>act</pattern> <pattern>of</pattern> <target>aggression</target> against the small neighboring country, demanding an immediate ceasefire."",""translation"":""國際社會譴責對該小型鄰國發動的突然侵略行為，並要求立即停火。""}]},{""pattern"":""state aggression"",""pos"":""noun"",""translation"":""國家侵略"",""explanation"":""指由政府或軍隊主導的領土擴張行動。"",""sentences"":[{""sentence"":""Historians analyze how <target>state</target> <target>aggression</target> in the early twentieth century led to the outbreak of the most devastating world wars."",""translation"":""歷史學家分析二十世紀初的國家侵略如何導致了最具毀滅性的世界大戰爆發。""}]}],""synonyms"":[{""word"":""invasion"",""pos"":""noun"",""translation"":""入侵；侵略"",""explanation"":""強調進入他國領土的行動""},{""word"":""encroachment"",""pos"":""noun"",""translation"":""侵犯；蠶食"",""explanation"":""指逐漸侵占他人的權利或領土""}],""antonyms"":[{""word"":""defense"",""pos"":""noun"",""translation"":""防禦；防衛"",""explanation"":""對抗侵略的保護行動""}]}],""conjugations"":null,""relatives"":{""morphology"":""字根 aggress (走近/攻擊) + 名詞字尾 -ion"",""related"":[{""word"":""aggressive"",""pos"":""adjective"",""translation"":""具攻擊性的；積極的"",""explanation"":""形容詞形式，可用於描述性格好鬥或在工作中非常有進取心。""},{""word"":""aggressor"",""pos"":""noun"",""translation"":""侵略者；挑釁者"",""explanation"":""指發動攻擊的一方。""}]}}"	ai_fail	INVERTED_TAGS: In the pattern 'verbal aggression', the word 'verbal' is tagged as <target> instead of <pattern>. The headword 'aggression' is correctly tagged as <target>, but the accompanying element 'verbal' should be in <pattern> tags.	0
aisle	aisle n.	"{""headword"":""aisle"",""explanation"":""「aisle」在學測中常出現在描述購物、交通（飛機、火車）或正式儀式（如婚禮）的場景中。注意其發音中 s 不發音，且在寫作中常與 a line 或 a path 區分，專指建築物內部兩排座位或貨架之間的通道。"",""senses"":[{""sense"":""通道；走道（建築物內部由兩側座位或貨架分隔出的狹長空間）"",""entries"":[{""pattern"":""aisle"",""pos"":""noun"",""translation"":""走道；通道"",""explanation"":""指超市、飛機、電影院或教堂內部兩排實體之間留出的走路空間。"",""sentences"":[{""sentence"":""While walking down the grocery store <target>aisle</target>, Sarah suddenly remembered she needed to buy some fresh milk for her breakfast."",""translation"":""在走超市走道時，莎拉突然想起她需要買一些新鮮牛奶來吃早餐。""},{""sentence"":""The flight attendant asked the passenger to move his large bag from the <target>aisle</target> so that other people could walk past safely."",""translation"":""乘客被空服員要求將他的大包包從走道移開，以便其他人能安全地通過。""},{""sentence"":""Everyone in the church stood up and watched the bride slowly walk down the <target>aisle</target> toward the altar during the wedding ceremony."",""translation"":""婚禮儀式中，教堂裡的每個人都站起身，看著新娘緩慢地沿著走道走向祭壇。""}]}],""synonyms"":[{""word"":""passage"",""pos"":""noun"",""translation"":""通道；走廊"",""explanation"":""較泛指任何連接兩個空間的狹長通道""},{""word"":""corridor"",""pos"":""noun"",""translation"":""走廊；走道"",""explanation"":""通常指建築物內部的長走廊""}],""antonyms"":[]}],""conjugations"":null,""relatives"":{""morphology"":null,""related"":[]}}"	ai_pass		0
agricultural	agricultural adj.	"{""headword"":""agricultural"",""explanation"":""「agricultural」在學測中常出現在探討全球糧食安全、工業革命或環境永續的文章中。它是一個典型的專門領域形容詞，後方接續的名詞（如 land, production, reform）將直接決定該段落的討論主題，建議學生將其視為「農業相關的」這一大類概念來記憶。"",""senses"":[{""sense"":""農業的；農耕的（與耕種、畜牧或農產品生產相關）"",""entries"":[{""pattern"":""agricultural land / soil"",""pos"":""adjective"",""translation"":""農地；農業土壤"",""explanation"":""指適合種植作物或飼養牲畜的土地。常用於討論都市擴張對農地造成的威脅。"",""sentences"":[{""sentence"":""As the city grows larger, many farmers are forced to sell their <target>agricultural</target> <pattern>land</pattern> to developers who want to build shopping malls."",""translation"":""隨著城市擴大，許多農民被迫將他們的農地賣給想要建造購物中心的開發商。""},{""sentence"":""The government created a new law to protect fertile <target>agricultural</target> <pattern>soil</pattern> from being polluted by nearby chemical factories."",""translation"":""政府制定了一項新法律，以防止肥沃的農業土壤受到附近化學工廠的污染。""}]},{""pattern"":""agricultural production / output"",""pos"":""adjective"",""translation"":""農業產量；農產品生產"",""explanation"":""指透過耕種或畜牧所產出的總量，常用於分析經濟發展或氣候變遷對糧食的影響。"",""sentences"":[{""sentence"":""Severe droughts and unpredictable heatwaves have caused a sharp drop in <target>agricultural</target> <pattern>production</pattern> across the entire region."",""translation"":""嚴重的乾旱和不可預測的熱浪導致整個地區的農業產量大幅下降。""},{""sentence"":""To increase <target>agricultural</target> <pattern>output</pattern>, the village introduced a modern irrigation system that provides water to every field."",""translation"":""為了增加農業產量，這個村莊引入了現代化的灌溉系統，為每塊田地提供水源。""}]},{""pattern"":""agricultural reform"",""pos"":""adjective"",""translation"":""農業改革"",""explanation"":""指對農業制度、土地分配或種植方式的系統性改變，常出現在歷史或社會研究類文章中。"",""sentences"":[{""sentence"":""The historical <target>agricultural</target> <pattern>reform</pattern> allowed poor farmers to own their land, which led to a more stable food supply."",""translation"":""這場歷史性的農業改革允許貧困農民擁有自己的土地，從而帶來了更穩定的糧食供應。""}]}],""synonyms"":[{""word"":""farming"",""pos"":""adjective"",""translation"":""耕種的；農業的"",""explanation"":""較為口語且通用的詞彙，指從事農活的""},{""word"":""agrarian"",""pos"":""adjective"",""translation"":""農業的；土地所有權的"",""explanation"":""較正式，常與土地分配制度或社會結構相關""}],""antonyms"":[{""word"":""industrial"",""pos"":""adjective"",""translation"":""工業的"",""explanation"":""指與工廠製造、機械生產相關，與農業相對""},{""word"":""urban"",""pos"":""adjective"",""translation"":""都市的"",""explanation"":""指城市環境，與鄉村農業環境相對""}]}],""conjugations"":null,""relatives"":{""morphology"":""字根 agri- (田地、農業) + 形容詞字尾 -cultural (文化/耕作方式)"",""related"":[{""word"":""agriculture"",""pos"":""noun"",""translation"":""農業"",""explanation"":""核心名詞形式，指耕種與畜牧的科學或藝術。""},{""word"":""agriculturist"",""pos"":""noun"",""translation"":""農業專家"",""explanation"":""指專門研究農業科學的人。""}]}}"	ai_pass		0
alcoholic	alcoholic adj./n.	"{""headword"":""alcoholic"",""explanation"":""「alcoholic」在學測中具有兩種截然不同的詞性。形容詞用法側重於「含酒精的」或「酒精成癮的」，而名詞用法則是指「酗酒者」。在閱讀測驗中，常出現在健康教育、醫療報告或社會問題的論述中，學生應注意其在句中扮演的角色（是修飾名詞還是作為主體）。"",""senses"":[{""sense"":""含酒精的；酒精成癮的（描述性質或狀態）"",""entries"":[{""pattern"":""alcoholic beverage"",""pos"":""adjective"",""translation"":""含酒精飲料"",""explanation"":""最常見的搭配，指所有含有乙醇的飲料，如啤酒、葡萄酒等。"",""sentences"":[{""sentence"":""Many countries have strict laws that forbid the sale of <target>alcoholic</target> <pattern>beverages</pattern> to anyone under the age of twenty-one."",""translation"":""許多國家都有嚴格的法律，禁止向二十一歲以下的人出售含酒精飲料。""}]},{""pattern"":""alcoholic tendencies"",""pos"":""adjective"",""translation"":""酗酒傾向"",""explanation"":""描述一個人有過量飲酒且難以控制的行為模式。"",""sentences"":[{""sentence"":""Because his father had strong <target>alcoholic</target> <pattern>tendencies</pattern>, the young man decided to avoid drinking entirely to keep himself healthy."",""translation"":""因為他的父親有強烈的酗酒傾向，這個年輕人決定完全不喝酒以保持健康。""}]},{""pattern"":""alcoholic drink"",""pos"":""adjective"",""translation"":""酒精飲料"",""explanation"":""指單一的一種含酒精的飲品。"",""sentences"":[{""sentence"":""During the traditional wedding party, the waiter served a variety of <target>alcoholic</target> <pattern>drinks</pattern> to the guests from all over the world."",""translation"":""在傳統的婚禮派對上，服務生向來自世界各地的賓客提供各種酒精飲料。""}]}],""synonyms"":[],""antonyms"":[]},{""sense"":""酗酒者（對酒精產生生理或心理依賴的人）"",""entries"":[{""pattern"":""an alcoholic"",""pos"":""noun"",""translation"":""酗酒者"",""explanation"":""指長期酗酒並對酒精產生依賴，導致健康或生活受損的人。"",""sentences"":[{""sentence"":""After losing his job and his family, the middle-aged man became <target>an alcoholic</target>, spending all his money on cheap wine every single day."",""translation"":""在失去工作和家庭後，這位中年男子成了一名酗酒者，每天將所有的錢花在廉價的葡萄酒上。""}]}],""synonyms"":[],""antonyms"":[]},{""sense"":""與酒精相關的（醫學或化學角度）"",""entries"":[{""pattern"":""alcoholic ketoacidosis"",""pos"":""adjective"",""translation"":""酒精性酮酸中毒"",""explanation"":""專業醫療術語，用於描述由酒精過量引起的一種危險的代謝紊亂。"",""sentences"":[{""sentence"":""The emergency room doctor explained that the patient was suffering from <target>alcoholic</target> ketoacidosis, which requires immediate and professional medical care."",""translation"":""急診室醫生解釋說，該患者正遭受酒精性酮酸中毒，這需要立即且專業的醫療照顧。""}]}],""synonyms"":[],""antonyms"":[]},{""sense"":""酗酒者（對酒精產生生理或心理依賴的人）"",""entries"":[{""pattern"":""an alcoholic"",""pos"":""noun"",""translation"":""酗酒者"",""explanation"":""指長期酗酒並對酒精產生依賴，導致導致健康或生活受損的人。"",""sentences"":[{""sentence"":""The support group helps <target>alcoholics</target> recover from their addiction and rebuild their lives through shared experiences and emotional support."",""translation"":""這個支持團體幫助酗酒者從成癮中恢復，並透過分享經驗與情感支持來重建他們的生活。""}]}],""synonyms"":[],""antonyms"":[]}],""conjugations"":null,""relatives"":{""morphology"":""字根 alcohol (酒精) + 形容詞/名詞字尾 -ic"",""related"":[{""word"":""alcoholism"",""pos"":""noun"",""translation"":""酗酒症"",""explanation"":""由形容詞 alcoholic 加上名詞字尾 -ism (主義、狀態) 延伸而來。""},{""word"":""alcohol-free"",""pos"":""adjective"",""translation"":""不含酒精的"",""explanation"":""由 alcohol 加上後綴 -free 表示「沒有…的」。""}]}}"	ai_fail	DUPLICATE_SENSE: The sense '酗酒者' is repeated twice in the senses list. Additionally, the target tag in the sentence 'became <target>an alcoholic</target>' is incorrect; it should only wrap the headword 'alcoholic', not the article 'an'.	0
alien	alien adj./n.	"{""headword"":""alien"",""explanation"":""「alien」在學測中兼具名詞與形容詞用法。名詞側重於「外來者」或「外星人」，而形容詞則強調「陌生、格格不入」或「外國的」。在閱讀測驗中，特別是討論社會融合、文化差異或科學幻想類文章時，此字的高頻率出現。"",""senses"":[{""sense"":""外星人；外來者（非本國或本星球之生物/人員）"",""entries"":[{""pattern"":""alien"",""pos"":""noun"",""translation"":""外星人"",""explanation"":""指來自地球以外星球的生物。"",""sentences"":[{""sentence"":""Many science fiction movies imagine <target>aliens</target> landing their giant spaceships in the middle of a busy city to communicate with humans."",""translation"":""許多科學幻想電影想像外星人將他們巨大的太空船降落在繁忙城市的中心，以與人類溝通。""}]},{""pattern"":""alien"",""pos"":""noun"",""translation"":""外來者；外國人"",""explanation"":""指不在該國擁有公民權的合法或非法移居者。"",""sentences"":[{""sentence"":""The government provides special legal assistance to ensure that every <target>alien</target> in the country is treated fairly under the law."",""translation"":""政府提供特殊的法律援助，以確保國內的每一位外來者都能在法律之下受到公正對待。""}]}],""synonyms"":[{""word"":""extraterrestrial"",""pos"":""noun"",""translation"":""外星生物"",""explanation"":""科學術語，指地球以外的生物""},{""word"":""foreigner"",""pos"":""noun"",""translation"":""外國人"",""explanation"":""泛指來自其他國家的人""}],""antonyms"":[{""word"":""native"",""pos"":""noun"",""translation"":""本地人；原住民"",""explanation"":""出生於該地的人""}]},{""sense"":""陌生的；格格不入的（感覺不熟悉或不屬於該環境）"",""entries"":[{""pattern"":""alien to sb."",""pos"":""adjective"",""translation"":""對某人而言很陌生/格格不入的"",""explanation"":""常用於描述某種概念、想法或生活方式與某人的價值觀或經驗完全不符。"",""sentences"":[{""sentence"":""Growing up in a small village, the idea of living in a crowded city with millions of people was completely <target>alien</target> <pattern>to</pattern> him."",""translation"":""在小村莊長大，對他而言，生活在一個擁有數百萬人口的擁擠城市裡這個想法完全很陌生。""}]},{""pattern"":""feel alien"",""pos"":""adjective"",""translation"":""感覺格格不入"",""explanation"":""用於描述個人在某個社會環境中感到孤立或不適應。"",""sentences"":[{""sentence"":""After moving to a new school in a different country, the transfer student <target>felt</target> <pattern>alien</pattern> because he could not speak the local language."",""translation"":""在搬到一個不同國家的學校後，這名轉學生感覺格格不入，因為他不會說當地的語言。""}]},{""pattern"":""alien something"",""pos"":""adjective"",""translation"":""外來的；異類的"",""explanation"":""直接修飾名詞，指不屬於該系統或該文化的事物。"",""sentences"":[{""sentence"":""The strange music used in the horror movie sounded <target>alien</target> and creepy, making the audience feel uneasy throughout the film."",""translation"":""恐怖電影中使用的奇怪音樂聽起來很異類且令人毛骨悚然，讓觀眾在整個電影過程中感到不安。""}]}],""synonyms"":[{""word"":""foreign"",""pos"":""adjective"",""translation"":""外國的；陌生的"",""explanation"":""最普遍的對應詞，指不屬於本國或本體""},{""word"":""strange"",""pos"":""adjective"",""translation"":""陌生的；奇怪的"",""explanation"":""強調不熟悉或異常""},{""word"":""unfamiliar"",""pos"":""adjective"",""translation"":""不熟悉的"",""explanation"":""強調缺乏經驗或認知""}],""antonyms"":[{""word"":""familiar"",""pos"":""adjective"",""translation"":""熟悉的"",""explanation"":""對某事有認知且感到舒適""},{""word"":""native"",""pos"":""adjective"",""translation"":""本地的；原生的"",""explanation"":""屬於該地原生或原有的""}]}],""conjugations"":null,""relatives"":{""morphology"":""字根 alien (陌生、外來)"",""related"":[{""word"":""alienate"",""pos"":""verb"",""translation"":""使疏遠；使隔閡"",""explanation"":""由形容詞 alien 延伸而來，指使某人感到自己不再屬於這個群體。""},{""word"":""alienation"",""pos"":""noun"",""translation"":""疏離感；隔閡"",""explanation"":""由動詞 alienate 加上名詞字尾 -ation 延伸而來。""}]}}"	ai_fail	In the sense '陌生的；格格不入的', the pattern 'feel alien' has an incorrect target tag: <target>felt</target> should be <target>alien</target> as 'felt' is not the headword. Additionally, the pattern 'alien something' is too vague; it should be a more specific collocation like 'alien to someone' or 'an alien concept'. The sentence for 'alien something' uses 'sounded alien', which doesn't match the pattern 'alien something' (where alien is an adjective modifying a noun). This is a PART_OF_SPEECH_MISMATCH and a PATTERN_WITH_INSUFFICIENT_EXAMPLES.	0
allergic	allergic adj.	"{""headword"":""allergic"",""explanation"":""「allergic」在學測中主要出現在健康、生物或日常生活類型的文章中。除了描述生理上的「過敏」外，在比喻用法中也可以表示對某事「極度反感」或「不耐受」。"",""senses"":[{""sense"":""過敏的（生理上對某種物質產生免疫反應）"",""entries"":[{""pattern"":""be allergic to sth."",""pos"":""adjective"",""translation"":""對…過敏"",""explanation"":""最核心的固定搭配。介系詞 to 指向過敏原，後接名詞或動名詞。"",""sentences"":[{""sentence"":""Since she <pattern>is</pattern> <target>allergic</target> <pattern>to</pattern> seafood, the waiter carefully checked the ingredients of the soup to avoid any danger."",""translation"":""因為她對海鮮過敏，服務生仔細檢查了湯裡的成分以避免任何危險。""},{""sentence"":""Many people in the city suffer from seasonal allergies because they are <target>allergic</target> <pattern>to</pattern> pollen from the local trees."",""translation"":""許多城市裡的人遭受季節性過敏之苦，因為他們對當地樹木的花粉過敏。""}]}],""synonyms"":[],""antonyms"":[]},{""sense"":""極度反感的；不耐受的（比喻用法，指對某事感到厭煩或強烈排斥）"",""entries"":[{""pattern"":""be allergic to sth."",""pos"":""adjective"",""translation"":""對…極度反感；不能忍受…"",""explanation"":""將生理過敏轉化為心理上的排斥，常用於描述對特定工作方式、規則或習慣的強烈不喜。"",""sentences"":[{""sentence"":""My father is a creative artist who loves freedom, so he has always been <target>allergic</target> <pattern>to</pattern> strict rules and schedules."",""translation"":""我的父親是一位熱愛自由的創意藝術家，所以他一直對嚴格的規則和時間表極度反感。""},{""sentence"":""Some students are <target>allergic</target> <pattern>to</pattern> early morning classes because they find it impossible to wake up before seven."",""translation"":""有些學生對早晨的課程極度反感，因為他們覺得在七點之前起床是不可能的。""}]}],""synonyms"":[],""antonyms"":[]},{""sense"":""過敏反應的（與免疫系統相關的醫學描述）"",""entries"":[{""pattern"":""allergic reaction"",""pos"":""adjective"",""translation"":""過敏反應"",""explanation"":""作為修飾語，直接修飾名詞 reaction，描述身體對特定物質產生的不正常反應。"",""sentences"":[{""sentence"":""After the bee sting, the boy developed a severe <target>allergic</target> reaction that made it difficult for him to breathe."",""translation"":""在被蜜蜂螫後，這個男孩產生了嚴重的過敏反應，導致他呼吸困難。""}]}],""synonyms"":[],""antonyms"":[]},{""sense"":""過敏反應的（與免疫系統相關的醫學描述）"",""entries"":[{""pattern"":""allergic reaction"",""pos"":""adjective"",""translation"":""過敏反應"",""explanation"":""作為修飾語，直接修飾名詞 reaction，描述身體對特定物質產生的不正常反應。"",""sentences"":[{""sentence"":""After the bee sting, the boy developed a severe <target>allergic</target> reaction that made it difficult for him to breathe."",""translation"":""過敏過敏反應""}]}],""synonyms"":[],""antonyms"":[]}],""conjugations"":null,""relatives"":{""morphology"":""字根 allerg- (過敏) + 形容詞字尾 -ic"",""related"":[{""word"":""allergy"",""pos"":""noun"",""translation"":""過敏；過敏症"",""explanation"":""核心名詞型態，指生理上的過敏反應或心理上的強烈反感。""},{""word"":""allergist"",""pos"":""noun"",""translation"":""過敏專科醫師"",""explanation"":""指專門治療過敏症狀的醫療專業人員。""}]}}"	ai_fail	The card contains duplicate entries for the sense '過敏反應的（與免疫系統相關的醫學描述）'. The second instance of this sense is a complete duplicate of the first, with a slightly corrupted translation '過敏過敏反應'. This is a CONTAINS_GIBBERISH/DUPLICATE_ENTRY error.	0
allergy	allergy n.	"{""headword"":""allergy"",""explanation"":""「allergy」在學測中常出現在健康、醫療或日常生活類的文章中。除了指生理上的「過敏」外，有時在文學或社會評論中也會用來隱喻對某事物的「強烈反感」。重點在於掌握其固定搭配的介系詞 for 或 to。"",""senses"":[{""sense"":""過敏；對...的過敏反應（免疫系統對無害物質的過度反應）"",""entries"":[{""pattern"":""have an allergy to sth."",""pos"":""noun"",""translation"":""對某事過敏"",""explanation"":""最常見的句型，to 是介系詞，後接過敏原（如花生、花粉、灰塵等）。"",""sentences"":[{""sentence"":""Because he <pattern>has</pattern> a severe <target>allergy</target> <pattern>to</pattern> peanuts, he always carefully checks the food labels before buying any snacks."",""translation"":""因為他對花生嚴重過敏，他在購買任何零食前總是會仔細檢查食品標籤。""},{""sentence"":""Many students in the class <pattern>have</pattern> an <target>allergy</target> <pattern>to</pattern> dust mites, which makes them sneeze constantly during the spring cleaning."",""translation"":""許多班上的學生對塵蟎過敏，這讓他們在春季大掃除期間不斷打噴嚏。""}]},{""pattern"":""an allergy for sth."",""pos"":""noun"",""translation"":""對某事過敏"",""explanation"":""在某些語境中，for 也被使用，但 to 較為普遍且在考試中更為標準。"",""sentences"":[{""sentence"":""The doctor asked the young girl if she had an <target>allergy</target> <pattern>for</pattern> any specific medications before starting the new treatment."",""translation"":""在開始新治療之前，醫生詢問那個小女孩是否對任何特定藥物過敏。""}]}],""synonyms"":[],""antonyms"":[]},{""sense"":""強烈反感；厭惡（對某事物的心理上極度不耐或不喜歡）"",""entries"":[{""pattern"":""an allergy to sth."",""pos"":""noun"",""translation"":""對...強烈反感"",""explanation"":""此為比喻用法，將生理上的過敏反應類比為心理上的極度厭惡。"",""sentences"":[{""sentence"":""The experienced manager has a known <target>allergy</target> <pattern>to</pattern> lazy employees who never finish their work on time."",""translation"":""這位經驗豐富的經理以對那些從不準時完成工作的懶惰員工持有強烈反感而聞名。""},{""sentence"":""Some traditional artists have a deep <target>allergy</target> <pattern>to</pattern> modern digital tools, believing that only hand-painted works are truly authentic."",""translation"":""一些傳統藝術家對現代數位工具深感厭惡，認為只有手繪作品才是真正真實的。""}]}],""synonyms"":[{""word"":""aversion"",""pos"":""noun"",""translation"":""厭惡；反感"",""explanation"":""指心理上強烈不喜歡某事或某人""},{""word"":""antipathy"",""pos"":""noun"",""translation"":""反感；憎惡"",""explanation"":""指一種深層的、持久的反感""}],""antonyms"":[{""word"":""fondness"",""pos"":""noun"",""translation"":""喜愛；偏好"",""explanation"":""指對某事物的強烈喜愛""}]}],""conjugations"":null,""relatives"":{""morphology"":""字根 allerg- (過敏) + 名詞字尾 -y"",""related"":[{""word"":""allergic"",""pos"":""adjective"",""translation"":""過敏的"",""explanation"":""形容詞型態，常用句型為 be allergic to sth.""},{""word"":""allergist"",""pos"":""noun"",""translation"":""過敏專科醫生"",""explanation"":""指專門治療過敏症狀的醫生的名詞型態。""}]}}"	ai_fail	The pattern 'an allergy for sth.' is highly non-standard. While 'allergy to' is the dominant and correct form for both physiological and psychological aversion, 'allergy for' is almost never used in standard English and should not be taught to GSAT students. This is an AWKWARD_TRANSLATION/OTHER_ISSUE (teaching incorrect collocation).	0
alliance	alliance n.	"{""headword"":""alliance"",""explanation"":""「alliance」在學測中常用於描述國家間的政治軍事合作、企業之間的戰略聯盟，或在環境保護議題上不同團體間的聯合陣線。理解此字時，需注意其常接的介系詞搭配（如 alliance between A and B 或 alliance with sth.），這在克漏字中是極高頻的考點。"",""senses"":[{""sense"":""聯盟；同盟（為了共同目的而建立的正式協議或聯合）"",""entries"":[{""pattern"":""alliance between A and B"",""pos"":""noun"",""translation"":""A 與 B 之間的聯盟"",""explanation"":""用來描述兩個或多個獨立個體（如國家、政黨或組織）為了某個共同目標而建立的合作關係。"",""sentences"":[{""sentence"":""The historic <target>alliance</target> <pattern>between</pattern> the two neighboring countries helped them maintain peace and security for several decades."",""translation"":""這兩個鄰國之間歷史悠久的同盟關係，幫助他們在數十年間維持了和平與安全。""},{""sentence"":""A strong <target>alliance</target> <pattern>between</pattern> local farmers and organic markets ensures that fresh produce reaches city residents quickly."",""translation"":""當地農民與有機市場之間強大的聯盟，確保了新鮮農產品能快速送達城市居民手中。""}]}],""synonyms"":[{""word"":""coalition"",""pos"":""noun"",""translation"":""聯盟；聯合政府"",""explanation"":""通常指為了特定目的而臨時組成的聯合陣線，常指政治上的聯合""},{""word"":""partnership"",""pos"":""noun"",""translation"":""合作關係；夥伴關係"",""explanation"":""指兩者之間基於互利而建立的長期合作關係""}],""antonyms"":[{""word"":""division"",""pos"":""noun"",""translation"":""分歧；分裂"",""explanation"":null},{""word"":""conflict"",""pos"":""noun"",""translation"":""衝突"",""explanation"":null}]}],""conjugations"":null,""relatives"":{""morphology"":""字根 ally (結盟) + 名詞字尾 -ance"",""related"":[{""word"":""ally"",""pos"":""noun"",""translation"":""盟友"",""explanation"":""指同盟關係中的其中一個參與者。""},{""word"":""ally"",""pos"":""verb"",""translation"":""結盟；聯合"",""explanation"":""動詞型態，指建立同盟關係的動作。""}]}}"	ai_fail	The pattern 'alliance between A and B' is too narrow; it should include 'alliance with' as mentioned in the explanation. Additionally, the sentences are slightly too short (around 15-20 words), barely meeting the minimum length requirement. Add more patterns to cover the full range of usage mentioned in the explanation.	0
ally	ally n./v.	"{""headword"":""ally"",""explanation"":""「ally」在學測中常出現在國際關係、政治議題或歷史類文章中。其名詞與動詞用法皆為核心考點：名詞指「盟友」，動詞則指「結盟」。注意在名詞用法中，它常與 an unexpected ally 或 a strong ally 等形容詞搭配，用以描述外交策略或社會運動中的合作關係。"",""senses"":[{""sense"":""盟友；夥伴（為了共同目的而合作的人或國家）"",""entries"":[{""pattern"":""a strong/key ally"",""pos"":""noun"",""translation"":""強大的/關鍵的盟友"",""explanation"":""描述在政治、軍事或社會鬥爭中提供關鍵支持的合作夥伴。"",""sentences"":[{""sentence"":""During the global energy crisis, the small island nation sought a <pattern>strong</pattern> <target>ally</target> to help it secure enough oil for its citizens."",""translation"":""在全球能源危機期間，這個小島國尋求一個強大的盟友，以幫助其確保公民有足夠的石油。""}]},{""pattern"":""ally with sb."",""pos"":""noun"",""translation"":""與…結盟的夥伴"",""explanation"":""在名詞形態下，指與特定對象建立合作關係的人。"",""sentences"":[{""sentence"":""The environmental group found an unexpected <target>ally</target> <pattern>with</pattern> the local business owners who also wanted to reduce plastic waste."",""translation"":""這個環保組織發現了一個意想不到的盟友，即同樣希望減少塑膠垃圾的當地企業主。""}]}],""synonyms"":[{""word"":""partner"",""pos"":""noun"",""translation"":""夥伴；合作者"",""explanation"":""最通用的合作關係術語""},{""word"":""associate"",""pos"":""noun"",""translation"":""同事；合夥人"",""explanation"":""較正式的商業或專業合作對象""},{""word"":""confederate"",""pos"":""noun"",""translation"":""共謀者；盟友"",""explanation"":""較正式且帶有政治或秘密色彩的合作者""}],""antonyms"":[{""word"":""enemy"",""pos"":""noun"",""translation"":""敵人"",""explanation"":""完全對立且互鬥的對象""},{""word"":""opponent"",""pos"":""noun"",""translation"":""對手；反對者"",""explanation"":""在競爭或爭論中持有相反意見的人""}]},{""sense"":""結盟；聯合（為了共同利益而建立正式或非正式的合作關係）"",""entries"":[{""pattern"":""ally oneself with sb./sth."",""pos"":""verb"",""translation"":""與…結盟；與…聯合"",""explanation"":""反身動詞用法，強調主詞主動選擇與某人或某團體站在一起。"",""sentences"":[{""sentence"":""To protect the endangered forest, the local farmers decided to <target>ally</target> <pattern>themselves</pattern> <pattern>with</pattern> the wildlife conservation society."",""translation"":""為了保護瀕危森林，當地農民決定與野生動物保護協會結盟。""}]},{""pattern"":""ally with sb./sth."",""pos"":""verb"",""translation"":""與…結盟；與…聯合"",""explanation"":""及物或不及物動詞用法，描述兩個實體之間建立合作關係。"",""sentences"":[{""sentence"":""Small companies often <target>ally</target> <pattern>with</pattern> larger corporations to share resources and enter new international markets more quickly."",""translation"":""小公司經常與大企業結盟，以共享資源並更快速地進入新的國際市場。""}]},{""pattern"":""ally sb. and sb."",""pos"":""verb"",""translation"":""使…與…結盟"",""explanation"":""使兩個原本不相關或對立的對象建立合作關係。"",""sentences"":[{""sentence"":""The common threat of a powerful enemy <target>allied</target> the two small kingdoms, forcing them to work together for the first time."",""translation"":""一個強大敵人的共同威脅使得這兩個小王國結盟，迫使他們第一次共同合作。""}]}],""synonyms"":[{""word"":""unite"",""pos"":""verb"",""translation"":""聯合；統一"",""explanation"":""強調將多個部分合在一起""},{""word"":""join forces"",""pos"":""verb"",""translation"":""合力；聯手"",""explanation"":""口語且高頻的片語，指為了達成目標而共同努力""},{""word"":""collaborate"",""pos"":""verb"",""translation"":""協作；合作"",""explanation"":""強調在工作或研究上的共同努力""}],""antonyms"":[{""word"":""divide"",""pos"":""verb"",""translation"":""分裂；分開"",""explanation"":""使原本統一的整體分開""},{""word"":""separate"",""pos"":""verb"",""translation"":""分開；隔離"",""explanation"":""指將兩者分開，使其不再合作""}]}],""conjugations"":{""past_tense"":""allied"",""past_participle"":""allied""},""relatives"":{""morphology"":""字根 ally (由拉丁語 ad- + ligare 演變而來，意為「綁在一起」)"",""related"":[{""word"":""alliance"",""pos"":""noun"",""translation"":""聯盟；協約"",""explanation"":""由動詞 ally 加上名詞字尾 -ance 延伸而來，指正式的結盟狀態。""},{""word"":""allied"",""pos"":""adjective"",""translation"":""結盟的；相關的"",""explanation"":""動詞 ally 的分詞形式，常用於形容國家或想法之間存在聯繫。""}]}}"	ai_fail	PART_OF_SPEECH_MISMATCH: In the first sense (noun), the pattern 'ally with sb.' is tagged as a noun, but the example sentence uses it as a noun modified by 'with', which is awkward. More importantly, the pattern 'ally with sb.' is a verb pattern. If it is meant to be a noun pattern, it should be like 'an ally of sb.'. Correct the POS and the pattern to match the noun sense.	0
allocate	allocate v.	"{""headword"":""allocate"",""explanation"":""「allocate」在學測中常用於探討資源管理、政府預算或時間規劃的語境。其核心概念是「將有限的資源分配給特定的對象或目的」，因此在閱讀測驗中常與 budget, resources, funds 或 time 等名詞搭配出現。"",""senses"":[{""sense"":""分配；撥給（將金錢、時間、資源等分派給特定用途或對象）"",""entries"":[{""pattern"":""allocate sth. to sb./sth."",""pos"":""verb"",""translation"":""將某事分配給某人／某事"",""explanation"":""最常見的用法，sth. 通常指預算、人力或時間，to 後方接分配的對象或目標。"",""sentences"":[{""sentence"":""The city government decided to <target>allocate</target> more <pattern>funds</pattern> <pattern>to</pattern> building new parks and improving public transportation for all citizens."",""translation"":""市政府決定撥給更多資金用於建造新公園以及改善所有市民的公共交通。""}]},{""pattern"":""allocate sth. for sth."",""pos"":""verb"",""translation"":""為某事分配某物"",""explanation"":""強調分配的「目的」。for 後方通常接一個具體的計畫、活動或用途。"",""sentences"":[{""sentence"":""To ensure the project is finished on time, the team leader must carefully <target>allocate</target> <pattern>time</pattern> <pattern>for</pattern> each stage of the research."",""translation"":""為了確保專案能準時完成，團隊領袖必須仔細地為研究的每個階段分配時間。""}]}],""synonyms"":[],""antonyms"":[]},{""sense"":""指定；劃分（將空間或特定位置分配給某人或某物）"",""entries"":[{""pattern"":""allocate a space/seat"",""pos"":""verb"",""translation"":""分配空間／座位"",""explanation"":""指在物理空間上將特定區域劃分給某人使用。"",""sentences"":[{""sentence"":""The event organizers <target>allocated</target> a private <pattern>space</pattern> for the guest speaker to rest and prepare before the presentation began."",""translation"":""活動主辦方為客座講者分配了一個私人空間，以便在簡報開始前休息並準備。""}]}],""synonyms"":[],""antonyms"":[]},{""sense"":""分配；分派（指將任務或角色分配給團隊成員）"",""entries"":[{""pattern"":""allocate tasks to sb."",""pos"":""verb"",""translation"":""將任務分派給某人"",""explanation"":""用於描述管理或組織過程中的工作分工。"",""sentences"":[{""sentence"":""The manager <target>allocated</target> various <pattern>tasks</pattern> <pattern>to</pattern> the new interns so that they could learn every part of the business."",""translation"":""經理將各種任務分派給新實習生，以便他們能學習這門生意的每個環節。""}]}],""synonyms"":[],""antonyms"":[]},{""sense"":""分配；分派（指將任務或角色分配給團隊成員）"",""entries"":[{""pattern"":""allocate tasks to sb."",""pos"":""verb"",""translation"":""將任務分派給新實習生，以便他們能學習每個部分的業務。"",""explanation"":null,""sentences"":[{""sentence"":""The manager <target>allocated</target> various <pattern>tasks</pattern> <pattern>to</pattern> the new interns so that they could learn every part of the business."",""translation"":""經理將各種任務分派給新實習生，以便他們能學習這門生意的每個環節。""}]}],""synonyms"":[],""antonyms"":[]},{""sense"":""分配；分派（指將任務或角色給予特定人員）"",""entries"":[{""pattern"":""allocate tasks to sb."",""pos"":""verb"",""translation"":""將任務分派給某人"",""explanation"":""用於描述組織管理或分工的語境。"",""sentences"":[{""sentence"":""The teacher <target>allocated</target> specific <pattern>roles</pattern> <pattern>to</pattern> each student in the group to ensure the project was completed fairly."",""translation"":""老師將特定的角色分派給組員中的每位學生，以確保專案能公平地完成。""}]}],""synonyms"":[],""antonyms"":[]},{""sense"":""分配；分派（指將任務或角色給予特定人員）"",""entries"":[{""pattern"":""allocate tasks to sb."",""pos"":""verb"",""translation"":""將任務分派給某人"",""explanation"":""用於描述組織管理或分工的語境。"",""sentences"":[{""sentence"":""The teacher <target>allocated</target> specific <pattern>roles</pattern> <pattern>to</pattern> each student in the group to ensure the project was completed fairly."",""translation"":""將任務分派給某人。老師將特定的角色分派給組員中的每位學生，以確保專案能公平地完成。""}]}],""synonyms"":[],""antonyms"":[]},{""sense"":""分配；分派（指將任務或角色給予特定人員）"",""entries"":[{""pattern"":""allocate tasks to sb."",""pos"":""verb"",""translation"":""將任務分派給某人"",""explanation"":""用於描述組織管理或分工的語境。"",""sentences"":[{""sentence"":""The teacher <target>allocated</target> specific <pattern>roles</pattern> <pattern>to</pattern> each student in the group to ensure the project was completed fairly."",""translation"":""老師將特定的角色分派給組員中的每位學生，以確保專案能公平地完成。""}]}],""synonyms"":[],""antonyms"":[]}],""conjugations"":{""past_tense"":""allocated"",""past_participle"":""allocated""},""relatives"":{""morphology"":""字根 allocat- (分配) 衍生自 Latin allocare (分配, 放置)"",""related"":[{""word"":""allocation"",""pos"":""noun"",""translation"":""分配；撥款"",""explanation"":""由 allocate 加上名詞字尾 -ion 延伸而來。""},{""word"":""reallocate"",""pos"":""verb"",""translation"":""重新分配"",""explanation"":""字首 re- (再次) + allocate，指將原有的分配方案重新調整。""}]}}"	ai_fail	DENSITY_ERROR: The card contains multiple duplicate senses and entries. The sense '分配；分派' is repeated four times with almost identical patterns and sentences. This is a major structural error. Delete the redundant duplicate senses and entries.	0
alongside	alongside prep./adv.	"{""headword"":""alongside"",""explanation"":""「alongside」在學測中主要扮演空間與邏輯兩種角色。空間上指「在…旁邊」，常用於描述物體、船隻或人的位置；邏輯上則表示「與…同時」或「與…並列」，常用於探討社會趨勢、法律改革或科技發展時，將兩者放在一起討論。注意其作為介系詞時後接名詞，作為副詞時則獨立使用。"",""senses"":[{""sense"":""在…旁邊；與…並肩（空間上的鄰近）"",""entries"":[{""pattern"":""alongside sth./sb."",""pos"":""preposition"",""translation"":""在…旁邊；與…並肩"",""explanation"":""指物理空間上的緊鄰。常用於描述交通工具（如船隻靠岸）或兩人在同一方向前行。"",""sentences"":[{""sentence"":""The small fishing boat pulled up <target>alongside</target> <pattern>the</pattern> huge cruise ship, making the boat look like a tiny toy."",""translation"":""這艘小漁船停在巨大的郵輪旁邊，使這艘船看起來像個小玩具。""},{""sentence"":""The young athlete trained <target>alongside</target> <pattern>the</pattern> world champion for three months to improve his speed and technique."",""translation"":""這位年輕的運動員與世界冠軍並肩訓練了三個月，以提升他的速度與技巧。""}]}],""synonyms"":[{""word"":""beside"",""pos"":""preposition"",""translation"":""在…旁邊"",""explanation"":""最基礎的空間鄰近表達方式""},{""word"":""next to"",""pos"":""preposition"",""translation"":""在…隔壁"",""explanation"":""強調緊鄰的物理位置""}],""antonyms"":[]},{""sense"":""與…同時；與…並列（時間或邏輯上的共存）"",""entries"":[{""pattern"":""alongside sth."",""pos"":""preposition"",""translation"":""與…同時；與…並列"",""explanation"":""用於描述兩種制度、技術、想法或事件同時存在且互補，或共同運作。"",""sentences"":[{""sentence"":""In the modern hospital, traditional herbal medicine now exists <target>alongside</target> <pattern>modern</pattern> surgical tools to provide better care for patients."",""translation"":""在現代醫院中，傳統草藥醫學現在與現代手術工具並存，以提供患者更好的照護。""},{""sentence"":""The new law was introduced <target>alongside</target> <pattern>a</pattern> set of strict guidelines to ensure every citizen is treated fairly."",""translation"":""這項新法律是在一套嚴格的指導準則的同時推出，以確保每位公民都受到公平對待。""}]}],""synonyms"":[{""word"":""together with"",""pos"":""preposition"",""translation"":""與…一起"",""explanation"":""泛指共同行動或存在""},{""word"":""concurrently"",""pos"":""adverb"",""translation"":""同時地"",""explanation"":""強調時間上的同步""}],""antonyms"":[]},{""sense"":""在旁邊（作為副詞使用，不接名詞）"",""entries"":[{""pattern"":""alongside"",""pos"":""adverb"",""translation"":""在旁邊"",""explanation"":""指在某物體旁邊的位置，通常在句尾或動詞後，省略了後方的名詞。"",""sentences"":[{""sentence"":""The car drove fast and then stopped <target>alongside</target> to let the elderly woman cross the busy street safely."",""translation"":""這輛車開很快，然後停在旁邊，好讓那位老婦人能安全地穿越繁忙的街道。""}]}],""synonyms"":[{""word"":""nearby"",""pos"":""adverb"",""translation"":""在附近"",""explanation"":""泛指空間上的接近""}],""antonyms"":[]}],""conjugations"":null,""relatives"":{""morphology"":""字根 along (沿著) + side (側邊)"",""related"":[{""word"":""sideways"",""pos"":""adverb"",""translation"":""向側邊地"",""explanation"":""描述物體移動方向""},{""word"":""side-by-side"",""pos"":""adjective"",""translation"":""並肩的；並列的"",""explanation"":""與 alongside 語意極為接近，常用於形容詞用法""}]}}"	ai_fail	SENSE 1: In the first sentence, <pattern>the</pattern> is just a determiner, not a core part of the collocation pattern 'alongside sth.'. It should not be tagged. SENSE 2: In the first sentence, <pattern>modern</pattern> is an adjective, not part of the collocation pattern 'alongside sth.'. It should not be tagged. In the second sentence, <pattern>a</pattern> is just a determiner. SENSE 3: The sentence 'The car drove fast and then stopped alongside to let the elderly woman cross the busy street safely' is illogical. A car stopping 'alongside' usually implies stopping next to something specific (like a curb or another car). Stopping 'alongside' to let someone cross usually means stopping at the crosswalk, which would be 'stopped' or 'stopped at the curb'. 'Alongside' as an adverb is typically used for ships or cars moving in parallel. The usage here is professoresally awkward.	0
alter	alter v.	"{""headword"":""alter"",""explanation"":""「alter」在學測中常用於描述事物在時間推移下的「改變」或「調整」。它與 change 的最大區別在於 alter 通常指在保持原貌或本質不變的前提下，對局部、外觀或特定性質進行微調。在閱讀測驗中，常出現於服裝修改、計畫調整或氣候變遷導致的生態改變。"",""senses"":[{""sense"":""改變；修改（對局部、外觀或性質進行調整，而非完全替換）"",""entries"":[{""pattern"":""alter sth."",""pos"":""verb"",""translation"":""改變／修改某事"",""explanation"":""及物動詞，直接接受詞，受詞常為計畫、看法、外貌或衣物。"",""sentences"":[{""sentence"":""Because the dress was a bit too large for the bride, she had to find a professional tailor to <target>alter</target> the waistline."",""translation"":""因為這件禮服對新娘來說稍微太大了，她必須找一位專業的裁縫師來修改腰線。""},{""sentence"":""The sudden rainstorm forced the hiking group to <target>alter</target> their original plan and seek shelter in a nearby cave."",""translation"":""突然的大雨迫使登山隊修改他們原本的計畫，並在附近的洞穴中尋找避難處。""}]},{""pattern"":""be altered by sth."",""pos"":""verb"",""translation"":""被…所改變"",""explanation"":""被動語態，常用於描述自然環境或社會意識在外部壓力下產生的變遷。"",""sentences"":[{""sentence"":""The local landscape has been significantly <target>altered</target> <pattern>by</pattern> the construction of the massive dam and the flooding of the valley."",""translation"":""當地地貌已被那座巨大的水壩建設以及山谷的淹水而顯著改變。""},{""sentence"":""Our views on mental health have been greatly <target>altered</target> <pattern>by</pattern> the widespread sharing of personal stories on social media."",""translation"":""我們的心理健康觀念已被社群媒體上廣泛分享的個人故事而大大改變。""}]}],""synonyms"":[{""word"":""modify"",""pos"":""verb"",""translation"":""修改；調整"",""explanation"":""強調為了適應特定目的而對細節進行小幅調整""},{""word"":""change"",""pos"":""verb"",""translation"":""改變"",""explanation"":""最泛用的詞彙，涵蓋從微小變動到完全替換的所有情況""},{""word"":""adjust"",""pos"":""verb"",""translation"":""調整；調節"",""explanation"":""強調使之適合或達到正確的狀態""}],""antonyms"":[{""word"":""preserve"",""pos"":""verb"",""translation"":""保存；維持"",""explanation"":""強調保持原樣不變""},{""word"":""maintain"",""pos"":""verb"",""translation"":""維持；保持"",""explanation"":""強調持續維持目前的狀態""}]}],""conjugations"":{""past_tense"":""altered"",""past_participle"":""altered""},""relatives"":{""morphology"":""字根 alter (另一個、其他的)"",""related"":[{""word"":""alternative"",""pos"":""adjective"",""translation"":""可替代的；另類的"",""explanation"":""由字根 alter 延伸而來，指提供另一個選擇。""},{""word"":""alternative"",""pos"":""noun"",""translation"":""替代方案"",""explanation"":""指另一個可以選擇的選項。""},{""word"":""alteration"",""pos"":""noun"",""translation"":""改變；修改"",""explanation"":""由動詞 alter 加上名詞字尾 -tion 延伸而來。""}]}}"	ai_pass		0
amend	amend v.	"{""headword"":""amend"",""explanation"":""「amend」主要用於正式語境，指對法律、條約、議案或文件進行「修正」以使其更完善或正確。在學測中，常出現在探討政府政策、校規修改或國際協議的閱讀測驗中。需區分其與 repair (修理) 或 correct (改正錯誤) 的細微差異。"",""senses"":[{""sense"":""修正；修改（法律、合約或文件，使其更完善）"",""entries"":[{""pattern"":""amend a law / contract / agreement"",""pos"":""verb"",""translation"":""修正法律／合約／協議"",""explanation"":""及物動詞，受詞通常是正式的文字文件或條款，強調的是在原有的基礎上進行調整。"",""sentences"":[{""sentence"":""The government decided to <target>amend</target> the environmental <pattern>law</pattern> to provide stricter penalties for companies that dump waste into the ocean."",""translation"":""政府決定修正環境法，針對將廢棄物傾倒至海洋的公司提供更嚴厲的處罰。""},{""sentence"":""After discussing the terms for an hour, the two business partners agreed to <target>amend</target> their <pattern>contract</pattern> to include a new delivery date."",""translation"":""在討論了一小時的條款後，這兩位商業夥伴同意修改他們的合約，以納入一個新的交貨日期。""}]},{""pattern"":""amend the constitution"",""pos"":""verb"",""translation"":""修正憲法"",""explanation"":""這是法律類文章中最高頻的搭配，指對國家的根本法進行正式的修改。"",""sentences"":[{""sentence"":""Changing the basic rights of citizens is difficult because the process to <target>amend</target> the <pattern>constitution</pattern> requires a majority vote from all states."",""translation"":""改變公民的基本權利是很困難的，因為修正憲法程序需要所有州的大多數投票通過。""}]}],""synonyms"":[],""antonyms"":[]}],""conjugations"":{""past_tense"":""amended"",""past_participle"":""amended""},""relatives"":{""morphology"":""字根 amend (修正) 源自拉丁語 emendare (除去錯誤)"",""related"":[{""word"":""amendment"",""pos"":""noun"",""translation"":""修正案；修改"",""explanation"":""由動詞 amend 加上名詞字尾 -ment 延伸而來。""},{""word"":""unamendable"",""pos"":""adjective"",""translation"":""不可修正的"",""explanation"":""由字首 un- (否定) + amend + 形容詞字尾 -able 延伸而來。""}]}}"	ai_fail	SYNONYMS: The synonyms list is empty. For a high-yield GSAT word like 'amend', providing no synonyms (e.g., 'modify', 'revise', 'rectify') is a failure in providing a comprehensive learning resource. MISSING_COLLOCATIONS: The pattern 'amend one's behavior' (meaning to improve one's ways) is a common high-level usage that should be included to ensure the student is fully prepared for the test.	0
alternate	alternate adj./v./n.	"{""headword"":""alternate"",""explanation"":""「alternate」是一個多功能詞彙，在學測中根據其詞性（形容詞、動詞、名詞）而語意截然不同。形容詞強調「交替」或「替代」，動詞則是指「輪流」或「替代」。在閱讀測驗中，常出現在描述科學實驗步驟、工作排班或替代方案的討論中。"",""senses"":[{""sense"":""交替的；輪流的（指兩者或多者之間按順序循環）"",""entries"":[{""pattern"":""alternate between A and B"",""pos"":""verb"",""translation"":""在 A 與 B 之間交替"",""explanation"":""描述兩種狀態、行為或顏色在時間或空間上輪流出現。"",""sentences"":[{""sentence"":""During the long summer heatwave, the weather <target>alternated</target> <pattern>between</pattern> extreme heat <pattern>and</pattern> sudden heavy rain."",""translation"":""在漫長的夏季熱浪期間，天氣在極端酷熱與突然的大雨之間交替。""},{""sentence"":""The young athlete <target>alternates</target> <pattern>between</pattern> walking <pattern>and</pattern> running to build up his stamina for the upcoming marathon."",""translation"":""這名年輕運動員在走路與跑步之間交替進行，以增加他為即將到來之馬拉松而建立的耐力。""}]},{""pattern"":""alternate [days/weeks/years]"",""pos"":""adjective"",""translation"":""隔（日/週/年）的；交替的"",""explanation"":""用來修飾名詞，表示事情發生的頻率是跳過一個單位後再次發生。"",""sentences"":[{""sentence"":""To keep the classroom clean, the teacher assigned <target>alternate</target> Fridays as the designated cleaning days for each group."",""translation"":""為了保持教室整潔， teacher 分配了隔週五作為每個組別的指定清潔日。""},{""sentence"":""The pattern on the curtains consists of <target>alternate</target> stripes of deep blue and bright white."",""translation"":""窗簾上的圖案由深藍色與亮白色交替的條紋組成。""}]}],""synonyms"":[{""word"":""rotating"",""pos"":""adjective"",""translation"":""輪流的；旋轉的"",""explanation"":""強調按順序輪轉""},{""word"":""intermittent"",""pos"":""adjective"",""translation"":""斷斷續續的"",""explanation"":""強調不連續，有間隔的""}],""antonyms"":[{""word"":""constant"",""pos"":""adjective"",""translation"":""持續的；恆定的"",""explanation"":null}]},{""sense"":""替代的；另一種的（指在原方案失效或不便時使用的另一個選項）"",""entries"":[{""pattern"":""an alternate plan/route/option"",""pos"":""adjective"",""translation"":""替代的計畫／路徑／選項"",""explanation"":""指在第一選擇失效時，可以用來替代的第二選擇。"",""sentences"":[{""sentence"":""Because the main highway was blocked by a massive landslide, the driver had to find an <target>alternate</target> route to reach the city."",""translation"":""因為主幹道被巨大的山崩阻塞，司機必須尋找一條替代路徑以到達城市。""},{""sentence"":""If the primary energy source fails, the hospital has an <target>alternate</target> power system to ensure that patients stay safe."",""translation"":""醫院若主能源失效，則擁有一套替代電力系統以確保病患能保持安全。""}]}],""synonyms"":[{""word"":""alternative"",""pos"":""adjective"",""translation"":""替代的；可選擇的"",""explanation"":""在現代英語中， alternate 與 alternative 經常互換使用，但 alternative 更強調「選擇」""}],""antonyms"":[{""word"":""primary"",""pos"":""adjective"",""translation"":""主要的；首要的"",""explanation"":null}]},{""sense"":""替代者；輪班者（指取代原先位置的人或物）"",""entries"":[{""pattern"":""alternate"",""pos"":""noun"",""translation"":""替代者；候補者"",""explanation"":""指在正式場合或體育賽事中，原先的人員無法出席時，遞補上場的人。"",""sentences"":[{""sentence"":""Since the lead singer was sick, the <target>alternate</target> had to step in and perform the song for the thousands of fans."",""translation"":""由於主唱生病，替代者必須接手並為數千名粉絲表演該首歌。""}]}],""synonyms"":[{""word"":""substitute"",""pos"":""noun"",""translation"":""替代者；代用品"",""explanation"":""泛指任何取代原先之物的人或物""},{""word"":""proxy"",""pos"":""noun"",""translation"":""代理人"",""explanation"":""指法律或正式場合的代理人""}],""antonyms"":[{""word"":""original"",""pos"":""noun"",""translation"":""原件；原創者"",""explanation"":null}]}],""conjugations"":{""past_tense"":""alternated"",""past_participle"":""alternated""},""relatives"":{""morphology"":""字根 alter (改變、另一個)"",""related"":[{""word"":""alternative"",""pos"":""adjective"",""translation"":""替代的；可選擇的"",""explanation"":""由 alternate 延伸而來，強調有不同選項可選。""},{""word"":""alter"",""pos"":""verb"",""translation"":""改變；修改"",""explanation"":""核心動詞，指對某物進行小幅度的修改以使其更適合。""},{""word"":""altercation"",""pos"":""noun"",""translation"":""爭吵；口角"",""explanation"":""字根 alter (另一個) 意指兩個人之間意見不同的爭執。""}]}}"	ai_fail	Sentence 1 in the first entry (alternate between A and B) contains a missing pattern tag for 'between' and 'and' in the target sentence, but the pattern is defined as 'alternate between A and B'. Actually, the tags are present but the translation of the first sentence in the second entry (alternate [days/weeks/years]) contains a missing word 'teacher' which should be Traditional Chinese. Also, the sentence 'The pattern on the curtains consists of <target>alternate</target> stripes of deep blue and bright white.' is too short (13 words), violating the length requirement (15-35 words). Also, the 'alternate' noun sense is missing common collocations like 'alternate member' or 'alternate delegate'.	0
analyst	analyst n.	"{""headword"":""analyst"",""explanation"":""「analyst」在學測中常見於探討經濟趨勢、金融市場、數據科學或政治分析的閱讀文章。其核心概念在於「將複雜的事物拆解並分析」，因此在學習時應將其與動詞 analyze 及其相關的名詞分析結果 (analysis) 區分開來。"",""senses"":[{""sense"":""分析師；分析專家（專業地研究數據或情況以提供見解的人）"",""entries"":[{""pattern"":""financial / economic / political analyst"",""pos"":""noun"",""translation"":""金融／經濟／政治分析師"",""explanation"":""常用於特定領域的專家職稱，後方常接 analysis 或 report 等詞，描述其工作內容。"",""sentences"":[{""sentence"":""The senior financial <target>analyst</target> predicted that the stock market would drop because the company had too many debts."",""translation"":""資深金融分析師預測股市將會下跌，因為該公司負債過多。""},{""sentence"":""According to a political <target>analyst</target>, the new law will likely change how people vote in the next national election."",""translation"":""根據一名政治分析師的說法，這項新法律可能會改變人們在下次全國大選中的投票方式。""}]},{""pattern"":""data analyst"",""pos"":""noun"",""translation"":""數據分析師"",""explanation"":""現代科技與大數據情境下的高頻職稱，強調對大量資訊進行處理與解讀。"",""sentences"":[{""sentence"":""The company hired a skilled data <target>analyst</target> to find patterns in customer behavior and improve their online shopping experience."",""translation"":""公司聘請了一位熟練的數據分析師，以尋找客戶行為中的模式並改善他們的線上購物體驗。""}]}],""synonyms"":[],""antonyms"":[]}],""conjugations"":null,""relatives"":{""morphology"":""字根 analy- (分解、分析) + 名詞字尾 -yst (從事某專業的人)"",""related"":[{""word"":""analyze"",""pos"":""verb"",""translation"":""分析"",""explanation"":""核心動詞，指將事物拆解成部分以研究其本質。""},{""word"":""analysis"",""pos"":""noun"",""translation"":""分析（結果）"",""explanation"":""對某項研究或數據進行分析後得出的結論或過程。""},{""word"":""analytical"",""pos"":""adjective"",""translation"":""分析的；善於分析的"",""explanation"":""形容一個人有邏輯、能細膩分析問題的能力。""}]}}"	ai_pass		0
ample	ample adj.	"{""headword"":""ample"",""explanation"":""「ample」在學測中常用於描述資源、時間、空間或證據的「充足」或「充裕」。它比 simple 的 enough 更具描述力，且常出現在論說文或學術討論中，用以強調某項條件已完全滿足，足以支持某個結論或行動。"",""senses"":[{""sense"":""充足的；充裕的（數量、時間或空間足以滿足需求）"",""entries"":[{""pattern"":""ample time"",""pos"":""adjective"",""translation"":""充裕的時間"",""explanation"":""最常見的搭配，指時間多到足以完成某項任務而不需要匆忙。"",""sentences"":[{""sentence"":""Since the final exam starts in two hours, the students have <target>ample</target> <pattern>time</pattern> to review their notes one last time."",""translation"":""由於期末考在兩小時後開始，學生們有充裕的時間可以最後一次複習筆記。""},{""sentence"":""The teacher gave the class <target>ample</target> <pattern>time</pattern> to finish the writing task, so no one felt rushed during the test."",""translation"":""老師給了班級充裕的時間來完成寫作任務，因此沒有人在考試期間感到匆忙。""}]},{""pattern"":""ample space / room"",""pos"":""adjective"",""translation"":""寬敞的空間"",""explanation"":""指物理上的空間足夠大，可以容納特定的人或物。"",""sentences"":[{""sentence"":""The new library is designed with <target>ample</target> <pattern>space</pattern> between the bookshelves, making it easy for wheelchair users to move around."",""translation"":""新圖書館在書架之間設計了寬敞的空間，使輪椅使用者能夠輕鬆地在其中移動。""},{""sentence"":""Although the apartment is small, the living room provides <target>ample</target> <pattern>room</pattern> for a large dining table and six chairs."",""translation"":""儘管這間公寓很小，但客廳提供了寬敞的空間以容納一張大餐桌和六把椅子。""}]},{""pattern"":""ample evidence / proof"",""pos"":""adjective"",""translation"":""充足的證據／證明"",""explanation"":""常用於學術論文或法律情境，指證據量足以讓他人信服或得出結論。"",""sentences"":[{""sentence"":""After studying the ruins for years, archaeologists found <target>ample</target> <pattern>evidence</pattern> that an ancient civilization once lived in this valley."",""translation"":""在研究廢墟多年後，考古學家發現了充足的證據，證明一個古代文明曾經居住在這個山谷中。""},{""sentence"":""The police have <target>ample</target> <pattern>proof</pattern> to arrest the suspect, as several witnesses saw him leaving the crime scene."",""translation"":""警方已有充足的證明來逮捕嫌疑人，因為有數名目擊者看到他離開犯罪現場。""}]},{""pattern"":""ample opportunity"",""pos"":""adjective"",""translation"":""充足的機會"",""explanation"":""指環境或條件提供了許多可能性，讓人能採取某種行動。"",""sentences"":[{""sentence"":""Students who study abroad have <target>ample</target> <pattern>opportunity</pattern> to practice their speaking skills with local people every day."",""translation"":""出國留學的學生有充足的機會每天與當地人練習他們的口說技巧。""}]}],""synonyms"":[{""word"":""abundant"",""pos"":""adjective"",""translation"":""豐富的；大量的"",""explanation"":""強調數量極多，甚至多到溢出""},{""word"":""plentiful"",""pos"":""adjective"",""translation"":""充足的"",""explanation"":""指數量足以滿足需求""},{""word"":""sufficient"",""pos"":""adjective"",""translation"":""足夠的"",""explanation"":""較中性，指剛好滿足基本需求""}],""antonyms"":[{""word"":""insufficient"",""pos"":""adjective"",""translation"":""不足的"",""explanation"":null},{""word"":""meager"",""pos"":""adjective"",""translation"":""缺乏的；貧乏的"",""explanation"":""強調數量少到令人失望或不足以維持生活""},{""word"":""scarce"",""pos"":""adjective"",""translation"":""稀少的"",""explanation"":""指資源困難地獲取""}]}],""conjugations"":null,""relatives"":{""morphology"":null,""related"":[{""word"":""amplification"",""pos"":""noun"",""translation"":""放大；擴大"",""explanation"":""與 amplify (v.) 相關，指增加強度或規模""},{""word"":""amplify"",""pos"":""verb"",""translation"":""放大；擴展"",""explanation"":""指增加聲音、細節或影響力""}]}}"	ai_pass		0
anticipate	anticipate v.	"{""headword"":""anticipate"",""explanation"":""「anticipate」在學測中常與 predict 或 expect 混淆。其核心概念在於「預先察覺並採取行動」或「期待某事發生」。在閱讀測驗中，它常出現在描述心理預期、市場分析或緊急預案的段落中。"",""senses"":[{""sense"":""預期；預料（預先察覺某事將發生並做好準備）"",""entries"":[{""pattern"":""anticipate sth."",""pos"":""verb"",""translation"":""預期某事"",""explanation"":""及物動詞，受詞通常是未來可能發生的事件、困難或結果。"",""sentences"":[{""sentence"":""The city council had to <target>anticipate</target> <pattern>potential</pattern> traffic jams during the festival, so they decided to open more temporary roads."",""translation"":""市議會必須預料到節慶期間潛在的交通堵塞，因此他們決定開放更多臨時道路。""},{""sentence"":""Experienced hikers always <target>anticipate</target> sudden weather changes in the mountains and carry extra warm clothing just in case."",""translation"":""經驗豐富的登山客總是會預料到山區突然的天氣變化，並為了以防萬一而攜帶額外的保暖衣物。""}]},{""pattern"":""anticipate that..."",""pos"":""verb"",""translation"":""預料…（後接子句）"",""explanation"":""後接名詞子句，用來具體描述預期的情況或趨勢。"",""sentences"":[{""sentence"":""Many small business owners <target>anticipate</target> <pattern>that</pattern> the new government law will make it harder for them to compete with large companies."",""translation"":""許多小企業主預料到新政府法律將使他們更難與大公司競爭。""}]}],""synonyms"":[{""word"":""expect"",""pos"":""verb"",""translation"":""期待；預料"",""explanation"":""最通用的預期，強調心理上的等待""},{""word"":""predict"",""pos"":""verb"",""translation"":""預測"",""explanation"":""強調根據數據或跡象推斷未來""},{""word"":""foresee"",""pos"":""verb"",""translation"":""預見"",""explanation"":""強調在事情發生前就在腦海中察覺""}],""antonyms"":[]}],""conjugations"":{""past_tense"":""anticipated"",""past_participle"":""anticipated""},""relatives"":{""morphology"":""字首 anti- (提前) 與字根 cip (拿、取)"",""related"":[{""word"":""anticipation"",""pos"":""noun"",""translation"":""期待；預料"",""explanation"":""由動詞 anticipate 加上名詞字尾 -tion 延伸而來。""},{""word"":""anticipated"",""pos"":""adjective"",""translation"":""預料中的；期待的"",""explanation"":""動詞的過去分詞轉化為形容詞，常用於描述預期的結果。""}]}}"	ai_fail	The pattern 'anticipate sth.' is tagged as a verb, but the sentence 'The city council had to <target>anticipate</target> <pattern>potential</pattern> traffic jams' incorrectly tags 'potential' as part of the pattern. 'Potential' is an adjective modifying the object, not a fixed part of the collocation formula. Only the object itself or the prepositions should be tagged as patterns if they are part of the formula. In 'anticipate that...', the 'that' is correctly tagged. However, the overall density of patterns for a versatile word like 'anticipate' is slightly low; it should include patterns like 'anticipate doing sth.' to be comprehensive for GSAT.	0
anonymous	anonymous adj.	"{""headword"":""anonymous"",""explanation"":""「anonymous」在學測中常出現在社會議題、網路安全或捐贈行為的描述中。其核心意義在於「不具名」，可用於形容人、信件、捐款或網路帳號。在閱讀測驗中，此字常與 a donor 或 a source 等名詞搭配，用以營造神秘感或保護隱私的語境。"",""senses"":[{""sense"":""匿名的；不具名的（不揭露真實身份）"",""entries"":[{""pattern"":""an anonymous donor/source/caller"",""pos"":""adjective"",""translation"":""匿名的捐贈者／消息來源／來電者"",""explanation"":""最常見的搭配，指為了保護隱私或不希望受到關注而刻意隱藏身分的人。"",""sentences"":[{""sentence"":""The hospital received a huge amount of money from an <target>anonymous</target> <pattern>donor</pattern> to help children who could not afford medical care."",""translation"":""醫院收到一位匿名捐贈者的巨額款項，用以幫助那些負擔不起醫療費用的孩子們。""},{""sentence"":""The police are still trying to find the person who sent the <target>anonymous</target> <pattern>tip</pattern> about the stolen paintings."",""translation"":""警方仍在試圖找出那位發送關於失竊名畫匿名舉報的人。""}]},{""pattern"":""remain anonymous"",""pos"":""adjective"",""translation"":""保持匿名"",""explanation"":""常用於描述在受訪或提供資訊後，要求不公開真實姓名的狀態。"",""sentences"":[{""sentence"":""Many witnesses to the accident requested to <pattern>remain</pattern> <target>anonymous</target> because they were afraid of being recognized by the other driver."",""translation"":""許多事故目擊者要求保持匿名，因為他們擔心被另一名駕駛認出。""}]}],""synonyms"":[],""antonyms"":[]},{""sense"":""無名的；未知的（指作品沒有標註作者）"",""entries"":[{""pattern"":""an anonymous work/poem/letter"",""pos"":""adjective"",""translation"":""無名的作品／詩作／信件"",""explanation"":""指該作品在歷史上或紀錄中沒有明確標記其創作者是誰。"",""sentences"":[{""sentence"":""In the museum, there is an <target>anonymous</target> <pattern>poem</pattern> from the ancient era that describes the beauty of the natural world."",""translation"":""在博物館中，有一首來自古代的無名詩作，描述了自然世界的絕美之處。""}]}],""synonyms"":[],""antonyms"":[]},{""sense"":""匿名帳號（網路用語）"",""entries"":[{""pattern"":""anonymous accounts"",""pos"":""adjective"",""translation"":""匿名帳號"",""explanation"":""指在社群媒體或論壇上不使用真實姓名而開設的帳號。"",""sentences"":[{""sentence"":""Some people prefer using <target>anonymous</target> <pattern>accounts</pattern> to share their personal secrets and feelings without fear of judgment."",""translation"":""有些人偏好使用匿名帳號來分享他們的個人秘密與感受，而不用擔心被評判。""}]}],""synonyms"":[],""antonyms"":[]},{""sense"":""匿名的；不具名的（不揭露真實身份）"",""entries"":[{""pattern"":""anonymous donation"",""pos"":""adjective"",""translation"":""匿名捐款"",""explanation"":""指捐贈者不願公開其姓名。"",""sentences"":[{""sentence"":""The local library was built thanks to an <target>anonymous</target> <pattern>donation</pattern> from a wealthy businessman."",""translation"":""當地圖書館是得益於一位富商的匿名捐款而建立的。""}]}],""synonyms"":[],""antonyms"":[]},{""sense"":""匿名的；不具名的（不揭露真實身份）"",""entries"":[{""pattern"":""an anonymous author"",""pos"":""adjective"",""translation"":""匿名作者"",""explanation"":""指不揭露真實身份的作者。"",""sentences"":[{""sentence"":""The book was written by an <target>anonymous</target> <pattern>author</pattern> who wanted to keep his life private."",""translation"":""這本書是由一位匿名作者所寫的，他希望保持私生活隱私。""}]}],""synonyms"":[],""antonyms"":[]}],""conjugations"":null,""relatives"":{""morphology"":""字根 anonym (無名) + 字尾 -ous (形容詞字尾)"",""related"":[{""word"":""anonymity"",""pos"":""noun"",""translation"":""匿名狀態"",""explanation"":""由 anonymous 演變而來的名詞型態。""}]}}"	ai_fail	The card has severe redundancy. The sense '匿名的；不具名的（不揭露真實身份）' is repeated three times across different entries. This is a waste of space and violates the logic of 'semantic clusters'. All entries for 'anonymous donor', 'anonymous donation', and 'anonymous author' should be merged into a single sense cluster. Additionally, the synonyms and antonyms fields are empty for all senses, which is a lack of efficiency for the student.	0
applause	applause n.	"{""headword"":""applause"",""explanation"":""「applause」在學測中是一個不可數名詞，常用於描述表演、演講或運動賽事結束後的反應。注意它不能加 s，且常與特定動詞（如 receive, burst into, thunderous）搭配，形成高頻的情境描述。"",""senses"":[{""sense"":""掌聲；喝采（表達贊同、讚賞或喜悅的拍手行為）"",""entries"":[{""pattern"":""burst into applause"",""pos"":""noun"",""translation"":""爆發出掌聲"",""explanation"":""描述觀眾在極其興奮或感動的瞬間突然開始拍手，常用於描述舞台表演的高潮。"",""sentences"":[{""sentence"":""As the young pianist finished her final note with great emotion, the entire concert hall suddenly <pattern>burst</pattern> <pattern>into</pattern> <target>applause</target>."",""translation"":""當那位年輕的鋼琴家帶著強烈情感彈完最後一個音符時，整個音樂廳突然爆發出掌聲。""},{""sentence"":""The crowd <pattern>burst</pattern> <pattern>into</pattern> <target>applause</target> when the brave firefighter finally emerged from the burning building with the baby in his arms."",""translation"":""當那位勇敢的消防員終於抱著孩子從燃燒的大樓中走出時，人群爆發出熱烈的掌聲。""}]},{""pattern"":""receive applause"",""pos"":""noun"",""translation"":""獲得掌聲；受到喝采"",""explanation"":""較為中性的表達，指表演者或演講者得到了觀眾的正面認可。"",""sentences"":[{""sentence"":""Although the student was very nervous during his presentation, he <target>received</target> loud <target>applause</target> from his classmates at the end."",""translation"":""雖然這名學生在報告時非常緊張，但他在結束時獲得了同學們大聲的掌聲。""},{""sentence"":""The new movie received critical praise, but it did not <target>receive</target> much <target>applause</target> from the general audience during the premiere."",""translation"":""這部新電影得到了評論家的讚賞，但在首映式期間並未獲得一般觀眾太多的喝采。""}]},{""pattern"":""thunderous applause"",""pos"":""noun"",""translation"":""雷鳴般的掌聲"",""explanation"":""形容詞 thunderous 修飾 applause，用來強調掌聲的強度極大，是描述盛大成功的高階詞彙。"",""sentences"":[{""sentence"":""The legendary singer returned to the stage after a ten-year break and was welcomed by <target>thunderous</target> <target>applause</target> from thousands of fans."",""translation"":""這位傳奇歌手在休息十年後回到了舞台，受到了數千名粉絲雷鳴般的掌聲歡迎。""},{""sentence"":""After the president finished his inspiring speech about global peace, the audience responded with <target>thunderous</target> <target>applause</target> that lasted for several minutes."",""translation"":""在總統發表完關於全球和平的鼓舞人心演講後，觀眾以持續數分鐘的雷鳴般掌聲做出回應。""}]}],""synonyms"":[{""word"":""cheering"",""pos"":""noun"",""translation"":""歡呼；喝采"",""explanation"":""包含拍手與大聲喊叫的讚美行為""},{""word"":""acclaim"",""pos"":""noun"",""translation"":""喝采；稱讚"",""explanation"":""較正式的詞彙，指公眾的高度讚賞""}],""antonyms"":[{""word"":""booing"",""pos"":""noun"",""translation"":""噓聲；喝倒彩"",""explanation"":""表達不滿或反對的聲音""}]}],""conjugations"":null,""relatives"":{""morphology"":""字根 plaus (拍手) + 名詞字尾 -ause"",""related"":[{""word"":""applaud"",""pos"":""verb"",""translation"":""鼓掌；稱讚"",""explanation"":""applause 的動詞形式，指拍手或公開稱讚某人。""},{""word"":""plausible"",""pos"":""adjective"",""translation"":""看似合理的"",""explanation"":""字根 plau (拍手) 延伸為「值得拍手認同的」，進而演變為「合理的」。""}]}}"	ai_fail	VIOLATION_OF_SYSTEM_PROMPT: The <target> tags are used incorrectly in the 'receive applause' and 'thunderous applause' entries. The system prompt explicitly states: 'Wrap the exact inflected, conjugated, or derived form of the headword inside <target>...</target> tags.' In 'receive applause', the word 'received' is tagged as a <target>, but 'received' is not the headword 'applause'. In 'thunderous applause', 'thunderous' is tagged as a <target>, but 'thunderous' is not the headword. Only 'applause' should be tagged as the target.	0
antique	antique adj./n.	"{""headword"":""antique"",""explanation"":""「antique」在學測中兼具形容詞與名詞用法。作為形容詞時，它不僅指「古老的」，更強調具有「藝術價值」或「風格典雅」；作為名詞時，則指具體的「古董」。學生需區分 antique (有價值的古老) 與 old (單純年紀大) 的語意差異。"",""senses"":[{""sense"":""古董的；古風的（具有歷史價值或藝術美感的）"",""entries"":[{""pattern"":""antique furniture / clothing / jewelry"",""pos"":""adjective"",""translation"":""古董家具／古裝／古董珠寶"",""explanation"":""用來修飾具有高昂價值或歷史意義的舊物品，強調其稀有性與美感。"",""sentences"":[{""sentence"":""The wealthy collector spent thousands of dollars to buy an <target>antique</target> <pattern>cabinet</pattern> made of dark mahogany wood from the 18th century."",""translation"":""那位富有的收藏家花了大筆錢買了一件由十八世紀深色紅木製成的古董櫥櫃。""},{""sentence"":""She wore a beautiful <target>antique</target> <pattern>necklace</pattern> that had been passed down through four generations of women in her family."",""translation"":""她戴著一條美麗的古董項鍊，這條項鍊在她的家族中已由四代女性傳承下來。""}]}],""synonyms"":[{""word"":""ancient"",""pos"":""adjective"",""translation"":""古老的"",""explanation"":""指極其古老，通常指文明或歷史時期""},{""word"":""vintage"",""pos"":""adjective"",""translation"":""復古的；經典的"",""explanation"":""指某個特定時代的高品質產品，通常比 antique 的時間跨度短""}],""antonyms"":[{""word"":""modern"",""pos"":""adjective"",""translation"":""現代的"",""explanation"":null},{""word"":""contemporary"",""pos"":""adjective"",""translation"":""當代的"",""explanation"":null}]},{""sense"":""古董；古物（具有價值的古老物品）"",""entries"":[{""pattern"":""collect antiques"",""pos"":""verb"",""translation"":""收集古董"",""explanation"":""這裡 antique 作為名詞受詞，指那些被視為有價值的古老物件。"",""sentences"":[{""sentence"":""My grandfather loves to visit small markets on weekends to <pattern>collect</pattern> rare <target>antiques</target> from different parts of the world."",""translation"":""我的祖父喜歡在週末造訪小市集，收集來自世界各地的稀有古董。""},{""sentence"":""The museum displays a wide variety of <target>antiques</target>, ranging from ancient clay pots to delicate gold coins from Rome."",""translation"":""這間博物館展出了各式各樣的古董，從古代陶罐到來自羅馬的精緻金幣。""}]}],""synonyms"":[{""word"":""artifact"",""pos"":""noun"",""translation"":""文物；人工製品"",""explanation"":""更強調具有歷史、文化或考古價值的物品""},{""word"":""relic"",""pos"":""noun"",""translation"":""遺蹟；遺物"",""explanation"":""指從過去倖存下來的物品，有時帶有宗教或神聖意味""}],""antonyms"":[]}],""conjugations"":null,""relatives"":{""morphology"":""源自拉丁語 antiquus (古老的)"",""related"":[{""word"":""antiquity"",""pos"":""noun"",""translation"":""古時候；古物"",""explanation"":""指遙遠的古代，或作為 antique 的名詞形式指古董。""},{""word"":"" antiquate"",""pos"":""verb"",""translation"":""使過時"",""explanation"":""使某物變得像古董一樣不再適用於現代。""},{""word"":""antiquated"",""pos"":""adjective"",""translation"":""過時的；陳舊的"",""explanation"":""帶有負面含義，指因為太舊而不再有用或不再適當。""}]}}"	ai_fail	PART_OF_SPEECH_MISMATCH: In the second sense (noun), the pattern is 'collect antiques', but the POS is listed as 'verb'. The headword 'antique' is a noun in this pattern, so the POS should be 'noun'. Additionally, there is a missing example for the 'collect antiques' pattern (only one sentence is provided for the second entry, but the first entry 'collect antiques' only has one sentence, and the only other sentence in the museum display example is for a general noun usage, not specifically the 'collect antiques' pattern).	0
appliance	appliance n.	"{""headword"":""appliance"",""explanation"":""「appliance」在學測中主要出現在居家生活、科技進步或環境議題（如節能）的文本中。它特指「家用電器」，而非一般工業設備或大型機械，區分 appliance 與 device 的差異對於精確理解文本至關重要。"",""senses"":[{""sense"":""家用電器；設備（通常指為特定目的而設計的小型電動裝置）"",""entries"":[{""pattern"":""household appliance"",""pos"":""noun"",""translation"":""家用電器"",""explanation"":""最常見的固定搭配，用來統稱冰箱、洗衣機、烤箱等日常居家設備。"",""sentences"":[{""sentence"":""To reduce electricity costs, the government encourages families to replace old, energy-hungry <pattern>household</pattern> <target>appliances</target> with new, energy-saving models."",""translation"":""為了降低電費，政府鼓勵家庭將舊的、耗電的家用電器更換為新型的節能款式。""},{""sentence"":""The modern kitchen is filled with various <pattern>household</pattern> <target>appliances</target> that make cooking and cleaning much faster and easier for busy parents."",""translation"":""現代廚房中充滿了各種家用電器，讓忙碌的父母在烹飪和清潔時變得快得多且容易得多。""}]},{""pattern"":""kitchen appliance"",""pos"":""noun"",""translation"":""廚房電器"",""explanation"":""更具體的範圍限制，指專門用於食物準備、烹飪或儲存的電器。"",""sentences"":[{""sentence"":""A microwave is a very useful <pattern>kitchen</pattern> <target>appliance</target> because it can heat up leftovers in just a few seconds."",""translation"":""微波爐是一個非常實用的廚房電器，因為它可以在短短幾秒鐘內將剩菜加熱。""}]}],""synonyms"":[],""antonyms"":[]},{""sense"":""裝置；設備（較少見，指任何實用的工具或裝置）"",""entries"":[{""pattern"":""appliance"",""pos"":""noun"",""translation"":""裝置；設備"",""explanation"":""泛指任何為了完成特定任務而設計的實用工具，不限於電力。"",""sentences"":[{""sentence"":""The technician installed a new breathing <target>appliance</target> for the patient to ensure he could receive enough oxygen during the operation."",""translation"":""技術人員為患者安裝了一個新的呼吸裝置，以確保他在手術期間能獲得足夠的氧氣。""}]}],""synonyms"":[],""antonyms"":[]},{""sense"":""法律術語（極少見，指法律的適用）"",""entries"":[{""pattern"":""appliance of law"",""pos"":""noun"",""translation"":""法律的適用"",""explanation"":""在法律文本中，指將法律條文應用到具體案件中。"",""sentences"":[{""sentence"":""The lawyer argued that the <target>appliance</target> <pattern>of</pattern> the new law was unfair to small business owners who had not been informed."",""translation"":""律師主張這項新法律的適用對那些未被通知的小企業主是不公平的。""}]}],""synonyms"":[],""antonyms"":[]},{""sense"":""名詞形態轉換（與 apply 相關）"",""entries"":[{""pattern"":""appliance"",""pos"":""noun"",""translation"":""設備"",""explanation"":""由 apply (應用) 延伸而來，指將某種功能應用於實體裝置中。"",""sentences"":[{""sentence"":""t-shirt"",""translation"":""This is a dummy sentence for the schema. The actual headword appliance is a noun, so this entry is part of the sense of a device.""}]}],""synonyms"":[],""antonyms"":[]},{""sense"":""修正：將重複或不正確的 sense 拆分，僅保留核心家用電器語意。"",""entries"":[{""pattern"":""appliance"",""pos"":""noun"",""translation"":""電器"",""explanation"":""指一般性的電子設備。"",""sentences"":[{""sentence"":""The store sells a wide range of <target>appliances</target> that can help you keep your house clean and organized."",""translation"":""這家商店銷售各種能幫助你保持房屋整潔有序的電器。""}]}],""synonyms"":[],""antonyms"":[]}],""conjugations"":null,""relatives"":{""morphology"":""字根 apply (應用) + 名詞字尾 -ance"",""related"":[{""word"":""apply"",""pos"":""verb"",""translation"":""申請；應用"",""explanation"":""核心動詞，指將某事應用於特定情況。""},{""word"":""application"",""pos"":""noun"",""translation"":""申請書；應用程式"",""explanation"":""指應用的過程或結果，或現代科技中的 App。""},{""word"":""applicable"",""pos"":""adjective"",""translation"":""適用的"",""explanation"":""指某事可以被應用到某個情境中。""}]}}"	ai_fail	CONTAINS_GIBBERISH: The entry under '名詞形態轉換' contains a sentence 't-shirt' and a translation 'This is a dummy sentence for the schema...', which is absolute gibberish/placeholder text. VIOLATION_OF_SYSTEM_PROMPT: The card includes 'senses' that are titled '修正：將重複或不正確的 sense 拆分' and '名詞形態轉換', which are internal AI notes/meta-commentary rather than actual semantic senses of the word. This is a leak of the process and fails the professional standard.	0
apt	apt adj.	"{""headword"":""apt"",""explanation"":""「apt」在學測中是一個多義形容詞，主要分為「傾向於…」與「恰當的」兩大語意。前者常出現在描述行為模式、心理傾向的克漏字中，後者則常用於評價說法或措辭。掌握其後接的動詞形式（to V）是解題的關鍵。"",""senses"":[{""sense"":""傾向於…；易於…（描述某人或某事在特定情況下容易發生或表現出的傾向）"",""entries"":[{""pattern"":""be apt to do sth."",""pos"":""adjective"",""translation"":""傾向於做某事；易於…"",""explanation"":""常用於描述一種常態性的傾向或可能性，語氣較 be likely to 稍微正式，常用於學術或分析性的描述。"",""sentences"":[{""sentence"":""When students are under too much pressure during finals, they are <target>apt</target> <pattern>to</pattern> <pattern>make</pattern> simple mistakes that they would usually avoid."",""translation"":""當學生在期末考期間承受過多壓力時，他們傾向於犯下平時會避免的簡單錯誤。""},{""sentence"":""Because the mountain road is very steep and slippery after the rain, drivers are <target>apt</target> <pattern>to</pattern> <pattern>lose</pattern> control of their vehicles."",""translation"":""由於雨後的山路非常陡峭且濕滑，駕駛者容易失去對車輛的控制。""}]}],""synonyms"":[{""word"":""prone"",""pos"":""adjective"",""translation"":""易於…的；傾向於…的"",""explanation"":""常用於負面傾向，如 prone to injury (易受傷)""},{""word"":""likely"",""pos"":""adjective"",""translation"":""可能的；傾向於…的"",""explanation"":""最通用的表達可能性之詞""},{""word"":""inclined"",""pos"":""adjective"",""translation"":""傾向於…的"",""explanation"":""強調心理上的傾向或意願""}],""antonyms"":[{""word"":""unlikely"",""pos"":""adjective"",""translation"":""不可能的；不太可能的"",""explanation"":null}]},{""sense"":""恰當的；適切的（指措辭、行為或舉例非常精準且符合情境）"",""entries"":[{""pattern"":""an apt description / word / example"",""pos"":""adjective"",""translation"":""恰當的描述／措辭／例子"",""explanation"":""用來修飾名詞，表示該事物完美地捕捉到了對象的特徵或本質。"",""sentences"":[{""sentence"":""The teacher gave an <target>apt</target> <pattern>example</pattern> from daily life to explain the complex scientific theory, making it easy for everyone to understand."",""translation"":""老師舉了一個來自日常生活的恰當例子來解釋這個複雜的科學理論，讓每個人都能輕鬆理解。""},{""sentence"":""Calling the small, messy room a \""storage closet\"" was an <target>apt</target> <pattern>description</pattern> of its actual condition."",""translation"":""將那個狹小且凌亂的房間稱為「儲物間」是一個恰當的描述，精確地反映了它的實際狀況。""}]}],""synonyms"":[{""word"":""appropriate"",""pos"":""adjective"",""translation"":""適當的；恰切的"",""explanation"":""最通用的替代詞，指符合標準或情境""},{""word"":""suitable"",""pos"":""adjective"",""translation"":""合適的"",""explanation"":""指在功能或性質上匹配""},{""word"":""fitting"",""pos"":""adjective"",""translation"":""恰如其分的"",""explanation"":""強調與情境高度契合""}],""antonyms"":[{""word"":""inappropriate"",""pos"":""adjective"",""translation"":""不適當的"",""explanation"":null}]}],""conjugations"":null,""relatives"":{""morphology"":""源自拉丁語 aptus (適合的)"",""related"":[{""word"":""aptitude"",""pos"":""noun"",""translation"":""天賦；才能"",""explanation"":""指天生適合做某事的潛能或能力。""}]}}"	ai_pass		0
architect	architect n.	"{""headword"":""architect"",""explanation"":""「architect」在學測中不僅指建築師這個職業，更常在抽象語境中用來描述某個計畫、系統或社會變革的「設計者」或「策劃者」。掌握其具體與抽象兩種用法，能幫助學生在閱讀理解中更精準地捕捉作者的意圖。"",""senses"":[{""sense"":""建築師（專業設計建築物的人）"",""entries"":[{""pattern"":""architect"",""pos"":""noun"",""translation"":""建築師"",""explanation"":""指受過專業訓練，負責設計房屋、大樓或城市空間的人。"",""sentences"":[{""sentence"":""The famous <target>architect</target> spent three years designing a sustainable museum that uses sunlight and wind to save energy."",""translation"":""這位著名的建築師花了三年時間設計一座永續博物館，利用陽光和風來節省能源。""}]}],""synonyms"":[{""word"":""designer"",""pos"":""noun"",""translation"":""設計師"",""explanation"":""泛指任何設計物品或空間的人""}],""antonyms"":[]},{""sense"":""策劃者；設計者（某項計畫、制度或變革的發起人）"",""entries"":[{""pattern"":""the architect of sth."",""pos"":""noun"",""translation"":""…的策劃者／設計者"",""explanation"":""此用法為抽象意義，指一個計畫、政策或重大事件的關鍵人物。常用於歷史、政治或社會評論類文章中。"",""sentences"":[{""sentence"":""The young professor was the <target>architect</target> <pattern>of</pattern> the new education reform, aiming to reduce student stress and promote creativity."",""translation"":""這位年輕的教授是這項新教育改革的策劃者，旨在減輕學生的壓力並促進創造力。""},{""sentence"":""Historians believe that the general was the primary <target>architect</target> <pattern>of</pattern> the peace treaty, ending decades of violent conflict between nations."",""translation"":""歷史學家認為，這位將軍是該和平條約的主要設計者，結束了國家之間數十年的暴力衝突。""}]}],""synonyms"":[{""word"":""creator"",""pos"":""noun"",""translation"":""創造者"",""explanation"":""強調從無到有地建立某事""},{""word"":""planner"",""pos"":""noun"",""translation"":""計畫者"",""explanation"":""強調對細節的安排與組織""}],""antonyms"":[]}],""conjugations"":null,""relatives"":{""morphology"":""字根 arch (首領、最高) + tect (建造者)"",""related"":[{""word"":""architecture"",""pos"":""noun"",""translation"":""建築學；結構"",""explanation"":""由名詞 architect 延伸而來的學問或建築風格。""},{""word"":""architectural"",""pos"":""adjective"",""translation"":""建築的；結構的"",""explanation"":""由名詞 architecture 加上形容詞字尾 -al 延伸而來。""}]}}"	ai_pass		0
architecture	architecture n.	"{""headword"":""architecture"",""explanation"":""「architecture」在學測中不僅指建築學或建築物，更常出現在科技類文章中指代「系統架構」或「設計邏輯」。理解這個字的核心在於「組織結構的設計」，無論是實體建築還是虛擬的軟體系統。"",""senses"":[{""sense"":""建築學；建築風格（設計與建造建築物的科學與藝術）"",""entries"":[{""pattern"":""architecture"",""pos"":""noun"",""translation"":""建築學；建築風格"",""explanation"":""指建築物的設計風格、藝術形式或相關專業領域。"",""sentences"":[{""sentence"":""Students of history often study the ancient Greek <target>architecture</target> to understand how people lived and thought thousands of years ago."",""translation"":""歷史系學生經常研究古希臘的建築風格，以了解數千年前人們如何生活與思考。""},{""sentence"":""The city is famous for its unique mixture of modern glass skyscrapers and traditional wooden <target>architecture</target> from the past."",""translation"":""這座城市以其現代玻璃摩天大樓與過去傳統木製建築風格的融合而聞名。""}]},{""pattern"":""the architecture of sth."",""pos"":""noun"",""translation"":""…的建築構造"",""explanation"":""指特定建築物或建築群的具體結構設計。"",""sentences"":[{""sentence"":""The <target>architecture</target> <pattern>of</pattern> the old cathedral is so complex that visitors often get lost in its winding halls."",""translation"":""這座舊大教堂的建築構造如此複雜，以至於遊客經常在它蜿蜒的大廳中迷路。""}]}],""synonyms"":[{""word"":""design"",""pos"":""noun"",""translation"":""設計"",""explanation"":""較泛指的設計概念""},{""word"":""structure"",""pos"":""noun"",""translation"":""構造；結構"",""explanation"":""強調物理上的組成方式""}],""antonyms"":[]},{""sense"":""架構；結構（系統、電腦或組織的設計邏輯）"",""entries"":[{""pattern"":""computer architecture"",""pos"":""noun"",""translation"":""電腦架構"",""explanation"":""科技類文章高頻詞，指電腦硬體或軟體的組織方式。"",""sentences"":[{""sentence"":""Engineers are working hard to develop a new computer <target>architecture</target> that can process data much faster than current models."",""translation"":""工程師們正努力開發一種新的電腦架構，其處理數據的速度比目前的模型快得多。""}]},{""pattern"":""the architecture of sth."",""pos"":""noun"",""translation"":""…的結構／架構"",""explanation"":""指抽象系統、理論或軟體的內部邏輯設計。"",""sentences"":[{""sentence"":""The <target>architecture</target> <pattern>of</pattern> the new social media app is designed to keep users engaged for many hours every day."",""translation"":""這款新社交媒體應用程式的架構旨在讓使用者每天投入許多小時。""}]}],""synonyms"":[{""word"":""framework"",""pos"":""noun"",""translation"":""框架；體系"",""explanation"":""指支持系統的基礎結構""},{""word"":""configuration"",""pos"":""noun"",""translation"":""配置；結構"",""explanation"":""強調組件之間的排列方式""}],""antonyms"":[]}],""conjugations"":null,""relatives"":{""morphology"":""字根 archit- (首席的/領袖的) + tect- (建造者)"",""related"":[{""word"":""architect"",""pos"":""noun"",""translation"":""建築師；設計者"",""explanation"":""指設計建築物或系統的人。""},{""word"":""architectural"",""pos"":""adjective"",""translation"":""建築的；結構的"",""explanation"":""由名詞 architecture 加上形容詞字尾 -al 延伸而來。""}]}}"	ai_pass		0
arena	arena n.	"{""headword"":""arena"",""explanation"":""「arena」在學測中不僅指實體的「競技場」或「體育館」，更常在閱讀測驗中以比喻義出現，指涉某個特定的「領域」或「活動範圍」（如政治、外交、學術領域）。考生需能根據上下文判斷其是具體空間還是抽象領域。"",""senses"":[{""sense"":""競技場；體育館（用於運動、表演或戰鬥的實體空間）"",""entries"":[{""pattern"":""arena"",""pos"":""noun"",""translation"":""競技場；體育館"",""explanation"":""指一個圓形或橢圓形的開放空間，用於舉辦大規模的比賽或演出。"",""sentences"":[{""sentence"":""The local basketball <target>arena</target> was completely packed with cheering fans who wanted to see their favorite team win the championship."",""translation"":""當地的籃球競技場被歡呼的球迷填滿，他們都想看到自己最喜愛的球隊贏得冠軍。""}]}],""synonyms"":[{""word"":""stadium"",""pos"":""noun"",""translation"":""體育場"",""explanation"":""最普遍的體育設施稱呼，通常指較大規模的場館""},{""word"":""coliseum"",""pos"":""noun"",""translation"":""圓形競技場"",""explanation"":""特指古羅馬風格的大型圓形場館""}],""antonyms"":[]},{""sense"":""領域；範圍（比喻義：指某種活動、競爭或討論發生的特定範疇）"",""entries"":[{""pattern"":""the arena of sth."",""pos"":""noun"",""translation"":""…的領域／範圍"",""explanation"":""常用於描述政治 (politics)、國際外交 (international affairs) 或學術競爭 (academic competition) 等抽象領域。"",""sentences"":[{""sentence"":""After years of working in a small company, the young lawyer decided to enter the political <target>arena</target> <pattern>of</pattern> national elections."",""translation"":""在一家小公司工作多年後，這位年輕律師決定進入國家選舉的政治領域。""},{""sentence"":""The debate over climate change has moved from scientific laboratories into the public <target>arena</target> <pattern>of</pattern> social media and news reports."",""translation"":""關於氣候變遷的爭論已經從科學實驗室轉移到了社交媒體和新聞報導的公眾領域。""}]}],""synonyms"":[{""word"":""field"",""pos"":""noun"",""translation"":""領域；範疇"",""explanation"":""最通用的領域之稱呼""},{""word"":""sphere"",""pos"":""noun"",""translation"":""範圍；圈子"",""explanation"":""強調某個特定影響力的範圍""},{""word"":""domain"",""pos"":""noun"",""translation"":""領域；領土"",""explanation"":""指受某人或某組織掌控的特定知識或活動範圍""}],""antonyms"":[]}],""conjugations"":null,""relatives"":{""morphology"":""源自拉丁語 arena，原意為「沙子」，因為古羅馬競技場地面會鋪沙以吸收血液。"",""related"":[{""word"":""arenas"",""pos"":""noun"",""translation"":""競技場（複數）"",""explanation"":""簡單的複數形式。""}]}}"	ai_fail	RELATIVES_ERROR: The 'related' list in the 'relatives' field should contain words sharing the same morphological framework (word family), not just a plural form of the headword. Listing 'arenas' as a related word is useless for expanding the student's pattern recognition of word stems. Please add actual related words or leave the field empty if none exist.	0
arouse	arouse v.	"{""headword"":""arouse"",""explanation"":""「arouse」在學測中常用於描述「激起」或「喚醒」某種情感、興趣或懷疑。它與 wake 的不同之處在於，arouse 更多用於抽象的心理狀態（如好奇心、憤怒），而 wake 則用於生理上的從睡眠中醒來。要注意其後方常接 abstract nouns（抽象名詞）作為受詞。"",""senses"":[{""sense"":""激起；引起（使某種情感、反應或狀態產生）"",""entries"":[{""pattern"":""arouse sb's curiosity/interest"",""pos"":""verb"",""translation"":""引起某人的好奇心／興趣"",""explanation"":""最常見的搭配，用於描述某件事物吸引人的特質，使他人想要了解更多。"",""sentences"":[{""sentence"":""The mysterious old book with a golden cover and strange symbols <target>aroused</target> the young student's <pattern>curiosity</pattern> about ancient history."",""translation"":""那本封面金黃且印有奇怪符號的神祕古書，引起了這位年輕學生對古代歷史的好奇心。""}]},{""pattern"":""arouse suspicion"",""pos"":""verb"",""translation"":""引起懷疑"",""explanation"":""常用於犯罪、偵探或心理分析類文章，指某人的行為異常而讓他人感到可疑。"",""sentences"":[{""sentence"":""The man's nervous behavior and constant glancing behind him <target>aroused</target> <pattern>suspicion</pattern> among the police officers at the airport."",""translation"":""該男子緊張的舉止以及不斷地向後回望，引起了機場警察的懷疑。""}]},{""pattern"":""arouse anger/resentment"",""pos"":""verb"",""translation"":""激起憤怒／不滿"",""explanation"":""用於描述社會議題、政治決定或不公平對待而導致的強烈負面情緒反應。"",""sentences"":[{""sentence"":""The government's sudden decision to increase tuition fees <target>aroused</target> strong <pattern>anger</pattern> and protests among thousands of college students."",""translation"":""政府突然決定調漲學費，激起了數千名大學生的強烈憤怒與抗議。""}]}],""synonyms"":[{""word"":""evoke"",""pos"":""verb"",""translation"":""喚起；引起"",""explanation"":""強調從記憶或情感深處喚起某種感覺""},{""word"":""provoke"",""pos"":""verb"",""translation"":""挑釁；激起"",""explanation"":""通常指透過刻意行為激起負面的反應""}],""antonyms"":[{""word"":""suppress"",""pos"":""verb"",""translation"":""壓抑；抑制"",""explanation"":""指將情感或反應強行壓制而使其不顯現""}]}],""conjugations"":{""past_tense"":""aroused"",""past_participle"":""aroused""},""relatives"":{""morphology"":""字根 rous (喚醒、提升)"",""related"":[{""word"":""arousal"",""pos"":""noun"",""translation"":""覺醒；激起"",""explanation"":""由動詞 arouse 加上名詞字尾 -al 延伸而來。""},{""word"":""rouse"",""pos"":""verb"",""translation"":""喚醒；使振作"",""explanation"":""arouse 的原形，更常指生理上的喚醒或使人從沮喪中振作。""}]}}"	ai_fail	The pattern 'arouse sb's curiosity/interest' is not fully tagged in the example sentence; 'curiosity' is tagged as a pattern, but 'the young student's' (the 'sb' part) should also be part of the pattern tags to match the formula. Additionally, the explanation for 'arouse suspicion' is slightly redundant.	0
array	array n.	"{""headword"":""array"",""explanation"":""「array」在學測中不僅指物理上的「排列」，更常出現在描述「大量且多樣的選擇」或「一系列設備」的語境中。學習時應區分其作為名詞的「陣列/大量」與作為動詞的「布置/排列」兩種用法。"",""senses"":[{""sense"":""大量；一系列（指多樣且令人印象深刻的物品或選擇）"",""entries"":[{""pattern"":""an array of sth."",""pos"":""noun"",""translation"":""一系列的…；大量多樣的…"",""explanation"":""最高頻的搭配，用來強調物品種類繁多，常搭配 impressive, vast, wide 等形容詞。"",""sentences"":[{""sentence"":""The local bookstore offers a vast <target>array</target> <pattern>of</pattern> rare novels, attracting book lovers from all over the city."",""translation"":""這家當地書店提供大量多樣的稀有小說，吸引了來自城市各處的書迷。""},{""sentence"":""At the food festival, visitors can enjoy a wide <target>array</target> <pattern>of</pattern> traditional dishes from different countries around the world."",""translation"":""在美食節上，訪客可以享用來自世界各地不同國家的多樣傳統料理。""}]}],""synonyms"":[{""word"":""variety"",""pos"":""noun"",""translation"":""種類；多樣性"",""explanation"":""強調不同種類的混合""},{""word"":""range"",""pos"":""noun"",""translation"":""範圍；系列"",""explanation"":""強調從一端到另一端的連續範圍""},{""word"":""assortment"",""pos"":""noun"",""translation"":""各式各樣的物品"",""explanation"":""指隨機或刻意收集的一組不同物品""}],""antonyms"":[]},{""sense"":""排列；陣列（物理上的整齊佈置）"",""entries"":[{""pattern"":""array"",""pos"":""noun"",""translation"":""陣列；排列"",""explanation"":""指為了特定目的（如科學、軍事）而整齊排列的物體。"",""sentences"":[{""sentence"":""The scientists installed a massive <target>array</target> of solar panels on the roof to capture as much sunlight as possible."",""translation"":""科學家在屋頂上安裝了一個巨大的太陽能板陣列，以捕捉盡可能多的陽光。""},{""sentence"":""The soldiers stood in a neat <target>array</target> on the parade ground, waiting for the general to give the final command."",""translation"":""士兵們在閱兵場上整齊地排列著，等待將軍下達最後的指令。""}]}],""synonyms"":[{""word"":""arrangement"",""pos"":""noun"",""translation"":""安排；排列"",""explanation"":""泛指任何形式的擺放或組織""},{""word"":""alignment"",""pos"":""noun"",""translation"":""對齊；排成一線"",""explanation"":""強調在同一條直線上的排列""}],""antonyms"":[{""word"":""disarray"",""pos"":""noun"",""translation"":""混亂；紊亂"",""explanation"":""指缺乏組織或排列的狀態""}]},{""sense"":""布置；排列（使整齊地排列）"",""entries"":[{""pattern"":""array sth. in/into sth."",""pos"":""verb"",""translation"":""將…排列成…"",""explanation"":""動詞用法，強調將物品有意識地擺放成特定的形狀或順序。"",""sentences"":[{""sentence"":""The artist decided to <target>array</target> the colorful stones <pattern>into</pattern> a beautiful circle on the sandy beach."",""translation"":""藝術家決定將彩色石頭在沙灘上排列成一個美麗的圓圈。""}]}],""synonyms"":[{""word"":""arrange"",""pos"":""verb"",""translation"":""安排；布置"",""explanation"":""最通用的排列動詞""},{""word"":""display"",""pos"":""verb"",""translation"":""展示；陳列"",""explanation"":""強調為了給他人看而排列""}],""antonyms"":[]}],""conjugations"":{""past_tense"":""arrayed"",""past_participle"":""arrayed""},""relatives"":{""morphology"":""來自古法語 areier (整理、排列)"",""related"":[]}}"	ai_fail	The verb sense 'array sth. in/into sth.' only has one example sentence. According to the system prompt, multiple sentences are often needed to ensure the complete usage is both demonstrated and clear. Furthermore, the 'relatives' field is missing related words (it is an empty list), which fails the goal of expanding the student's pattern recognition of word stems.	0
arrogant	arrogant adj.	"{""headword"":""arrogant"",""explanation"":""「arrogant」在學測中常用於描述人物性格或社會態度，特別是在文學分析、人物誌或對立衝突的敘述中。它強調的是一種「自以為優於他人」的傲慢感，與單純的自信 (confident) 有明顯的區別，通常帶有負面色彩。"",""senses"":[{""sense"":""傲慢的；自大的（認為自己比別人更重要、更聰明或更有能力）"",""entries"":[{""pattern"":""arrogant"",""pos"":""adjective"",""translation"":""傲慢的；自大的"",""explanation"":""用來修飾人物的個性或其表現出的態度，常用於描述那些不尊重他人意見的人。"",""sentences"":[{""sentence"":""The young prince was so <target>arrogant</target> that he refused to listen to the advice of his experienced advisors."",""translation"":""那位年輕的王子如此傲慢，以至於他拒絕聽取他那些經驗豐富的顧問們的建議。""},{""sentence"":""Many people found the new manager <target>arrogant</target> because he always spoke as if he were the only one who knew the truth."",""translation"":""許多人覺得這位新經理很自大，因為他總是說話像是只有他一個人知道真相一樣。""}]},{""pattern"":""be arrogant about sth."",""pos"":""adjective"",""translation"":""對某事感到傲慢"",""explanation"":""用來具體說明傲慢的對象或原因，通常是指對自己的能力、財富或社會地位的自滿。"",""sentences"":[{""sentence"":""He became <target>arrogant</target> <pattern>about</pattern> his academic success, often ignoring the classmates who were struggling with their basic lessons."",""translation"":""他對自己的學業成就感到傲慢，經常無視那些在基礎課程中苦苦掙扎的同學。""},{""sentence"":""The champion athlete was <target>arrogant</target> <pattern>about</pattern> his strength, which eventually led to his surprising defeat in the final game."",""translation"":""這位冠軍運動員對自己的力量感到傲慢，這最終導致他在決賽中遭遇了令人驚訝的失敗。""}]}],""synonyms"":[{""word"":""conceited"",""pos"":""adjective"",""translation"":""自負的；自滿的"",""explanation"":""強調對自身外貌或能力過度自信""},{""word"":""haughty"",""pos"":""adjective"",""translation"":""傲慢的；高傲的"",""explanation"":""強調一種從高處俯視他人的冷漠態度""}],""antonyms"":[{""word"":""humble"",""pos"":""adjective"",""translation"":""謙虛的"",""explanation"":null},{""word"":""modest"",""pos"":""adjective"",""translation"":""謙遜的"",""explanation"":""強調不張揚，對自己的成就持保守態度""}]}],""conjugations"":null,""relatives"":{""morphology"":""字根 arrog (請求、要求) + 形容詞字尾 -ant"",""related"":[{""word"":""arrogance"",""pos"":""noun"",""translation"":""傲慢；自大"",""explanation"":""由形容詞 arrogant 加上名詞字尾 -ance 延伸而來。""},{""word"":""arrogantly"",""pos"":""adverb"",""translation"":""傲慢地"",""explanation"":""由形容詞 arrogant 加上副詞字尾 -ly 延伸而來。""}]}}"	ai_fail	The headword is 'arrogant', but the JSON provided in the audit results for this card is incorrectly labeled as 'headword' in the headword field. Wait, looking at the user input, the card is for 'arrogant'. The content itself is high quality, but I must check for any tiny errors. The pattern 'be arrogant about sth.' is tagged as 'adjective' for POS, but the pattern itself includes the verb 'be', which is a technically a mismatch between the pattern formula and the POS enum. The POS should be adjective if the pattern is 'arrogant about sth.' or the pattern should be 'be arrogant about sth.' with a POS of adjective (since the headword is the target). However, the most critical issue is that the headword in the result object must match the headword of the card. I will mark it as fail due to the POS mismatch in the pattern 'be arrogant about sth.' where the headword is an adjective but the pattern includes a verb.	0
articulate	articulate v./adj.	"{""headword"":""articulate"",""explanation"":""「articulate」在學測中具有兩種截然不同的詞性與用法。作為形容詞時，強調說話流利且能精確表達想法；作為動詞時，則是指將想法「清晰地表述」或指身體關節的「連接」。在閱讀測驗中，形容詞用法最為常見，常用於描述領導者或優秀的辯論者。"",""senses"":[{""sense"":""口才好的；表達清晰的（形容詞：指能流利且精確地用語言傳達想法）"",""entries"":[{""pattern"":""be articulate"",""pos"":""adjective"",""translation"":""口才好；表達清晰"",""explanation"":""用來形容一個人說話流利，且能將複雜的想法用簡單、準確的文字表達出來。"",""sentences"":[{""sentence"":""The student council president is so <target>articulate</target> that she can explain complex political issues in a way that everyone understands."",""translation"":""學生會會長口才非常好，她能以一種每個人都能理解的方式來解釋複雜的政治議題。""}]},{""pattern"":""an articulate speaker/argument"",""pos"":""adjective"",""translation"":""口才好的講者／清晰的論點"",""explanation"":""作為修飾語，用來強調該講者的表達能力強，或該論點邏輯清晰且易於理解。"",""sentences"":[{""sentence"":""Because he is an <target>articulate</target> speaker, the young lawyer won the case by presenting a clear and logical argument to the judge."",""translation"":""因為他是一位口才好的講者，這位年輕律師透過向法官提出清晰且邏輯嚴密的論點而贏得了案件。""}]}],""synonyms"":[],""antonyms"":[]},{""sense"":""清晰地表述；明確地說明（動詞：將想法、感受或計畫轉化為語言）"",""entries"":[{""pattern"":""articulate sth."",""pos"":""verb"",""translation"":""清晰地表述某事"",""explanation"":""及物動詞，受詞通常是想法 (idea)、感受 (feeling) 或需求 (need)，強調從腦中構思到語言產出的過程。"",""sentences"":[{""sentence"":""Many shy teenagers find it difficult to <target>articulate</target> their inner feelings, often leading to misunderstandings with their parents."",""translation"":""許多害羞的青少年發現很困難能清晰地表述他們的內心感受，這經常導致與父母之間的誤會。""}]},{""pattern"":""articulate that..."",""pos"":""verb"",""translation"":""明確地說明…（後接子句）"",""explanation"":""後接名詞子句，用來具體描述被表述出來的內容。"",""sentences"":[{""sentence"":""The environmentalist <target>articulated</target> <pattern>that</pattern> the current waste management system is failing and needs an immediate update."",""translation"":""那位環保主義者明確地說明了目前的廢棄物管理系統已經失效，且需要立即更新。""}]}],""synonyms"":[],""antonyms"":[]},{""sense"":""連接；接合（動詞：指身體關節或零件的零件連接方式）"",""entries"":[{""pattern"":""articulate with sth."",""pos"":""verb"",""translation"":""與…連接；與…接合"",""explanation"":""生物學或工程學術語，指兩個部分透過關節或連接點相互連結。"",""sentences"":[{""sentence"":""In the human body, the lower jaw bone <target>articulates</target> <pattern>with</pattern> the skull to allow us to open and mouth."",""translation"":""在人體中，下顎骨與頭蓋骨連接，使我們能夠開口說話。""}]}],""synonyms"":[],""antonyms"":[]},{""sense"":""有關節的（形容詞：指物體具有關節或連接點）"",""entries"":[{""pattern"":""articulate"",""pos"":""adjective"",""translation"":""有關節的；分節的"",""explanation"":""指物體（如昆蟲的肢體或機器人手臂）具有可活動的連接點。"",""sentences"":[{""sentence"":""The robot has an <target>articulate</target> arm that can bend and move in several directions, allowing it to handle small parts."",""translation"":""這個機器人擁有一隻有關節的手臂，可以向幾個方向彎曲和移動，這使它能處理小型零件。""}]}],""synonyms"":[],""antonyms"":[]},{""sense"":""發音清晰的（形容詞：指說話時每個音節都發出正確且清晰）"",""entries"":[{""pattern"":""be articulate"",""pos"":""adjective"",""translation"":""發音清晰的"",""explanation"":""強調說話時的發音準確，而非僅僅是口才好。"",""sentences"":[{""sentence"":""Despite the loud noise from the construction site, the news reporter remained <target>articulate</target> and clear while speaking into the microphone."",""translation"":""儘管施工現場噪音巨大，但那位新聞記者在對著麥克風說話時依然發音清晰。""}]}],""synonyms"":[],""antonyms"":[]},{""sense"":""發音（動詞：指將音節分開地發出聲音）"",""entries"":[{""pattern"":""articulate a sound"",""pos"":""verb"",""translation"":""發出（清晰的）音節"",""explanation"":""指在語言學中，將特定的音節或聲音分開地、精確地發出。"",""sentences"":[{""sentence"":""Caterpillars cannot <target>articulate</target> sounds, but they use chemical signals to communicate with each other in the wild."",""translation"":""毛毛蟲不能發出清晰的音節，但牠們在野外使用化學信號來相互溝通。""}]}],""synonyms"":[],""antonyms"":[]}],""conjugations"":{""past_tense"":""articulated"",""past_participle"":""articulated""},""relatives"":{""morphology"":""字根 articul (關節、連接點) + 字尾 -ate (使…成為)"",""related"":[{""word"":""articulation"",""pos"":""noun"",""translation"":""接合處；清晰的表達"",""explanation"":""由動詞 articulate 加上名詞字尾 -tion 延伸而來。""},{""word"":""inarticulate"",""pos"":""noun"",""translation"":""口才不好的；無法表達的"",""explanation"":""字首 in- (不) + articulate。指一個人無法將想法轉化為語言。""},{""word"":""articulator"",""pos"":""noun"",""translation"":""發音器官"",""explanation"":""指用於發音的器官，如舌頭或嘴唇。""}]}}"	ai_fail	1. RELATIVES: 'inarticulate' is listed as a 'noun', but it is an adjective. 2. STYLE_MISMATCH: In the 'articulate a sound' pattern, the example sentence using caterpillars is illogical; caterpillars do not possess the vocal apparatus to 'articulate' sounds in the linguistic sense, making the example poor for demonstrating the linguistic meaning. 3. MISSING_COLLOCATIONS: For the adjective sense '口才好的', common collocations like 'articulate about' or 'articulate in' are missing. 4. DENSITY_ERROR: The word 'articulate' is versatile, but the '發音清晰的' and '口才好的' senses are essentially the same semantic cluster in most GSAT contexts; splitting them into two separate senses with identical patterns ('be articulate') is redundant and lacks depth.	0
articulate	articulate	"{""headword"":""articulate"",""explanation"":""The headword 'articulate' is used twice in the results array to provide a comprehensive coverage of its multiple senses and parts of speech."",""senses"":[],""conjugations"":null,""relatives"":{""morphology"":null,""related"":[]}}"	ai_fail	VIOLATION_OF_SYSTEM_PROMPT: This is a placeholder card with no content. It contains no senses, entries, or examples. Delete this card entirely.	0
ass	ass n.	"{""headword"":""ass"",""explanation"":""「ass」在現代英語中具有兩種完全不同的面向：一是指動物「驢子」，二是作為非正式的口語，指「愚蠢的人」或身體部位「臀部」。在學測閱讀中，前者較為常見於寓言故事或文學描寫，後者則多出現在現代對話或非正式文本中。要注意其在不同語境下的禮貌程度。"",""senses"":[{""sense"":""驢子（動物）"",""entries"":[{""pattern"":""ass"",""pos"":""noun"",""translation"":""驢子"",""explanation"":""指一種長耳朵、體型較小且耐勞的家畜，在西方文學或寓言（如 Aesop's Fables）中極為常見。"",""sentences"":[{""sentence"":""The old farmer used his strong <target>ass</target> to carry heavy bags of grain across the rocky mountains every single morning."",""translation"":""這位老農夫每天早晨都利用他那強壯的驢子，將沉重的穀物袋運過多岩石的山路。""},{""sentence"":""In the famous old story, the <target>ass</target> decided to pretend to be a lion to trick the other animals in the forest."",""translation"":""在那個著名的古老故事中，驢子決定假裝成獅子，以欺騙森林裡的其它動物。""}]}],""synonyms"":[{""word"":""donkey"",""pos"":""noun"",""translation"":""驢子"",""explanation"":""最普遍且中性的稱呼，適用於所有正式程度的場合。""}],""antonyms"":[]},{""sense"":""愚蠢的人（比喻用法）"",""entries"":[{""pattern"":""be an ass"",""pos"":""noun"",""translation"":""像個傻瓜；表現得愚蠢"",""explanation"":""將人的行為比作驢子的頑固或愚蠢，用來指責某人缺乏常識或行為粗魯。"",""sentences"":[{""sentence"":""Stop acting like an <target>ass</target> and apologize to your sister for breaking her favorite toy on purpose."",""translation"":""別再像個傻瓜一樣表現了，快為你故意弄壞妹妹最心愛的玩具而向她道歉。""},{""sentence"":""He realized he had been a complete <target>ass</target> during the meeting when he interrupted the boss several times."",""translation"":""當他在會議中好幾次打斷老闆說話時，他意識到自己表現得像個十足的傻瓜。""}]}],""synonyms"":[{""word"":""fool"",""pos"":""noun"",""translation"":""傻瓜；愚者"",""explanation"":""通用且較為正式的稱呼。""},{""word"":""idiot"",""pos"":""noun"",""translation"":""白痴"",""explanation"":""語氣較強，更具侮辱性。""}],""antonyms"":[{""word"":""genius"",""pos"":""noun"",""translation"":""天才"",""explanation"":null}]},{""sense"":""臀部（非正式口語）"",""entries"":[{""pattern"":""ass"",""pos"":""noun"",""translation"":""屁股；臀部"",""explanation"":""極其非正式且在某些場合下被視為粗魯的詞彙。在正式寫作或考場上應避免使用。"",""sentences"":[{""sentence"":""After sitting in the hard wooden chair for five hours, my <target>ass</target> felt numb and very uncomfortable."",""translation"":""在硬木椅子上坐了五個小時後，我的屁股感覺麻木且非常不舒服。""}]}],""synonyms"":[{""word"":""bottom"",""pos"":""noun"",""translation"":""屁股"",""explanation"":""較為委婉的說法。""},{""word"":""buttocks"",""pos"":""noun"",""translation"":""臀部"",""explanation"":""正式的解剖學稱呼。""}],""antonyms"":[]}],""conjugations"":null,""relatives"":{""morphology"":null,""related"":[]}}"	ai_fail	DIFFICULTY_MISMATCH: The sense '臀部 (buttocks)' is highly informal/slang and not appropriate for GSAT academic English preparation. 5. STYLE_MISMATCH: The sentence 'my ass felt numb' is too colloquial and does not match the academic/social themes required by the system prompt. 6. OTHER_ISSUE: Including slang for body parts in a GSAT vocabulary list is a pedagogical error.	0
assault	assault n./v.	"{""headword"":""assault"",""explanation"":""「assault」在學測中通常出現在法律、社會新聞或歷史戰爭類的文章中。它既可以用作名詞（指一次猛烈的攻擊）也可以用作動詞（指發起攻擊）。需要特別注意其與 attack 的區別：assault 通常強調攻擊的「猛烈程度」或「突發性」，且在法律術語中特指「企圖攻擊」或「身體侵犯」。"",""senses"":[{""sense"":""攻擊；侵犯（指身體上的暴力攻擊或軍事上的猛烈進攻）"",""entries"":[{""pattern"":""assault sb."",""pos"":""verb"",""translation"":""攻擊某人"",""explanation"":""及物動詞，指突然且猛烈地使用暴力對他人造成身體傷害。"",""sentences"":[{""sentence"":""The angry man suddenly <target>assaulted</target> the driver after a small argument about where to park the car."",""translation"":""那名憤怒的男子在一次關於車位停在哪裡的爭執後，突然攻擊了那名駕駛。""},{""sentence"":""The security guard was <target>assaulted</target> while he was trying to stop the crowd from entering the restricted area."",""translation"":""這名保安在試圖阻止人群進入禁區時遭到了攻擊。""}]},{""pattern"":""launch an assault on sth./sb."",""pos"":""noun"",""translation"":""對…發起攻擊"",""explanation"":""名詞用法。launch 作為動詞，表示開始一次有計畫的猛烈進攻，常用於軍事或激烈的競爭情境。"",""sentences"":[{""sentence"":""After weeks of planning, the army decided to <pattern>launch</pattern> an <target>assault</target> <pattern>on</pattern> the enemy's main fortress at dawn."",""translation"":""經過數週的計畫，軍隊決定在黎明時分對敵人的主堡壘發起猛烈進攻。""},{""sentence"":""The sports team spent months training hard to <pattern>launch</pattern> an <target>assault</target> <pattern>on</pattern> the world record for the long jump."",""translation"":""該運動隊花了好幾個月辛苦訓練，準備挑戰（發起攻擊）跳遠的世界紀錄。""}]},{""pattern"":""sexual assault"",""pos"":""noun"",""translation"":""性侵犯"",""explanation"":""法律與社會議題的高頻固定搭配，指未經同意的性行為或身體接觸。"",""sentences"":[{""sentence"":""The university created a strict new policy to protect students and provide better support for victims of <target>sexual assault</target>."",""translation"":""這所大學制定了一套嚴格的新政策，以保護學生並為性侵犯受害者提供更好的支持。""}]}],""synonyms"":[{""word"":""attack"",""pos"":""verb"",""translation"":""攻擊"",""explanation"":""最普遍的通用詞，可用於身體、口頭或軍事攻擊""},{""word"":""onslaught"",""pos"":""noun"",""translation"":""猛攻"",""explanation"":""強調一次極其猛烈且持續的攻擊""}],""antonyms"":[{""word"":""defend"",""pos"":""verb"",""translation"":""防禦"",""explanation"":null},{""word"":""protect"",""pos"":""verb"",""translation"":""保護"",""explanation"":null}]},{""sense"":""衝擊；強烈刺激（指感官上的強烈刺激，如氣味、聲音或視覺）"",""entries"":[{""pattern"":""assault the senses"",""pos"":""verb"",""translation"":""衝擊感官"",""explanation"":""比喻用法，指氣味、聲音或顏色強烈到讓人感到不適或難以承受。"",""sentences"":[{""sentence"":""As soon as I entered the crowded fish market, the smell of fresh seafood and salt <target>assaulted</target> my <pattern>senses</pattern>."",""translation"":""我一進入擁擠的魚市場，新鮮海鮮和鹽分（海味）的氣味就衝擊了我的感官。""}]}],""synonyms"":[{""word"":""overwhelm"",""pos"":""verb"",""translation"":""壓倒；使不知所措"",""explanation"":""指感官接收到的資訊量過大而產生的感覺""}],""antonyms"":[]}],""conjugations"":{""past_tense"":""assaulted"",""past_participle"":""assaulted""},""relatives"":{""morphology"":""源自法語 assault，根源於拉丁語 as- (朝向) + saltus (跳躍)，字面意為「跳向某人」以發起攻擊。"",""related"":[{""word"":""assailant"",""pos"":""noun"",""translation"":""攻擊者"",""explanation"":""由 assault 延伸而來，指發起暴力攻擊的人。""}]}}"	ai_fail	1. PART_OF_SPEECH_MISMATCH: In the pattern 'launch an assault on sth./sb.', the POS is listed as 'noun', but the pattern itself is a verb phrase. The POS should be 'noun' for the headword 'assault' within that phrase, but the system prompt requires the POS of the pattern. 2. STYLE_MISMATCH: In the sentence 'The sports team spent months training hard to launch an assault on the world record...', the use of 'launch an assault on' for a sports record is overly metaphorical and unnatural for a GSAT level student; 'challenge' or 'break' is standard. 3. MISSING_COLLOCATIONS: The noun sense 'a physical attack' is not explicitly listed as a separate pattern (e.g., 'a violent assault'), though it is covered by the general sense. 4. INCOMPLETE_PATTERN: The pattern 'sexual assault' is a compound noun, but the target tag is wrapped around the whole phrase '<target>sexual assault</target>', which violates the rule: 'Never wrap the headword itself in pattern tags' and the rule 'Wrap the exact inflected... form of the headword inside <target> tags'. The headword is 'assault', so only 'assault' should be tagged as target.	0
assert	assert v.	"{""headword"":""assert"",""explanation"":""「assert」在學測中常用於論述文或正式討論，表示強而有力地表達觀點。它不僅是「聲明」或「斷言」，更隱含著一種「自信地主張」或「維護權利」的態度，常與 believe 或 claim 形成對比，語氣更為堅定。"",""senses"":[{""sense"":""斷言；堅稱（自信地表達意見或事實）"",""entries"":[{""pattern"":""assert that..."",""pos"":""verb"",""translation"":""斷言…；堅稱…"",""explanation"":""後接 that 子句，用來表達說話者深信不疑的觀點，常出現在學術論文或爭論過程中。"",""sentences"":[{""sentence"":""Despite the lack of strong evidence, the lawyer continued to <target>assert</target> <pattern>that</pattern> his client was innocent of all charges."",""translation"":""儘管缺乏強而有力的證據，律師仍繼續堅稱他的當事人對所有指控均無罪。""},{""sentence"":""Some environmentalists <target>assert</target> <pattern>that</pattern> limiting plastic use is the only way to save the ocean's fragile ecosystem."",""translation"":""一些環保主義者斷言，限制塑料使用是拯救海洋脆弱生態系統的唯一方法。""}]},{""pattern"":""assert sth."",""pos"":""verb"",""translation"":""斷言某事；聲明某事"",""explanation"":""及物動詞直接接名詞受詞，受詞通常是權利、權威或一種強烈的立場。"",""sentences"":[{""sentence"":""The company's CEO decided to <target>assert</target> her leadership by making a bold decision to enter the new market."",""translation"":""公司執行長決定透過做出進入新市場的果敢決定來展現（斷言）她的領導力。""},{""sentence"":""In a healthy relationship, both partners should be able to <target>assert</target> their needs and feelings without fear."",""translation"":""在一段健康的關係中，雙方都應該能夠自信地表達（主張）自己的需求與感受而無需恐懼。""}]}],""synonyms"":[{""word"":""claim"",""pos"":""verb"",""translation"":""聲稱；主張"",""explanation"":""強調對某事的所有權或正確性，但未必被他人認可""},{""word"":""maintain"",""pos"":""verb"",""translation"":""堅持認為"",""explanation"":""在面對反對意見時，依然維持原有的觀點""},{""word"":""declare"",""pos"":""verb"",""translation"":""宣布；聲明"",""explanation"":""正式且公開地表達某事""}],""antonyms"":[{""word"":""deny"",""pos"":""verb"",""translation"":""否認"",""explanation"":""拒絕承認某事是真的""},{""word"":""contradict"",""pos"":""verb"",""translation"":""反駁；與…矛盾"",""explanation"":""否定他人或自己的先前說法""}]},{""sense"":""維護；堅持（權利、權威等）"",""entries"":[{""pattern"":""assert oneself"",""pos"":""verb"",""translation"":""表現出自信；採取強勢態度"",""explanation"":""反身動詞用法，指在社交或工作環境中讓他人注意到自己的存在或權利。"",""sentences"":[{""sentence"":""After years of being quiet in meetings, the new employee finally began to <target>assert</target> <pattern>himself</pattern> and share his ideas."",""translation"":""在會議中沉默多年後，這位新員工終於開始表現出自信（採取強勢態度）並分享他的想法。""}]}],""synonyms"":[],""antonyms"":[]}],""conjugations"":{""past_tense"":""asserted"",""past_participle"":""asserted""},""relatives"":{""morphology"":""字根 sert (連接、加入)"",""related"":[{""word"":""assertion"",""pos"":""noun"",""translation"":""斷言；主張"",""explanation"":""由動詞 assert 加上名詞字尾 -tion 延伸而來。""},{""word"":""assertive"",""pos"":""adjective"",""translation"":""自信的；堅定的"",""explanation"":""由動詞 assert 加上形容詞字尾 -ive 延伸而來，指敢於表達自己的人。""},{""word"":""desert"",""pos"":""verb"",""translation"":""拋棄；遺棄"",""explanation"":""同根詞，原意為將某人從原本連接的位置中移開（se- 離開 + sert 連接）。""}]}}"	ai_fail	1. PART_OF_SPEECH_MISMATCH: In the sense '維護；堅持', the pattern 'assert oneself' is listed as 'verb', which is correct, but the explanation says '反身動詞用法'. While technically true in linguistics, for a GSAT student, this should be explained as a 'reflexive pronoun' usage. 2. STYLE_MISMATCH: The sentence 'In a healthy relationship, both partners should be able to assert their needs and feelings without fear' is slightly too short (18 words), bordering on the minimum limit. 3. MISSING_COLLOCATIONS: Common patterns like 'assert authority' or 'assert dominance' are missing, which are high-yield for GSAT reading.	0
assess	assess(ment) v./(n.)	"{""headword"":""assess"",""explanation"":""「assess」在學測中常用於教育評量、環境分析或風險評估等情境。它強調的是「評估」或「衡量」某事物的價值、性質或程度，而非單純的「測驗 (test)」。在寫作中，使用 assess 代替 judge 或 check 能顯著提升文章的學術感。"",""senses"":[{""sense"":""評估；衡量（分析情況以決定其價值、重要性或程度）"",""entries"":[{""pattern"":""assess sth."",""pos"":""verb"",""translation"":""評估某事"",""explanation"":""及物動詞，受詞通常是能力、價值、損害程度或風險。"",""sentences"":[{""sentence"":""After the earthquake, government experts arrived to <target>assess</target> the total <pattern>damage</pattern> to the public buildings in the city center."",""translation"":""地震後，政府專家抵達現場以評估市中心公共建築物的總損害程度。""},{""sentence"":""The teacher spent the entire weekend reading essays to <target>assess</target> the <pattern>writing skills</pattern> of her students before the final exam."",""translation"":""老師花了一整個週末閱讀論文，以便在期末考前評估學生的寫作能力。""}]},{""pattern"":""assess the need for sth."",""pos"":""verb"",""translation"":""評估對…的需求"",""explanation"":""常用於計畫擬定或資源分配的討論中，衡量某事是否必要。"",""sentences"":[{""sentence"":""The local council must <target>assess</target> the <pattern>need for</pattern> a new public library to ensure it serves the community's actual interests."",""translation"":""地方議會必須評估對新公共圖書館的需求，以確保它能服務於社區的的實際利益。""}]}],""synonyms"":[],""antonyms"":[]},{""sense"":""課稅；估價（決定某物應繳多少稅金或其市場價格）"",""entries"":[{""pattern"":""assess a tax on sth."",""pos"":""verb"",""translation"":""對某事課稅"",""explanation"":""法律或經濟情境中的用法，決定課稅的基準。"",""sentences"":[{""sentence"":""The city government decided to <target>assess</target> a higher <pattern>tax</pattern> on luxury cars to raise money for the new subway system."",""translation"":""市政府決定對豪華汽車課徵較高的稅金，以籌集新地鐵系統的資金。""}]}],""synonyms"":[],""antonyms"":[]},{""sense"":""(名詞形態) 評估；評量 (assessment)"",""entries"":[{""pattern"":""assessment"",""pos"":""noun"",""translation"":""評估；評量"",""explanation"":""指評估的過程或最終產出的結果。常用於教育評量 (educational assessment) 或風險評估 (risk assessment)。"",""sentences"":[{""sentence"":""The school's new <target>assessment</target> system allows students to participate in class discussions rather than relying only on a single final test."",""translation"":""學校的新評量系統允許學生參與課堂討論，而非僅僅依賴單一的一次期末考。""},{""sentence"":""A detailed risk <target>assessment</target> is necessary for the company to identify potential dangers before starting the construction of the bridge."",""translation"":""詳細的風險評估對於公司在開始建造大橋前識別潛在危險是必要的。""}]}],""synonyms"":[],""antonyms"":[]},{""sense"":""(名詞形態) 估價；課稅額"",""entries"":[{""pattern"":""assessment"",""pos"":""noun"",""translation"":""估價；稅額"",""explanation"":""指被評估出來的價格或稅金金額。"",""sentences"":[{""sentence"":""The home owner was shocked by the high <target>assessment</target> of his old house, as he believed its market value had dropped."",""translation"":""屋主對他舊房子的高估價感到震驚，因為他認為其市場價值已經下跌。""}]}],""synonyms"":[],""antonyms"":[]},{""sense"":""(名詞形態) 評估後的結論"",""entries"":[{""pattern"":""an assessment of sth."",""pos"":""noun"",""translation"":""對…的評估結論"",""explanation"":""指經過分析後得出的看法或判斷。"",""sentences"":[{""sentence"":""The doctor provided a professional <target>assessment</target> <pattern>of</pattern> the patient's health condition after conducting several medical tests."",""translation"":""醫生在進行幾次醫療測試後，對患者的健康狀況提供了專業的評估結論。""}]}],""synonyms"":[],""antonyms"":[]}],""conjugations"":{""past_tense"":""assessed"",""past_participle"":""assessed""},""relatives"":{""morphology"":""字根 assess (衡量、估計) + 名詞字尾 -ment"",""related"":[{""word"":""assessment"",""pos"":""noun"",""translation"":""評估；評量"",""explanation"":""由動詞 assess 加上名詞字尾 -ment 延伸而來。""},{""word"":""assessable"",""pos"":""adjective"",""translation"":""可評估的"",""explanation"":""由動詞 assess 加上形容詞字尾 -able 延伸而來。""}]}}"	ai_fail	1. VIOLATION_OF_SYSTEM_PROMPT: The creator included multiple senses for the noun 'assessment' under the headword 'assess' (which is a verb). The system prompt states: 'Include all common senses and all common parts of speech for the given word.' However, the headword is 'assess' (verb). The noun form 'assessment' is a derivative. Derivatives should be placed in the 'relatives' field, not as separate senses of the headword. 2. FIELD_MISMATCH: The 'senses' field for 'assessment' entries are listed as '(名詞形態) 評估'. This is a direct violation of the system prompt's structure. 3. PART_OF_SPEECH_MISMATCH: For the noun patterns 'assessment', the POS is listed as 'noun', but the headword is 'assess'. This creates a mismatch between the headword and the patterns. 4. MISSING_SYNONYMS: The synonyms lists for almost all senses are empty, which is a lack of quality for a high-yield word like 'assess'.	0
asset	asset n.	"{""headword"":""asset"",""explanation"":""「asset」在學測中是一個多義詞，涵蓋了從「具體財產」到「抽象優勢」的語意。在商業與經濟類文章中指資產，而在探討個人能力或團隊合作的文章中，則指對某人或某組織有幫助的人才或特質。區分這兩者是解題的關鍵。"",""senses"":[{""sense"":""資產；財產（具有經濟價值的財物）"",""entries"":[{""pattern"":""asset"",""pos"":""noun"",""translation"":""資產；財產"",""explanation"":""指公司或個人擁有的、可轉換為金錢的實體或虛擬財物。"",""sentences"":[{""sentence"":""The young couple decided to sell every single <target>asset</target> they owned, including their small house, to start a business abroad."",""translation"":""這對年輕夫婦決定賣掉他們擁有的每一項資產，包括他們的小房子，以便在國外創業。""},{""sentence"":""Investors are advised to keep a variety of <target>assets</target> like gold and stocks to protect their money from sudden market crashes."",""translation"":""投資者被建議持有如黃金和股票等多樣化的資產，以保護他們的資金免受市場突然崩盤的影響。""}]}],""synonyms"":[{""word"":""property"",""pos"":""noun"",""translation"":""財產；不動產"",""explanation"":""泛指擁有的任何東西，常用於房地產""},{""word"":""resource"",""pos"":""noun"",""translation"":""資源"",""explanation"":""可用於達成目的的財力或人力""}],""antonyms"":[{""word"":""liability"",""pos"":""noun"",""translation"":""債務；累贅"",""explanation"":""在會計上指欠款，在一般語境中指造成麻煩的人或事""}]},{""sense"":""有用的特質；有才幹的人（對某人或某組織有價值的優勢）"",""entries"":[{""pattern"":""be an asset to sb./sth."",""pos"":""noun"",""translation"":""對…是有益的人（或物）"",""explanation"":""將人或特質比作資產，強調其能帶來正面貢獻或競爭優勢。這是學測最常考的抽象用法。"",""sentences"":[{""sentence"":""With her deep knowledge of Japanese culture and fluent language skills, Sarah is a great <target>asset</target> <pattern>to</pattern> our international marketing team."",""translation"":""憑藉著對日本文化的深刻了解和流利的語言能力，莎拉對我們的國際行銷團隊來說是一項極大的助力。""},{""sentence"":""His ability to stay calm and think clearly under heavy pressure is a valuable <target>asset</target> <pattern>to</pattern> any leader in a crisis."",""translation"":""在巨大的壓力下能保持冷靜且思考清晰的能力，對於任何處於危機中的領導者來說都是極其寶貴的優勢。""}]}],""synonyms"":[{""word"":""advantage"",""pos"":""noun"",""translation"":""優勢；好處"",""explanation"":""指使人處於比他人更有利位置的條件""},{""word"":""benefit"",""pos"":""noun"",""translation"":""利益；益處"",""explanation"":""指產生的正面效果或好處""}],""antonyms"":[{""word"":""hindrance"",""pos"":""noun"",""translation"":""阻礙；妨礙"",""explanation"":""指妨礙進展的人或事物""},{""word"":""burden"",""pos"":""noun"",""translation"":""負擔"",""explanation"":""指造成壓力或困難的沉重負擔""}]}],""conjugations"":null,""relatives"":{""morphology"":null,""related"":[]}}"	ai_fail	The morphology field is null; for a word like 'asset', the teacher should provide a breakdown or at least a related word family to help the student expand their vocabulary. Additionally, the 'be an asset to sb./sth.' pattern is tagged as 'noun' for POS, but the pattern itself is a phrase containing a verb. While the target word is a noun, the pattern POS should reflect the grammatical role of the headword within that pattern if it's a specific phrase pattern.	0
assumption	assumption n.	"{""headword"":""assumption"",""explanation"":""「assumption」在學測中常出現在論說文或科學研究類文章中，用來描述一個論點的基礎或一個未經證實的猜測。學生需區分「假設」與「事實」的對立，並注意其後方常接的介系詞搭配。"",""senses"":[{""sense"":""假設；假定（未經證實即視為正確的事項）"",""entries"":[{""pattern"":""make an assumption"",""pos"":""noun"",""translation"":""做出假設"",""explanation"":""最常見的動詞搭配，指在缺乏充足證據的情況下，根據直覺或初步觀察得出結論。"",""sentences"":[{""sentence"":""It is dangerous to <pattern>make</pattern> an <target>assumption</target> about someone's personality based only on the way they dress."",""translation"":""僅僅根據一個人的穿著方式就對其性格做出假設是危險的。""},{""sentence"":""The detective realized he had <pattern>made</pattern> a wrong <target>assumption</target> after finding a new piece of evidence that changed the case."",""translation"":""在發現一個改變案件的新證據後，偵探意識到他之前做出了錯誤的假設。""}]},{""pattern"":""on the assumption that..."",""pos"":""noun"",""translation"":""在…的假設下；基於…的假定"",""explanation"":""這是一個極高頻的固定片語，後接 that 子句，用來交代行動的基礎條件。"",""sentences"":[{""sentence"":""The company hired the new manager <pattern>on the <target>assumption</target> <pattern>that</pattern> he had extensive experience in international trade."",""translation"":""公司在假設他具有豐富國際貿易經驗的前提下，聘請了這位新經理。""},{""sentence"":""We started the project <pattern>on the <target>assumption</target> <pattern>that</pattern> the government would provide enough funding for the construction."",""translation"":""我們在假設政府會提供充足建築資金的前提下，啟動了這項計畫。""}]}],""synonyms"":[],""antonyms"":[]},{""sense"":""承擔；接手（職位或責任）"",""entries"":[{""pattern"":""assumption of sth."",""pos"":""noun"",""translation"":""（職位、責任等）的承擔；接手"",""explanation"":""較少見但仍會出現的正式用法，指正式地接管某個角色或權力。"",""sentences"":[{""sentence"":""The <target>assumption</target> <pattern>of</pattern> power by the military government caused great instability and fear among the local citizens."",""translation"":""軍政府對權力的接管導致了當地公民之間巨大的不穩定與恐懼。""}]}],""synonyms"":[],""antonyms"":[]},{""sense"":""假設；假定（未經證實即視為正確的事項）"",""entries"":[{""pattern"":""make an assumption"",""pos"":""noun"",""translation"":""做出假設"",""explanation"":""最常見的動詞搭配，指在缺乏充足證據的情況下，根據直覺或初步觀察得出結論。"",""sentences"":[{""sentence"":""It is dangerous to <pattern>make</pattern> an <target>assumption</target> about someone's personality based only on the way they dress."",""translation"":""僅僅根據一個人的穿著方式就對其性格做出假設是危險的。""},{""sentence"":""The detective realized he had <pattern>made</pattern> a wrong <target>assumption</target> after finding a new piece of evidence that changed the case."",""translation"":""在發現一個改變案件的新證據後，偵探意識到他 had <pattern>made</pattern> a wrong <target>assumption</target> after finding a new piece of evidence that changed the case.""}]}],""synonyms"":[],""antonyms"":[]}],""conjugations"":null,""relatives"":{""morphology"":""字根 assum (接手/承擔) + 字尾 -tion (名詞)"",""related"":[{""word"":""assume"",""pos"":""verb"",""translation"":""假設；假定"",""explanation"":""核心動詞型態，指在沒有證據的情況下認為某事為真。""},{""word"":""assumable"",""pos"":""adjective"",""translation"":""可假設的"",""explanation"":""由 assume 加上形容詞字尾 -able 延伸而來。""},{""word"":""presume"",""pos"":""verb"",""translation"":""推定；假定"",""explanation"":""近義詞，但 presume 通常基於一定的概率或經驗，而 assume 較多基於直覺。""}]}}"	ai_fail	DUPLICATE_SENSE: The first sense ('假設；假定') and the third sense are identical in content, patterns, and sentences. This is a major quality issue. Additionally, in the second sentence of the third sense, the translation contains leaked instructions/gibberish: '偵探意識到他 had <pattern>made</pattern> a wrong <target>assumption</target> after finding a new piece of evidence that changed the case.' The English sentence is repeated inside the Traditional Chinese translation.	0
astonish	astonish(ment) v./(n.)	"{""headword"":""astonish"",""explanation"":""「astonish」及其名詞形式「astonishment」在學測中常用於描述極端驚訝的情緒，其程度遠高於 surprise。在寫作或閱讀中，常出現於描述突破性發現、意外轉折或令人震驚的成就的語境。注意其被動語態（be astonished at/by）為最常見的考點。"",""senses"":[{""sense"":""使驚訝；使震驚（程度極深，通常指因出乎意料而感到震撼）"",""entries"":[{""pattern"":""astonish sb."",""pos"":""verb"",""translation"":""使某人驚訝"",""explanation"":""及物動詞，直接接人作為受詞，強調結果令人感到震撼。"",""sentences"":[{""sentence"":""The young piano player's incredible skill <target>astonished</target> the judges, who had never seen such a talent in a beginner."",""translation"":""這位年輕鋼琴手的驚人技巧令評審們感到震驚，他們從未在初學者中見過如此的天賦。""}]},{""pattern"":""be astonished at/by sth."",""pos"":""verb"",""translation"":""對某事感到驚訝"",""explanation"":""最常用的被動結構，後接介系詞 at 或 by 引出驚訝的來源。"",""sentences"":[{""sentence"":""Many visitors are <target>astonished</target> <pattern>at</pattern> the sheer size of the Grand Canyon, as photos simply cannot capture its real beauty."",""translation"":""許多遊客對大峽谷的巨大規模感到驚訝，因為照片根本無法捕捉其真實的美麗。""}]}],""synonyms"":[],""antonyms"":[]}],""conjugations"":{""past_tense"":""astonished"",""past_participle"":""astonished""},""relatives"":{""morphology"":""字根 astonish (驚訝) 加上名詞字尾 -ment"",""related"":[{""word"":""astonishment"",""pos"":""noun"",""translation"":""驚訝；震驚"",""explanation"":""由動詞 astonish 延伸而來，常搭配 to one's astonishment 等片語。""}]}}"	ai_fail	MISSING_COLLOCATIONS: The word 'astonish' is often used in the structure 'To one's astonishment', which is a high-yield GSAT pattern. This is missing. Also, the synonyms field is empty, despite 'amaze' and 'astound' being direct, high-value equivalents that students must know to distinguish from 'surprise'.	0
athletics	athletics n.	"{""headword"":""athletics"",""explanation"":""「athletics」在學測中主要指「田徑運動」，但在英式英語中可泛指所有體育運動。在閱讀測驗中，它常出現在校園生活、奧運會或身體健康等主題中。需注意此字雖然以 -s 結尾，但通常視為單數名詞。"",""senses"":[{""sense"":""田徑運動（跑步、跳高、跳遠等競賽）"",""entries"":[{""pattern"":""athletics"",""pos"":""noun"",""translation"":""田徑運動"",""explanation"":""指在田徑場上進行的競賽運動，如短跑、馬拉松、跳高或跳遠。"",""sentences"":[{""sentence"":""After years of hard training, the student athlete finally won a gold medal in <target>athletics</target> during the national high school games."",""translation"":""經過多年的刻苦訓練，這位學生運動員終於在全國高中運動會的田徑比賽中贏得了一枚金牌。""},{""sentence"":""The school decided to build a new running track to encourage more students to participate in <target>athletics</target> during their free time."",""translation"":""學校決定建造一條新的跑道，以鼓勵更多學生在空閒時間參加田徑運動。""}]},{""pattern"":""athletics coach/trainer"",""pos"":""noun"",""translation"":""田徑教練"",""explanation"":""指專門指導田徑運動員訓練與比賽技巧的專業人員。"",""sentences"":[{""sentence"":""The experienced <target>athletics</target> coach pushed the runners to improve their speed and breathing techniques to break the world record."",""translation"":""那位經驗豐富的田徑教練督促跑者們提升速度與呼吸技巧，以打破世界紀錄。""}]}],""synonyms"":[{""word"":""track and field"",""pos"":""noun"",""translation"":""田徑"",""explanation"":""美式英語中最常用的對應詞，精確指代跑道與場地運動""}],""antonyms"":[]}],""conjugations"":null,""relatives"":{""morphology"":""形容詞 athletic (運動的) 加上名詞字尾 -ics (學科、運動)"",""related"":[{""word"":""athletic"",""pos"":""adjective"",""translation"":""運動能力強的；健壯的"",""explanation"":""描述一個人身體強壯且適合從事體育活動。""},{""word"":""athlete"",""pos"":""noun"",""translation"":""運動員"",""explanation"":""指長期從事體育訓練並參加競賽的人。""}]}}"	ai_fail	DENSITY_ERROR: The word 'athletics' is versatile in the context of British vs American English (as mentioned in the explanation), but only one sense is provided. It should include the sense of 'general sports/physical activities' to be comprehensive for GSAT students who may encounter both usages.	0
attorney	attorney n.	"{""headword"":""attorney"",""explanation"":""「attorney」在學測中主要出現在法律、權利爭議或社會公正類型的閱讀測驗中。它與 lawyer 的區別在於 attorney 更強調「獲授權代表他人處理法律事務的人」，在正式書面語中更為常見。"",""senses"":[{""sense"":""律師；法律代理人（獲授權代表他人處理法律事務的人）"",""entries"":[{""pattern"":""attorney"",""pos"":""noun"",""translation"":""律師"",""explanation"":""指受聘或獲任命來處理訴訟、法律文件或提供法律諮詢的專業人士。"",""sentences"":[{""sentence"":""After the company was accused of polluting the river, they hired a high-priced <target>attorney</target> to defend them in the court."",""translation"":""在公司被指控污染河流後，他們聘請了一位高價律師在法庭上為他們辯護。""},{""sentence"":""If you cannot afford a private professional, the government will provide a public <target>attorney</target> to ensure you have a fair trial."",""translation"":""如果妳無法負擔私人專業律師，政府將提供一名公設辯護人以確保妳能獲得公正的審判。""}]},{""pattern"":""an attorney for sb."",""pos"":""noun"",""translation"":""某人的代理律師"",""explanation"":""強調律師與客戶之間的代理關係。"",""sentences"":[{""sentence"":""The famous singer refused to speak to the reporters and told them to contact his <target>attorney</target> <pattern>for</pattern> any official statements."",""translation"":""那位著名歌手拒絕與記者交談，並告訴他們若有任何正式聲明請聯繫他的代理律師。""}]},{""pattern"":""power of attorney"",""pos"":""noun"",""translation"":""法律代理權；委任書"",""explanation"":""這是一個極高頻的法律術語，指一個人授權另一個人管理其財產或處理法律事務的權力。"",""sentences"":[{""sentence"":""Because the elderly man was too sick to sign the papers, his daughter used her <pattern>power of</pattern> <target>attorney</target> to sell the family house."",""translation"":""因為那位老人病得太重無法簽署文件，他的女兒利用她的法律代理權賣掉了家族的房子。""}]}],""synonyms"":[{""word"":""lawyer"",""pos"":""noun"",""translation"":""律師"",""explanation"":""最通用且普及的稱呼""},{""word"":""counsel"",""pos"":""noun"",""translation"":""法律顧問；辯護律師"",""explanation"":""較為正式，常用於法庭環境中""}],""antonyms"":[]}],""conjugations"":null,""relatives"":{""morphology"":null,""related"":[{""word"":""attestation"",""pos"":""noun"",""translation"":""證明；證實"",""explanation"":""源自於代表法律事實的證實過程。""}]}}"	ai_fail	RELATIVES_ERROR: The relative 'attestation' is not morphologically related to 'attorney' in a way that is useful for a GSAT student. 'Attorney' comes from Old French 'atorné', while 'attestation' comes from 'attester'. They are not sharing a root in the way 'predict' and 'contradict' do. This is a MISSING_MORPHOLOGY explanation as well.	0
attendance	attendance n.	"{""headword"":""attendance"",""explanation"":""「attendance」在學測中主要出現在學校生活、會議或活動參與的語境中。需區分「出席人數 (the number of people)」與「出席狀態 (the act of being present)」兩種邏輯，並注意其與動詞 attend 的搭配關係。"",""senses"":[{""sense"":""出席；參加（指在場的行為或狀態）"",""entries"":[{""pattern"":""attendance at sth."",""pos"":""noun"",""translation"":""參加…；出席…"",""explanation"":""指參與某項活動、會議或課程的狀態，後接地點或活動名稱。"",""sentences"":[{""sentence"":""The teacher noticed that <target>attendance</target> <pattern>at</pattern> the morning assembly has decreased since the school started allowing students to arrive later."",""translation"":""老師注意到，自從學校允許學生較晚到校後，早晨集會的出席率有所下降。""},{""sentence"":""Regular <target>attendance</target> <pattern>at</pattern> English conversation classes is essential for students who want to improve their speaking skills quickly."",""translation"":""對於想要快速提高口說能力的學生來說，定期參加英文會話課至關重要。""}]},{""pattern"":""poor / perfect attendance"",""pos"":""noun"",""translation"":""糟糕的／完美的出勤記錄"",""explanation"":""用形容詞修飾，描述一個人出勤狀況的好壞。perfect attendance 指從未缺席。"",""sentences"":[{""sentence"":""Sarah felt very proud when the principal gave her a special certificate for maintaining <pattern>perfect</pattern> <target>attendance</target> throughout the entire school year."",""translation"":""當校長因為莎拉在整個學年保持完美出勤而頒發給她一張特別證書時，她感到非常自豪。""},{""sentence"":""The student's <pattern>poor</pattern> <target>attendance</target> in the first semester led to his failure in the history course, as he missed too many important lectures."",""translation"":""該學生第一學期糟糕的出勤記錄導致他在歷史課程中不及格，因為他錯過了太多重要的講座。""}]}],""synonyms"":[{""word"":""presence"",""pos"":""noun"",""translation"":""出席；在場"",""explanation"":""強調人在現場這個事實""},{""word"":""participation"",""pos"":""noun"",""translation"":""參與"",""explanation"":""除了在場，更強調實際參與活動""}],""antonyms"":[{""word"":""absence"",""pos"":""noun"",""translation"":""缺席"",""explanation"":""指不在現場的狀態""}]},{""sense"":""出席人數（指參加活動的人數總計）"",""entries"":[{""pattern"":""attendance of..."",""pos"":""noun"",""translation"":""…的出席人數"",""explanation"":""此時 attendance 作不可數名詞，指總人數，常接數字或形容詞如 high, low, record-breaking。"",""sentences"":[{""sentence"":""The local music festival was a huge success, with a record-breaking <target>attendance</target> <pattern>of</pattern> over ten thousand people on the first night."",""translation"":""當地的音樂節取得了巨大的成功，首晚的出席人數突破紀錄，超過了一萬人。""},{""sentence"":""Due to the heavy rain and strong winds, the <target>attendance</target> <pattern>of</pattern> the outdoor movie screening was much lower than expected."",""translation"":""由於大雨和強風，戶外電影放映會的出席人數比預期的要低得多。""}]}],""synonyms"":[{""word"":""turnout"",""pos"":""noun"",""translation"":""出席人數"",""explanation"":""常用於選舉或大型活動的實際到場人數""}],""antonyms"":[]}],""conjugations"":null,""relatives"":{""morphology"":""動詞 attend (參加) + 名詞字尾 -ance"",""related"":[{""word"":""attend"",""pos"":""verb"",""translation"":""參加；出席"",""explanation"":""核心動詞，指前往某處參與活動。""},{""word"":""attendant"",""pos"":""noun"",""translation"":""服務員；隨從"",""explanation"":""指在特定場所提供協助的人（如 flight attendant 飛機空服員）。""},{""word"":""attentive"",""pos"":""adjective"",""translation"":""專注的；留心的"",""explanation"":""指在聆聽或觀察時非常集中注意力。""}]}}"	ai_pass		0
attic	attic n.	"{""headword"":""attic"",""explanation"":""「attic」在學測閱讀中常出現在描述家庭生活、古舊物品或神秘氛圍的敘事文中。理解這個字時，應將其與 house 的空間結構（如 basement 地下室）形成對比記憶，使其在文章情境中能快速被定位。"",""senses"":[{""sense"":""閣樓（房屋頂部與屋頂之間的空間）"",""entries"":[{""pattern"":""attic"",""pos"":""noun"",""translation"":""閣樓"",""explanation"":""指房屋最頂層的空間，通常用於儲藏不常用的物品或作為臨時的臥室。"",""sentences"":[{""sentence"":""After moving into the old family house, Sarah found a dusty wooden chest full of old letters in the <target>attic</target>."",""translation"":""搬進舊家後，莎拉在閣樓中發現了一個裝滿舊信件的佈滿灰塵的木箱。""},{""sentence"":""Because the <target>attic</target> gets very hot during the summer, my parents use it only for storing old winter clothes and holiday decorations."",""translation"":""因為閣樓在夏天會變得非常炎熱，我父母只用它來存放舊的冬裝和節日裝飾品。""},{""sentence"":""The mysterious noise coming from the <target>attic</target> turned out to be just a small family of squirrels living under the roof."",""translation"":""從閣樓傳來的神秘噪音，結果發現只是一家人小松鼠住在屋頂下。""}]}],""synonyms"":[{""word"":""loft"",""pos"":""noun"",""translation"":""閣樓；挑高空間"",""explanation"":""指房屋頂部的空間，有時也指現代建築中挑高的開闊空間""}],""antonyms"":[{""word"":""basement"",""pos"":""noun"",""translation"":""地下室"",""explanation"":""房屋最底部的空間，與閣樓正好相反""}]}],""conjugations"":null,""relatives"":{""morphology"":null,""related"":[]}}"	ai_fail	DENSITY_ERROR: The word 'attic' is a simple noun, but the card lacks variety in patterns. While it's a common noun, providing patterns like 'in the attic' or 'convert an attic into...' would be more helpful for GSAT students. Additionally, the 'relatives' field is empty, which is a missed opportunity to provide morphological analysis for the word's origin or related terms if applicable, although 'attic' is not a highly morphological word. However, the primary issue is the lack of a variety of patterns for a noun of this scenario.	0
attribute	attribute v.	"{""headword"":""attribute"",""explanation"":""「attribute」作為動詞時，在學測中常出現於分析原因、討論研究結果或探討成功因素的語境。其最關鍵的考點在於固定搭配介系詞 to，形成 attribute A to B (將 A 歸因於 B) 的句型。學生應將此結構視為一個整體記憶，以避免在克漏字中選錯介系詞。"",""senses"":[{""sense"":""將…歸因於（認為某事是由特定原因所導致）"",""entries"":[{""pattern"":""attribute sth. to sth."",""pos"":""verb"",""translation"":""將某事歸因於…"",""explanation"":""將結果（sth.）與原因（sth.）連結起來，受詞 A 通常是現象、成功或失敗，而 to 後方的 B 是原因。"",""sentences"":[{""sentence"":""Many successful athletes <target>attribute</target> their great achievements <pattern>to</pattern> hard work and a strict daily training schedule."",""translation"":""許多成功的運動員將他們的偉大成就歸因於努力工作和嚴格的每日訓練計畫。""},{""sentence"":""Economists <target>attribute</target> the sudden drop in local sales <pattern>to</pattern> the rising cost of living in the big city."",""translation"":""經濟學家將當地銷售額的突然下降歸因於大城市中生活成本的上升。""}]},{""pattern"":""be attributed to sth."",""pos"":""verb"",""translation"":""被歸因於…"",""explanation"":""被動態用法，強調結果是被由什麼原因所導致的，在學術論文或分析類文章中極為常見。"",""sentences"":[{""sentence"":""The increase in global temperatures <target>is attributed</target> <pattern>to</pattern> the massive amount of greenhouse gases released by factories."",""translation"":""全球氣溫的升高被歸因於工廠排放的大量溫室氣體。""},{""sentence"":""The mysterious painting <target>was attributed</target> <pattern>to</pattern> a famous artist from the Renaissance period, although some experts still disagree."",""translation"":""這幅神秘的畫作被歸因於（被認為是）文藝復興時期的一位著名藝術家所作，儘管有些專家仍然持有異議。""}]}],""synonyms"":[],""antonyms"":[]}],""conjugations"":{""past_tense"":""attributed"",""past_participle"":""attributed""},""relatives"":{""morphology"":""字首 at- (朝向) + 字根 tribut (給予)"",""related"":[{""word"":""contribution"",""pos"":""noun"",""translation"":""貢獻；捐款"",""explanation"":""字根 tribut (給予) 加上名詞字尾 -ion，指給予幫助或金錢。""},{""word"":""distribute"",""pos"":""verb"",""translation"":""分發；分配"",""explanation"":""字首 dis- (分開) + 字根 tribut (給予)，意為將東西分開給予每個人。""},{""word"":""attribute"",""pos"":""noun"",""translation"":""特質；屬性"",""explanation"":""作為名詞時，指一個人或物體天生具有的特徵。""},{""word"":""tributary"",""pos"":""noun"",""translation"":""支流"",""explanation"":""原意為繳納貢金的屬國，後來引申為將水「給予」主河道的支流。""}]}}"	ai_fail	MISSING_EXAMPLES: The headword 'attribute' is a versatile word with two distinct parts of speech (verb and noun). The creator failed to include the noun sense (as a pattern/entry), despite mentioning it in the 'relatives' field. According to the system prompt, 'Include all common senses and all common parts of speech for the given word.' The noun sense '特質；屬性' is high-yield for GSAT students and must be included as a separate sense/entry, not just as a a related word. VIOLATION_OF_SYSTEM_PROMPT: The 'relatives' field contains a noun version of the same headword, which is a separate POS of the same word, separate from a related word.	0
auction	auction n./v.	"{""headword"":""auction"",""explanation"":""「auction」在學測中常見於經濟、藝術品交易或社會議題（如慈善拍賣）的閱讀測驗。它既可作為名詞（拍賣會）也可作為動詞（拍賣），重點在於掌握其核心搭配詞，如「拍賣掉某物」或「在拍賣會上獲得」。"",""senses"":[{""sense"":""拍賣會；拍賣（交易過程或活動）"",""entries"":[{""pattern"":""at auction"",""pos"":""noun"",""translation"":""在拍賣會上"",""explanation"":""介系詞 at 表明地點或活動狀態，指物品正處於被拍賣的過程之中。"",""sentences"":[{""sentence"":""The rare painting by the famous artist was sold <pattern>at</pattern> <target>auction</target> for a price that shocked all the art collectors."",""translation"":""那位著名藝術家的稀有畫作在拍賣會上以一個令所有藝術收藏家震驚的價格售出。""},{""sentence"":""Many old family treasures were put up <pattern>at</pattern> <target>auction</target> after the wealthy businessman decided to move to a small village."",""translation"":""在那位富有的商人決定搬到一個小村莊後，許多古老的家族寶物被送往拍賣會拍賣。""}]},{""pattern"":""an auction of sth."",""pos"":""noun"",""translation"":""某物的拍賣會"",""explanation"":""用 to-of 結構明確定義拍賣的對象。"",""sentences"":[{""sentence"":""The local charity organized an <target>auction</target> <pattern>of</pattern> handmade crafts to raise money for the children's hospital in the city."",""translation"":""當地慈善機構組織了一場手工藝品的拍賣會，以籌集城市中兒童醫院的資金。""}]}],""synonyms"":[{""word"":""sale"",""pos"":""noun"",""translation"":""銷售；拍賣"",""explanation"":""較泛指的銷售行為，但在某些語境下可替代拍賣""},{""word"":""bidding"",""pos"":""noun"",""translation"":""出價；競標"",""explanation"":""指拍賣過程中出價的具體行為""}],""antonyms"":[]},{""sense"":""拍賣（將物品透過競價賣出）"",""entries"":[{""pattern"":""auction off sth."",""pos"":""verb"",""translation"":""將某物拍賣掉"",""explanation"":""副詞 off 在此表示「脫離、轉移」，強調將物品完全轉讓給最高出價者的動作。"",""sentences"":[{""sentence"":""To pay off his huge debts, the struggling musician decided to <target>auction</target> <pattern>off</pattern> his collection of vintage guitars."",""translation"":""為了償還巨大的債務，那位陷入困境的音樂家決定將他的古董吉他收藏品全部拍賣掉。""},{""sentence"":""The government decided to <target>auction</target> <pattern>off</pattern> the seized luxury cars to the public to increase the national budget."",""translation"":""政府決定將沒收的豪華轎車拍賣給大眾，以增加國家預算。""}]}],""synonyms"":[{""word"":""sell"",""pos"":""verb"",""translation"":""出售"",""explanation"":""最一般的銷售動詞""},{""word"":""bid"",""pos"":""verb"",""translation"":""出價；競標"",""explanation"":""指在拍賣中提出購買價格的動作""}],""antonyms"":[]}],""conjugations"":{""past_tense"":""auctioned"",""past_participle"":""auctioned""},""relatives"":{""morphology"":null,""related"":[{""word"":""auctioneer"",""pos"":""noun"",""translation"":""拍賣人"",""explanation"":""由 auction 加上執行者字尾 -eer 組成，指主持拍賣的人。""}]}}"	ai_pass		0
authorize	authorize v.	"{""headword"":""authorize"",""explanation"":""「authorize」在學測中常出現在法律、行政、權限管理以及科技權限設定的語境中。這個字的核心概念是「給予正式權限」。要注意它在被動態（be authorized to do sth.）中的高頻用法，以及它與 authorize (sb.) to do sth. 的主動態結構。"",""senses"":[{""sense"":""授權；批准（正式給予某人權限去做某事，或正式認可某項行動）"",""entries"":[{""pattern"":""authorize sb. to do sth."",""pos"":""verb"",""translation"":""授權某人做某事"",""explanation"":""最常見的主動態結構，主詞通常是上司、政府機關或管理員。"",""sentences"":[{""sentence"":""The school principal decided to <target>authorize</target> <pattern>the teacher</pattern> <pattern>to</pattern> organize a special art exhibition in the main hallway."",""translation"":""校長決定授權該名教師在主走廊舉辦一場特別的藝術展覽。""},{""sentence"":""The government will <target>authorize</target> <pattern>the police</pattern> <pattern>to</pattern> search the house for illegal drugs after getting a legal warrant."",""translation"":""政府將在取得法律令狀後，授權警方搜查該屋內是否有非法藥品。""}]},{""pattern"":""be authorized to do sth."",""pos"":""verb"",""translation"":""獲權做某事；被授權做某事"",""explanation"":""被動態用法，強調主詞（通常是員工或代理人）擁有正式的權限。"",""sentences"":[{""sentence"":""Only senior managers <target>are</target> <target>authorized</target> <pattern>to</pattern> access the confidential files stored in the secure server room."",""translation"":""只有高級經理被授權進入存放於安全伺服器機房內的機密檔案。""}]},{""pattern"":""authorize sth."",""pos"":""verb"",""translation"":""批准；認可某事"",""explanation"":""及物動詞直接接名詞，受詞通常是預算、計畫或法律條文。"",""sentences"":[{""sentence"":""The city council finally <target>authorized</target> the new <pattern>budget</pattern> for building a modern public library in the downtown area."",""translation"":""市議會終於批准了在市中心建造一座現代公共圖書館的新預算。""}]}],""synonyms"":[],""antonyms"":[]},{""sense"":""驗證（透過電子方式確認身分或權限）"",""entries"":[{""pattern"":""authorize a transaction / payment"",""pos"":""verb"",""translation"":""驗證交易／付款"",""explanation"":""常用於金融科技或線上購物語境，指透過密碼或生物識別確認付款合法性。"",""sentences"":[{""sentence"":""The bank's system will automatically <target>authorize</target> the <pattern>payment</pattern> once you enter the correct password and security code."",""translation"":""一旦你輸入正確的密碼和安全碼，銀行的系統會自動驗證這筆付款。""}]}],""synonyms"":[],""antonyms"":[]},{""sense"":""授權（指法律上的授權，如版權）"",""entries"":[{""pattern"":""authorize the use of..."",""pos"":""verb"",""translation"":""授權使用…"",""explanation"":""常用於版權、音樂或影像使用權的討論。"",""sentences"":[{""sentence"":""The famous photographer did not <target>authorize</target> the <pattern>use</pattern> of her photos in the company's new advertising campaign."",""translation"":""那位著名的攝影師並未授權在其公司的全新廣告活動中使用她的照片。""}]}],""synonyms"":[],""antonyms"":[]},{""sense"":""授權（指法律上的授權，如版權）"",""entries"":[{""pattern"":""authorize the use of..."",""pos"":""verb"",""translation"":""授權使用或使用權"",""explanation"":""指法律上的授權，常用於藝術作品、音樂或影像的權限管理。"",""sentences"":[{""sentence"":""The famous photographer did not <target>authorize</target> the <pattern>use</pattern> of her photos in the company's new advertising campaign."",""translation"":""這裡的授權是指法律上的使用權，該攝影師未正式批准其照片被用於廣告。""}]}],""synonyms"":[],""antonyms"":[]},{""sense"":""授權（指法律上的授權，如版權）"",""entries"":[{""pattern"":""authorize the use of..."",""pos"":""verb"",""translation"":""授權使用或使用權"",""explanation"":""指法律上的權限管理，常用於版權版權或音樂作品。"",""sentences"":[{""sentence"":""The famous photographer did not <target>authorize</target> the <pattern>use</pattern> of her photos in the company's new advertising campaign."",""translation"":""這位著名的攝影師並未授權在其公司的全新廣告活動中使用其照片。""}]}],""synonyms"":[],""antonyms"":[]}],""conjugations"":{""past_tense"":""authorized"",""past_participle"":""authorized""},""relatives"":{""morphology"":""字根 author (作者/創造者) + 字尾 -ize (使成為)"",""related"":[{""word"":""authority"",""pos"":""noun"",""translation"":""權威；權限"",""explanation"":""指擁有決定權的人或機構。""},{""word"":""authorization"",""pos"":""noun"",""translation"":""授權；許可"",""explanation"":""由動詞 authorize 延伸而來的名詞形式。""},{""word"":""authoritative"",""pos"":""adjective"",""translation"":""權威的；可靠的"",""explanation"":""指來源可靠且具有決定性的。""},{""word"":""author"",""pos"":""noun"",""translation"":""作者"",""explanation"":""核心字根，指創造內容的人。""}]}}"	ai_fail	The card contains three identical redundant senses (the last three senses are duplicates of the 'authorize the use of...' pattern). Also, the pattern 'be authorized to do sth.' is tagged as 'verb' POS but the headword is used as a passive participle; while the headword is a verb, the pattern itself is a verbal phrase. More critically, in the sentence 'Only senior managers <target>are</target> <target>authorized</target>', the word 'are' is incorrectly wrapped in <target> tags. Only the headword variant should be wrapped.	0
awe	awe n./v.	"{""headword"":""awe"",""explanation"":""「awe」在學測中通常用來描述面對壯麗自然景觀、偉大成就或強大力量時，內心產生的「敬畏」或「震撼」感。這個字的核心概念是將對象視為遠大於自己，因此常與 evoke (喚起) 或 strike (使...感到) 等動詞搭配。"",""senses"":[{""sense"":""敬畏；震撼（對某物感到極大尊重且伴隨恐懼或驚訝的感覺）"",""entries"":[{""pattern"":""in awe of sth./sb."",""pos"":""noun"",""translation"":""對…感到敬畏"",""explanation"":""這是最常見的片語，用來描述某人處於被震撼的狀態中。"",""sentences"":[{""sentence"":""Standing at the edge of the Grand Canyon, the tourists were completely <pattern>in</pattern> <target>awe</target> <pattern>of</pattern> the massive red rocks and deep valleys."",""translation"":""站在大峽谷邊緣，遊客們對那些巨大的紅岩與深谷感到完全震撼。""},{""sentence"":""As a young student, she was always <pattern>in</pattern> <target>awe</target> <pattern>of</pattern> her grandfather's ability to speak five different languages fluently."",""translation"":""作為一名年輕的學生，她一直對她祖父能流利地說五種不同語言的能力感到敬畏。""}]},{""pattern"":""strike sb. with awe"",""pos"":""verb"",""translation"":""使某人感到敬畏"",""explanation"":""將 awe 作為動詞使用，表示一種強大的力量突然擊中某人，使其陷入震撼狀態。"",""sentences"":[{""sentence"":""The sudden appearance of the giant blue whale in the crystal clear water <target>struck</target> the divers <pattern>with</pattern> <target>awe</target>, leaving them speechless."",""translation"":""那頭巨大的藍鯨突然出現在清澈的水中，使潛水員們感到震撼，讓他們說不出話來。""}]},{""pattern"":""evoke a sense of awe"",""pos"":""noun"",""translation"":""喚起一種敬畏感"",""explanation"":""常用於藝術、建築或自然景觀的描述，強調該物體能激發出內心的深層情感。"",""sentences"":[{""sentence"":""The ancient cathedral's towering ceilings and colorful glass windows <target>evoke</target> a <pattern>sense</pattern> <pattern>of</pattern> <target>awe</target> in every visitor."",""translation"":""這座古老大教堂的高聳天花板與彩色玻璃窗，在每位訪客心中都喚起了一種敬畏感。""}]},{""pattern"":""awe sb."",""pos"":""verb"",""translation"":""使某人敬畏；使某人震撼"",""explanation"":""直接作為及物動詞使用，表示某物之強大或壯麗足以讓某人感到震撼。"",""sentences"":[{""sentence"":""The sheer size of the modern skyscraper <target>awed</target> the visitors, who had never seen such a tall building in their lives."",""translation"":""這座現代摩天大樓的絕對規模讓訪客們感到震撼，因為他們一生中從未見過如此高大的建築。""}]}],""synonyms"":[{""word"":""reverence"",""pos"":""noun"",""translation"":""崇敬；敬畏"",""explanation"":""強調對神聖或高尚事物的極大尊重""},{""word"":""wonder"",""pos"":""noun"",""translation"":""驚嘆；奇蹟"",""explanation"":""強調對奇妙事物的好奇與驚訝感""}],""antonyms"":[]}],""conjugations"":{""past_tense"":""awed"",""past_participle"":""awed""},""relatives"":{""morphology"":""單一字根，表示一種強烈的情感狀態"",""related"":[{""word"":""awesome"",""pos"":""adjective"",""translation"":""令人敬畏的；太棒的"",""explanation"":""原意為令人敬畏的，但在現代口語中常被用作表示「很棒」的強烈形容詞。""},{""word"":""awestruck"",""pos"":""adjective"",""translation"":""驚呆的；被震撼的"",""explanation"":""由 awe (敬畏) + struck (擊中) 組成，形容人被震撼到呆住的樣子。""},{""word"":""awfully"",""pos"":""adverb"",""translation"":""非常；糟糕地"",""explanation"":""雖然源自 awe，但在學測中常作為強調副詞使用，意為 very 或 extremely。""}]}}"	ai_fail	In the pattern 'strike sb. with awe', the POS is listed as 'verb', but the target word 'awe' is used as a noun in that specific pattern (the verb in the pattern is 'strike'). This is a PART_OF_SPEECH_MISMATCH. Furthermore, in the sentence 'The sudden appearance... <target>struck</target> the divers <pattern>with</pattern> <target>awe</target>', the word 'struck' is incorrectly wrapped in <target> tags; only the headword 'awe' should be wrapped.	0
autonomy	autonomy n.	"{""headword"":""autonomy"",""explanation"":""「autonomy」在學測中常用於描述個體的「自主權」或區域的「自治權」。這個字的核心概念是「自我管理」，學生應注意它常與 possess, grant, gain 或 lack 搭配，用以描述一個人、一個團隊或一個行政區域在決定權上的狀態。"",""senses"":[{""sense"":""自主權；自治權（自我管理、決定自己的行為或政策的權力）"",""entries"":[{""pattern"":""possess / have autonomy"",""pos"":""noun"",""translation"":""擁有自主權"",""explanation"":""描述個體或組織在處理事務時具有獨立決定權的狀態。"",""sentences"":[{""sentence"":""In modern companies, managers often give their employees more <target>autonomy</target> to let them choose how to complete their projects."",""translation"":""在現代公司中，經理通常給予員工更多的自主權，讓他們選擇如何完成自己的專案。""},{""sentence"":""The young artist felt that she <pattern>had</pattern> more <target>autonomy</target> over her creative work after she started her own small gallery."",""translation"":""這位年輕藝術家覺得，在開設自己的小型畫廊後，她對自己的創作擁有更多自主權。""}]},{""pattern"":""grant autonomy to sb."",""pos"":""noun"",""translation"":""授予某人自主權／自治權"",""explanation"":""常用於政治、行政或組織管理情境，指上級將權力下放給下級。"",""sentences"":[{""sentence"":""The central government decided to <pattern>grant</pattern> <target>autonomy</target> <pattern>to</pattern> the remote islands to allow them to manage their own local taxes."",""translation"":""中央政府決定授予這些遙遠島嶼自治權，以允許他們管理自己的地方稅收。""},{""sentence"":""To encourage students to think for themselves, the teacher <pattern>granted</pattern> the class <target>autonomy</target> in choosing the topic for their final presentation."",""translation"":""為了鼓勵學生獨立思考，老師授予全班在選擇期末報告主題上的自主權。""}]},{""pattern"":""gain / achieve autonomy"",""pos"":""noun"",""translation"":""獲得自主權／獨立"",""explanation"":""強調透過努力或時間推移，從依賴狀態轉變為可以自我決定的狀態。"",""sentences"":[{""sentence"":""After years of hard work and saving money, the college graduate finally <pattern>gained</pattern> financial <target>autonomy</target> and moved out of her parents' house."",""translation"":""經過多年的努力工作與存錢，後大學畢業生終於獲得了財務自主，並搬出了父母的家。""},{""sentence"":""The small colony fought a long war to <pattern>achieve</pattern> political <target>autonomy</target> from the powerful empire that had ruled them for centuries."",""translation"":""這個小殖民地經過一場長久的戰爭，才從統治他們數世紀的強大帝國手中獲得政治自治。""}]},{""pattern"":""lack autonomy"",""pos"":""noun"",""translation"":""缺乏自主權"",""explanation"":""描述一種受限、被動或被掌控的狀態。"",""sentences"":[{""sentence"":""Many office workers feel unhappy because they <pattern>lack</pattern> <target>autonomy</target> in their daily tasks and must follow every small rule strictly."",""translation"":""許多上班族感到不快樂，因為他們在日常工作中缺乏自主權，且必須嚴格遵守每一項微小的規定。""}]}],""synonyms"":[{""word"":""independence"",""pos"":""noun"",""translation"":""獨立；自主"",""explanation"":""最普遍的近義詞，指不依賴他人而獨立存在。""},{""word"":""self-determination"",""pos"":""noun"",""translation"":""自決權"",""explanation"":""較正式，常用於政治或人權討論。""},{""word"":""freedom"",""pos"":""noun"",""translation"":""自由"",""explanation"":""泛指能夠自由行動或選擇的狀態。""}],""antonyms"":[{""word"":""dependence"",""pos"":""noun"",""translation"":""依賴；從屬"",""explanation"":""指必須依賴他人或其他組織才能生存或運作。""},{""word"":""subordination"",""pos"":""noun"",""translation"":""從屬；隸屬"",""explanation"":""強調地位低於他人且必須服從。""}]}],""conjugations"":null,""relatives"":{""morphology"":""字首 auto- (自我) 與字根 nomy (法律、管理)"",""related"":[{""word"":""autonomous"",""pos"":""adjective"",""translation"":""自主的；自治的"",""explanation"":""由名詞 autonomy 延伸而來的形容詞型態。""},{""word"":""economy"",""pos"":""noun"",""translation"":""經濟"",""explanation"":""共享字根 nomy (管理)，原意為家庭管理 (oikos + nomos)。""},{""word"":""astronomy"",""pos"":""noun"",""translation"":""天文學"",""explanation"":""共享字根 nomy (法律/規律)，指對星辰運行規律的學習。""}]}}"	ai_pass		0
backyard	backyard n.	"{""headword"":""backyard"",""explanation"":""「backyard」在學測中常出現在描述家庭生活、環境保護或自然觀察的閱讀文章中。它不僅指物理上的「後院」，在比喻意義上也可以指一個人的「私人領地」或「家門口」。"",""senses"":[{""sense"":""後院（房屋後方私人空地）"",""entries"":[{""pattern"":""backyard"",""pos"":""noun"",""translation"":""後院"",""explanation"":""指房屋後方的空地，通常用於休閒、種植或寵物活動。"",""sentences"":[{""sentence"":""On sunny weekend afternoons, the family often gathers in their spacious <target>backyard</target> to enjoy a barbecue and play games together."",""translation"":""在晴朗的週末下午，這家人經常聚集在他們寬敞的後院中，一起享受燒烤並玩遊戲。""},{""sentence"":""The young boy spent his entire summer vacation in the <target>backyard</target>, building a small wooden house for his pet rabbit."",""translation"":""這個小男孩在整個暑假都待在後院，為他的寵物兔子蓋一座小木屋。""}]}],""synonyms"":[],""antonyms"":[]},{""sense"":""家門口；附近（比喻或實際的近距離區域）"",""entries"":[{""pattern"":""in one's own backyard"",""pos"":""noun"",""translation"":""在某人的家門口；在近處"",""explanation"":""常用於強調某事就在身邊發生，或某事發生在自己熟悉的領地之內，具有強烈對比感。"",""sentences"":[{""sentence"":""Many people worry about global warming, but they ignore the fact that sea levels are rising right <pattern>in</pattern> their own <target>backyard</target>."",""translation"":""許多人擔心全球暖化，但他們忽略了海平面上升就發生在他們自己的家門口（近處）。""},{""sentence"":""The city government claimed the area was safe, yet several strange crimes had happened right <pattern>in</pattern> the mayor's own <target>backyard</target>."",""translation"":""市政府聲稱該區域很安全，然而幾起奇怪的犯罪事件就發生在市長自己的家門口。""}]}],""synonyms"":[],""antonyms"":[]},{""sense"":""後院政治（指在特定小圈子內進行的政治操作）"",""entries"":[{""pattern"":""backyard politics"",""pos"":""noun"",""translation"":""後院政治；基層政治"",""explanation"":""指在較小的、非正式的區域或群體內進行的政治活動或權力爭奪。"",""sentences"":[{""sentence"":""The candidate focused on <target>backyard</target> <pattern>politics</pattern> to gain support from local residents before moving to a national campaign."",""translation"":""該候選人專注於基層政治（後院政治），在進入全國性競選前先獲得當地居民的支持。""}]}],""synonyms"":[],""antonyms"":[]},{""sense"":""後院（指國家安全範圍內的鄰近地區）"",""entries"":[{""pattern"":""one's backyard"",""pos"":""noun"",""translation"":""（國家的）近鄰地區；勢力範圍"",""explanation"":""在國際政治或外交語境中，指一個大國在其地理邊界附近的鄰近國家或地區。"",""sentences"":[{""sentence"":""The powerful nation tried to keep a strong influence over its <target>backyard</target> to ensure that no enemy army could enter."",""translation"":""這個強大的國家試圖在其近鄰地區（後院）保持強大影響力，以確保沒有敵軍能夠進入。""}]}],""synonyms"":[],""antonyms"":[]},{""sense"":""後院（指儲存雜物或不願公開的秘密）"",""entries"":[{""pattern"":""backyard"",""pos"":""noun"",""translation"":""後院（秘密儲存處）"",""explanation"":""比喻指那些不希望被大眾看見的雜物或不願公開的秘密。"",""sentences"":[{""sentence"":""sentence: The company kept its failed experiments and old records in a digital <target>backyard</target> where no one could find them."",""translation"":""公司將其失敗的實驗和舊紀錄保存在一個數位後院（秘密儲存處）中，沒人能找到它們。""}]}],""synonyms"":[],""antonyms"":[]},{""sense"":""後院（指非正式的、私人的練習空間）"",""entries"":[{""pattern"":""backyard"",""pos"":""noun"",""translation"":""後院（私人練習空間）"",""explanation"":""指在非正式的正式場所之外，所進行的練習或活動。"",""sentences"":[{""sentence"":""The children learned to play soccer in the <target>backyard</target> before joining a professional youth sports team."",""translation"":""孩子們在後院（私人練習空間）學習踢足球，之後才加入一個專業的青少年體育隊。""}]}],""synonyms"":[],""antonyms"":[]}],""conjugations"":null,""relatives"":{""morphology"":""名詞 back (後) + yard (院子)"",""related"":[{""word"":""courtyard"",""pos"":""noun"",""translation"":""中庭；庭院"",""explanation"":""指建築物周圍的開放空間。""},{""word"":""graveyard"",""pos"":""noun"",""translation"":""墓地"",""explanation"":""由 yard (院子/區域) 延伸而來，指專門埋葬死者的區域。""},{""word"":""junkyard"",""pos"":""noun"",""translation"":""廢車場；垃圾場"",""explanation"":""指存放廢舊物體、尤其是廢車的區域。""}]}}"	ai_fail	Senses 2, 3, 4, 5, 6 are overly fragmented. 'In one's own backyard' is a collocation/pattern, not a separate sense. 'Backyard politics' is a specific term, not a sense. 'One's backyard' (geopolitical) is a pattern. Senses 5 and 6 are redundant or just examples of the physical backyard. The student has created too many senses for a simple word. Additionally, there is a typo in the sentence of Sense 5: 'sentence: The company...'. This is a leaked instruction/formatting error.	0
ballot	ballot n./v.	"{""headword"":""ballot"",""explanation"":""「ballot」在學測中主要出現在公民社會、民主選舉或公司治理類型的閱讀測驗中。它既可以用作名詞（指投票的過程、票券本身），也可以用作動詞（指進行投票）。理解其在不同語境下的詞性轉換是解題的關鍵。"",""senses"":[{""sense"":""投票；票券（民主程序中表達意願的行為或工具）"",""entries"":[{""pattern"":""cast a ballot"",""pos"":""noun"",""translation"":""投一張票"",""explanation"":""這是最經典的固定搭配。cast 在此處意為「投」，指將選票放入票箱。"",""sentences"":[{""sentence"":""Each citizen was given a secret paper to <pattern>cast</pattern> a <target>ballot</target> for their favorite candidate during the national election."",""translation"":""在全國大選期間，每位公民都被給了一張秘密紙條，用以為他們最喜歡的候選人投一張票。""}]},{""pattern"":""by ballot"",""pos"":""noun"",""translation"":""透過投票方式"",""explanation"":""用作方式狀語，表示決定某件事是透過投票而非討論或指定。"",""sentences"":[{""sentence"":""The students of the art club decided <pattern>by</pattern> <target>ballot</target> which new painting materials they should buy with the club's limited budget."",""translation"":""藝術社的學生們透過投票方式決定他們應該用社團有限的預算購買哪些新的繪畫材料。""}]},{""pattern"":""a secret ballot"",""pos"":""noun"",""translation"":""秘密投票"",""explanation"":""指一種保證投票者身分不被揭露的投票方式，是民主制度的核心概念。"",""sentences"":[{""sentence"":""To avoid pressure from their peers, the class members held a <pattern>secret</pattern> <target>ballot</target> to choose the new class president."",""translation"":""為了避免受到同儕的壓力，班級成員舉行了一次秘密投票來選出新的班級社長。""}]}],""synonyms"":[{""word"":""vote"",""pos"":""noun"",""translation"":""投票；票數"",""explanation"":""最普遍的通用詞，指表達選擇的行為或結果""},{""word"":""poll"",""pos"":""noun"",""translation"":""民意調查；投票"",""explanation"":""常用於指大規模的選民調查或投票站""}],""antonyms"":[]},{""sense"":""投票決定（透過投票來選出結果）"",""entries"":[{""pattern"":""ballot for sth."",""pos"":""verb"",""translation"":""投票支持某事／某人"",""explanation"":""及物或不及物用法，後接支持的對象。"",""sentences"":[{""sentence"":""The committee members will <target>ballot</target> <pattern>for</pattern> the new project manager who has the most experience in international trade."",""translation"":""委員會成員將投票支持那位在國際貿易方面經驗最豐富的新專案經理。""}]},{""pattern"":""be balloted out of sth."",""pos"":""verb"",""translation"":""透過投票被剔除出…"",""explanation"":""被動語態，指在投票過程中被大多數人反對而失去資格或被移出。"",""sentences"":[{""sentence"":""The unpopular actor was <target>balloted</target> <pattern>out of</pattern> the theater company because he often forgot his lines during the play."",""translation"":""這位不受歡迎的演員因為在戲劇表演中經常忘詞，而透過投票被剔除出了劇團。""}]}],""synonyms"":[{""word"":""vote"",""pos"":""verb"",""translation"":""投票"",""explanation"":""最普遍的通用詞""},{""word"":""elect"",""pos"":""verb"",""translation"":""選出；選舉"",""explanation"":""強調投票後產生的結果，即選出某人擔任職務""}],""antonyms"":[]}],""conjugations"":{""past_tense"":""balloted"",""past_participle"":""balloted""},""relatives"":{""morphology"":null,""related"":[{""word"":""balloting"",""pos"":""noun"",""translation"":""投票過程"",""explanation"":""指投票這一動作的過程或程序。""}]}}"	ai_fail	In Sense 1, pattern 'by ballot' is marked as 'noun', but the pattern itself is a prepositional phrase acting as an adverbial. The POS for the pattern should be consistent with the headword's function in that pattern. More importantly, the sentence for 'by ballot' is slightly awkward: 'decided by ballot which...'. While grammatically correct, 'decided by ballot' is less common than 'decided by a ballot' or 'decided by voting'. Also, 'balloted out of' is a very niche usage (mostly British English) and might be too difficult/uncommon for GSAT level students.	0
ban	ban n./v.	"{""headword"":""ban"",""explanation"":""「ban」在學測中常出現於法律規範、環保政策或學校規章的討論中。其核心概念是「官方禁止」。要注意它既可作為及物動詞（禁止某事/某人），也可作為名詞（禁令），且在被動語態中極為高頻。"",""senses"":[{""sense"":""禁止；禁令（由權威機構或法律正式禁止某事）"",""entries"":[{""pattern"":""ban sth."",""pos"":""verb"",""translation"":""禁止某事"",""explanation"":""及物動詞，指由政府、學校或機構正式下令禁止某項行為或物品。"",""sentences"":[{""sentence"":""To protect the health of students, the school board decided to <target>ban</target> sugary drinks and junk food from the campus."",""translation"":""為了保護學生的健康，學校董事會決定禁止在校園內販售含糖飲料與垃圾食物。""},{""sentence"":""Many European countries have decided to <target>ban</target> single-use plastic bags to reduce the amount of waste in the ocean."",""translation"":""許多歐洲國家已決定禁止使用一次性塑膠袋，以減少海洋中的廢棄物數量。""}]},{""pattern"":""be banned from doing sth."",""pos"":""verb"",""translation"":""被禁止做某事"",""explanation"":""被動語態搭配介系詞 from，強調某人因為違規而喪失做某事的權利。"",""sentences"":[{""sentence"":""The professional athlete was <target>banned</target> <pattern>from</pattern> competing in the Olympic Games after he tested positive for illegal drugs."",""translation"":""這名職業運動員在藥檢呈陽性反應後，被禁止參加奧運會。""},{""sentence"":""After breaking the strict rules of the competition, the player was <target>banned</target> <pattern>from</pattern> entering the stadium for a whole year."",""translation"":""在違反了比賽的嚴格規定後，該名球員被禁止進入體育場一整年。""}]},{""pattern"":""impose a ban on sth."",""pos"":""noun"",""translation"":""對某事實施禁令"",""explanation"":""名詞用法。常用動詞 impose (實施/強加) 搭配，指正式地將禁令應用到某個對象上。"",""sentences"":[{""sentence"":""The city government decided to <pattern>impose</pattern> a <target>ban</target> <pattern>on</pattern> smoking in all public parks to keep the air clean."",""translation"":""市政府決定在所有公共公園實施禁令，禁止吸菸，以保持空氣清新。""},{""sentence"":""During the severe air pollution crisis, the local authorities <pattern>impose</pattern> a <target>ban</target> <pattern>on</pattern> old diesel trucks entering the city center."",""translation"":""在嚴重的空氣污染危機期間，地方當局對進入市中心的舊款柴油貨車實施了禁令。""}]}],""synonyms"":[],""antonyms"":[]},{""sense"":""禁止；禁絕（在社交或非正式場合停止使用或接觸）"",""entries"":[{""pattern"":""ban sth."",""pos"":""verb"",""translation"":""禁止/停止使用某物"",""explanation"":""較不正式的用法，指個人或群體決定不再使用或接觸某項產品或資訊。"",""sentences"":[{""sentence"":""After learning about the harmful chemicals in the makeup, Sarah decided to <target>ban</target> these products from her daily routine."",""translation"":""在了解到化妝品中含有有害化學物質後，莎拉決定在日常生活中禁用這些產品。""}]}],""synonyms"":[],""antonyms"":[]},{""sense"":""禁令；禁區（被禁止進入或使用的區域）"",""entries"":[{""pattern"":""ban"",""pos"":""noun"",""translation"":""禁令"",""explanation"":""指正式的禁令文件或法令。"",""sentences"":[{""sentence"":""The new <target>ban</target> on loud music after midnight is designed to prevent noise pollution in the quiet residential area."",""translation"":""午夜後禁止大聲播放音樂的新禁令，旨在防止寧靜住宅區的噪音污染。""}]}],""synonyms"":[],""antonyms"":[]},{""sense"":""禁止；禁忌（文化或宗教上的禁止）"",""entries"":[{""pattern"":""ban"",""pos"":""noun"",""translation"":""禁忌；禁令"",""explanation"":""指基於文化、宗教或傳統理由而禁止的事情。"",""sentences"":[{""sentence"":"" sentence: In some traditional cultures, there is a strict <target>ban</target> on eating certain animals to show respect for nature."",""translation"":""在某些傳統文化中，對於食用特定動物有嚴格的禁令，以表達對自然的尊重。""}]}],""synonyms"":[],""antonyms"":[]}],""conjugations"":{""past_tense"":""banned"",""past_participle"":""banned""},""relatives"":{""morphology"":null,""related"":[{""word"":""bannable"",""pos"":""adjective"",""translation"":""可被禁止的"",""explanation"":""由 ban 加上形容詞字尾 -able 延伸而來。""}]}}"	ai_fail	Sense 2 is redundant with Sense 1 (both use pattern 'ban sth.'). Sense 4 and 5 are redundant with Sense 1 (both use pattern 'ban' as a noun). The student has fragmented the senses too much. There is a typo in the sentence of Sense 5: 'sentence: In some traditional cultures...'. This is a leaked instruction/formatting error. In Sense 1, the sentence 'During the severe air pollution crisis, the local authorities impose a ban...' has a grammatical error: 'impose' should be 'imposed' to match the past tense context of 'During the severe air pollution crisis'.	0
banner	banner n.	"{""headword"":""banner"",""explanation"":""「banner」在學測中常見於兩個主要面向：一是作為名詞指用於宣傳、慶祝或抗議的「橫幅/旗幟」；二是作為形容詞（在某些高階語境中）指「最顯眼的、最主要的」。在閱讀測驗中，橫幅常出現在校園活動、政治遊行或廣告佈局的描述中。"",""senses"":[{""sense"":""橫幅；旗幟（用於宣傳、公告或裝飾的長條布料）"",""entries"":[{""pattern"":""banner"",""pos"":""noun"",""translation"":""橫幅；旗幟"",""explanation"":""指印有文字或圖案的長條布料，通常掛在牆上或街道兩側以吸引注意力。"",""sentences"":[{""sentence"":""To celebrate the school's anniversary, students hung a colorful <target>banner</target> across the main entrance to welcome all the returning alumni."",""translation"":""為了慶祝學校的週年紀念，學生們在正門口掛了一條彩色橫幅，以歡迎所有回校的校友。""},{""sentence"":""During the peaceful protest, thousands of people carried large <target>banners</target> with messages calling for an end to global warming."",""translation"":""在這次和平抗議活動中，數以千計的人攜帶著印有呼籲終止全球暖化訊息的大型橫幅。""}]},{""pattern"":""a banner ad"",""pos"":""noun"",""translation"":""橫幅廣告"",""explanation"":""數位時代的專有名詞，指在網頁頂部或底部出現的長條形廣告。"",""sentences"":[{""sentence"":""Many users find the flashing <target>banner</target> <pattern>ad</pattern> at the top of the webpage very distracting while they are reading news."",""translation"":""許多使用者發現，當他們在閱讀新聞時，網頁頂部的閃爍橫幅廣告非常令人分心。""}]},{""pattern"":""banner year"",""pos"":""noun"",""translation"":""極其成功的一年"",""explanation"":""慣用語，將「橫幅」引申為最顯眼的標誌，指獲利最高或表現最好的年度。"",""sentences"":[{""sentence"":""After releasing three hit songs and winning several awards, the singer enjoyed a <target>banner</target> <pattern>year</pattern> in her music career."",""translation"":""在發行三首熱門歌曲並贏得數個獎項後，這位歌手在她的音樂生涯中迎來了極其成功的一年。""}]}],""synonyms"":[{""word"":""flag"",""pos"":""noun"",""translation"":""旗幟"",""explanation"":""泛指代表國家或組織的旗子""},{""word"":""poster"",""pos"":""noun"",""translation"":""海報"",""explanation"":""用於張貼在牆上的宣傳圖文""}],""antonyms"":[]},{""sense"":""顯眼的；主要的（形容詞用法，指最突出的部分）"",""entries"":[{""pattern"":""banner"",""pos"":""adjective"",""translation"":""最顯眼的；最主要的"",""explanation"":""用來修飾名詞，強調該事物在該類別中是最突出或最重要的一項。"",""sentences"":[{""sentence"":""The newspaper gave the local hero a <target>banner</target> headline, making sure every reader noticed his brave actions immediately."",""translation"":""這份報紙給了這位當地英雄一個最顯眼的標題，將其行動置於最醒目之處，確保每位讀者都能立即注意到他的勇敢行為。""}]}],""synonyms"":[{""word"":""prominent"",""pos"":""adjective"",""translation"":""顯著的；突出的"",""explanation"":""強調物理或地位上的突出""},{""word"":""main"",""pos"":""adjective"",""translation"":""主要的"",""explanation"":""最基本的、核心的""}],""antonyms"":[{""word"":""obscure"",""pos"":""adjective"",""translation"":""模糊的；不顯眼的"",""explanation"":null}]}],""conjugations"":null,""relatives"":{""morphology"":null,""related"":[{""word"":""banneret"",""pos"":""noun"",""translation"":""小旗手"",""explanation"":""較少見的古英語用法，指持有小旗的騎士。""}]}}"	ai_fail	The 'banner year' pattern is listed under the noun sense, but 'banner' in 'banner year' is functioning as an adjective meaning 'exceptional' or 'outstanding'. It should be moved to the adjective sense. Additionally, the relative 'banneret' is too obscure for GSAT level and should be removed to avoid distracting the student.	0
barren	barren adj.	"{""headword"":""barren"",""explanation"":""「barren」在學測中常用於描述自然環境（如土地、沙漠）或生物狀態（如不孕），其核心概念是「缺乏生命或生產力」。在閱讀測驗中，它常與環境變遷、農業困難或生態系統討論相關聯。"",""senses"":[{""sense"":""荒蕪的；不毛的（土地無法生長作物或缺乏生命）"",""entries"":[{""pattern"":""barren land / soil / desert"",""pos"":""adjective"",""translation"":""荒蕪的土地／土壤／沙漠"",""explanation"":""指土地缺乏養分或水分，導致植物無法生長，常用於地理或環境類文章。"",""sentences"":[{""sentence"":""After years of severe drought, the once-rich farmland became a <target>barren</target> <pattern>land</pattern> where no crops could grow."",""translation"":""經過多年的嚴重乾旱，曾經肥沃的農地變成了一片荒蕪的土地，再也沒有作物能生長。""},{""sentence"":""The explorers struggled to find water and food while crossing the <target>barren</target> <pattern>desert</pattern> under the scorching summer sun."",""translation"":""探險家們在烈日曝曬下穿越這片荒蕪的沙漠時，艱難地尋找著水和食物。""}]},{""pattern"":""a barren landscape"",""pos"":""adjective"",""translation"":""荒涼的景象"",""explanation"":""用來描述視覺上的空曠與缺乏生命力的感覺。"",""sentences"":[{""sentence"":""From the top of the mountain, the travelers saw a <target>barren</target> <pattern>landscape</pattern> of gray rocks and cold wind."",""translation"":""從山頂上，旅行者們看到了一幅由灰色岩石和寒風組成的荒涼景象。""}]}],""synonyms"":[{""word"":""sterile"",""pos"":""adjective"",""translation"":""不毛的；無菌的"",""explanation"":""指無法生產或生長任何東西""},{""word"":""desolate"",""pos"":""adjective"",""translation"":""荒涼的；孤寂的"",""explanation"":""強調環境空曠且缺乏人類居住或生命""},{""word"":""arid"",""pos"":""adjective"",""translation"":""乾旱的"",""explanation"":""特指水分不足導致土地荒蕪""}],""antonyms"":[{""word"":""fertile"",""pos"":""adjective"",""translation"":""肥沃的"",""explanation"":""指土地能生長大量作物""},{""word"":""productive"",""pos"":""adjective"",""translation"":""多產的"",""explanation"":""指能產生大量成果或生命""}]},{""sense"":""不孕的；不能生育的（生物學定義）"",""entries"":[{""pattern"":""barren"",""pos"":""adjective"",""translation"":""不孕的"",""explanation"":""指動物或人無法產生後代，在生物學或醫療類文章中出現。"",""sentences"":[{""sentence"":""In the old story, the queen was <target>barren</target> and spent many years praying for a child to continue her family line."",""translation"":""在古老的故事中， queen 是不孕的，她花了許多年祈禱能有一個孩子來延續家族血脈。""}]}],""synonyms"":[{""word"":""infertile"",""pos"":""adjective"",""translation"":""不孕的"",""explanation"":""null""}],""antonyms"":[{""word"":""fruitful"",""pos"":""adjective"",""translation"":""多產的"",""explanation"":""指能生育或產出成果""}]}],""conjugations"":null,""relatives"":{""morphology"":""單個字根，源自古法語 barren，意為不生產的。"",""related"":[{""word"":""barrenness"",""pos"":""noun"",""translation"":""荒蕪；不孕"",""explanation"":""由形容詞 barren 加上名詞字尾 -ness 延伸而來。""}]}}"	ai_fail	In the second sense (infertile), the translation of the example sentence contains an English word 'queen' instead of Traditional Chinese, which is a CONTAINS_GIBBERISH/TYPO error.	0
batch	batch n.	"{""headword"":""batch"",""explanation"":""「batch」在學測中主要出現於兩種情境：一是描述生產、烘焙或數據處理中的「一批」實體物品；二是描述同一時間被處理的「一組」資訊。理解此字的核心在於「同一時間、同一方式產出」的集體感。"",""senses"":[{""sense"":""一批；一組（同一時間或方式生產、處理的一組物品或人）"",""entries"":[{""pattern"":""a batch of sth."",""pos"":""noun"",""translation"":""一批…"",""explanation"":""最常用的搭配，受詞通常是烘焙食品（如 cookies）、工業產品、或需要集中處理的文件與數據。"",""sentences"":[{""sentence"":""The grandmother spent the entire morning baking a fresh <pattern>batch of</pattern> chocolate chip <target>batches</target> for her grandchildren to enjoy."",""translation"":""奶奶花了一整個上午烘焙一批新鮮的巧克力碎片餅乾給她的孫子們享用。""},{""sentence"":""The quality control team discovered that the second <pattern>batch of</pattern> medicine was contaminated, so they had to recall all the <target>batches</target> immediately."",""translation"":""品質管制團隊發現第二批藥品被污染了，因此他們必須立即回收所有批次。""},{""sentence"":""After the software update, the computer processed a large <pattern>batch of</pattern> customer complaints <target>batches</target> in just a few minutes."",""translation"":""軟體更新後，電腦在短短幾分鐘內就處理了一大批客戶投訴。""}]}],""synonyms"":[{""word"":""group"",""pos"":""noun"",""translation"":""組；群"",""explanation"":""最泛用的詞彙，指隨意聚集在一起的人或物""},{""word"":""set"",""pos"":""noun"",""translation"":""一套；一組"",""explanation"":""強調物品之間具有某種關聯性或完整性""},{""word"":""lot"",""pos"":""noun"",""translation"":""一批"",""explanation"":""常用於拍賣或工業生產中指的一批貨物""}],""antonyms"":[]}],""conjugations"":null,""relatives"":{""morphology"":null,""related"":[]}}"	ai_fail	Severe PART_OF_SPEECH_MISMATCH and GRAMMARICAL_ERROR in all three example sentences. The target word is 'batch' (singular), but the AI used '<target>batches</target>' in sentences where the pattern is 'a batch of'. In the first sentence, 'a fresh batch of chocolate chip batches' is illogical and redundant. In the third sentence, 'a large batch of customer complaints batches' is also illogical. The AI has fundamentally failed to maintain the consistency between the pattern and the target word usage.	0
behalf	behalf n.	"{""headword"":""behalf"",""explanation"":""「behalf」在學測中幾乎不單獨出現，而是以固定片語「on behalf of...」的形式出現。其核心概念是「代表」或「為了某人的利益」，常用於正式的書信、演講或社交場合，是寫作與閱讀中極高頻的正式表達方式。"",""senses"":[{""sense"":""代表；為了…的利益"",""entries"":[{""pattern"":""on behalf of sb."",""pos"":""noun"",""translation"":""代表某人；為了某人的利益"",""explanation"":""最核心的固定搭配。指一個人或團體替代另一個人（或一群人）採取行動，或為了對方的好處而做某事。"",""sentences"":[{""sentence"":""The student council president delivered a moving speech <pattern>on behalf of</pattern> all the senior students to thank the teachers."",""translation"":""學生會會長代表所有高三學生發表了一場感人的演說，以感謝老師們。""},{""sentence"":""Since the manager was too sick to attend the meeting, his assistant spoke <pattern>on behalf of</pattern> the company to explain the new policy."",""translation"":""由於經理病得太嚴重無法出席會議，他的助理代表公司發言以解釋新政策。""},{""sentence"":""The lawyer argued the case in court <pattern>on behalf of</pattern> the poor family who had lost their home due to the flood."",""translation"":""律師在法庭上代表那個因洪水而失去家園的貧困家庭為其辯護。""}]}],""synonyms"":[],""antonyms"":[]}],""conjugations"":null,""relatives"":{""morphology"":""由古英文 be- (由…組成) 與 half (部分/側) 組成，原意是指站在某人的那一側。"",""related"":[{""word"":""half"",""pos"":""noun"",""translation"":""一半"",""explanation"":""behalf 的字根，指一個整體的一半或部分。""}]}}"	ai_fail	The headword 'behalf' is a noun, but the pattern 'on behalf of sb.' is tagged as 'noun'. While the headword is a noun, the entire phrase is a prepositional phrase acting as a function word. More importantly, the target tag is missing entirely from the sentences; the word 'behalf' is not wrapped in <target> tags in any of the three examples. This is a VIOLATION_OF_SYSTEM_PROMPT.	0
belongings	belongings n.	"{""headword"":""belongings"",""explanation"":""「belongings」在學測中主要出現在描述遺失物品、搬家、旅遊或意外事故的情境中。這個字的核心特徵是它「永遠使用複數形」，不可數時請使用 possessions。理解其作為「個人私有財產」的概念，有助於在閱讀測驗中快速定位物品清單。"",""senses"":[{""sense"":""個人財產；隨身物品（通常指較小、可攜帶的私人物品）"",""entries"":[{""pattern"":""one's belongings"",""pos"":""noun"",""translation"":""某人的隨身物品"",""explanation"":""最常見的搭配方式，使用所有格來明確指定物品的所有者。"",""sentences"":[{""sentence"":""After the sudden fire alarm rang, all the students rushed out of the building, leaving their personal <target>belongings</target> behind on the desks."",""translation"":""在突然的火警警報響起後，所有學生都衝出建築物，將他們的個人隨身物品留在課桌上。""},{""sentence"":""Please remember to check your seats and the floor before leaving the train, so you do not forget any of your <target>belongings</target>."",""translation"":""離開火車前請記得檢查座位和地板，以免遺忘任何您的隨身物品。""}]},{""pattern"":""gather / collect one's belongings"",""pos"":""noun"",""translation"":""收拾某人的物品"",""explanation"":""常用於描述離開某處或準備出發前的動作。"",""sentences"":[{""sentence"":""The tired travelers slowly <pattern>gathered</pattern> their <target>belongings</target> and walked toward the exit, ready to return home after a long trip."",""translation"":""疲憊的旅人們緩慢地收拾好他們的隨身物品，走往出口，準備在漫長的旅行後返回家中。""},{""sentence"":""Before the teacher entered the classroom, the students quickly <pattern>collected</pattern> their <target>belongings</target> and stood up to greet her."",""translation"":""在老師進入教室前，學生們迅速收拾好他們的物品並起立向她問候。""}]}],""synonyms"":[],""antonyms"":[]},{""sense"":""財產；家產（較寬泛的私人所有物）"",""entries"":[{""pattern"":""belongings"",""pos"":""noun"",""translation"":""財產；所有物"",""explanation"":""指一個人所擁有的所有東西，不限於隨身物品，可用於描述生活水平或失去財產的狀況。"",""sentences"":[{""sentence"":""The poor family lost all their <target>belongings</target> when the massive flood swept through the small village and destroyed every house."",""translation"":""當巨大的洪水席捲這個小村莊並摧毀每一間房屋時，這個貧困家庭失去了他們所有的財產。""}]}],""synonyms"":[],""antonyms"":[]},{""sense"":"""",""entries"":[],""synonyms"":[{""word"":""possessions"",""pos"":""noun"",""translation"":""財產；所有物"",""explanation"":""比 belongings 更正式，且可單複數使用，涵蓋範圍從小物品到房產。""},{""word"":""property"",""pos"":""noun"",""translation"":""財產；房產"",""explanation"":""強調法律上的所有權，常用於不可數名詞或指房地產。""},{""word"":""effects"",""pos"":""noun"",""translation"":""遺物；隨身物品"",""explanation"":""正式用語，常用於 personal effects 指個人隨身物品。""}],""antonyms"":[]}],""conjugations"":null,""relatives"":{""morphology"":""動詞 belong (屬於) 加上名詞字尾 -ings"",""related"":[{""word"":""belong"",""pos"":""verb"",""translation"":""屬於；適宜"",""explanation"":""核心動詞，表示某物屬於某人或某處。""}]}}"	ai_fail	There is an empty sense block (the third sense) which contains only synonyms and antonyms but no sense name or entries. This is a FIELD_MISMATCH or OTHER_ISSUE. Additionally, the pattern 'gather / collect one's belongings' is tagged as 'noun', but 'gather' and 'collect' are verbs; the pattern describes a verb-noun collocation, so the POS should be 'verb'. This is a PART_OF_SPEECH_MISMATCH.	0
beloved	beloved adj./n.	"{""headword"":""beloved"",""explanation"":""「beloved」在學測中常作為形容詞或名詞使用，核心概念是「深愛的」。它比 love 更具情感深度且更正式，常出現在文學描述、悼詞或對家人與偶像的深情敘述中。要注意它在作形容詞時，根據位置的不同，發音可能有所區別。"",""senses"":[{""sense"":""深愛的；心愛的（形容詞，用來修飾對象）"",""entries"":[{""pattern"":""beloved + noun"",""pos"":""adjective"",""translation"":""深愛的…；心愛的…"",""explanation"":""直接修飾名詞，用來表達強烈的喜愛或崇拜之情，常用於家庭成員、伴侶或長期尊敬的人。"",""sentences"":[{""sentence"":""The <target>beloved</target> grandmother spent her final years teaching her grandchildren how to bake traditional cookies and tell old stories."",""translation"":""那位深愛的祖母在她的最後幾年裡，將時間花在教她的孫子們如何烘焙傳統餅乾以及講述古老的故事。""}]},{""pattern"":""be beloved by sb."",""pos"":""adjective"",""translation"":""深受…之愛"",""explanation"":""被動結構，強調該對象被廣泛地愛戴，常用於描述公眾人物、領導者或深受歡迎的老師。"",""sentences"":[{""sentence"":""The young music teacher was <target>beloved</target> <pattern>by</pattern> all his students because he always listened to their problems with great patience."",""translation"":""這位年輕的音樂老師深受所有學生的愛戴，因為他總是極其耐心地傾聽他們的問題。""}]}],""synonyms"":[{""word"":""dear"",""pos"":""adjective"",""translation"":""親愛的；珍貴的"",""explanation"":""強調情感上的親近與珍貴""},{""word"":""cherished"",""pos"":""adjective"",""translation"":""珍視的；深愛的"",""explanation"":""強調被小心呵護且被珍視的感覺""}],""antonyms"":[{""word"":""hated"",""pos"":""adjective"",""translation"":""被憎恨的"",""explanation"":null},{""word"":""detested"",""pos"":""adjective"",""translation"":""極其討厭的"",""explanation"":null}]},{""sense"":""心上人；深愛的人（名詞，指代特定對象）"",""entries"":[{""pattern"":""one's beloved"",""pos"":""noun"",""translation"":""某人的心上人"",""explanation"":""將 beloved 當作名詞使用，指代那個被深愛的人。在現代口語中較少見，多見於書面語或詩歌。"",""sentences"":[{""sentence"":""After fighting in the war for three long years, the soldier finally returned home to reunite with his <target>beloved</target> wife."",""translation"":""在參加了三年的戰爭後，那名士兵終於回到了家，與他深愛的妻子團聚。""}]},{""pattern"":""the beloved"",""pos"":""noun"",""translation"":""心愛的人"",""explanation"":""加上定冠詞 the，將其轉化為名詞，指代特定被愛的人。"",""sentences"":[{""sentence"":""In the old romantic novel, the hero risks everything to rescue <pattern>the</pattern> <target>beloved</target> from the dangerous tower."",""translation"":""在那本古老的浪漫小說中，男主角冒著一切風險去營救他的心上人脫離那座危險的高塔。""}]}],""synonyms"":[{""word"":""darling"",""pos"":""noun"",""translation"":""心上人；親愛的"",""explanation"":""較為口語且親暱的稱呼""},{""word"":""sweetheart"",""pos"":""noun"",""translation"":""心上人；情人"",""explanation"":""強調浪漫關係中的對情人的稱呼""}],""antonyms"":[]}],""conjugations"":null,""relatives"":{""morphology"":""字根 love (愛) + 形容詞/過去分詞字尾 -ed"",""related"":[{""word"":""lovable"",""pos"":""adjective"",""translation"":""可愛的；可愛的"",""explanation"":""由 love 加上 -able 變成形容詞，指具備被愛的特質。""},{""word"":""lovingly"",""pos"":""adverb"",""translation"":""深情地；慈愛地"",""explanation"":""由 love 加上 -ing 和 -ly 構成，描述動作地發生的方式。""},{""word"":""belovedly"",""pos"":""adverb"",""translation"":""深情地"",""explanation"":""較少見，由 beloved 延伸而來的副詞。""}]}}"	ai_fail	In the sentence 'After fighting in the war for three long years, the soldier finally returned home to reunite with his <target>beloved</target> wife.', the word 'beloved' is used as an adjective modifying 'wife'. However, it is placed under the sense '心上人；深愛的人（名詞，指代特定對象）' and the pattern 'one's beloved'. In this specific sentence, 'beloved' is an adjective, not a noun. This is a PART_OF_SPEECH_MISMATCH.	0
betray	betray v.	"{""headword"":""betray"",""explanation"":""「betray」在學測中不僅是指「背叛」這種人際關係的破裂，更常用於描述「無意中洩漏」機密或「流露」出真實的情感。在閱讀測驗中，特別是文學類或心理描寫的段落，要能快速辨識出其「流露」之意，是解題的關鍵。"",""senses"":[{""sense"":""背叛；出賣（違背信任、忠誠或承諾）"",""entries"":[{""pattern"":""betray sb."",""pos"":""verb"",""translation"":""背叛某人"",""explanation"":""指違背對某人的信任或忠誠，通常涉及出賣朋友、盟友或國家。"",""sentences"":[{""sentence"":""After working together for years, he felt deeply hurt when he discovered his closest friend had <target>betrayed</target> him for a small amount of money."",""translation"":""在共同工作多年後，當他發現自己最親密的朋友為了少許金錢而背叛他時，他感到深受傷害。""},{""sentence"":""The secret agent was arrested because a teammate decided to <target>betray</target> the group and tell the police about their hidden base."",""translation"":""那名秘密特務被逮捕，是因為一名隊友決定背叛該組織並將他們的秘密基地告知警方。""}]},{""pattern"":""betray one's trust"",""pos"":""verb"",""translation"":""背叛某人的信任"",""explanation"":""固定搭配，強調對信任關係的毀滅性打擊。"",""sentences"":[{""sentence"":""Lying to your parents about your grades is a dangerous game that will eventually <target>betray</target> <pattern>your trust</pattern> with them."",""translation"":""對父母隱瞞成績是一種危險的遊戲，最終將會破壞你與他們之間的信任。""}]}],""synonyms"":[{""word"":""double-cross"",""pos"":""verb"",""translation"":""出賣；欺騙"",""explanation"":""口語中常用於描述背叛盟友以獲取利益""},{""word"":""abandon"",""pos"":""verb"",""translation"":""拋棄；背棄"",""explanation"":""強調在困難時刻離開對方""}],""antonyms"":[{""word"":""support"",""pos"":""verb"",""translation"":""支持"",""explanation"":null},{""word"":""remain loyal to"",""pos"":""verb"",""translation"":""忠於某人/事"",""explanation"":null},{""word"":""stay faithful"",""pos"":""verb"",""translation"":""保持忠誠"",""explanation"":null}]},{""sense"":""洩露；流露（無意中顯露真實情況、情感或秘密）"",""entries"":[{""pattern"":""betray sth."",""pos"":""verb"",""translation"":""洩露某事；流露某種情感"",""explanation"":""指原本想要隱藏的事物，卻因為不經意的動作、表情或聲音而暴露出來。"",""sentences"":[{""sentence"":""Although the young boy tried to look brave and calm, his shaking hands <target>betrayed</target> his extreme nervousness during the speech."",""translation"":""雖然那個小男孩試圖表現得勇敢且冷靜，但他顫抖的雙手流露了他的極度緊張。""},{""sentence"":""The suspect claimed he was not afraid, but the sweat on his forehead <target>betrayed</target> his fear when the police asked him hard questions."",""translation"":""嫌疑犯聲稱他不害怕，但當警察詢問他困難的問題時，他前額的汗水洩露了他的恐懼。""}]}],""synonyms"":[{""word"":""reveal"",""pos"":""verb"",""translation"":""揭露；顯露"",""explanation"":""最通用的詞彙，指將隱藏的東西揭開""},{""word"":""divulge"",""pos"":""verb"",""translation"":""洩露"",""explanation"":""常用於正式語境，指洩露秘密或機密資訊""}],""antonyms"":[{""word"":""conceal"",""pos"":""verb"",""translation"":""隱藏；掩蓋"",""explanation"":""指刻意地將某事不讓他人看見或知道""},{""word"":""hide"",""pos"":""verb"",""translation"":""隱藏"",""explanation"":null}]}],""conjugations"":{""past_tense"":""betrayed"",""past_participle"":""betrayed""},""relatives"":{""morphology"":""字根 betray (背叛/洩漏)"",""related"":[{""word"":""betrayal"",""pos"":""noun"",""translation"":""背叛；出賣"",""explanation"":""由動詞 betray 加上名詞字尾 -al 延伸而來。""},{""word"":""betrayer"",""pos"":""noun"",""translation"":""背叛者"",""explanation"":""由動詞 betray 加上人稱字尾 -er 延伸而來。""}]}}"	ai_fail	The sentence for 'betray one's trust' is illogical: lying to parents about grades doesn't 'betray your trust with them', it betrays their trust in you. Correct the collocation to 'betray sb's trust' and fix the sentence logic.	0
bias	bias n./v.	"{""headword"":""bias"",""explanation"":""「bias」在學測中是探討社會議題、心理學以及媒體分析時的關鍵字。它既可作為名詞（偏見）也可作為動詞（使產生偏見）。學習重點在於辨識其在不同詞性下的搭配介系詞，以及如何用它來描述不公平的評判過程。"",""senses"":[{""sense"":""偏見；傾向（對某人或某事的看法不公正，或傾向於某一方）"",""entries"":[{""pattern"":""bias against sb./sth."",""pos"":""noun"",""translation"":""對某人／某事的偏見"",""explanation"":""指一種不公平的負面看法，通常導致對特定群體或事物的歧視。"",""sentences"":[{""sentence"":""Because of a deep-seated <target>bias</target> <pattern>against</pattern> traditional learning, the young entrepreneur decided to build an online school for children."",""translation"":""由於對傳統學習有著根深蒂固的偏見，這位年輕的創業家決定為孩子們建立一所線上學校。""},{""sentence"":""Critics argued that the judge had a clear <target>bias</target> <pattern>against</pattern> the defendant, which made the entire trial feel unfair."",""translation"":""評論家認為法官對被告有明顯的偏見，這使得整個審判過程感覺很不公平。""}]},{""pattern"":""bias toward sb./sth."",""pos"":""noun"",""translation"":""對某人／某事的偏好（傾向）"",""explanation"":""與 against 相反，指一種不公正的正面傾向，傾向於支持或選擇某一方。"",""sentences"":[{""sentence"":""Many people have a natural <target>bias</target> <pattern>toward</pattern> familiar brands because they feel safer buying products they have used before."",""translation"":""許多人對熟悉的品牌有天生的偏好，因為他們覺得購買以前用過的產品會更安全。""},{""sentence"":""The hiring manager showed a strong <target>bias</target> <pattern>toward</pattern> candidates who graduated from famous universities, ignoring the skills of others."",""translation"":""招聘經理對畢業於名校的候選人表現出強烈的偏好，而忽略了其他人的能力。""}]}],""synonyms"":[{""word"":""prejudice"",""pos"":""noun"",""translation"":""偏見；成見"",""explanation"":""指在缺乏事實根據的情況下形成的預判""},{""word"":""partiality"",""pos"":""noun"",""translation"":""偏袒；偏愛"",""explanation"":""指不公平地偏向一方""}],""antonyms"":[{""word"":""impartiality"",""pos"":""noun"",""translation"":""公正；公平"",""explanation"":""不偏袒任何一方的狀態""},{""word"":""objectivity"",""pos"":""noun"",""translation"":""客觀性"",""explanation"":""基於事實而非個人情感的看法""}]},{""sense"":""使產生偏見；影響（使某人的看法或決定變得不公正）"",""entries"":[{""pattern"":""bias sb. toward/against sth."",""pos"":""verb"",""translation"":""使某人傾向於／反對某事"",""explanation"":""作為動詞時，指透過提供片面資訊或操縱手段，讓某人產生特定的偏向。"",""sentences"":[{""sentence"":""The news report was written in a way that tried to <target>bias</target> the public <pattern>against</pattern> the new environmental law."",""translation"":""這篇新聞報導的撰寫方式試圖使大眾對新的環境法產生反感（使大眾產生偏見）。""},{""sentence"":""Some advertisements are designed to <target>bias</target> consumers <pattern>toward</pattern> expensive luxury goods by linking them to high social status."",""translation"":""有些廣告旨在透過將昂貴的奢侈品與高社會地位聯繫起來，來使消費者傾向於購買這些商品。""}]}],""synonyms"":[{""word"":""influence"",""pos"":""verb"",""translation"":""影響"",""explanation"":""較中性的詞，指改變某人的想法或行為""},{""word"":""sway"",""pos"":""verb"",""translation"":""搖擺；影響"",""explanation"":""指像搖擺一樣改變某人的決定或意見""}],""antonyms"":[]}],""conjugations"":{""past_tense"":""biased"",""past_participle"":""biased""},""relatives"":{""morphology"":""字根 bias (傾斜、偏向)"",""related"":[{""word"":""biased"",""pos"":""adjective"",""translation"":""有偏見的；不公正的"",""explanation"":""由名詞 bias 衍生而來的形容詞，描述人或看法是不公正的。""},{""word"":""unbiased"",""pos"":""adjective"",""translation"":""公正的；無偏見的"",""explanation"":""由 biased 加上否定前綴 un- 構成，指看法客觀且公平。""}]}}"	ai_pass		0
beneficial	beneficial adj.	"{""headword"":""beneficial"",""explanation"":""「beneficial」在學測中常用於討論健康、教育、環境保護或經濟政策等正面影響。理解此字時，要注意它與 benefit (n./v.) 的轉換，以及它最常搭配的介系詞 for 或 to，用以明確指出對誰或對什麼有益。"",""senses"":[{""sense"":""有益的；有利的（對某人或某事產生正面效果）"",""entries"":[{""pattern"":""beneficial to sb./sth."",""pos"":""adjective"",""translation"":""對…有益的"",""explanation"":""最常見的用法，to 後方接對象，強調該事物能為該對象帶來好處。"",""sentences"":[{""sentence"":""Eating a balanced diet and exercising regularly are highly <target>beneficial</target> <pattern>to</pattern> your overall health and long-term well-being."",""translation"":""均衡飲食與規律運動對你的整體健康和長期的福祉非常有益。""}]},{""pattern"":""beneficial for sb./sth."",""pos"":""adjective"",""translation"":""對…有利的"",""explanation"":""與 to 的用法相似，for 常用於強調目的或特定對象的獲益。"",""sentences"":[{""sentence"":""Developing strong critical thinking skills in high school is <target>beneficial</target> <pattern>for</pattern> students who want to enter top universities."",""translation"":""在高中培養強大的批判性思考能力，對於想要進入頂尖大學的學生來說是非常有利的。""}]},{""pattern"":""mutually beneficial"",""pos"":""adjective"",""translation"":""互利的"",""explanation"":""固定搭配，常用於描述商業合作、外交關係或生物共生關係。"",""sentences"":[{""sentence"":""The two small companies decided to merge their resources to create a <target>mutually</target> <target>beneficial</target> partnership that increased their profits."",""translation"":""這兩家小公司決定合併資源，以建立一個互利的合作夥伴關係，從而增加他們的利潤。""}]}],""synonyms"":[],""antonyms"":[]},{""sense"":""（法律或財務上）有益的；獲利的"",""entries"":[{""pattern"":""beneficial ownership"",""pos"":""adjective"",""translation"":""實質受益所有權"",""explanation"":""較為專業的法律或財務術語，指實際享有利益的人而非名義上的所有者。"",""sentences"":[{""sentence"":""The lawyer carefully checked the documents to ensure the <target>beneficial</target> ownership of the property was correctly recorded."",""translation"":""律師仔細檢查文件，以確保該財產的實質受益所有權已被正確記錄。""}]}],""synonyms"":[],""antonyms"":[]},{""sense"":""（生物學上）有益的"",""entries"":[{""pattern"":""beneficial insects"",""pos"":""adjective"",""translation"":""益蟲"",""explanation"":""用於描述對生態或農業有益的生物，如蜜蜂或瓢蟲。"",""sentences"":[{""sentence"":""Farmers often encourage <target>beneficial</target> insects like ladybugs to live in their fields to help control pests naturally."",""translation"":""農民經常鼓勵像瓢蟲這樣有益的昆蟲住在他們的田裡，以幫助自然地控制害蟲。""}]}],""synonyms"":[],""antonyms"":[]},{""sense"":""（法律上）受益的"",""entries"":[{""pattern"":""beneficial interest"",""pos"":""adjective"",""translation"":""受益權益"",""explanation"":""法律術語，指對某項資產或信託基金享有權益的權利。"",""sentences"":[{""sentence"":""The child was named as the <target>beneficial</target> interest holder of the trust fund created by his grandparents."",""translation"":""這個孩子被命名為其祖父母創建的信託基金的受益權益持有者。""}]}],""synonyms"":[],""antonyms"":[]},{""sense"":""（法律上）受益的"",""entries"":[{""pattern"":""beneficial interest"",""pos"":""adjective"",""translation"":""受益權益"",""explanation"":""法律法術語，指對某項資產或信託基金享有權益的權利。"",""sentences"":[{""sentence"":""The child was named as the <target>beneficial</target> interest holder of the trust fund created by his grandparents."",""translation"":""這個孩子被命名為其祖父母信託基金的受益權益持有者。""}]}],""synonyms"":[],""antonyms"":[]},{""sense"":""（法律上）受益的"",""entries"":[{""pattern"":""beneficial interest"",""pos"":""adjective"",""translation"":""beneficial interest"",""explanation"":""法律術語，指對某項資產或信託基金享有權益的權利。"",""sentences"":[{""sentence"":""The child was named as the <target>beneficial</target> interest holder of the trust fund created by his grandparents."",""translation"":""這個孩子被命名為其祖父母信託基金的受益權益持有者。""}]}],""synonyms"":[],""antonyms"":[]},{""sense"":""（法律上）受益的"",""entries"":[{""pattern"":""beneficial interest"",""pos"":""adjective"",""translation"":""受益權益"",""explanation"":""法律術語，指對某項資產或信託基金享有權益的權利。"",""sentences"":[{""sentence"":""The child was named as the <target>beneficial</target> interest holder of the trust fund created by his grandparents."",""translation"":""這個孩子被命名為其祖父母信託基金的受益權益持有者。""}]}],""synonyms"":[],""antonyms"":[]},{""sense"":""（法律上）受益的"",""entries"":[{""pattern"":""beneficial interest"",""pos"":""adjective"",""translation"":""受益權益"",""explanation"":""法律術語，指對某項資產或信託基金享有權益的權利。"",""sentences"":[{""sentence"":""The child was named as the <target>beneficial</target> interest holder of the trust fund created by his grandparents."",""translation"":""這個孩子被命名為其祖父母信託基金的受益權益持有者。""}]}],""synonyms"":[],""antonyms"":[]},{""sense"":""（法律上）受益的"",""entries"":[{""pattern"":""beneficial interest"",""pos"":""adjective"",""translation"":""受益權益"",""explanation"":""法律術語，指對某項資產或信託基金享有權益的權利。"",""sentences"":[{""sentence"":""The child was named as the <target>beneficial</target> interest holder of the trust fund created by his grandparents."",""translation"":""這個孩子被命名為其祖父母信託基金的受益權益持有者。""}]}],""synonyms"":[],""antonyms"":[]},{""sense"":""（法律上）受益的"",""entries"":[{""pattern"":""beneficial interest"",""pos"":""adjective"",""translation"":""受益權益"",""explanation"":""法律術語，指對某項資產或信託基金享有權益的權利。"",""sentences"":[{""sentence"":""The child was named as the <target>beneficial</target> interest holder of the trust fund created by his grandparents."",""translation"":""這個孩子被命名為其祖父母信託基金的受益權益持有者。""}]}],""synonyms"":[],""antonyms"":[]},{""sense"":""（法律上）受益的"",""entries"":[{""pattern"":""beneficial interest"",""pos"":""adjective"",""translation"":""受益權益"",""explanation"":""法律術語，指對某項資產或信託基金享有權益的權利。"",""sentences"":[{""sentence"":""The child was named as the <target>beneficial</target> interest holder of the trust fund created by his grandparents."",""translation"":""這個孩子被命名為其祖父母信託基金的受益權益持有者。""}]}],""synonyms"":[],""antonyms"":[]},{""sense"":""（法律上）受益的"",""entries"":[{""pattern"":""beneficial interest"",""pos"":""adjective"",""translation"":""受益權益"",""explanation"":""法律術語，指對某項資產或信託基金享有權益的權利。"",""sentences"":[{""sentence"":""The child was named as the <target>beneficial</target> interest holder of the trust fund created by his grandparents."",""translation"":""這個孩子被命名為其祖父母信託基金的受益權益持有者。""}]}],""synonyms"":[],""antonyms"":[]},{""sense"":""（法律上）受益的"",""entries"":[{""pattern"":""beneficial interest"",""pos"":""adjective"",""translation"":""受益權益"",""explanation"":""法律術語，指對某項資產或信託基金享有權益的權利。"",""sentences"":[{""sentence"":""The child was named as the <target>beneficial</target> interest holder of the trust fund created by his grandparents."",""translation"":""這個孩子被命名為其祖父母信託基金的受益權益持有者。""}]}],""synonyms"":[],""antonyms"":[]},{""sense"":""（法律上）受益的"",""entries"":[{""pattern"":""beneficial interest"",""pos"":""adjective"",""translation"":""受益權益"",""explanation"":""法律術語，指對某項資產或信託基金享有權益的權利。"",""sentences"":[{""sentence"":""The child was named as the <target>beneficial</target> interest holder of the trust fund created by his grandparents."",""translation"":""這個孩子被命名為其祖父母信託基金的受益權益持有者。""}]}],""synonyms"":[],""antonyms"":[]},{""sense"":""（法律上）受益的"",""entries"":[{""pattern"":""beneficial interest"",""pos"":""adjective"",""translation"":""受益權益"",""explanation"":""法律術語，指對某項資產或信託基金享有權益的權利。"",""sentences"":[{""sentence"":""The child was named as the <target>beneficial</target> interest holder of the trust fund created by his grandparents."",""translation"":""這個孩子被命名為其祖父母信託基金的受益權益持有者。""}]}],""synonyms"":[],""antonyms"":[]},{""sense"":""（法律上）受益的"",""entries"":[{""pattern"":""beneficial interest"",""pos"":""adjective"",""translation"":""受益權益"",""explanation"":""法律術語，指對某項資產或信託基金享有權益的權利。"",""sentences"":[{""sentence"":""The child was named as the <target>beneficial</target> interest holder of the trust fund created by his grandparents."",""translation"":""這個孩子被命名為其祖父母信託基金的受益權益持有者。""}]}],""synonyms"":[],""antonyms"":[]},{""sense"":""（法律上）受益的"",""entries"":[{""pattern"":""beneficial interest"",""pos"":""adjective"",""translation"":""受益權益"",""explanation"":""法律術語，指對某項資產或信託基金享有權益的權利。"",""sentences"":[{""sentence"":""The child was named as the <target>beneficial</target> interest holder of the trust fund created by his grandparents."",""translation"":""這個孩子被命名為其祖父母信託基金的受益權益持有者。""}]}],""synonyms"":[],""antonyms"":[]},{""sense"":""（法律上）受益的"",""entries"":[{""pattern"":""beneficial interest"",""pos"":""adjective"",""translation"":""受益權益"",""explanation"":""法律術語，指對某項資產或信託基金享有權益的權利。"",""sentences"":[{""sentence"":""The child was named as the <target>beneficial</target> interest holder of the trust fund created by his grandparents."",""translation"":""這個孩子被命名為其祖父母信託基金的受益權益持有者。""}]}],""synonyms"":[],""antonyms"":[]},{""sense"":""（法律上）受益的"",""entries"":[{""pattern"":""beneficial interest"",""pos"":""adjective"",""translation"":""受益權益"",""explanation"":""法律術語，指對某項資產或信託基金享有權益的權利。"",""sentences"":[{""sentence"":""The child was named as the <target>beneficial</target> interest holder of the trust fund created by his grandparents."",""translation"":""這個孩子被命名為其祖父母信託基金的受益權益持有者。""}]}],""synonyms"":[],""antonyms"":[]},{""sense"":""（法律上）受益的"",""entries"":[{""pattern"":""beneficial interest"",""pos"":""adjective"",""translation"":""受益權益"",""explanation"":""法律術語，指對某項資產或信託基金的權益持有者。"",""sentences"":[{""sentence"":""The child was named as the <target>beneficial</target> interest holder of the trust fund created by his grandparents."",""translation"":""這個孩子被命名為其祖父母信託基金的受益權益持有者。""}]}],""synonyms"":[],""antonyms"":[]}],""conjugations"":null,""relatives"":{""morphology"":""字根 bene- (好) + -ficial (來自於 facere '做')"",""related"":[{""word"":""benefit"",""pos"":""noun"",""translation"":""利益；好處"",""explanation"":""核心名詞型態。""},{""word"":""benefit"",""pos"":""verb"",""translation"":""獲益"",""explanation"":""由名詞延伸而來的動詞型態。""},{""word"":""benefactor"",""pos"":""noun"",""translation"":""捐助者；恩人"",""explanation"":""字根 bene- (好) + factor (做的人)，指提供幫助的人。""},{""word"":""benevolent"",""pos"":""adjective"",""translation"":""仁慈的；好心的"",""explanation"":""字根 bene- (好) + vol (意願)，指心懷善意的人。""}]}}"	ai_fail	Extreme redundancy/gibberish: The 'beneficial interest' sense is repeated approximately 20 times. This is a severe violation of the system prompt and quality standards.	0
bid	bid n./v.	"{""headword"":""bid"",""explanation"":""「bid」在學測中具有多重身份。作為動詞時，最常考的是「出價」或「試圖」；作為名詞時，則指「投標」或「爭取...的企圖」。學生需根據句中是否出現 money、auction 或 power 等關鍵詞來判斷其語意。"",""senses"":[{""sense"":""出價；投標（在拍賣或商業競標中提出金額）"",""entries"":[{""pattern"":""bid for sth."",""pos"":""verb"",""translation"":""競標某物；為某物出價"",""explanation"":""指在拍賣會或商業合約中，為了贏得某物而提出一個具體金額。"",""sentences"":[{""sentence"":""At the art auction yesterday, several rich collectors began to <target>bid</target> <pattern>for</pattern> the rare painting by Van Gogh."",""translation"":""在昨天的藝術拍賣會上，幾位富有的收藏家開始為梵谷的那幅稀有畫作出價競標。""},{""sentence"":""Many large construction companies are currently <target>bidding</target> <pattern>for</pattern> the government's project to build a new high-speed railway."",""translation"":""許多大型建築公司目前正競標政府建造新高鐵的計畫。""}]},{""pattern"":""make a bid for sth."",""pos"":""noun"",""translation"":""對某物出價／競標某物"",""explanation"":""名詞用法，常與 make 搭配，指提出一次正式的出價行為。"",""sentences"":[{""sentence"":""The tech giant decided to <pattern>make</pattern> a <target>bid</target> <pattern>for</pattern> the smaller startup company to gain its innovative software."",""translation"":""這家科技巨頭決定對那家較小的創業公司出價收購，以獲取其創新軟體。""}]},{""pattern"":""a winning bid"",""pos"":""noun"",""translation"":""最高出價；獲勝的投標"",""explanation"":""指在所有競爭者中出價最高且成功贏得物品的人或金額。"",""sentences"":[{""sentence"":""After an hour of intense competition, the <target>bid</target> was finally accepted, and the painting was sold for a record-breaking price."",""translation"":""經過一小時的激烈競爭，該出價終於被接受，而那幅畫以打破紀錄的高價售出。""}]}],""synonyms"":[{""word"":""offer"",""pos"":""verb"",""translation"":""出價；提供"",""explanation"":""最通用的出價詞彙""},{""word"":""tender"",""pos"":""verb"",""translation"":""投標"",""explanation"":""專業商業術語，指正式提交標書""}],""antonyms"":[]},{""sense"":""努力；嘗試（為了達成某個目標或獲得權力而做出的嘗試）"",""entries"":[{""pattern"":""a bid for sth."",""pos"":""noun"",""translation"":""對…的爭取／企圖"",""explanation"":""在此語境下，bid 不指金錢，而指為了獲得某種地位、權力或成功而做的努力。"",""sentences"":[{""sentence"":""The young politician's <target>bid</target> <pattern>for</pattern> the presidency was supported by thousands of students who believed in his vision."",""translation"":""這位年輕政治家的總統競選企圖得到了數千名相信他願景的學生的支持。""},{""sentence"":""The local soccer team is making a strong <target>bid</target> <pattern>for</pattern> the championship title this year after winning ten games."",""translation"":""這支本地足球隊在贏得十場比賽後，今年正強烈爭取冠軍頭銜。""}]}],""synonyms"":[{""word"":""attempt"",""pos"":""noun"",""translation"":""嘗試；企圖"",""explanation"":""最直接的同義詞""},{""word"":""effort"",""pos"":""noun"",""translation"":""努力"",""explanation"":""強調過程中的辛苦與付出""}],""antonyms"":[]},{""sense"":""命令；招呼（較正式或文學地要求某人做某事）"",""entries"":[{""pattern"":""bid sb. to do sth."",""pos"":""verb"",""translation"":""命令某人做某事；招呼某人做某事"",""explanation"":""較為正式或古風的用法，在現代英文中較少見，但在文學閱讀中仍會出現。"",""sentences"":[{""sentence"":""The king <target>bad</target> <pattern>his</pattern> servants <pattern>to</pattern> bring him a glass of cold water and some fresh fruit."",""translation"":""國王命令他的僕人給他一杯冷水和一些新鮮水果。""}]}],""synonyms"":[{""word"":""order"",""pos"":""verb"",""translation"":""命令"",""explanation"":""強勢要求對方執行""},{""word"":""command"",""pos"":""verb"",""translation"":""指令；指揮"",""explanation"":""權威性地要求""}],""antonyms"":[]}],""conjugations"":{""past_tense"":""bade"",""past_participle"":""bidden""},""relatives"":{""morphology"":null,""related"":[]}}"	ai_fail	CONTAINS_TYPO: In the third sense, sentence 1, the word <target>bad</target> is a typo for <target>bade</target>. GRAMMARICAL_ERROR: In the first sense, pattern 2, the pattern is 'make a bid for sth.', but the sentence uses 'make a bid for the smaller startup company', which is correct, but the pattern tag is only on 'make' and 'for', leaving 'bid' as the target. This is technically correct but the pattern should include the target if the target is the headword in a noun form. Wait, the system prompt says 'Never wrap the headword itself in pattern tags.' So that is correct. However, the typo 'bad' is a critical failure.	0
biological	biological adj.	"{""headword"":""biological"",""explanation"":""「biological」在學測中常出現在生物科學、自然環境或家庭關係的討論中。除了指「生物學的」，最常考的用法是描述「血緣上的」家庭關係，用以區分生理上的親生父母與領養父母。"",""senses"":[{""sense"":""生物學的（關於生物、生命現象的）"",""entries"":[{""pattern"":""biological process"",""pos"":""adjective"",""translation"":""生物過程"",""explanation"":""指生物體內自然發生的生理或化學變化，如光合作用或細胞分裂。"",""sentences"":[{""sentence"":""The teacher explained the complex <target>biological</target> <pattern>process</pattern> of how plants turn sunlight into energy to grow."",""translation"":""老師解釋了植物如何將陽光轉化為生長能量的複雜生物過程。""}]},{""pattern"":""biological diversity"",""pos"":""adjective"",""translation"":""生物多樣性"",""explanation"":""指地球上各種不同生物的豐富程度，常出現在環境保護類文章中。"",""sentences"":[{""sentence"":""Protecting the rainforest is crucial because it contains a huge amount of <target>biological</target> <pattern>diversity</pattern> that is essential for the planet."",""translation"":""保護雨林至關重要，因為它包含大量對地球至關重要的生物多樣性。""}]},{""pattern"":""biological weapon"",""pos"":""adjective"",""translation"":""生物武器"",""explanation"":""指利用細菌或病毒作為攻擊手段的武器，常用於探討全球安全或科學倫理。"",""sentences"":[{""sentence"":""International laws strictly forbid the creation of <target>biological</target> <pattern>weapons</pattern> because they can cause uncontrollable diseases across the whole world."",""translation"":""國際法嚴格禁止製造生物武器，因為它們可能在整個世界引起無法控制的疾病。""}]}],""synonyms"":[],""antonyms"":[]},{""sense"":""血緣的；親生的（生理上的親屬關係）"",""entries"":[{""pattern"":""biological parents"",""pos"":""adjective"",""translation"":""親生父母"",""explanation"":""用於區分生理上的血緣關係，常用於探討領養或家庭結構的議題。"",""sentences"":[{""sentence"":""After many years of searching, the girl finally met her <target>biological</target> <pattern>parents</pattern> and discovered where she came from."",""translation"":""經過多年的尋找，女孩終於見到了她的親生父母，並發現了她來自何處。""}]},{""pattern"":""biological father/mother"",""pos"":""adjective"",""translation"":""親生父親／親生母親"",""explanation"":""強調生理上的血緣連接。"",""sentences"":[{""sentence"":""The young man decided to write a letter to his <target>biological</target> <pattern>father</pattern> to learn more about his family history."",""translation"":""這個年輕人決定寫信給他的親生父親，以以了解更多關於他的家族歷史。""}]}],""synonyms"":[],""antonyms"":[]},{""sense"":""生理的（與心理或社會因素相對）"",""entries"":[{""pattern"":""biological clock"",""pos"":""adjective"",""translation"":""生理時鐘"",""explanation"":""比喻生物體內控制睡眠、清醒或生殖能力的自然週期。"",""sentences"":[{""sentence"":""Because he traveled across five time zones, his <target>biological</target> <pattern>clock</pattern> was completely messed up and he could not sleep."",""translation"":""因為他跨越了五個時區旅行，他的生理時鐘完全亂了，導致他無法入睡。""}]}],""synonyms"":[],""antonyms"":[]}],""conjugations"":null,""relatives"":{""morphology"":""字根 bio (生命/生物) + -log- (學問) + 形容詞字尾 -ical"",""related"":[{""word"":""biology"",""pos"":""noun"",""translation"":""生物學"",""explanation"":""核心名詞型態。""},{""word"":""biologist"",""pos"":""noun"",""translation"":""生物學家"",""explanation"":""指研究生物學的專業人士。""},{""word"":""biography"",""pos"":""noun"",""translation"":""傳記"",""explanation"":""字根 bio- (生命) + graph (寫)，意為記錄一個人的生命過程。""}]}}"	ai_pass		0
bizarre	bizarre adj.	"{""headword"":""bizarre"",""explanation"":""「bizarre」在學測中常用於描述極其古怪、出乎意料或不合常理的事物。這個字比 simple 的 strange 或 weird 更強烈，常用於文學描述、藝術評論或社會現象的分析。理解此字時，應注意它通常修飾的是外觀、行為或整個情境的荒謬感。"",""senses"":[{""sense"":""古怪的；奇異的（指極其不尋常且令人驚訝的）"",""entries"":[{""pattern"":""bizarre adj."",""pos"":""adjective"",""translation"":""古怪的；奇異的"",""explanation"":""直接修飾名詞，描述其特徵不符合常理或極其少見。"",""sentences"":[{""sentence"":""The small town held a <target>bizarre</target> festival every year where people dressed up as giant vegetables to celebrate the harvest."",""translation"":""這個小鎮每年舉辦一個古怪的節日，人們打扮成巨大的蔬菜以慶祝豐收。""},{""sentence"":""After the strange accident, the witness gave a <target>bizarre</target> account of events that no one in the courtroom could actually believe."",""translation"":""在奇怪的事故後，證人對事件提供了一個極其古怪的敘述，法庭上的沒有一個人能真正相信。""},{""sentence"":""While exploring the deep ocean, scientists discovered a <target>bizarre</target> creature with glowing skin and ten long tentacles."",""translation"":""在探索深海時，科學家發現了一隻皮膚發光且擁有十條長觸手的奇異生物。""}]}],""synonyms"":[{""word"":""weird"",""pos"":""adjective"",""translation"":""古怪的"",""explanation"":""口語中極其常見，強調一種不自然或令人不安的感覺""},{""word"":""peculiar"",""pos"":""adjective"",""translation"":""獨特的；奇特的"",""explanation"":""強調與眾不同，有時指特定於某人或某地的特徵""},{""word"":""eccentric"",""pos"":""adjective"",""translation"":""古怪的；特立獨行的"",""explanation"":""常用於描述人的個性或行為不尋常但通常無害""},{""word"":""absurd"",""pos"":""adjective"",""translation"":""荒謬的"",""explanation"":""強調完全不合邏輯或理性的""}],""antonyms"":[{""word"":""ordinary"",""pos"":""adjective"",""translation"":""普通的"",""explanation"":null},{""word"":""normal"",""pos"":""adjective"",""translation"":""正常的"",""explanation"":null},{""word"":""conventional"",""pos"":""adjective"",""translation"":""傳統的；常規的"",""explanation"":null}]}],""conjugations"":null,""relatives"":{""morphology"":null,""related"":[]}}"	ai_pass	The sentences are descriptive enough to allow inference of the meaning of 'bizarre' (e.g., giant vegetables, glowing skin/ten tentacles). The vocabulary surrounding the target word is at a slightly lower difficulty level than the target word itself. All patterns and tags are correct.	0
blast	blast n./v.	"{""headword"":""blast"",""explanation"":""「blast」在學測中具有物理上的「爆炸」與比喻上的「強烈衝擊」兩種核心語意。作為動詞時，除了指物理上的摧毀，還常出現在描述強風、大聲噪音或激烈批評的語境中。"",""senses"":[{""sense"":""爆炸；強風（突然且巨大的能量釋放）"",""entries"":[{""pattern"":""blast"",""pos"":""noun"",""translation"":""爆炸；爆裂"",""explanation"":""指突然發生的劇烈爆炸，常與毀滅、損壞相關。"",""sentences"":[{""sentence"":""The old building was completely destroyed by a powerful <target>blast</target> that shattered every window in the entire neighborhood."",""translation"":""這棟舊建築被一場強大的爆炸完全摧毀，震碎了整個社區的所有窗戶。""},{""sentence"":""Soldiers wore special helmets and ear protection to shield themselves from the deadly <target>blast</target> of the landmines."",""translation"":""士兵們戴著特殊的頭盔和耳保護裝置，以保護自己免受地雷致命爆炸的衝擊。""}]},{""pattern"":""a blast of sth."",""pos"":""noun"",""translation"":""一陣強烈的…（風、空氣等）"",""explanation"":""用來描述突然吹來的一陣強風或強烈的空氣流。"",""sentences"":[{""sentence"":""As the hikers reached the mountain peak, a sudden <target>blast</target> <pattern>of</pattern> freezing cold air hit their faces."",""translation"":""當登山者到達山頂時，一陣突然的冰冷空氣襲擊了他們的臉龐。""},{""sentence"":""The oven released a hot <target>blast</target> <pattern>of</pattern> steam when the chef opened the door to check the cake."",""translation"":""烤箱在主廚打開門檢查蛋糕時，釋放出了一陣滾燙的蒸汽。""}]},{""pattern"":""have a blast"",""pos"":""noun"",""translation"":""玩得非常開心"",""explanation"":""口語且高頻的慣用語，指經歷一段極其愉快且興奮的時間。"",""sentences"":[{""sentence"":""Even though the hotel room was small, we <target>had</target> <pattern>a blast</pattern> during our summer trip to the sunny beaches of Taiwan."",""translation"":""雖然飯店房間很小，但我們在去台灣陽光海灘的夏季旅行中玩得非常開心。""}]}],""synonyms"":[],""antonyms"":[]},{""sense"":""爆炸摧毀；猛烈批評（物理摧毀或語言上的衝擊）"",""entries"":[{""pattern"":""blast sth."",""pos"":""verb"",""translation"":""炸毀某物；猛烈批評某人/某事"",""explanation"":""物理上指用炸藥摧毀；比喻上指在媒體或公開場合強烈指責。"",""sentences"":[{""sentence"":""The construction company used heavy explosives to <target>blast</target> a tunnel through the hard granite mountain for the new railway."",""translation"":""建築公司使用強效炸藥在堅硬的花崗岩山中炸開一條隧道，以供新鐵路使用。""},{""sentence"":""The local newspaper <target>blasted</target> the city council for failing to maintain the public parks and libraries in the city center."",""translation"":""當地報紙猛烈批評了市議會，未能維護市中心公共公園和圖書館的狀況。""}]}],""synonyms"":[],""antonyms"":[]},{""sense"":""大聲播放；發出巨響"",""entries"":[{""pattern"":""blast sth."",""pos"":""verb"",""translation"":""大聲播放（音樂等）"",""explanation"":""指將音量調至極高，通常對周圍環境造成干擾。"",""sentences"":[{""sentence"":""My teenage brother loves to <target>blast</target> his favorite pop songs in his room, which often wakes up the entire house."",""translation"":""我的青少年弟弟喜歡在他的房間裡大聲播放他最喜歡的流行歌曲，這經常會吵醒整棟房子的人。""}]}],""synonyms"":[],""antonyms"":[]},{""sense"":""爆炸波；衝擊波"",""entries"":[{""pattern"":""blast wave"",""pos"":""noun"",""translation"":""衝擊波"",""explanation"":""科學類文章中常見的術語，指爆炸後產生的壓力波。"",""sentences"":[{""sentence"":""The massive <target>blast</target> wave pushed the cars away from the explosion site, throwing them several meters into the air."",""translation"":""巨大的衝擊波將汽車從爆炸現場推開，將它們拋向空中數公尺之遠。""}]}],""synonyms"":[],""antonyms"":[]},{""sense"":""吹風；清除（用強風吹）"",""entries"":[{""pattern"":""blast sth. with sth."",""pos"":""verb"",""translation"":""用…猛吹某物"",""explanation"":""指利用強風或壓縮空氣清除表面雜質。"",""sentences"":[{""sentence"":""The technician used a high-pressure air gun to <target>blast</target> the dust <pattern>with</pattern> compressed air from the delicate computer parts."",""translation"":""技術員使用高壓氣槍，用壓縮空氣將灰塵從精密的電腦零件中猛吹出來。""}]}],""synonyms"":[],""antonyms"":[]},{""sense"":""噴射；噴出"",""entries"":[{""pattern"":""blast off"",""pos"":""verb"",""translation"":""(火箭) 起飛；發射"",""explanation"":""專指火箭或太空梭脫離地面向上飛行的動作。"",""sentences"":[{""sentence"":""The crowd waited in silence for the countdown to end before the giant rocket finally <target>blasted</target> <pattern>off</pattern> into space."",""translation"":""人群在沉默中等待倒數結束，隨後巨大的火箭終於發射進入太空。""}]}],""synonyms"":[],""antonyms"":[]}],""conjugations"":{""past_tense"":""blasted"",""past_participle"":""blasted""},""relatives"":{""morphology"":null,""related"":[{""word"":""blasting"",""pos"":""adjective"",""translation"":""強烈的；爆炸性的"",""explanation"":""由動詞 blast 延伸而來，用來描述極其強烈的感覺或感覺。""},{""word"":""word-blast"",""pos"":""noun"",""translation"":""文字衝擊"",""explanation"":""比喻用法，指透過文字產生強烈影響。""}]}}"	ai_fail	1. DENSITY_ERROR: 'blast' is a versatile word with multiple senses, but the 'relatives' section is poor. 'word-blast' is not a standard English word; it is gibberish/invented. 2. STYLE_MISMATCH: In the 'have a blast' pattern, the target tag is placed on 'had' instead of 'blast'. The headword is 'blast', not 'have'. 3. INCOMPLETE_PATTERN: In the 'blast sth. with sth.' pattern, the target tag is on 'blast' but the pattern tag is only on 'with'. The pattern is 'blast sth. with sth.', so the object (dust) should be tagged as part of the pattern if following the logic of other cards, or at least the structure should be consistent. 4. OTHER_ISSUE: The 'relatives' morphology is null, which is lazy for a word like 'blast' (onomatopoeic origin).	0
blur	blur n./v.	"{""headword"":""blur"",""explanation"":""「blur」在學測中常出現在描述視覺記憶、快節奏生活或攝影技術的文本中。其核心概念是「模糊」，既可用作動詞表示使某物變得不清晰，也可作名詞指代模糊的影像或模糊的記憶。注意其在比喻用法中常指界線（如現實與夢境）變得不分明。"",""senses"":[{""sense"":""模糊的影像或記憶（名詞：看不清的東西或模糊的印象）"",""entries"":[{""pattern"":""a blur"",""pos"":""noun"",""translation"":""模糊的一片；模糊的記憶"",""explanation"":""指因為速度太快或視力不佳而看到的模糊影像，或對某段時間缺乏清晰記憶的狀態。"",""sentences"":[{""sentence"":""The train sped past the station so quickly that the scenery outside the window became a colorful <target>blur</target> of green and gold."",""translation"":""火車飛快地經過車站，使得窗外的風景變成了一片由綠色與金色構成的模糊色彩。""},{""sentence"":""Because I was so nervous during my first presentation, the entire experience is now just a <target>blur</target> in my mind."",""translation"":""因為我在第一次簡報時太緊張，整個經歷在我的腦海中現在只是一片模糊。""}]}],""synonyms"":[{""word"":""haze"",""pos"":""noun"",""translation"":""薄霧；模糊"",""explanation"":""原指霧霾，後引申為模糊的狀態""},{""word"":""smudge"",""pos"":""noun"",""translation"":""污點；模糊處"",""explanation"":""指因塗抹而產生的模糊痕跡""}],""antonyms"":[{""word"":""clarity"",""pos"":""noun"",""translation"":""清晰；明晰"",""explanation"":null}]},{""sense"":""使模糊；模糊化（動詞：讓界線或影像變得不清晰）"",""entries"":[{""pattern"":""blur sth."",""pos"":""verb"",""translation"":""使…模糊"",""explanation"":""可用於物理層面（如視力、照片）或抽象層面（如記憶、區分）。"",""sentences"":[{""sentence"":""Tears began to <target>blur</target> her vision, making it difficult for her to read the letter her grandfather had written."",""translation"":""淚水開始使她的視線變得模糊，讓她很難讀懂祖父寫的那封信。""},{""sentence"":""The fast movement of the dancer's arms <target>blurred</target> the photograph, but it still captured the energy of the performance."",""translation"":""舞者手臂的快速移動使照片變得模糊，但它依然捕捉到了表演的能量。""}]},{""pattern"":""blur the line between A and B"",""pos"":""verb"",""translation"":""模糊 A 與 B 之間的界線"",""explanation"":""極高頻的比喻用法，常用於討論科技、藝術或道德議題，指兩者變得難以區分。"",""sentences"":[{""sentence"":""With the rise of virtual reality, some people worry that technology will <target>blur</target> <pattern>the line between</pattern> fantasy <pattern>and</pattern> reality."",""translation"":""隨著虛擬實境的興起，有些人擔心科技將模糊幻想與現實之間的界線。""},{""sentence"":""Modern fashion often <target>blurs</target> <pattern>the line between</pattern> formal wear <pattern>and</pattern> casual clothing, allowing people to dress comfortably at work."",""translation"":""現代時尚經常模糊正式服裝與休閒服飾之間的界線，讓人們在工作時能穿得舒適。""}]}],""synonyms"":[{""word"":""obscure"",""pos"":""verb"",""translation"":""使模糊；遮掩"",""explanation"":""強調遮住或使某物變得難以看清""},{""word"":""cloud"",""pos"":""verb"",""translation"":""使混亂；使模糊"",""explanation"":""常用於描述判斷力或思考被干擾""}],""antonyms"":[{""word"":""sharpen"",""pos"":""verb"",""translation"":""使清晰；使銳利"",""explanation"":null},{""word"":""clarify"",""pos"":""verb"",""translation"":""澄清；使明確"",""explanation"":null}]}],""conjugations"":{""past_tense"":""blurred"",""past_participle"":""blurred""},""relatives"":{""morphology"":null,""related"":[{""word"":""blurred"",""pos"":""adjective"",""translation"":""模糊的"",""explanation"":""由動詞 blur 轉化而來的形容詞，描述影像或界線不清晰。""}]}}"	ai_pass		0
bodyguard	bodyguard n.	"{""headword"":""bodyguard"",""explanation"":""「bodyguard」在學測中常出現在描述安全、名人保護或犯罪類故事的文本中。它是一個複合名詞，由 body (身體) 與 guard (守衛) 組成，字面意思就是保護某人的身體安全。"",""senses"":[{""sense"":""保鑣；私人保衛（負責保護特定人士免於受傷或攻擊的人）"",""entries"":[{""pattern"":""bodyguard"",""pos"":""noun"",""translation"":""保鑣"",""explanation"":""指受僱於名人、政客或富豪，提供近身保護的專業人員。"",""sentences"":[{""sentence"":""Because the famous singer was constantly followed by photographers, she had to hire a professional <target>bodyguard</target> to keep the crowd away."",""translation"":""因為這位著名歌手經常被攝影師跟蹤，她必須雇用一名專業保鑣來讓人群保持距離。""},{""sentence"":""The president's <target>bodyguards</target> remained alert and scanned the area carefully before he entered the crowded public square."",""translation"":""總統的保鑣們保持警覺，在他進入擁擠的公共廣場之前仔細地掃視了該區域。""}]}],""synonyms"":[{""word"":""protector"",""pos"":""noun"",""translation"":""保護者"",""explanation"":""泛指任何提供保護的人或物""},{""word"":""security guard"",""pos"":""noun"",""translation"":""保全人員"",""explanation"":""強調在特定場所（如大樓或銀行）執行安保工作的人員""}],""antonyms"":[]}],""conjugations"":null,""relatives"":{""morphology"":""名詞 body (身體) + 名詞 guard (守衛)"",""related"":[{""word"":""guard"",""pos"":""noun"",""translation"":""守衛；衛兵"",""explanation"":""指在門口或重要地點把關的人。""},{""word"":""guard"",""pos"":""verb"",""translation"":""守衛；保護"",""explanation"":""指保護某人或某物免於受損或被偷。""},{""word"":""safeguard"",""pos"":""verb"",""translation"":""捍衛；保護"",""explanation"":""指採取措施以確保某事（如權利或安全）不受損害。""}]}}"	ai_pass		0
blush	blush n./v.	"{""headword"":""blush"",""explanation"":""「blush」在學測中主要出現在描述人物心理狀態或社交情境的文本中。它描述一種不由自主的生理反應，通常與尷尬、羞愧或極度的喜悅相關。理解這個字時，應注意其作為動詞與名詞的用法，以及它常與特定的情感形容詞搭配。"",""senses"":[{""sense"":""臉紅（因尷尬、羞愧或喜悅而面色紅潤）"",""entries"":[{""pattern"":""blush"",""pos"":""verb"",""translation"":""臉紅"",""explanation"":""不及物動詞，描述臉部皮膚因血液湧入而變紅的動作。"",""sentences"":[{""sentence"":""The shy teenage girl <target>blushed</target> deeply when the teacher praised her unique painting in front of the whole class."",""translation"":""當老師在全班面前稱讚她那獨特的繪畫時，那個害羞的青少年女孩臉紅了。""}]},{""pattern"":""blush with sth."",""pos"":""verb"",""translation"":""因…而臉紅"",""explanation"":""搭配介系詞 with，用來具體說明臉紅的原因（通常是情感狀態）。"",""sentences"":[{""sentence"":""He <target>blushed</target> <pattern>with</pattern> embarrassment after realizing that he had been wearing his shirt inside out all morning."",""translation"":""在意識到自己整個早上都把襯衫穿反了之後，他因尷尬而臉紅。""}]},{""pattern"":""a blush"",""pos"":""noun"",""translation"":""臉紅；面色紅潤"",""explanation"":""名詞形式，指臉紅的狀態或那抹紅暈。"",""sentences"":[{""sentence"":""A soft pink <target>blush</target> appeared on her cheeks as she thanked the visitor for the beautiful bouquet of fresh flowers."",""translation"":""當她感謝訪客贈送那束美麗的新鮮花束時，她的臉頰上出現了一抹淡粉紅色的紅暈。""}]}],""synonyms"":[],""antonyms"":[]},{""sense"":""（色彩）微紅；淺紅（指顏色極淺或剛開始出現）"",""entries"":[{""pattern"":""blush"",""pos"":""adjective"",""translation"":""微紅的；淺紅的"",""explanation"":""在文學或色彩描述中，用來形容極淺的紅色或粉紅色。"",""sentences"":[{""sentence"":""The early morning sky was a beautiful <target>blush</target> of orange and pink, signaling the start of a peaceful day."",""translation"":""清晨的天空呈現出美麗的微紅的橙色與粉紅色，預示著一個寧靜一天的開始。""}]}],""synonyms"":[],""antonyms"":[]},{""sense"":""（化妝品）腮紅"",""entries"":[{""pattern"":""blush"",""pos"":""noun"",""translation"":""腮紅"",""explanation"":""指塗在臉頰上的化妝品，用以模擬自然臉紅的效果。"",""sentences"":[{""sentence"":""She carefully applied a small amount of <target>blush</target> to her cheeks to look more healthy and energetic for the interview."",""translation"":""她小心地在臉頰上塗了一小 amount 的腮紅，為了在面試時看起來更健康且有活力。""}]}],""synonyms"":[],""antonyms"":[]},{""sense"":""（比喻）全然地；完全地（常用於 a blush at sth.）"",""entries"":[{""pattern"":""at first blush"",""pos"":""noun"",""translation"":""乍看之下；第一眼看到時"",""explanation"":""固定片語，指在沒有深入分析前，初步的印象。"",""sentences"":[{""sentence"":""<pattern>At first</pattern> <target>blush</target>, the math problem seemed impossible to solve, but after ten minutes of study, I found the answer."",""translation"":""乍看之下，這道數學題似乎是不可能解開的，但學習十分鐘後，我找到了答案。""}]}],""synonyms"":[],""antonyms"":[]},{""sense"":""（比喻）全然地；完全地（常用於 a blush at sth.）"",""entries"":[{""pattern"":""blush at sth."",""pos"":""verb"",""translation"":""對…感到羞恥"",""explanation"":""指對某事感到羞愧而臉紅。"",""sentences"":[{""sentence"":""One should <target>blush</target> <pattern>at</pattern> the thought of treating others with such unkindness and selfishness."",""translation"":""人應該對於想到自己如此不親切且自私地對待他人而感到羞恥。""}]}],""synonyms"":[],""antonyms"":[]}],""conjugations"":{""past_tense"":""blushed"",""past_participle"":""blushed""},""relatives"":{""morphology"":""單一語根 (Monomorphemic)"",""related"":[]}}"	ai_fail	1. PART_OF_SPEECH_MISMATCH: In the second sense (color), the pattern is 'blush' and POS is 'adjective', but the sentence uses 'a beautiful blush of orange and pink', where 'blush' is a noun. 2. CONTAINS_TYPO: In the makeup sense, the translation contains 'a small amount' in English instead of Traditional Chinese. 3. STYLE_MISMATCH: The 'at first blush' pattern is tagged as a noun, but it is an adverbial phrase. 4. INCOMPLETE_PATTERN: In 'at first blush', the target tag is on 'blush' but the pattern tag is only on 'At first', leaving the formula incomplete. 5. FIELD_MISMATCH: The last two senses are identical in the 'sense' field ('（比喻）全然地；完全地（常用於 a blush at sth.）'), but one is for 'at first blush' and the other is for 'blush at sth.'. The explanation for 'at first blush' is completely wrong (it means 'at first glance', not 'completely').	0
bonus	bonus n.	"{""headword"":""bonus"",""explanation"":""「bonus」在學測中常出現在討論工作權益、企業激勵、以及個人成就的語境中。除了最常見的「獎金」外，還需注意其作為形容詞使用時表示「額外的、意外的」之意。"",""senses"":[{""sense"":""獎金；紅利（額外支付的款項）"",""entries"":[{""pattern"":""receive a bonus"",""pos"":""noun"",""translation"":""領到獎金"",""explanation"":""最常見的搭配，指因為表現優異或節日而獲得的額外金錢。"",""sentences"":[{""sentence"":""After completing the difficult project ahead of schedule, the hardworking employee <target>received</target> a generous <pattern>bonus</pattern> from her manager."",""translation"":""在提前完成這項艱巨的專案後，這名勤奮的員工從經理那裡領到了一筆優渥的獎金。""}]},{""pattern"":""a performance bonus"",""pos"":""noun"",""translation"":""績效獎金"",""explanation"":""專指根據工作表現（performance）來決定金額的獎金。"",""sentences"":[{""sentence"":""Many sales agents work harder during the final month of the year to earn a higher <pattern>performance</pattern> <target>bonus</target> for their families."",""translation"":""許多銷售代理人在年底最後一個月工作得更努力，以便為家人賺取更高的績效獎金。""}]}],""synonyms"":[{""word"":""reward"",""pos"":""noun"",""translation"":""獎賞；報酬"",""explanation"":""較泛指所有形式的獎勵，不限於金錢""},{""word"":""incentive"",""pos"":""noun"",""translation"":""激勵金；誘因"",""explanation"":""強調為了鼓勵某人達成目標而提供的獎勵""}],""antonyms"":[]}],""conjugations"":null,""relatives"":{""morphology"":null,""related"":[{""word"":""bonanza"",""pos"":""noun"",""translation"":""意外之財；幸運之源"",""explanation"":""源自西班牙語，指發現金礦或突然獲得大量財富的情況。""}]}}"	ai_fail	PART_OF_SPEECH_MISMATCH: In the first entry of the first sense, the <target> tag is on 'received' instead of 'bonus'. This is a critical violation of the marking rules.	0
bolt	bolt n./v.	"{""headword"":""bolt"",""explanation"":""「bolt」在學測中具有極強的語意多樣性。名詞部分涵蓋從「物理零件」到「自然現象」及「突然的動作」；動詞部分則區分「鎖門」與「逃跑」。建議學生將其視為「快速且強而有力的動作或物件」這一核心概念來記憶。"",""senses"":[{""sense"":""螺栓；門栓（用於固定或鎖住的物理物件）"",""entries"":[{""pattern"":""bolt"",""pos"":""noun"",""translation"":""螺栓；螺釘"",""explanation"":""指用於將兩件東西緊緊固定在一起的金屬零件。"",""sentences"":[{""sentence"":""The mechanic discovered that a small, rusty <target>bolt</target> had come loose, causing the entire engine to shake violently."",""translation"":""機械師發現一顆生鏽的小螺栓鬆了，導致整個引擎劇烈地顫抖。""}]},{""pattern"":""bolt the door"",""pos"":""verb"",""translation"":""用門栓鎖門"",""explanation"":""指將金屬栓推入孔中以確保門被鎖死，強調安全感。"",""sentences"":[{""sentence"":""To keep the house safe while they were sleeping, the homeowners always remembered to <target>bolt</target> <pattern>the door</pattern> from the inside."",""translation"":""為了在睡眠時確保房屋安全，屋主總是記得從內部將門栓鎖好。""}]}],""synonyms"":[{""word"":""fastener"",""pos"":""noun"",""translation"":""緊固件"",""explanation"":""泛指所有將物件固定在一起的零件""}],""antonyms"":[]},{""sense"":""閃電（突然且強大的電能釋放）"",""entries"":[{""pattern"":""a bolt of lightning"",""pos"":""noun"",""translation"":""一道閃電"",""explanation"":""這是學測中最常見的固定搭配，用來描述雷雨天氣的景象。"",""sentences"":[{""sentence"":""Suddenly, a bright <target>bolt</target> <pattern>of lightning</pattern> lit up the dark sky, followed by a loud crash of thunder."",""translation"":""突然間，一道明亮的閃電照亮了漆黑的天空，隨後傳來一聲巨大的雷鳴。""}]}],""synonyms"":[{""word"":""flash"",""pos"":""noun"",""translation"":""閃光"",""explanation"":""強調光線瞬間出現的特性""}],""antonyms"":[]},{""sense"":""突然衝出；逃跑（快速且出乎意料的移動）"",""entries"":[{""pattern"":""bolt"",""pos"":""verb"",""translation"":""突然衝走；逃跑"",""explanation"":""常用於描述動物受驚或人在極度恐慌下迅速離開現場。"",""sentences"":[{""sentence"":""The frightened horse <target>bolted</target> across the open field after it heard a loud noise from the nearby construction site."",""translation"":""那匹受驚的馬在聽到附近工地傳來巨大聲響後，突然衝過開闊的田野逃跑了。""},{""sentence"":""As soon as the teacher entered the room, the students <target>bolted</target> from their seats to get their books."",""translation"":""老師一進教室，學生們就立刻從座位上衝起來去拿他們的書。""}]},{""pattern"":""a bolt from the blue"",""pos"":""noun"",""translation"":""晴天霹靂；出乎意料的事"",""explanation"":""比喻像在晴朗藍天中突然出現的閃電一樣，指完全沒預料到的噩耗或驚訝的消息。"",""sentences"":[{""sentence"":""The news of the company's sudden bankruptcy came as a <target>bolt</target> <pattern>from the blue</pattern> to all the employees."",""translation"":""公司突然破產的消息對所有員工來說簡直是晴天霹靂。""}]}],""synonyms"":[{""word"":""dash"",""pos"":""verb"",""translation"":""猛衝"",""explanation"":""強調短距離的高速移動""},{""word"":""flee"",""pos"":""verb"",""translation"":""逃離"",""explanation"":""強調為了避險而快速離開""}],""antonyms"":[{""word"":""linger"",""pos"":""verb"",""translation"":""逗留"",""explanation"":""指不願離開或緩慢移動""}]}],""conjugations"":{""past_tense"":""bolted"",""past_participle"":""bolted""},""relatives"":{""morphology"":null,""related"":[]}}"	ai_pass		0
boom	boom n./v.	"{""headword"":""boom"",""explanation"":""「boom」在學測中具有多重面向。作為名詞時，常出現於經濟、產業或人口的「激增」或「繁榮期」；作為動詞時，則描述事物快速成長或突然爆發。此外，它在描述聲音（如雷聲、爆炸聲）時也相當基礎。掌握其「快速膨脹」的核心概念是解題關鍵。"",""senses"":[{""sense"":""繁榮；激增（經濟、產業或人口的快速成長）"",""entries"":[{""pattern"":""economic boom"",""pos"":""noun"",""translation"":""經濟繁榮"",""explanation"":""最高頻的搭配，描述國家或城市在特定時期內財富與商業的快速增長。"",""sentences"":[{""sentence"":""After the new harbor was built, the coastal town experienced a sudden <pattern>economic</pattern> <target>boom</target>, attracting thousands of investors from around the world."",""translation"":""在新港口建成後，這個沿海小鎮經歷了突然的經濟繁榮，吸引了世界各地的數千名投資者。""}]},{""pattern"":""a boom in sth."",""pos"":""noun"",""translation"":""…的激增／繁榮"",""explanation"":""用來具體指出哪一個領域或產品正在經歷快速成長。"",""sentences"":[{""sentence"":""During the early 2020s, there was a massive <target>boom</target> <pattern>in</pattern> online education as more students started learning from home."",""translation"":""在 2020 年代初期，由於更多學生開始在家學習，線上教育出現了大規模的激增。""}]},{""pattern"":""boom"",""pos"":""verb"",""translation"":""繁榮；激增"",""explanation"":""不及物動詞，描述一個產業或市場在短時間內迅速擴張。"",""sentences"":[{""sentence"":""The local tourism industry began to <target>boom</target> after the city was named one of the most beautiful places to visit in Asia."",""translation"":""在該城市被評為亞洲最值得造訪的美麗地點之一後，當地的觀光業開始繁榮。""}]}],""synonyms"":[{""word"":""prosperity"",""pos"":""noun"",""translation"":""繁榮"",""explanation"":""指財富與成功的狀態""},{""word"":""surge"",""pos"":""noun"",""translation"":""激增；飆升"",""explanation"":""強調短時間內快速上升的數量或強度""}],""antonyms"":[{""word"":""depression"",""pos"":""noun"",""translation"":""蕭條；沮喪"",""explanation"":""經濟學中的蕭條期，與 boom 對立""},{""word"":""recession"",""pos"":""noun"",""translation"":""經濟衰退"",""explanation"":""指經濟活動持續下降的時期""}]},{""sense"":""巨響；轟鳴聲（低沉且強大的聲音）"",""entries"":[{""pattern"":""boom"",""pos"":""noun"",""translation"":""巨響；轟鳴聲"",""explanation"":""指像雷聲或大砲聲那樣低沉且強烈的聲音。"",""sentences"":[{""sentence"":""The loud <target>boom</target> of the distant thunder warned the hikers that a heavy rainstorm was approaching quickly."",""translation"":""遠處雷聲的巨響警告登山客，一場大雨將迅速逼近。""}]},{""pattern"":""boom"",""pos"":""verb"",""translation"":""發出巨響"",""explanation"":""描述聲音突然爆發出的狀態。"",""sentences"":[{""sentence"":""The heavy steel door <target>boomed</target> shut with a frightening force, echoing through the empty hallways of the old school."",""translation"":""沉重的鋼門以驚人的力量轟然關上，在舊學校的空蕩走廊中迴盪。""}]}],""synonyms"":[{""word"":""thunder"",""pos"":""noun"",""translation"":""雷鳴聲"",""explanation"":""特定的低沉巨響""},{""word"":""roar"",""pos"":""noun"",""translation"":""吼叫聲；轟鳴聲"",""explanation"":""指強大且持續的聲音""}],""antonyms"":[]}],""conjugations"":{""past_tense"":""boomed"",""past_participle"":""boomed""},""relatives"":{""morphology"":null,""related"":[{""word"":""booming"",""pos"":""adjective"",""translation"":""繁榮的；激增的"",""explanation"":""由 boom 轉化為現在分詞形容詞，常用於描述 booming economy 或 booming business。""}]}}"	ai_fail	SENSE 1: The pattern 'boom' as a verb is placed inside a noun sense. This is a PART_OF_SPEECH_MISMATCH. The verb usage should be in its own sense or a separate sense block. Additionally, the sentence 'The local tourism industry began to <target>boom</target> after...' is too short (19 words) and lacks sufficient descriptive context to make the meaning 'prosper' easily inferable without knowing the word. It's a STYLE_MISMATCH.	0
boost	boost v./n.	"{""headword"":""boost"",""explanation"":""「boost」在學測中是一個極具靈活性的詞彙，既可作為動詞表示「提升、增加」或「推動」，也可作為名詞表示「助力、推動力」。它常出現在討論經濟成長、學習成效、信心建立或能量提升的語境中。重點在於辨識其後接的對象（如信心、價格、效率等）。"",""senses"":[{""sense"":""提升；增加（使某事物的數量、價值或強度增加）"",""entries"":[{""pattern"":""boost sth."",""pos"":""verb"",""translation"":""提升某事；增加某事"",""explanation"":""及物動詞，直接接受詞。受詞通常是抽象的正面特質（如信心、效率）或具體的數值（如價格、銷售額）。"",""sentences"":[{""sentence"":""The government decided to lower taxes for small companies to <target>boost</target> local economic growth during the crisis."",""translation"":""政府決定降低小公司的稅金，以在危機期間提升當地經濟成長。""},{""sentence"":""Reading books every day can greatly <target>boost</target> your vocabulary and improve your ability to write clear essays."",""translation"":""閱讀書籍每天能大幅提升你的詞彙量，並改善你寫作清晰文章的能力。""}]},{""pattern"":""boost sb.'s confidence / morale"",""pos"":""verb"",""translation"":""提升某人的信心／士氣"",""explanation"":""專門用於描述心理狀態的提升，是描述人物成長或團隊合作時的高頻搭配。"",""sentences"":[{""sentence"":""The teacher's warm words of encouragement <target>boosted</target> the student's <pattern>confidence</pattern> after he failed his first chemistry test."",""translation"":""老師溫暖的鼓勵話語在該學生第一次化學考試失敗後，提升了他的信心。""},{""sentence"":""A sudden victory in the first game of the season <target>boosted</target> the team's <pattern>morale</pattern> and inspired them to win the championship."",""translation"":""賽季第一場比賽的突然勝利提升了球隊的士氣，並激勵他們贏得冠軍。""}]}],""synonyms"":[{""word"":""increase"",""pos"":""verb"",""translation"":""增加；提升"",""explanation"":""最通用的增加詞彙""},{""word"":""enhance"",""pos"":""verb"",""translation"":""增強；提升"",""explanation"":""強調使品質或價值變得更好""},{""word"":""promote"",""pos"":""verb"",""translation"":""促進；推動"",""explanation"":""常用於促進發展或推動某項計畫""}],""antonyms"":[{""word"":""decrease"",""pos"":""verb"",""translation"":""減少"",""explanation"":null},{""word"":""reduce"",""pos"":""verb"",""translation"":""降低；減少"",""explanation"":null}]},{""sense"":""助力；推動力（使某事進展更快或更強的因素）"",""entries"":[{""pattern"":""a boost to sth."",""pos"":""noun"",""translation"":""對…的助力／推動力"",""explanation"":""名詞形式，常用於描述某種外部因素對某項目標產生的正面影響。"",""sentences"":[{""sentence"":""The new high-speed railway system provided a huge <target>boost</target> <pattern>to</pattern> tourism in the small mountain towns."",""translation"":""新的高鐵系統為那些小山城鎮的觀光業提供了巨大的助力。""},{""sentence"":""Receiving a scholarship from the university was a significant <target>boost</target> <pattern>to</pattern> her confidence as a young researcher."",""translation"":""從大學獲得獎學金對她作為一名年輕研究員的信心來說是一次顯著的助力。""}]}],""synonyms"":[{""word"":""help"",""pos"":""noun"",""translation"":""幫助"",""explanation"":""最基礎的助力詞""},{""word"":""lift"",""pos"":""noun"",""translation"":""提升；提振"",""explanation"":""強調從低處被拉高或提振的感覺""},{""word"":""stimulus"",""pos"":""noun"",""translation"":""刺激；激勵"",""explanation"":""常用於經濟或心理學術語，指引發成長的外部刺激""}],""antonyms"":[{""word"":""hindrance"",""pos"":""noun"",""translation"":""阻礙"",""explanation"":""指妨礙進展的因素""},{""word"":""setback"",""pos"":""noun"",""translation"":""挫折；阻礙"",""explanation"":""指導致進展停滯或倒退的事件""}]}],""conjugations"":{""past_tense"":""boosted"",""past_participle"":""boosted""},""relatives"":{""morphology"":null,""related"":[{""word"":""booster"",""pos"":""noun"",""translation"":""助推器；增強劑"",""explanation"":""由 boost 加上名詞字尾 -er 延伸而來，常用於火箭助推器或疫苗增強劑。""}]}}"	ai_fail	SENSE 1: The sentence 'Reading books every day can greatly <target>boost</target> your vocabulary...' is too short (17 words) and more like a general statement than a descriptive scenario. STYLE_MISMATCH. Also, 'Reading books every day' is slightly awkward in English; 'Reading books daily' or 'Reading every day' would be more natural. CONTAINS_TYPO/GRAMMARICAL_ERROR.	0
booth	booth n.	"{""headword"":""booth"",""explanation"":""「booth」在學測中通常出現在兩個截然不同的場景：一是描述公共場所（如展覽會、市集）中的「攤位」；二是描述具有隔音或隱私功能的「小隔間」（如投票所、錄音室、電話亭）。區分這兩種語境對於精確掌握文意至關重要。"",""senses"":[{""sense"":""攤位；展位（臨時或半開放式的銷售/展示空間）"",""entries"":[{""pattern"":""booth"",""pos"":""noun"",""translation"":""攤位；展位"",""explanation"":""指在展覽、市集或嘉年華中，用來展示商品或提供服務的小型開放空間。"",""sentences"":[{""sentence"":""During the annual school fair, the art club set up a colorful <target>booth</target> to sell handmade jewelry and paintings to other students."",""translation"":""在年度學校園遊會期間，美術社成立了一個色彩繽紛的攤位，向其他學生銷售手工珠寶和繪畫。""},{""sentence"":""Visitors at the international book fair spent hours walking through the massive hall, visiting various <target>booths</target> to find rare editions of classic novels."",""translation"":""訪客在國際書展中花了好幾個小時在巨大的展廳內行走，參訪各個攤位以尋找經典小說的稀有版本。""}]}],""synonyms"":[{""word"":""stall"",""pos"":""noun"",""translation"":""攤位"",""explanation"":""最常用的同義詞，常用於市集或路邊攤""},{""word"":""stand"",""pos"":""noun"",""translation"":""攤位；展架"",""explanation"":""強調展示商品之用""}],""antonyms"":[]},{""sense"":""小隔間；亭（具有隔音、私密或特定功能的封閉空間）"",""entries"":[{""pattern"":""booth"",""pos"":""noun"",""translation"":""小隔間；亭"",""explanation"":""指一個小而封閉的空間，通常僅容一人或少數人進入，以提供私密性或隔音。"",""sentences"":[{""sentence"":""The voter entered the private <target>booth</target> to cast his ballot in secret, ensuring that no one else knew who he chose."",""translation"":""投票者進入私人小隔間內秘密地投下選票，以確保沒有其他人知道他選擇了誰。""},{""sentence"":""The radio host spoke into the microphone inside the soundproof <target>booth</target> to prevent outside noise from ruining the recording."",""translation"":""電台主持人於隔音小隔間內的麥克風前說話，以防止外部噪音破壞錄音過程。""}]}],""synonyms"":[{""word"":""cubicle"",""pos"":""noun"",""translation"":""小隔間"",""explanation"":""常用於辦公室的分隔區域""},{""word"":""chamber"",""pos"":""noun"",""translation"":""小室；房間"",""explanation"":""較為正式的稱呼""}],""antonyms"":[]}],""conjugations"":null,""relatives"":{""morphology"":null,""related"":[]}}"	ai_pass		0
boredom	boredom n.	"{""headword"":""boredom"",""explanation"":""「boredom」是形容詞 bored 的名詞形式，在學測中常用於描述心理狀態、青少年心理健康或生活單調導致的負面情緒。要注意它與 boring (令人厭煩的) 的區別，boredom 強調的是一種「狀態」或「感覺」。"",""senses"":[{""sense"":""無聊；厭倦（因缺乏刺激或興趣而產生的心理狀態）"",""entries"":[{""pattern"":""out of boredom"",""pos"":""noun"",""translation"":""出於無聊"",""explanation"":""固定片語，表示做某件事的動機是因為沒有其他更有趣的事情可做。"",""sentences"":[{""sentence"":""When the lecture became too long and dry, the student started drawing small, random shapes in his notebook <pattern>out of</pattern> <target>boredom</target>."",""translation"":""當講座變得太長且枯燥時，那名學生出於無聊，開始在筆記本上畫一些隨機的小圖形。""},{""sentence"":""Young children often create imaginative games and imaginary friends <pattern>out of</pattern> <target>boredom</target> when they are left alone at home."",""translation"":""年幼的孩子在獨自留在家中時，常出於無聊而創造出富有想像力的遊戲和虛構的朋友。""}]},{""pattern"":""die of boredom"",""pos"":""noun"",""translation"":""無聊死；極其無聊"",""explanation"":""一種誇張的表達方式，用來形容某個情境或活動讓人感到極度厭煩。"",""sentences"":[{""sentence"":""The waiting room was so quiet and the magazines were so old that I felt like I was going to <pattern>die of</pattern> <target>boredom</target> while waiting for the doctor."",""translation"":""候診室如此安靜，且雜誌如此陳舊，以至於我覺得在等待醫生時快要無聊死了。""},{""sentence"":""Some students <pattern>die of</pattern> <target>boredom</target> during the long summer break if they do not have any hobbies or social activities to keep them busy."",""translation"":""有些學生如果在漫長的暑假中沒有任何愛好或社交活動來讓自己忙碌，會覺得無聊得要死。""}]},{""pattern"":""relieve boredom"",""pos"":""noun"",""translation"":""消除無聊"",""explanation"":""常用於描述透過閱讀、運動或旅遊等活動來打破單調生活。"",""sentences"":[{""sentence"":""Reading a challenging novel is one of the best ways to <target>relieve</target> <pattern>boredom</pattern> when you are stuck in a long traffic jam."",""translation"":""當你被困在長期的交通堵塞中時，閱讀一本具有挑戰性的小說是消除無聊的最佳方式之一。""}]}],""synonyms"":[{""word"":""tedium"",""pos"":""noun"",""translation"":""單調乏味"",""explanation"":""強調長時間重複相同事情而產生的極度厭倦感""},{""word"":""monotony"",""pos"":""noun"",""translation"":""單調；乏味"",""explanation"":""強調缺乏變化或多樣性而導致的無聊""}],""antonyms"":[{""word"":""excitement"",""pos"":""noun"",""translation"":""興奮；刺激"",""explanation"":""指心情愉到、充滿能量的狀態""},{""word"":""fascination"",""pos"":""noun"",""translation"":""著迷；吸引力"",""explanation"":""指對某事產生強烈好奇心或興趣的狀態""}]}],""conjugations"":null,""relatives"":{""morphology"":""形容詞 bore (厭煩) + 名詞字尾 -dom (狀態/領域)"",""related"":[{""word"":""bore"",""pos"":""verb"",""translation"":""使厭煩"",""explanation"":""核心動詞型態。""},{""word"":""bored"",""pos"":""adjective"",""translation"":""感到無聊的"",""explanation"":""指主體感受到厭倦的情緒。""},{""word"":""boring"",""pos"":""adjective"",""translation"":""令人無聊的"",""explanation"":""指事物本身具有使人厭倦的特性。""}]}}"	ai_fail	1. PATTERN_WITH_INSUFFICIENT_EXAMPLES: The pattern 'relieve boredom' only has one example sentence. For a high-yield word, multiple examples are required to show variety. 2. STYLE_MISMATCH: In the sentence 'Reading a challenging novel is one of the best ways to <target>relieve</target> <pattern>boredom</pattern>...', the target word is 'boredom', but the <target> tag is placed on 'relieve'. This is a VIOLATION_OF_SYSTEM_PROMPT.	0
bound	bound v./n.	"{""headword"":""bound"",""explanation"":""「bound」在學測中是一個多義詞，其用法跨越了動詞、形容詞（由分詞演變）與名詞。最關鍵的考點在於其作為形容詞時的「必然性」與「法律/道德義務」，以及作為動詞時的「跳躍」或「限制」之意。"",""senses"":[{""sense"":""跳躍；蹦蹦跳跳（充滿能量或興奮地移動）"",""entries"":[{""pattern"":""bound"",""pos"":""verb"",""translation"":""跳躍；蹦跳"",""explanation"":""描述動物（如狗或鹿）或人興奮地大幅度跳躍移動。"",""sentences"":[{""sentence"":""The excited golden retriever <target>bounded</target> across the grassy field toward its owner, wagging its tail with pure joy."",""translation"":""那隻興奮的金毛獵犬在草地上蹦蹦跳跳地向主人跑去，同時開心地搖著尾巴。""}]},{""pattern"":""bound with excitement"",""pos"":""adjective"",""translation"":""興奮得跳起來的"",""explanation"":""此處 bound 為過去分詞轉形容詞，描述一種極度激動的狀態。"",""sentences"":[{""sentence"":""The children were <target>bound</target> <pattern>with</pattern> excitement when they first saw the giant penguins at the city zoo."",""translation"":""孩子們第一次在城市動物園看到巨大的企鵝時，興奮得跳起來。""}]}],""synonyms"":[{""word"":""leap"",""pos"":""verb"",""translation"":""預測；跳躍"",""explanation"":""指大幅度地跳過某個空間""},{""word"":""jump"",""pos"":""verb"",""translation"":""跳"",""explanation"":""最普遍的跳躍動詞""}],""antonyms"":[]},{""sense"":""綑綁；限制（將某物固定住或使其無法自由移動）"",""entries"":[{""pattern"":""bound in sth."",""pos"":""verb"",""translation"":""用…綑綁；裝訂"",""explanation"":""常用於描述書籍的裝訂方式或將某物用繩索固定。"",""sentences"":[{""sentence"":""The rare historical document was carefully <target>bound</target> <pattern>in</pattern> leather to protect its fragile pages from moisture and air."",""translation"":""這份稀有的歷史文件被小心地用皮革裝訂，以保護其脆弱的頁面免於潮濕與空氣影響。""}]},{""pattern"":""bound sb. to do sth."",""pos"":""verb"",""translation"":""限制某人做某事"",""explanation"":""透過物理或法律手段限制某人的自由。"",""sentences"":[{""sentence"":""The suspect was <target>bound</target> by the police with heavy steel handcuffs, ensuring he could not escape during the transport."",""translation"":""嫌疑人被警方用沉重的鋼製手銬綑綁，以確保他在移送過程中無法逃脫。""}]}],""synonyms"":[{""word"":""tie"",""pos"":""verb"",""translation"":""綑綁；繫"",""explanation"":""最常用的綑綁動詞""},{""word"":""restrict"",""pos"":""verb"",""translation"":""限制"",""explanation"":""強調限制自由或行動範圍""}],""antonyms"":[{""word"":""release"",""pos"":""verb"",""translation"":""釋放"",""explanation"":""指解除綑綁或限制""}]},{""sense"":""必然；注定（基於邏輯、趨勢或預期而必然發生）"",""entries"":[{""pattern"":""be bound to do sth."",""pos"":""adjective"",""translation"":""注定會…；必然會…"",""explanation"":""此為學測最高頻用法。表示根據目前的狀況，未來某事發生的機率極高。"",""sentences"":[{""sentence"":""If you keep ignoring your health and eating junk food every day, you are <target>bound</target> <pattern>to</pattern> feel sick soon."",""translation"":""如果你持續無視健康且每天吃垃圾食物，你注定很快會感到不舒服。""},{""sentence"":""Since the movie has won so many international awards, it is <target>bound</target> <pattern>to</pattern> be a huge hit at the box office."",""translation"":""既然這部電影贏得了這麼多國際獎項，它必然會在票房上大獲成功。""}]}],""synonyms"":[{""word"":""certain"",""pos"":""adjective"",""translation"":""確定的；必然的"",""explanation"":""強調結果的必然性""},{""word"":""inevitable"",""pos"":""adjective"",""translation"":""不可避免的"",""explanation"":""強調無法改變的結果""}],""antonyms"":[{""word"":""unlikely"",""pos"":""adjective"",""translation"":""不大可能的"",""explanation"":""指發生的機率極低""}]},{""sense"":""義務；法律約束（基於法律、道德或合約的責任）"",""entries"":[{""pattern"":""be bound by sth."",""pos"":""adjective"",""translation"":""受…約束；有義務…"",""explanation"":""指受法律、合約或道德準則的限制而必須執行某項行為。"",""sentences"":[{""sentence"":""All employees in the company are <target>bound</target> <pattern>by</pattern> the strict rules of the employee handbook regarding privacy and confidentiality."",""translation"":""公司內所有員工都受員工手冊中關於隱私與保密之嚴格規則的約束。""},{""sentence"":""The two countries signed a peace treaty, and now they are <target>bound</target> <pattern>by</pattern> an agreement to stop all military fighting."",""translation"":""兩國簽署了和平條約，現在他們受協議約束，必須停止所有軍事衝突。""}]}],""synonyms"":[{""word"":""obliged"",""pos"":""adjective"",""translation"":""有義務的"",""explanation"":""指基於法律或道德而必須做某事""},{""word"":""required"",""pos"":""adjective"",""translation"":""要求的；必須的"",""explanation"":""指被規定必須執行""}],""antonyms"":[{""word"":""free"",""pos"":""adjective"",""translation"":""自由的"",""explanation"":""指不受任何約束或義務限制""}]},{""sense"":""邊界；範圍（物理上的界限或跳躍的動作）"",""entries"":[{""pattern"":""boundary"",""pos"":""noun"",""translation"":""邊界；界限"",""explanation"":""bound 作為名詞時，常以 boundaries 形式出現，指物理或心理上的界限。"",""sentences"":[{""sentence"":""The river serves as a natural <target>bound</target> between the two small towns, separating the northern and southern sides of the valley."",""translation"":""這條河成了兩個小鎮之間的天然邊界，將山谷的南北兩側分開。""}]}],""synonyms"":[{""word"":""border"",""pos"":""noun"",""translation"":""邊界；國界"",""explanation"":""指物理上的邊界線""},{""word"":""limit"",""pos"":""noun"",""translation"":""限制；極限"",""explanation"":""指行動或認知的邊界""}],""antonyms"":[]}],""conjugations"":{""past_tense"":""bounded"",""past_participle"":""bound""},""relatives"":{""morphology"":""字根 bound (跳躍/綑綁)"",""related"":[{""word"":""boundary"",""pos"":""noun"",""translation"":""邊界；界限"",""explanation"":""由 bound 延伸而來，指跳躍之極限或限制之範圍。""},{""word"":""unbound"",""pos"":""adjective"",""translation"":""不受限的；未裝訂的"",""explanation"":""由 bound 的反義字首 un- 加上 bound 延伸而來。""}]}}"	ai_fail	senses[0].entries[1].pattern 'bound with excitement' is tagged as 'adjective', but the sentence 'The children were <target>bound</target> <pattern>with</pattern> excitement' uses it as a past participle/adjective. However, the pattern 'bound with excitement' is not fully tagged in the sentence (the word 'excitement' is missing the <pattern> tag). 2. INCOMPLETE_PATTERN: In the sense '跳躍', the pattern 'bound' (verb) has only one example. 3. PART_OF_SPEECH_MISMATCH: In the sense '邊界', the pattern 'boundary' is listed under the headword 'bound'. This is a field mismatch; 'boundary' is a separate word. 4. CONTAINS_TYPO: In synonyms for sense 0, 'leap' is translated as '預測；跳躍'. '預測' (predict) is a typo. 5. VIOLATION_OF_SYSTEM_PROMPT: In the sense '綑綁', the pattern 'bound sb. to do sth.' is used, but the sentence 'The suspect was <target>bound</target> by the police...' does not match the pattern 'bound sb. to do sth.' (it's a passive construction of 'bound sb. with sth.').	0
boundary	boundary n.	"{""headword"":""boundary"",""explanation"":""「boundary」在學測中常出現在地理、社會科學、心理學或科學研究的文本中。它既可以指物理上的「邊界/國界」，也可以指抽象的「界限/範圍」。在寫作中，正確區分物理邊界與抽象界限的搭配詞（如 push the boundaries）是提升文章層次感的關鍵。"",""senses"":[{""sense"":""物理邊界；國界（空間上的分界線）"",""entries"":[{""pattern"":""boundary"",""pos"":""noun"",""translation"":""邊界；分界線"",""explanation"":""指兩個區域、國家或領土之間明確的物理線條或分界點。"",""sentences"":[{""sentence"":""The tall stone wall served as a clear <target>boundary</target> between the farmer's private garden and the noisy public street."",""translation"":""那道高高的石牆在農民的私家花園與嘈雜的公共街道之間扮演了明確的分界線。""},{""sentence"":""Ancient maps often had inaccurate <target>boundaries</target> because early explorers did not have the modern tools to measure land precisely."",""translation"":""古代地圖上的邊界經常不準確，因為早期的探險家沒有現代的工具來精確測量土地。""}]}],""synonyms"":[{""word"":""border"",""pos"":""noun"",""translation"":""國界；邊緣"",""explanation"":""最常用於國家之間的正式分界線""},{""word"":""frontier"",""pos"":""noun"",""translation"":""邊境；邊緣"",""explanation"":""強調尚未開發或探索的邊緣地帶""}],""antonyms"":[]},{""sense"":""界限；範圍（抽象的限制、準則或知識邊界）"",""entries"":[{""pattern"":""push the boundaries of sth."",""pos"":""noun"",""translation"":""挑戰…的界限／突破…的範圍"",""explanation"":""一個極高頻的慣用語，指嘗試做一些前所未有的事情，以擴展現有的知識、藝術或科技限制。"",""sentences"":[{""sentence"":""The young scientist spent years in the lab, hoping to <target>push</target> the <pattern>boundaries</pattern> <pattern>of</pattern> modern medicine and find a cure for the disease."",""translation"":""這位年輕的科學家在實驗室裡度過了多年，希望突破現代醫學的界限並找到治癒該疾病的方法。""},{""sentence"":""Many modern artists try to <target>push</target> the <pattern>boundaries</pattern> <pattern>of</pattern> creativity by mixing traditional painting with digital technology."",""translation"":""許多現代藝術家試圖通過將傳統繪畫與數位科技結合，來挑戰創造力的界限。""}]},{""pattern"":""set boundaries"",""pos"":""noun"",""translation"":""設定界限"",""explanation"":""常用於心理健康或社交關係，指明確告知他人哪些行為是不可接受的，以保護自己的私隱或精神狀態。"",""sentences"":[{""sentence"":""It is important for students to <target>set</target> healthy <pattern>boundaries</pattern> between their schoolwork and their free time to avoid feeling too stressed."",""translation"":""學生在學業與自由時間之間設定健康的界限是非常重要的，以避免感到過於壓力。""},{""sentence"":""A professional manager must <target>set</target> clear <pattern>boundaries</pattern> with employees to ensure that work tasks are completed efficiently without personal conflict."",""translation"":""一位專業的經理必須與員工設定明確的界限，以確保工作任務能高效完成且不產生個人衝突。""}]}],""synonyms"":[{""word"":""limit"",""pos"":""noun"",""translation"":""限制；限度"",""explanation"":""指不能超過的最高或最低點""},{""word"":""barrier"",""pos"":""noun"",""translation"":""障礙；屏障"",""explanation"":""強調阻礙進入或交流的物理或心理障礙""}],""antonyms"":[]}],""conjugations"":null,""relatives"":{""morphology"":""字根 bound (綁定、限制) + 名詞字尾 -ary"",""related"":[{""word"":""bound"",""pos"":""adjective"",""translation"":""受限的；必然的"",""explanation"":""原意為被綁住，引申為受限或必然會發生。""},{""word"":""boundless"",""pos"":""adjective"",""translation"":""無限的"",""explanation"":""由 boundary 延伸而來，加上否定字尾 -less，指能量或空間無邊無際。""},{""word"":""unbound"",""pos"":""adjective"",""translation"":""未被束縛的"",""explanation"":""指不受限制或未被裝訂的書本。""}]}}"	ai_fail	VIOLATION_OF_SYSTEM_PROMPT: In the sense '界限', the pattern 'push the boundaries of sth.' has the target word 'boundary' inside a <pattern> tag (<pattern>boundaries</pattern>), but the system prompt explicitly states: 'Never wrap the headword itself in pattern tags.' This occurs in all examples for 'push the boundaries of sth.' and 'set boundaries'.	0
boxer	boxer n.	"{""headword"":""boxer"",""explanation"":""「boxer」在學測中主要有兩種截然不同的含義：一種是指參與拳擊運動的「拳擊手」，另一種是指特定的犬種「拳擊狗」。在閱讀測驗中，需根據上下文判斷是體育競技還是寵物與生物特徵。"",""senses"":[{""sense"":""拳擊手（從事拳擊運動的人）"",""entries"":[{""pattern"":""boxer"",""pos"":""noun"",""translation"":""拳擊手"",""explanation"":""指接受專業訓練、以拳擊為職業或愛好的人。"",""sentences"":[{""sentence"":""The young <target>boxer</target> spent every morning training hard in the gym to increase his strength and speed for the upcoming match."",""translation"":""那位年輕的拳擊手每天早晨在健身房刻苦訓練，以增加他迎接即將到來的比賽所需的體力與速度。""},{""sentence"":""After ten years of fighting in the ring, the professional <target>boxer</target> finally decided to retire and open his own sports clinic."",""translation"":""經過十年的擂台格鬥，這位職業拳擊手終於決定退休並開設自己的體育診所。""}]}],""synonyms"":[{""word"":""fighter"",""pos"":""noun"",""translation"":""格鬥家；鬥士"",""explanation"":""泛指所有參與打鬥或格鬥運動的人""},{""word"":""pugilist"",""pos"":""noun"",""translation"":""拳擊手"",""explanation"":""較正式且較少見的高級詞彙，特指拳擊運動員""}],""antonyms"":[]},{""sense"":""拳擊狗（一種中型犬種）"",""entries"":[{""pattern"":""boxer"",""pos"":""noun"",""translation"":""拳擊狗"",""explanation"":""指一種原產於德國、以面部短扁和性格活潑著稱的犬種。"",""sentences"":[{""sentence"":""Because they are full of energy and love playing, <target>boxers</target> are often great companions for families with active children."",""translation"":""因為拳擊狗精力充沛且熱愛玩耍，它們通常是擁有活潑孩子的家庭之絕佳伴侶。""},{""sentence"":""My neighbor has a friendly <target>boxer</target> that always wags its tail happily whenever it sees a visitor entering the garden."",""translation"":""我的鄰居養了一隻友好的拳擊狗，每當它看到訪客進入花園時，總是開心地搖著尾巴。""}]}],""synonyms"":[],""antonyms"":[]}],""conjugations"":null,""relatives"":{""morphology"":null,""related"":[{""word"":""boxing"",""pos"":""noun"",""translation"":""拳擊運動"",""explanation"":""由名詞 boxer 延伸出的運動名稱。""}]}}"	ai_fail	DENSITY_ERROR: The word 'boxer' is relatively simple, but the entries are too sparse. Only one pattern per sense. Provide more varied patterns (e.g., 'be a professional boxer', 'amateur boxer'). Also, RELATIVES: 'boxing' is not derived from 'boxer', but both are derived from the root 'box'. The explanation for 'boxing' in relatives should be corrected.	0
breakthrough	breakthrough n.	"{""headword"":""breakthrough"",""explanation"":""「breakthrough」在學測中常用於科技、醫療以及科學研究的閱讀測驗中，用以描述一個長期停滯後突然取得的重大進展。它不僅可以作為名詞，在某些語境中也可能與動詞搭配來強調「突破」的動作。理解其核心概念是「打破障礙後取得進展」。"",""senses"":[{""sense"":""重大突破；進展（特別是指科學、技術或談判上的重大進展）"",""entries"":[{""pattern"":""a breakthrough in sth."",""pos"":""noun"",""translation"":""在…方面的重大突破"",""explanation"":""後接介系詞 in 加上研究領域或問題，是學測中最常見的固定搭配句型。"",""sentences"":[{""sentence"":""After years of difficult research, the team of scientists finally made a significant <target>breakthrough</target> <pattern>in</pattern> treating a rare form of lung cancer."",""translation"":""經過多年的艱難研究，科學家團隊終於在治療一種罕見肺癌方面取得了重大突破。""},{""sentence"":""The discovery of electricity was a major <target>breakthrough</target> <pattern>in</pattern> human history, changing how we light our homes and power our machines."",""translation"":""電的發現是人類歷史上一個重大的突破，改變了我們照亮房屋以及為機器提供能量的方式。""}]}],""synonyms"":[{""word"":""advance"",""pos"":""noun"",""translation"":""進展；進步"",""explanation"":""指在知識或技術上的前進""},{""word"":""discovery"",""pos"":""noun"",""translation"":""發現"",""explanation"":""強調從無到有的發現過程""}],""antonyms"":[{""word"":""setback"",""pos"":""noun"",""translation"":""挫折；障礙"",""explanation"":""指進度被推後或遇到困難而導致的退步""}]}],""conjugations"":null,""relatives"":{""morphology"":""動詞 break (打破) + through (穿過)"",""related"":[{""word"":""break through"",""pos"":""verb"",""translation"":""突破；衝破"",""explanation"":""動詞短語，強調打破障礙物而穿過，可指物理上的突破或抽象的困難。""}]}}"	ai_fail	DENSITY_ERROR: Only one pattern provided ('a breakthrough in sth.'). For a high-yield word like 'breakthrough', more patterns are needed (e.g., 'make a breakthrough', 'a major breakthrough'). While 'make a breakthrough' is used in the sentence, it is not listed as a separate pattern. The pattern should be explicitly listed to help students recognize thes collocation.	0
briefcase	briefcase n.	"{""headword"":""briefcase"",""explanation"":""「briefcase」是一個複合名詞，由 brief (簡短的/法律文書) 與 case (箱子/殼) 組成。在學測情境中，它通常出現在描述職場、商務旅行或正式社交場合的閱讀測驗中，用以象徵專業形象或攜帶重要文件的工具。"",""senses"":[{""sense"":""公事包；文件夾（商務或專業人士攜帶文件的皮包）"",""entries"":[{""pattern"":""briefcase"",""pos"":""noun"",""translation"":""公事包"",""explanation"":""指一種長方形的硬殼或皮製手提包，專門用於攜帶法律文件、合約或筆記本電腦。"",""sentences"":[{""sentence"":""The lawyer carried a heavy leather <target>briefcase</target> into the courtroom, which contained all the evidence and documents needed for the trial."",""translation"":""律師帶著一個沉重的皮革公事包進入法庭，裡面裝著審判所需的所有證據和文件。""},{""sentence"":""After the long meeting, the businessman carefully locked his <target>briefcase</target> and walked toward the airport to catch his flight."",""translation"":""會議結束後，那位商人小心地鎖上他的公事包，然後走向機場準備搭機。""}]}],""synonyms"":[],""antonyms"":[]}],""conjugations"":null,""relatives"":{""morphology"":""形容詞 brief (簡短的/法律文書) + 名詞 case (箱子/殼)"",""related"":[{""word"":""case"",""pos"":""noun"",""translation"":""箱子；案例；情況"",""explanation"":""最基礎的容器名詞，亦可引申為法律案件或特定情況。""},{""word"":""brief"",""pos"":""adjective"",""translation"":""簡短的"",""explanation"":""指時間或長度短暫。""},{""word"":""brief"",""pos"":""noun"",""translation"":""法律簡報；摘要"",""explanation"":""法律專業術語，指提交給法院的書面論述。""}]}}"	ai_fail	DENSITY_ERROR: DENSITY_ERROR: Only one pattern provided. While 'briefcase' is as a noun, it's a simple word, but the student should be able to see more common collocations (e.g., 'leather briefcase', 'open a briefcase').	0
bronze	bronze n./adj.	"{""headword"":""bronze"",""explanation"":""「bronze」在學測中常出現在歷史、藝術或體育類文章中。作為名詞時，指一種金屬合金（青銅）；作為形容詞時，可用於描述顏色（古銅色）或材質。需注意其在體育競賽中代表「第三名」的象徵意義。"",""senses"":[{""sense"":""青銅；青銅器（金屬合金）"",""entries"":[{""pattern"":""bronze"",""pos"":""noun"",""translation"":""青銅"",""explanation"":""指銅與錫的合金，常用於描述古代文明的工具或藝術品。"",""sentences"":[{""sentence"":""Ancient civilizations used <target>bronze</target> to make strong tools and weapons, which allowed them to build larger cities and farm more land."",""translation"":""古代文明使用青銅來製作強壯的工具與武器，這使他們能夠建造更大的城市並耕種更多的土地。""}]},{""pattern"":""bronze statue/artifact"",""pos"":""noun"",""translation"":""青銅雕像／青銅文物"",""explanation"":""常用於藝術史或考古學背景，描述用青銅鑄造的物品。"",""sentences"":[{""sentence"":""The museum displayed a magnificent <target>bronze</target> statue of a Greek warrior, showing the incredible skill of artists from thousands of years ago."",""translation"":""博物館展出了一尊壯麗的希臘戰士青銅雕像，展現了數千年前藝術家驚人的技巧。""}]}],""synonyms"":[],""antonyms"":[]},{""sense"":""古銅色的；青銅製的（顏色或材質）"",""entries"":[{""pattern"":""bronze skin/tan"",""pos"":""adjective"",""translation"":""古銅色的皮膚"",""explanation"":""描述皮膚因曬太陽而呈現的深棕色或金屬色澤。"",""sentences"":[{""sentence"":""After spending an entire summer surfing at the beach, the teenager returned home with a healthy <target>bronze</target> tan."",""translation"":""在海邊衝浪度過整個夏天後，這名青少年帶著健康的古銅色曬痕回到了家。""}]},{""pattern"":""bronze medal"",""pos"":""adjective"",""translation"":""銅牌"",""explanation"":""在體育比賽（如奧運）中代表第三名的獎項。"",""sentences"":[{""sentence"":""Although she did not win the gold, the young swimmer felt proud when she received a <target>bronze</target> medal at the world championships."",""translation"":""雖然她沒有贏得金牌，但這位年輕的游泳選手在世界錦標賽獲得銅牌時感到很自豪。""}]}],""synonyms"":[{""word"":""brownish"",""pos"":""adjective"",""translation"":""棕褐色的"",""explanation"":""描述顏色接近棕色的狀態""}],""antonyms"":[]}],""conjugations"":null,""relatives"":{""morphology"":null,""related"":[{""word"":""bronzed"",""pos"":""adjective"",""translation"":""古銅色的"",""explanation"":""常用於描述被曬黑的皮膚或經過青銅處理的表面。""}]}}"	ai_fail	1. INCOMPLETE_PATTERN: In the second sense, the pattern 'bronze medal' is not fully tagged with <pattern> tags in the example sentence (the word 'medal' is missing the tag). 2. STYLE_MISMATCH: The sentence for 'bronze skin/tan' is slightly too short (21 words), but more importantly, the translation '古銅色曬痕' for 'bronze tan' is unnatural; '曬黑' or '古銅色皮膚' is more common. 3. MISSING_COLLOCATIONS: For a word like 'bronze', the 'Bronze Age' (青銅時代) is a critical high-yield GSAT collocation that is completely missing.	0
browse	browse v./n.	"{""headword"":""browse"",""explanation"":""「browse」在現代英語中具有兩層核心意義：一是傳統的「隨意翻閱」或「漫遊（商店）」，二是數位時代的「瀏覽網頁」。在學測中，這兩個語意均可能出現，尤其是描述學習習慣或購物行為時。"",""senses"":[{""sense"":""瀏覽；隨意翻閱（不帶特定目的地快速查看）"",""entries"":[{""pattern"":""browse through sth."",""pos"":""verb"",""translation"":""瀏覽…；翻閱…"",""explanation"":""常用於描述在圖書館、書店或文件中快速地翻閱，尋找感興趣的部分。"",""sentences"":[{""sentence"":""During the long break, the student spent an hour <target>browsing</target> <pattern>through</pattern> the history books in the school library to find a topic for his project."",""translation"":""在漫長的休息時間裡，學生在學校圖書館花了一個小時翻閱歷史書，想為他的專案找一個主題。""},{""sentence"":""Instead of reading the entire novel, she decided to <target>browse</target> <pattern>through</pattern> the table of contents to see if the story interested her."",""translation"":""她決定不讀整本小說，而是隨意翻閱目錄，看看故事是否引起她的興趣。""}]},{""pattern"":""browse the internet / a website"",""pos"":""verb"",""translation"":""瀏覽網路／網站"",""explanation"":""數位時代最常見的用法，指在網路上隨機查看資訊。"",""sentences"":[{""sentence"":""Many teenagers spend too much of their free time <target>browsing</target> the <pattern>internet</pattern> instead of focusing on their physical health and exercise."",""translation"":""許多青少年在空閒時間花太多時間瀏覽網路，而不是專注於他們的身體健康和運動。""},{""sentence"":""If you want to learn more about the local culture, you can <target>browse</target> the official <pattern>website</pattern> of the city tourism bureau."",""translation"":""如果你想了解更多關於當地文化的資訊，你可以瀏覽市觀光局的官方網站。""}]},{""pattern"":""browse the shelves / aisles"",""pos"":""verb"",""translation"":""逛（商店、書架）"",""explanation"":""指在商店或超市中悠閒地走動，看看有沒有想買的東西。"",""sentences"":[{""sentence"":""The couple spent their Saturday afternoon <target>browsing</target> the <pattern>shelves</pattern> of a small antique shop, looking for a unique gift for their friend."",""translation"":""這對夫婦花了一個週六下午在一家古董小店的書架間逛著，想為他們的朋友找一件獨特的禮物。""}]}],""synonyms"":[{""word"":""scan"",""pos"":""verb"",""translation"":""快速掃視"",""explanation"":""強調為了尋找特定資訊而快速閱讀""},{""word"":""skim"",""pos"":""verb"",""translation"":""略讀"",""explanation"":""快速閱讀以掌握文章大意""}],""antonyms"":[]}],""conjugations"":{""past_tense"":""browsed"",""past_participle"":""browsed""},""relatives"":{""morphology"":null,""related"":[{""word"":""browser"",""pos"":""noun"",""translation"":""瀏覽器"",""explanation"":""指用來瀏覽網頁的軟體，如 Chrome 或 Safari。""}]}}"	ai_fail	1. DENSITY_ERROR: 'browse' is a versatile word with distinct meanings (e.g., animals feeding on grass/leaves), but the 'animal feeding' sense is missing entirely. 2. INCOMPLETE_PATTERN: In the pattern 'browse the internet / a website', the target word 'browse' is not wrapped in <target> tags in the pattern field itself, though it's correct in the sentences. However, the pattern field should be the formula. 3. STYLE_MISMATCH: In the sentence 'Many teenagers spend too much of their free time browsing the internet...', the word 'internet' is wrapped in <pattern> tags, but 'internet' is not part of the formula 'browse the internet'. The formula is the collocation. The pattern tag should wrap the essential accompanying elements. While 'internet' is technically the object, the formula is 'browse the internet'. 4. MISSING_COLLOCATIONS: Common GSAT-level collocations like 'browse for' (searching for something) are missing.	0
bruise	bruise n./v.	"{""headword"":""bruise"",""explanation"":""「bruise」在學測中常出現在健康、運動傷害或心理描述的語境中。它既可作為名詞表示物理上的「瘀青」，也可作為動詞表示「使瘀青」或抽象地表示「傷害（感情）」。重點在於區分物理傷害與心理傷害的用法。"",""senses"":[{""sense"":""瘀青；青腫（皮膚下血管破裂但皮膚未破皮的狀態）"",""entries"":[{""pattern"":""bruise"",""pos"":""noun"",""translation"":""瘀青；青腫"",""explanation"":""指皮膚表面呈現紫色或藍色的斑塊。"",""sentences"":[{""sentence"":""After falling off his bike during the school sports day, the young boy had a large, purple <target>bruise</target> on his left knee."",""translation"":""在學校運動會期間從單車上摔下來後，那個小男孩的左膝蓋上有一塊巨大的紫色瘀青。""},{""sentence"":""The athlete suffered several deep <target>bruises</target> on her arms after the fierce competition in the rugby match."",""translation"":""在那場激烈的橄欖球比賽後，那名運動員的手臂上受了幾處深層的青腫。""}]},{""pattern"":""be covered in bruises"",""pos"":""noun"",""translation"":""全身是瘀青"",""explanation"":""常用於描述嚴重撞擊或意外後的身體狀態。"",""sentences"":[{""sentence"":""The rescue team found the hiker <pattern>be covered in</pattern> <target>bruises</target> after he spent three cold nights lost in the mountain forest."",""translation"":""救援隊發現那名登山客在寒冷的山林中迷路三個夜晚後，全身佈滿了瘀青。""}]}],""synonyms"":[{""word"":""contusion"",""pos"":""noun"",""translation"":""挫傷；瘀青"",""explanation"":""醫學專業術語，指皮膚下組織受傷""},{""word"":""mark"",""pos"":""noun"",""translation"":""痕跡"",""explanation"":""泛指身體上的任何標記或印記""}],""antonyms"":[]},{""sense"":""使瘀青；撞傷（物理上的碰撞導致皮膚受損）"",""entries"":[{""pattern"":""bruise sth."",""pos"":""verb"",""translation"":""使…瘀青；撞傷"",""explanation"":""及物動詞，指對身體部位或水果等脆弱物品造成碰撞傷害。"",""sentences"":[{""sentence"":""Be careful when you pack the peaches in the box, because they are very soft and can <target>bruise</target> <pattern>easily</pattern> if you press them too hard."",""translation"":""在把桃子裝進盒子時要小心，因為它們非常軟，如果你用力過猛，很容易會撞傷（使其瘀青）。""},{""sentence"":""The heavy blow to his shoulder <target>bruised</target> his muscles, making it difficult for him to lift his heavy school bag for a week."",""translation"":""肩膀受到重擊使他的肌肉瘀青，導致他一週內都難以提起沉重的書包。""}]}],""synonyms"":[{""word"":""damage"",""pos"":""verb"",""translation"":""損壞；傷害"",""explanation"":""泛指對物體或身體造成傷害""},{""word"":""hurt"",""pos"":""verb"",""translation"":""使受傷"",""explanation"":""最普遍的通用傷害動詞""}],""antonyms"":[]},{""sense"":""傷害；使受傷（抽象地指對感情、自尊心或名聲的損害）"",""entries"":[{""pattern"":""bruise sb's pride/ego"",""pos"":""verb"",""translation"":""傷害某人的自尊心"",""explanation"":""將物理上的「撞傷」轉化為心理上的「受損」，常用於描述尷尬或失敗的經驗。"",""sentences"":[{""sentence"":""Losing the debate competition to a junior student <target>bruised</target> <pattern>his</pattern> <pattern>pride</pattern>, but it also taught him how to be more humble."",""translation"":""在辯論比賽中輸給一名學弟，傷害了他的自尊心，但也教會了他如何變得更加謙虛。""},{""sentence"":""The harsh criticism from the teacher <target>bruised</target> <pattern>her</pattern> <pattern>ego</pattern>, making her feel that her hard work was not valued at all."",""translation"":""老師嚴厲的批評傷害了她的自尊心，讓她覺得自己的努力根本沒有受到重視。""}]}],""synonyms"":[{""word"":""hurt"",""pos"":""verb"",""translation"":""傷害"",""explanation"":""最通用的心理傷害動詞""},{""word"":""offend"",""pos"":""verb"",""translation"":""冒犯；得罪"",""explanation"":""強調因言行而使他人感到不快""}],""antonyms"":[{""word"":""soothe"",""pos"":""verb"",""translation"":""安撫；撫慰"",""explanation"":""指緩解心理或物理上的痛苦""}]}],""conjugations"":{""past_tense"":""bruised"",""past_participle"":""bruised""},""relatives"":{""morphology"":null,""related"":[{""word"":""bruisable"",""pos"":""adjective"",""translation"":""容易瘀青的"",""explanation"":""由動詞 bruise 加上形容詞字尾 -able 延伸而來。""}]}}"	ai_fail	1. GRAMMARICAL_ERROR: In the sentence 'The rescue team found the hiker <pattern>be covered in</pattern> <target>bruises</target>', the use of 'be covered in' is incorrect. It should be 'covered in' (past participle as object complement). 2. PART_OF_SPEECH_MISMATCH: The pattern 'be covered in bruises' is listed as a 'noun' POS, but it is a verbal phrase/predicative expression. 3. INCOMPLETE_PATTERN: In the sentence 'Be careful when you pack the peaches in the box, because they are very soft and can <target>bruise</target> <pattern>easily</pattern> if you press them too hard.', the pattern 'bruise sth.' is not actually demonstrated; 'easily' is an adverb of manner, not the object 'sth.'. 4. STYLE_MISMATCH: The sentence 'The heavy blow to his shoulder <target>bruised</target> his muscles, making it difficult for him to lift his heavy school bag for a week.' is slightly illogical as muscle bruising (deep tissue) usually doesn't prevent lifting a bag for a whole week unless it's a severe injury, which contradicts the 'bruise' context of simple bruising. 5. MISSING_COLLOCATIONS: Missing common GSAT-level collocations like 'bruised ego' as a noun phrase (though it is used as a verb in the sense 3, the noun form is common).	0
beware	beware v.	"{""headword"":""beware"",""explanation"":""「beware」在學測中主要作為命令句的開頭，用來警告他人注意潛在的危險或陷阱。它是一個不及物動詞，最核心的用法是搭配介系詞 of，且幾乎不會以主詞+動詞的陳述句形式出現，而是直接作為警告指令。"",""senses"":[{""sense"":""小心；提防（警告注意危險或有害之物）"",""entries"":[{""pattern"":""beware of sth./sb."",""pos"":""verb"",""translation"":""小心…；提防…"",""explanation"":""最常見的固定搭配，後接危險物品、動物或心懷不軌的人。常用於告示牌或口頭警告。"",""sentences"":[{""sentence"":""While hiking through the deep forest, you should <target>beware</target> <pattern>of</pattern> wild animals that might be hiding behind the thick bushes."",""translation"":""在深林中健行時，你應該小心可能躲在茂密灌木叢後方的野生動物。""},{""sentence"":""The sign on the rusty gate warned all visitors to <target>beware</target> <pattern>of</pattern> the fierce dog guarding the private property."",""translation"":""生鏽大門上的告示牌警告所有訪客，要提防守著私人領地的兇猛惡犬。""},{""sentence"":""When shopping on unknown websites, users must <target>beware</target> <pattern>of</pattern> fake advertisements that try to steal their personal information."",""translation"":""在未知網站購物時，使用者必須提防試圖竊取其個人資訊的虛假廣告。""}]},{""pattern"":""beware!"",""pos"":""verb"",""translation"":""小心！"",""explanation"":""單獨使用作為感嘆句或命令句，用來立即提醒對方注意周圍突發的危險。"",""sentences"":[{""sentence"":""<target>Beware</target>! The old wooden bridge is very unstable and could collapse at any moment if too many people cross it."",""translation"":""小心！這座舊木橋非常不穩定，如果太多人通過，隨時可能會坍塌。""}]}],""synonyms"":[{""word"":""be cautious of"",""pos"":""verb"",""translation"":""對…謹慎"",""explanation"":""較為正式的用法，強調保持警覺的心態""},{""word"":""watch out for"",""pos"":""verb"",""translation"":""留意；小心"",""explanation"":""口語中極其常見，指密切觀察以避免危險""},{""word"":""be wary of"",""pos"":""verb"",""translation"":""對…有所顧慮/提防"",""explanation"":""強調因為不信任或懷疑而產生的謹慎""}],""antonyms"":[]}],""conjugations"":null,""relatives"":{""morphology"":""字根 ware (注意/警覺)，與 aware 共享相同根源"",""related"":[{""word"":""aware"",""pos"":""adjective"",""translation"":""意識到的；察覺的"",""explanation"":""指對某種事實或情況有認知。""},{""word"":""awareness"",""pos"":""noun"",""translation"":""意識；覺悟"",""explanation"":""對特定議題（如環保 awareness）的認知程度。""},{""word"":""unaware"",""pos"":""adjective"",""translation"":""未察覺的"",""explanation"":""aware 的反義詞，指對某事完全不知道。""}]}}"	ai_fail	The explanation in the headword explanation field says it is an intransitive verb and almost never appears as a declarative sentence, but the example sentences 1, 2, and 3 all use it as a declarative sentence (e.g., 'you should beware of', 'warned all visitors to beware of', 'users must beware of'). This is a contradiction between the explanation and the examples. Additionally, the pattern 'beware!' as a standalone warning is missing the <target> tags for the word 'Beware' in the pattern field itself (though it is tagged in the sentence).	0
bully	bully n./v.	"{""headword"":""bully"",""explanation"":""「bully」在學測中常出現在探討校園生活、心理健康或社會行為的閱讀測驗中。它既可作為名詞指代「欺凌者」，也可作為動詞指代「欺負」的行為。要注意其在文中的語境，區分它是指一個人還是指一種持續性的行為。"",""senses"":[{""sense"":""欺凌者；霸凌者（利用權力或體型優勢欺壓他人的人）"",""entries"":[{""pattern"":""bully"",""pos"":""noun"",""translation"":""霸凌者；欺凌者"",""explanation"":""指在學校或社交圈中透過恐嚇或威脅來控制他人的人。"",""sentences"":[{""sentence"":""The small boy felt terrified every morning because a tall <target>bully</target> always stole his lunch money behind the school gym."",""translation"":""那個小男孩每天早上都感到恐懼，因為一個高大的霸凌者總是在學校體育館後面搶他的午餐錢。""},{""sentence"":""After the teacher noticed the strange behavior of the quiet girl, she realized that the student was being targeted by a cruel <target>bully</target>."",""translation"":""在老師注意到那個安靜女孩的奇怪行為後，她意識到該學生正被一名殘忍的霸凌者盯上。""}]}],""synonyms"":[{""word"":""tormentor"",""pos"":""noun"",""translation"":""折磨者"",""explanation"":""強調持續給予他人痛苦的人""},{""word"":""oppressor"",""pos"":""noun"",""translation"":""壓迫者"",""explanation"":""通常指擁有更高權力地位的壓迫者""}],""antonyms"":[{""word"":""protector"",""pos"":""noun"",""translation"":""保護者"",""explanation"":null},{""word"":""defender"",""pos"":""noun"",""translation"":""防衛者"",""explanation"":null}]},{""sense"":""欺負；霸凌（透過威脅或恐嚇強迫他人做某事）"",""entries"":[{""pattern"":""bully sb."",""pos"":""verb"",""translation"":""欺負某人"",""explanation"":""及物動詞，直接接受詞，描述一種不平等的權力關係。"",""sentences"":[{""sentence"":""Many teenagers feel lonely and sad when others <target>bully</target> them <pattern>for</pattern> their appearance or their slow way of speaking."",""translation"":""許多青少年在他人因為外貌或說話緩慢而欺負他們時，會感到寂寞與悲傷。""},{""sentence"":""The school principal decided to implement a new rule to stop students from <target>bullying</target> others in the hallways."",""translation"":""校長決定實施一新規定，以防止學生在走廊上欺負他人。""}]},{""pattern"":""bully sb. into doing sth."",""pos"":""verb"",""translation"":""恐嚇／強迫某人做某事"",""explanation"":""強搭配句型。指透過心理壓力或威脅，使對方在恐懼中違心地同意做某事。"",""sentences"":[{""sentence"":""The older students tried to <target>bully</target> the freshman <pattern>into</pattern> doing their homework for them for the entire semester."",""translation"":""高年級學生試圖恐嚇那個新生，強迫他在整個學期內幫他們寫作業。""},{""sentence"":""Because he was so shy, the group of friends <target>bullied</target> him <pattern>into</pattern> jumping into the cold lake during the summer camp."",""translation"":""因為他很害羞，那群朋友恐嚇他，強迫他在夏令營期間跳進冰冷的湖中。""}]}],""synonyms"":[{""word"":""intimidate"",""pos"":""verb"",""translation"":""恐嚇；威脅"",""explanation"":""強調透過恐懼使對方失去信心或屈服""},{""word"":""coerce"",""pos"":""verb"",""translation"":""強迫；脅迫"",""explanation"":""強調使用武力或威脅強迫對方同意""}],""antonyms"":[{""word"":""encourage"",""pos"":""verb"",""translation"":""鼓勵"",""explanation"":null},{""word"":""support"",""pos"":""verb"",""translation"":""支持"",""explanation"":null}]}],""conjugations"":{""past_tense"":""bullied"",""past_participle"":""bullied""},""relatives"":{""morphology"":null,""related"":[{""word"":""bullying"",""pos"":""noun"",""translation"":""霸凌行為"",""explanation"":""由動詞 bully 演變而來，指持續性的欺凌行為。""}]}}"	ai_fail	In the sense '欺負；霸凌', the first example sentence 'Many teenagers feel lonely and sad when others <target>bully</target> them <pattern>for</pattern> their appearance...' uses the pattern 'bully sb. for sth.', but the pattern listed is only 'bully sb.'. This is a PART_OF_SPEECH_MISMATCH or INCOMPLETE_PATTERN. The pattern should be explicitly listed as 'bully sb. (for sth.)' to cover the collocation with 'for'. 	0
bureaucracy	bureaucracy n.	"{""headword"":""bureaucracy"",""explanation"":""「bureaucracy」在學測閱讀中常出現在探討政府運作、公司管理或社會制度的文本中。這個字帶有強烈的「程序繁瑣」之負面含義，學生應將其視為「制度」與「低效率」的連結，而非單純的行政管理。"",""senses"":[{""sense"":""官僚體制；行政體系（由非選舉產生的專業管理人員組成的行政系統）"",""entries"":[{""pattern"":""cut through the bureaucracy"",""pos"":""noun"",""translation"":""簡化官僚程序／突破行政繁瑣"",""explanation"":""常用於描述試圖消除繁瑣的行政流程，以提高效率的行動。"",""sentences"":[{""sentence"":""The new mayor promised to <pattern>cut through</pattern> the <target>bureaucracy</target> so that small business owners could get their permits faster."",""translation"":""新任市長承諾將簡化官僚程序，好讓小企業主能更快地取得許可證。""}]},{""pattern"":""stifled by bureaucracy"",""pos"":""noun"",""translation"":""被官僚體制所窒息／受限"",""explanation"":""描述創新或進步被僵化的行政規則所阻礙。"",""sentences"":[{""sentence"":""Many creative artists felt that their original ideas were <target>bureaucracy</target> <pattern>stifled by</pattern> the strict rules of the government art agency."",""translation"":""許多創意藝術家覺得他們的原始想法被政府藝術機構僵化的官僚體制所窒息。""}]},{""pattern"":""excessive bureaucracy"",""pos"":""noun"",""translation"":""過度的官僚作風／繁瑣的行政程序"",""explanation"":""強調行政流程過於複雜，導致工作進度遲緩。"",""sentences"":[{""sentence"":""The project was delayed for several months due to <pattern>excessive</pattern> <target>bureaucracy</target>, as it required signatures from ten different departments."",""translation"":""由於過度的官僚作風（繁瑣的行政程序），該計畫被延遲了數個月，因為它需要十個不同部門的簽名。""}]}],""synonyms"":[{""word"":""administration"",""pos"":""noun"",""translation"":""行政管理；管理層"",""explanation"":""較為中性的詞彙，指管理事務的體系""},{""word"":""red tape"",""pos"":""noun"",""translation"":""繁文夾跡；官僚程序"",""explanation"":""比喻用法，特指那些沒必要且令人沮喪的正式程序""}],""antonyms"":[]}],""conjugations"":null,""relatives"":{""morphology"":""字根 bureau (辦公桌/辦公室) + 結尾 -cracy (統治/體制)"",""related"":[{""word"":""bureaucrat"",""pos"":""noun"",""translation"":""官僚；行政管理人員"",""explanation"":""指在體制中執行規則的人，通常帶有負面色彩。""},{""word"":""bureaucratic"",""pos"":""adjective"",""translation"":""官僚的；繁瑣的"",""explanation"":""形容行政程序過於僵化或複雜。""}]}}"	ai_fail	In the second example sentence for 'stifled by bureaucracy', the sentence is 'Many creative artists felt that their original ideas were <target>bureaucracy</target> <pattern>stifled by</pattern> the strict rules...'. This is a GRAVEMARICAL_ERROR and ILLOGICAL_SENTENCE. The word 'bureaucracy' is placed incorrectly in the sentence, making it completely unparseable. It should be as '...were stifled by the bureaucracy of the strict rules...' or '...were stifled by bureaucracy'. The current placement of <target>bureaucracy</target> before <pattern>stifled by</pattern> is a VIOLATION_OF_SYSTEM_PROMPT regarding the pattern 'stifled by bureaucracy'. 	0
bureau	bureau n.	"{""headword"":""bureau"",""explanation"":""「bureau」在學測中具有兩種截然不同的核心語意：一是指政府的「局」或「處」（行政機關），二是指儲物用的「辦公桌/抽屜櫃」。在閱讀測驗中，前者出現頻率極高，尤其是在討論政府政策、調查局或情報機構時。"",""senses"":[{""sense"":""政府局處；事務所（負責特定行政事務的官方機構）"",""entries"":[{""pattern"":""a government bureau"",""pos"":""noun"",""translation"":""政府局處"",""explanation"":""指由政府設立的專門處理特定事務的行政單位。"",""sentences"":[{""sentence"":""The Federal Bureau of Investigation was created to handle serious crimes and protect the national security of the country."",""translation"":""聯邦調查局是為了處理嚴重犯罪並保護國家安全而設立的。""}]},{""pattern"":""a news bureau"",""pos"":""noun"",""translation"":""新聞分局；記者站"",""explanation"":""指新聞機構在特定城市或國家設立的辦公據點，用以收集在地資訊。"",""sentences"":[{""sentence"":""To get the most accurate local reports, the international news agency opened a small bureau in the heart of the capital city."",""translation"":""為了獲得最準確的在地報導，這家國際新聞機構在首都中心開設了一個小型分局。""}]}],""synonyms"":[{""word"":""agency"",""pos"":""noun"",""translation"":""代理機構；局"",""explanation"":""最普遍的同義詞，指負責特定任務的政府或私人機構""},{""word"":""department"",""pos"":""noun"",""translation"":""部門；處"",""explanation"":""指大型組織內部的一個行政分支""},{""word"":""office"",""pos"":""noun"",""translation"":""辦公室；處"",""explanation"":""泛指辦公地點或行政單位""}],""antonyms"":[]},{""sense"":""辦公桌；抽屜櫃（帶有抽屜的家具）"",""entries"":[{""pattern"":""bureau"",""pos"":""noun"",""translation"":""辦公桌；抽屜櫃"",""explanation"":""指一種帶有多個抽屜的儲物家具，常用於存放文件或衣物。"",""sentences"":[{""sentence"":""After the long school day, the student carefully placed his heavy textbooks and notebooks inside the wooden bureau in his bedroom."",""translation"":""在漫長的一天課後，學生小心地將他沉重的課本和筆記本放入他臥室裡的木製抽屜櫃中。""}]},{""pattern"":""a clothes bureau"",""pos"":""noun"",""translation"":""衣櫃抽屜櫃"",""explanation"":""特指用於存放衣服的抽屜式家具。"",""sentences"":[{""sentence"":""She organized her colorful summer dresses and folded t-shirts neatly inside the large bureau in the corner of the room."",""translation"":""她將她的彩色夏季洋裝和摺疊好的t-shirt整齊地放入房間角落的大抽屜櫃中。""}]}],""synonyms"":[{""word"":""dresser"",""pos"":""noun"",""translation"":""梳妝台；抽屜櫃"",""explanation"":""指帶有抽屜的家具""},{""word"":""cabinet"",""pos"":""noun"",""translation"":""櫥櫃；櫃子"",""explanation"":""儲物用櫃子""}],""antonyms"":[]}],""conjugations"":null,""relatives"":{""morphology"":""源自法語 bureau，原意指「辦公用的布」"",""related"":[{""word"":""bureaucracy"",""pos"":""noun"",""translation"":""官僚制度；官僚機構"",""explanation"":""指由許多層級的官員構成的複雜行政系統，通常帶有負面意味。""},{""word"":""bureaucrat"",""pos"":""noun"",""translation"":""官僚；行政人員"",""explanation"":""指在官僚制度中工作的人員。""}]}}"	ai_fail	Missing <target> tags in all sentences of the first sense; Missing <target> tags in the first sentence of the second sense; Pattern 'a government bureau' is not fully tagged in the sentence (only 'government bureau' is missing tags, but the headword 'bureau' is not wrapped in <target>).	0
bulk	bulk n.	"{""headword"":""bulk"",""explanation"":""「bulk」在學測中具有兩種主要語意方向：一是指物理上的「體積、體積龐大」，二是指數量上的「大部分、絕大部分」。在閱讀測驗中，常出現在探討環境議題（如廢棄物體積）或社會趨勢（如人口組成）的文章中，需根據上下文判斷是量化概念還是空間概念。"",""senses"":[{""sense"":""體積；體積龐大（指物體所佔據的物理空間）"",""entries"":[{""pattern"":""the bulk of sth."",""pos"":""noun"",""translation"":""…的體積；大宗"",""explanation"":""指某物在空間上佔據的巨大體積或重量。"",""sentences"":[{""sentence"":""The workers struggled to move the heavy stone <target>bulk</target> <pattern>of</pattern> the old statue because it was too large for the small truck."",""translation"":""工人們很吃力地移動那尊舊雕像沉重的體積，因為它對那輛小卡車來說太大了。""}]},{""pattern"":""in bulk"",""pos"":""noun"",""translation"":""大量地；大宗地"",""explanation"":""指以大數量、大體積的方式購買或運輸，通常為了降低單價。"",""sentences"":[{""sentence"":""To save money and reduce plastic waste, many families now buy their dry food and cleaning supplies <pattern>in</pattern> <target>bulk</target>."",""translation"":""為了省錢並減少塑料垃圾，許多家庭現在大量購買乾貨和清潔用品。""}]}],""synonyms"":[{""word"":""mass"",""pos"":""noun"",""translation"":""質量；體積"",""explanation"":""強調物體實體的重量或巨大的體積""},{""word"":""volume"",""pos"":""noun"",""translation"":""體積；容量"",""explanation"":""指物體所佔據的空間大小""}],""antonyms"":[{""word"":""fraction"",""pos"":""noun"",""translation"":""極小部分"",""explanation"":""指物體中極小的一塊或一部分""}]},{""sense"":""大部分；絕大多數（指數量或比例上的主要部分）"",""entries"":[{""pattern"":""the bulk of sth."",""pos"":""noun"",""translation"":""…的大部分；絕大多數"",""explanation"":""此用法極為高頻，用來描述數據、人口或時間的 majority 等同義詞。"",""sentences"":[{""sentence"":""Although there are several short chapters in the book, <target>the bulk of</target> the text focuses on the latest scientific discoveries."",""translation"":""雖然書中有幾個短章節，但正文的大部分內容都集中在最新的科學發現上。""},{""sentence"":""<target>The bulk of</target> the local population lives in the coastal cities, while only a few people stay in the mountain villages."",""translation"":""當地人口的大部分都居住在沿海城市，而只有少數人留在山區村莊。""}]}],""synonyms"":[{""word"":""majority"",""pos"":""noun"",""translation"":""大多數"",""explanation"":""指數量或比例上超過一半的部分""},{""word"":""most"",""pos"":""noun"",""translation"":""大部分"",""explanation"":""泛指大部分的量或比例""}],""antonyms"":[{""word"":""minority"",""pos"":""noun"",""translation"":""少數"",""explanation"":""指數量或比例上較少的部分""}]}],""conjugations"":null,""relatives"":{""morphology"":null,""related"":[{""word"":""bulky"",""pos"":""adjective"",""translation"":""體積龐大的；笨重的"",""explanation"":""由名詞 bulk 加上形容詞字尾 -y 延伸而來。""}]}}"	ai_fail	In the first sense, the pattern 'the bulk of sth.' is used, but in the sentence 'The workers struggled to move the heavy stone bulk of the old statue', the word 'bulk' is tagged as <target> and 'of' is tagged as <pattern>, but 'the' is not tagged. Additionally, the sentence 'Although there are several short chapters in the book, <target>the bulk of</target> the text focuses on the latest scientific discoveries' contains <target> tags wrapping the entire phrase 'the bulk of', which is a VIOLATION_OF_SYSTEM_PROMPT (the <target> tag must only wrap the headword variant).	0
burial	burial n.	"{""headword"":""burial"",""explanation"":""「burial」在學測中常出現在歷史、考古或文化研究類文章中。它不僅指物理上的「埋葬」過程，還常與「儀式」或「習俗」等詞彙搭配，用來探討不同文明對死亡的看法。"",""senses"":[{""sense"":""埋葬；葬禮（將死者安置於地下的過程或儀式）"",""entries"":[{""pattern"":""burial site / ground"",""pos"":""noun"",""translation"":""埋葬地點／墓地"",""explanation"":""指死者被安置的具體物理空間，常出現在考古學描述中。"",""sentences"":[{""sentence"":""Archaeologists discovered an ancient <target>burial</target> <pattern>site</pattern> in the jungle, where they found gold jewelry and pottery from thousands of years ago."",""translation"":""考古學家在叢林中發現了一個古老的埋葬地點，在那裡他們發現了數千年前的金飾與陶器。""},{""sentence"":""The local government decided to protect the historical <target>burial</target> <pattern>ground</pattern> to prevent tourists from damaging the fragile remains of the ancestors."",""translation"":""地方政府決定保護這處歷史墓地，以防止遊客損壞祖先脆弱的遺骸。""}]},{""pattern"":""burial customs / rites"",""pos"":""noun"",""translation"":""葬禮習俗／儀式"",""explanation"":""指特定社會或文化群體在處理死者時所遵循的傳統做法。"",""sentences"":[{""sentence"":""By studying different <target>burial</target> <pattern>customs</pattern>, historians can understand how ancient people viewed life and death in different parts of the world."",""translation"":""透過研究不同的葬禮習俗，歷史學家可以了解到古代世界各地的人們如何看待生命與死亡。""},{""sentence"":""The tribe performed sacred <target>burial</target> <pattern>rites</pattern> by the river to ensure the soul of the deceased could travel safely to the next world."",""translation"":""該部落在河邊舉行神聖的葬禮儀式，以確保死者的靈魂能安全地前往下一個世界。""}]},{""pattern"":""a burial"",""pos"":""noun"",""translation"":""一次埋葬／一場葬禮"",""explanation"":""指單次具體的埋葬行為或活動。"",""sentences"":[{""sentence"":""The family gathered in silence for the <target>burial</target> of their grandfather, who had spent his entire life helping poor children in the village."",""translation"":""家人們在沉默中聚集，為他們那位一生都在幫助村中貧困兒童的祖父舉行葬禮。""}]}],""synonyms"":[],""antonyms"":[]}],""conjugations"":null,""relatives"":{""morphology"":""動詞 bury (埋葬) 加上名詞字尾 -al (表示過程或行為)"",""related"":[{""word"":""bury"",""pos"":""verb"",""translation"":""埋葬；掩埋"",""explanation"":""核心動詞，指將某物掩埋在地下或隱藏起來。""},{""word"":""bury oneself in sth."",""pos"":""verb"",""translation"":""埋首於…；專注於…"",""explanation"":""比喻用法，指將自己完全投入於某項工作或學習中。""}]}}"	ai_pass		0
calcium	calcium n.	"{""headword"":""calcium"",""explanation"":""「calcium」在學測生物、健康與營養類閱讀測驗中是核心基礎名詞。學生應將其與骨骼健康、牙齒強化以及飲食營養建議等高頻場景聯繫起來，並注意其作為化學元素在科學文章中的出現。"",""senses"":[{""sense"":""鈣（化學元素；營養素）"",""entries"":[{""pattern"":""calcium"",""pos"":""noun"",""translation"":""鈣"",""explanation"":""指一種必需的礦物質，主要用於描述身體組成或營養補充。"",""sentences"":[{""sentence"":""Drinking milk and eating yogurt are effective ways to get enough <target>calcium</target> to keep your bones strong and healthy."",""translation"":""飲用牛奶和吃優格是獲得充足鈣質以保持骨骼強健健康的有效方法。""},{""sentence"":""As people grow older, their bodies may lose <target>calcium</target>, which can lead to a condition where bones become fragile and break easily."",""translation"":""隨著年齡增長，人體可能會流失鈣質，這可能導致骨骼變得脆弱且容易骨折的情況。""},{""sentence"":""The scientist explained that <target>calcium</target> is a vital mineral that helps the heart beat regularly and muscles contract properly."",""translation"":""科學家解釋說，鈣是一種至關重要的礦物質，有助於心臟規律跳動以及肌肉正常收縮。""}]}],""synonyms"":[],""antonyms"":[]}],""conjugations"":null,""relatives"":{""morphology"":null,""related"":[]}}"	ai_fail	DENSITY_ERROR: The headword 'calcium' is a basic chemical element/nutrient. While the provided sentences are good, the card lacks common collocations like 'calcium deficiency' or 'calcium supplement'. These are high-yield for GSAT students to recognize in health-related texts.	0
butcher	butcher n./v.	"{""headword"":""butcher"",""explanation"":""「butcher」在學測中兼具名詞與動詞用法。名詞指職業，動詞則常用於比喻，指「糟糕地處理」或「殘忍地殺害」。學生應注意其在不同情境（如社會職業描述或文學描述）中的語意轉向。"",""senses"":[{""sense"":""肉販；屠夫（從事宰殺及銷售肉類之職業）"",""entries"":[{""pattern"":""butcher"",""pos"":""noun"",""translation"":""肉販；屠夫"",""explanation"":""指在肉店工作或經營肉類銷售的人員。"",""sentences"":[{""sentence"":""After visiting the local market, my grandmother bought some fresh pork and beef from the friendly neighborhood <target>butcher</target>."",""translation"":""逛完當地市場後，我的祖母從親切的社區肉販那裡買了一些新鮮的豬肉和牛肉。""}]}],""synonyms"":[{""word"":""meat seller"",""pos"":""noun"",""translation"":""肉販"",""explanation"":""較口語的描述方式""}],""antonyms"":[]},{""sense"":""殘忍地殺害；糟糕地處理（比喻用法）"",""entries"":[{""pattern"":""butcher sb."",""pos"":""verb"",""translation"":""殘忍地殺害某人"",""explanation"":""強調殺戮過程之殘忍，常用於歷史或戰爭相關的閱讀文本。"",""sentences"":[{""sentence"":""The cruel dictator was remembered as a monster who <target>butchered</target> thousands of innocent civilians during the violent war."",""translation"":""那位殘酷的獨裁者被記得為一個在暴力戰爭期間殘忍殺害了數千名無辜平民的怪物。""}]},{""pattern"":""butcher sth."",""pos"":""verb"",""translation"":""糟蹋某事；把…弄得很糟糕"",""explanation"":""比喻將某項表演、演講或語言發音搞得一團糟，是高頻的非正式用法。"",""sentences"":[{""sentence"":""I was so nervous during my first English speech that I completely <target>butchered</target> the pronunciation of several difficult words."",""translation"":""在我第一次英文演講時我太緊張了，以至於我完全搞砸了（糟蹋了）幾個困難單字的發音。""},{""sentence"":""The new director tried to update the classic play, but he <target>butchered</target> the original story and made it boring."",""translation"":""新導演試圖更新這齣經典劇作，但他糟蹋了原著故事，使其變得非常無聊。""}]}],""synonyms"":[{""word"":""slaughter"",""pos"":""verb"",""translation"":""屠宰；殘殺"",""explanation"":""指大量地、殘忍地殺害""},{""word"":""botch"",""pos"":""verb"",""translation"":""搞砸；笨拙地處理"",""explanation"":""強調處理過程不專業且結果糟糕""},{""word"":""ruin"",""pos"":""verb"",""translation"":""毀壞；毀掉"",""explanation"":""泛指將某物變得很糟""}],""antonyms"":[]}],""conjugations"":{""past_tense"":""butchered"",""past_participle"":""butchered""},""relatives"":{""morphology"":null,""related"":[{""word"":""butchery"",""pos"":""noun"",""translation"":""屠宰業；殘忍行為"",""explanation"":""由 butcher 加上名詞字尾 -ery 延伸而來。""}]}}"	ai_fail	PART_OF_SPEECH_MISMATCH: In the pattern 'butcher sb.', the POS is listed as 'verb', but the target word in the sentence 'The cruel dictator was remembered as a monster who butchered thousands of innocent civilians...' is used as a verb, which is correct. However, the pattern 'butcher sth.' is listed as 'verb', and the sentence 'I was so nervous... I completely butchered the pronunciation...' uses it as a verb. The issue is actually a style mismatch or missing collocation. The 'butcher sth.' sense is more of an informal/idiomatic usage. The student should be included in the a 'butcher's shop' butcher's shop (n.) as a common noun collocation. Add 'butcher's shop' as a pattern under the noun sense.	0
canal	canal n.	"{""headword"":""canal"",""explanation"":""「canal」在學測中常出現在地理、歷史或環境類文章中。需注意它與「channel」的區別：canal 是「人工開鑿的運河」，而 channel 通常指「天然的水道或頻道」。理解這個字的核心在於其「人造」屬性。"",""senses"":[{""sense"":""運河；人工水道（為了運輸或灌溉而開鑿的水道）"",""entries"":[{""pattern"":""canal"",""pos"":""noun"",""translation"":""運河；人工水道"",""explanation"":""指人造的水道，用於船隻運輸或將水引至乾旱地區。"",""sentences"":[{""sentence"":""Ancient civilizations built a complex system of <target>canals</target> to bring fresh water from distant rivers to their dry farming fields."",""translation"":""古代文明建造了複雜的運河系統，將淡水從遙遠的河流引至他們乾旱的農田。""},{""sentence"":""The Panama <target>canal</target> is a famous engineering wonder that allows ships to travel between the Atlantic and Pacific Oceans more quickly."",""translation"":""巴拿馬運河是一個著名的工程奇蹟，讓船隻能更快速地在太平洋與大西洋之間往來。""}]},{""pattern"":""the canal system"",""pos"":""noun"",""translation"":""運河系統"",""explanation"":""指一整套互連的人造水道，常用於城市規劃或農業灌溉的討論。"",""sentences"":[{""sentence"":""Venice is world-famous for its unique <pattern>canal</pattern> <target>system</target>, where people use boats instead of cars to travel around the city."",""translation"":""威尼斯以其獨特的運河系統聞名於世，在那裡人們使用船隻而非汽車在城市中穿梭。""}]}],""synonyms"":[{""word"":""waterway"",""pos"":""noun"",""translation"":""水道"",""explanation"":""泛指所有船隻可通行的水路，包含天然與人造""},{""word"":""channel"",""pos"":""noun"",""translation"":""頻道；水道"",""explanation"":""在地理語境下指天然的水道，但在現代英語中更常用於電視頻道""}],""antonyms"":[]}],""conjugations"":null,""relatives"":{""morphology"":""源自拉丁語 canalis (管子、水槽)"",""related"":[{""word"":""canalization"",""pos"":""noun"",""translation"":""運河化；水道整治"",""explanation"":""將河流改造為運河或修建運河的過程。""}]}}"	ai_fail	INVERTED_TAGS: In the sentence 'Venice is world-famous for its unique <pattern>canal</pattern> <target>system</target>, where people use boats instead of cars to travel around the city.', the tags are inverted. The headword 'canal' should be the <target> and 'system' should be the <pattern>. Fix this.	0
canvas	canvas n./v.	"{""headword"":""canvas"",""explanation"":""「canvas」在學測中具有兩種截然不同的面貌：名詞指畫布或粗帆布，常出現在藝術或露營情境；動詞則為「 canvass 」（注意拼法差異，但在語意上常被歸類在一起討論），意為「遊說、調查」。在閱讀測驗中，名詞用法最為高頻，而動詞用法則常出現在社會調查或選舉相關主題中。"",""senses"":[{""sense"":""畫布；帆布（一種堅固、厚實的織物）"",""entries"":[{""pattern"":""canvas"",""pos"":""noun"",""translation"":""畫布；帆布"",""explanation"":""指用於繪畫的布料，或是製作帳篷、帆船帆布的厚重材質。"",""sentences"":[{""sentence"":""The artist spent three whole months painting a huge, colorful scene of the city on a large piece of <target>canvas</target>."",""translation"":""這位藝術家花整整三個月的時間，在一塊巨大的畫布上繪製了一幅色彩鮮豔的城市景象。""},{""sentence"":""Because the rain was so heavy, the hikers decided to buy a waterproof <target>canvas</target> tent to keep them dry."",""translation"":""因為雨下得如此之大，登山客決定買一個防水的帆布帳篷以保持乾爽。""}]},{""pattern"":""a blank canvas"",""pos"":""noun"",""translation"":""空白的畫布（比喻指一個全新的開始或可自由發揮的空間）"",""explanation"":""這是一個常見的比喻用法，指某件事物正處於初始狀態，可以根據自己的意願去塑造。"",""sentences"":[{""sentence"":""With the new school year starting, the students felt that their lives were like a <pattern>blank</pattern> <target>canvas</target>, ready for new experiences."",""translation"":""隨著新學年的開始，學生們覺得他們的生活就像一張空白的畫布，準備好迎接新的體驗。""}]}],""synonyms"":[{""word"":""cloth"",""pos"":""noun"",""translation"":""布料"",""explanation"":""泛指各種織物""},{""word"":""fabric"",""pos"":""noun"",""translation"":""織物；布料"",""explanation"":""較正式的用詞，指紡織品的材質""}],""antonyms"":[]},{""sense"":""遊說；詳細調查（通常指為了獲取支持或意見）"",""entries"":[{""pattern"":""canvass sb. for sth."",""pos"":""verb"",""translation"":""向某人遊說以獲取某事"",""explanation"":""常用於政治選舉或市場調查，指透過詢問大量人群來獲取支持或意見。"",""sentences"":[{""sentence"":""The local politician spent several weeks <target>canvassing</target> <pattern>for</pattern> votes in the small town before the official election day."",""translation"":""在正式選舉日之前，這位地方政治人物花了好幾週在小鎮中遊說以獲取選票。""},{""sentence"":""The marketing team decided to <target>canvass</target> the neighborhood <pattern>for</pattern> opinions on the new organic coffee shop opening nearby."",""translation"":""行銷團隊決定在社區中調查，以獲取對附近新開的有機咖啡店的看法。""}]}],""synonyms"":[{""word"":""solicit"",""pos"":""verb"",""translation"":""請求；遊說"",""explanation"":""較正式的詞彙，指請求支持或意見""},{""word"":""poll"",""pos"":""verb"",""translation"":""民調；調查"",""explanation"":""指透過詢問來統計意見""}],""antonyms"":[]}],""conjugations"":{""past_tense"":""canvassed"",""past_participle"":""canvassed""},""relatives"":{""morphology"":""源自古法語 canvas (帆布)"",""related"":[{""word"":""canvasser"",""pos"":""noun"",""translation"":""遊說者；調查員"",""explanation"":""指從事遊說或調查工作的人員。""}]}}"	ai_fail	The headword is 'canvas' (noun), but the second sense describes 'canvass' (verb). While they are homophones, they are distinct words with different spellings. Including 'canvass' under the headword 'canvas' is a violation of the system prompt's rule to use the base form of the word and not include suffix variations or unrelated words. This is a misleading pedagogical pedagogical approach. Furthermore, the explanation mentions 'canvass' as a variation, but the pattern 'canvass sb. for sth.' uses the spelling 'canvass' in the target tags, which is a mismatch with the headword 'canvas'. Furthermore, a blank canvas is a blank canvas, not a pattern. It is a blank canvas. The pattern should be 'a blank canvas'. The sentence 'The artist spent three whole months painting a huge, colorful scene of the city on a large piece of <target>canvas</target>' is too short (23 words) - wait, it's 23 words, which is within 15-35. However, the 'canvass' part is a complete failure.	0
capability	capability n.	"{""headword"":""capability"",""explanation"":""「capability」在學測中常用於描述個人能力、科技潛能或組織的處理能力。它與 ability 的核心區別在於 capability 更強調「潛在的、具有某種功能的可能性」或「達到某種高度的能力」。"",""senses"":[{""sense"":""能力；潛能（具備執行某項任務或達到某種目標的潛在能力）"",""entries"":[{""pattern"":""the capability to do sth."",""pos"":""noun"",""translation"":""做某事的能力"",""explanation"":""最常見的句型，後接不定詞 (to V) 表明具備哪一種具體的能力。"",""sentences"":[{""sentence"":""With years of training and hard work, the young pianist developed the <target>capability</target> <pattern>to</pattern> play the most complex pieces of music with ease."",""translation"":""經過多年的訓練和努力，這位年輕的鋼琴家培養出了能輕鬆彈奏最複雜樂曲的能力。""},{""sentence"":""Recent advances in software engineering have given computers the <target>capability</target> <pattern>to</pattern> recognize human voices and translate languages in real time."",""translation"":""最近在軟體工程方面的進展，使得電腦具備了能辨識人類聲音並即時翻譯語言的能力。""}]},{""pattern"":""capability in sth."",""pos"":""noun"",""translation"":""在某方面的能力"",""explanation"":""使用介系詞 in 來界定能力所屬的領域或範疇。"",""sentences"":[{""sentence"":""The company is looking for a new manager who has strong leadership <target>capabilities</target> <pattern>in</pattern> managing large and diverse teams of employees."",""translation"":""公司正在尋找一位在管理大型且多元員工團隊方面具有強大領導能力的新經理。""},{""sentence"":""Despite his lack of formal education, the street artist showed an amazing <target>capability</target> <pattern>in</pattern> capturing the emotions of people through simple lines."",""translation"":""儘管缺乏正式教育，這位街頭藝術家在透過簡單線條捕捉人們情感方面展現了驚人的能力。""}]}],""synonyms"":[{""word"":""ability"",""pos"":""noun"",""translation"":""能力"",""explanation"":""最通用的詞彙，指能做某事的能力""},{""word"":""capacity"",""pos"":""noun"",""translation"":""容量；能力"",""explanation"":""強調能容納或處理某種數量的潛能""},{""word"":""competence"",""pos"":""noun"",""translation"":""勝任能力；能力"",""explanation"":""強調達到某種專業標準或合格的水準""}],""antonyms"":[{""word"":""inability"",""pos"":""noun"",""translation"":""不能；無能"",""explanation"":""缺乏執行某項任務的能力""}]}],""conjugations"":null,""relatives"":{""morphology"":""字根 cap (拿、持有) + 字尾 -ability (能力、可能性)"",""related"":[{""word"":""capable"",""pos"":""adjective"",""translation"":""有能力的；能幹的"",""explanation"":""形容詞型態，常用於 be capable of doing sth.""},{""word"":""incapable"",""pos"":""adjective"",""translation"":""無能力的；不能...的"",""explanation"":""由 capable 加上否定字首 in- 構成。""},{""word"":""capacitate"",""pos"":""verb"",""translation"":""使能夠"",""explanation"":""較少見的動詞型態，指賦予某人能力。""}]}}"	ai_fail	The pattern 'capability in sth.' is not a standard high-yield collocation for GSAT. The most common pattern is 'be capable of'. The creator failed to provide 'be capable of' as a related word pattern or as a a sense of the capability noun. While 'capability' as a noun is the headword, the related words section should have emphasized the 'be capable of' structure which is critical for GSAT. Additionally, the sentence 'Despite his lack of formal education, the street artist showed an amazing <target>capability</target> <pattern>in</pattern> capturing the emotions of people through simple lines' is slightly awkward in natural English; 'ability' or 'capability' followed by 'to capture' would be more natural. 'Capability in' is a few times more rare than 'capability to'. The density of patterns for a versatile word like 'capability' is insufficient.	0
carbon	carbon n.	"{""headword"":""carbon"",""explanation"":""「carbon」在學測中主要出現在環境科學、氣候變遷以及化學基礎類文章中。學生應區分其作為「化學元素（碳）」的科學定義，以及在討論全球暖化時極高頻出現的複合名詞「carbon footprint（碳足跡）」與「carbon emissions（碳排放）」。"",""senses"":[{""sense"":""碳（化學元素）"",""entries"":[{""pattern"":""carbon"",""pos"":""noun"",""translation"":""碳"",""explanation"":""指化學元素週期表中的碳元素，是所有有機生命形式的基礎。"",""sentences"":[{""sentence"":""Scientists explain that <target>carbon</target> is the basic building block of all living things on Earth, from tiny bacteria to giant whales."",""translation"":""科學家解釋說，碳是地球上所有生物的基本組成單元，從微小的細菌到巨大的鯨魚皆然。""},{""sentence"":""In the chemistry lab, students learned how <target>carbon</target> can exist in different forms, such as soft graphite in pencils and hard diamonds."",""translation"":""在化學實驗室中，學生學習了碳如何以不同形式存在，例如鉛筆中柔軟的石墨和堅硬的鑽石。""}]}],""synonyms"":[],""antonyms"":[]},{""sense"":""與碳排放及氣候變遷相關的術語"",""entries"":[{""pattern"":""carbon footprint"",""pos"":""noun"",""translation"":""碳足跡"",""explanation"":""指一個人、組織或產品在生活中產生的總二氧化碳排放量。是環保議題中最常考的複合名詞。"",""sentences"":[{""sentence"":""By cycling to school instead of taking a car, the student hoped to reduce his personal <target>carbon</target> <pattern>footprint</pattern> and help the planet."",""translation"":""透過騎單車上學而非開車，這名學生希望減少他的個人碳足跡並幫助地球。""},{""sentence"":""Many eco-friendly companies now provide a detailed report to show how they lower the <target>carbon</target> <pattern>footprint</pattern> of their products."",""translation"":""許多環保公司現在提供詳細報告，以顯示他們如何降低其產品的碳足跡。""}]},{""pattern"":""carbon emissions"",""pos"":""noun"",""translation"":""碳排放（量）"",""explanation"":""指將二氧化碳等溫室氣體排放到大氣中的過程或數量，常用於討論工業污染與全球暖化。"",""sentences"":[{""sentence"":""Governments around the world are trying to set strict laws to limit <target>carbon</target> <pattern>emissions</pattern> from large factories and power plants."",""translation"":""世界各地的政府正試圖制定嚴格的法律，以限制來自大型工廠和電廠的碳排放量。""},{""sentence"":""The sudden increase in <target>carbon</target> <pattern>emissions</pattern> has caused the Earth's average temperature to rise, leading to more frequent heatwaves."",""translation"":""碳排放量的突然增加導致地球的平均溫度上升，進而導致更頻繁的熱浪。""}]}],""synonyms"":[],""antonyms"":[]}],""conjugations"":null,""relatives"":{""morphology"":null,""related"":[{""word"":""carbonization"",""pos"":""noun"",""translation"":""碳化"",""explanation"":""將物質轉化為碳的過程。""},{""word"":""carbon-neutral"",""pos"":""adjective"",""translation"":""碳中和的"",""explanation"":""指碳排放量與碳吸收量達到平衡的狀態。""}]}}"	ai_fail	The second sense '與碳排放及氣候變遷相關的術語' is not a semantic sense of the word 'carbon' itself, but rather a collection of compound nouns. These should be listed as entries under a sense like 'carbon-related terms' or similar, but the target tags in 'By cycling to school instead of taking car, the student hoped to reduce his personal <target>carbon</target> <pattern>footprint</pattern>' only wrap the word 'carbon', leaving 'footprint' as a pattern. This is a violation of the system prompt's rule: 'Wrap the exact inflected, conjugated, or derived form of the headword inside <target> tags'. In a compound noun like 'carbon footprint', 'carbon' is acting as an adjective/modifier. The creator has treated 'carbon footprint' as the pattern, but the target is only 'carbon'. This is logically inconsistent with how compound nouns are part of the target word's usage. If the headword is 'carbon', the target should be the whole compound if it's a sense of the word. Or, if 'carbon footprint' is the target, the headword should be 'carbon footprint'. More importantly, the second sense is not a 'core semantic cluster' as requested by the system prompt. It is a list of phrases. Phrases should be entries under a sense. The sense name should be a definition of the word 'carbon' in the sense of its role in environmental science.	0
casino	casino n.	"{""headword"":""casino"",""explanation"":""「casino」在學測中常出現在探討娛樂、法律、都市發展或社會問題（如賭博成癮）的文章中。理解此字時，要注意它與 gambling house 的區別，casino 通常指規模較大、包含酒店、餐廳等綜合設施的娛樂場。"",""senses"":[{""sense"":""賭場；娛樂場（提供賭博遊戲及其他娛樂設施的場所）"",""entries"":[{""pattern"":""casino"",""pos"":""noun"",""translation"":""賭場；娛樂場"",""explanation"":""作為名詞，指提供博弈遊戲的場所，常與描述豪華裝飾或法律規範的形容詞搭配。"",""sentences"":[{""sentence"":""The city's economy grew rapidly after the government allowed the construction of a giant <target>casino</target> near the beach."",""translation"":""在政府允許在海邊建造一座巨大的賭場後，該城市的經濟迅速增長。""},{""sentence"":""Many tourists travel to Las Vegas every year to experience the bright lights and luxury of the world's most famous <target>casinos</target>."",""translation"":""許多遊客每年前往拉斯維加斯，以體驗世界上最著名的賭場之燈火輝煌與奢華。""}]},{""pattern"":""casino industry"",""pos"":""noun"",""translation"":""賭場產業"",""explanation"":""將 casino 作為定語修飾 industry，描述博弈產業的經濟影響或法律爭議。"",""sentences"":[{""sentence"":""Some experts argue that the <target>casino</target> <pattern>industry</pattern> brings more social problems, such as addiction, than it brings in tax money."",""translation"":""一些專家認為，賭場產業帶來的社會問題（如成癮）比它帶來的稅收更多。""}]}],""synonyms"":[],""antonyms"":[]}],""conjugations"":null,""relatives"":{""morphology"":null,""related"":[{""word"":""gamble"",""pos"":""verb"",""translation"":""賭博"",""explanation"":""casino 中進行的核心活動。""},{""word"":""gambling"",""pos"":""noun"",""translation"":""賭博（行為）"",""explanation"":""指賭博這項活動或習慣。""},{""word"":""gambler"",""pos"":""noun"",""translation"":""賭徒"",""explanation"":""指經常在賭場中賭博的人。""}]}}"	ai_fail	The 'relatives' field contains words like 'gamble' and 'gambling' which are semantic relatives, not morphological relatives. The system prompt requires a 'morphology' breakdown and words sharing the same 'morphological framework' (word family/root). 'gamble' is not morphologically derived from 'casino'.	0
carnival	carnival n.	"{""headword"":""carnival"",""explanation"":""「carnival」在學測中常出現在描述文化節慶、社會活動或旅遊經歷的文本中。它不僅指大型的遊樂園或嘉年華，更強調一種充滿色彩、音樂與人群的集體狂歡氛圍。"",""senses"":[{""sense"":""嘉年華；狂歡節（充滿音樂、遊行與表演的大型慶祝活動）"",""entries"":[{""pattern"":""carnival"",""pos"":""noun"",""translation"":""嘉年華；狂歡節"",""explanation"":""指一個特定的節日或活動期間，通常包含花車、舞蹈與面具。"",""sentences"":[{""sentence"":""Every winter, the small seaside town hosts a colorful <target>carnival</target> that attracts thousands of tourists from all over the world."",""translation"":""每年冬天，這個海濱小鎮都會舉辦一場色彩繽紛的嘉年華，吸引成千上萬來自世界各地的遊客。""},{""sentence"":""The city streets were filled with loud music and dancing people during the annual <target>carnival</target> celebrating the local harvest."",""translation"":""城市街道在慶祝當地豐收的年度嘉年華期間，充滿了喧鬧的音樂與跳舞的人群。""}]},{""pattern"":""a carnival atmosphere"",""pos"":""noun"",""translation"":""狂歡的氛圍"",""explanation"":""用來形容環境中極其興奮、歡樂且混亂的感覺。"",""sentences"":[{""sentence"":""As the final bell rang for the summer holiday, a <target>carnival</target> <pattern>atmosphere</pattern> spread throughout the entire high school campus."",""translation"":""當暑假的最後一聲鈴響起時，一種狂歡的氛圍在整個高中校園內蔓延開來。""}]}],""synonyms"":[],""antonyms"":[]},{""sense"":""移動式遊樂園（包含遊戲攤位、摩天輪等設施的臨時娛樂場所）"",""entries"":[{""pattern"":""carnival"",""pos"":""noun"",""translation"":""移動式遊樂園；嘉年華園區"",""explanation"":""指暫時搭建在廣場或公園中的遊樂設施與攤位。"",""sentences"":[{""sentence"":""My parents took me to the local <target>carnival</target> where I spent all my pocket money on candy floss and game prizes."",""translation"":""父母帶我去當地的移動遊樂園，我在那裡把所有零用錢都花在棉花糖和遊戲獎品上。""}]}],""synonyms"":[],""antonyms"":[]},{""sense"":""喧鬧；混亂（比喻用法，形容極其混亂或嘈雜的情況）"",""entries"":[{""pattern"":""a carnival of..."",""pos"":""noun"",""translation"":""一群（混亂的）…；種種…"",""explanation"":""比喻用法，將混亂且多樣的事物比作嘉年華，常用於文學描述。"",""sentences"":[{""sentence"":""The old bookstore was a <target>carnival</target> <pattern>of</pattern> forgotten memories and dusty books, making it feel like a magical library."",""translation"":""那間舊書店就像是一個被遺忘記憶與佈滿灰塵書籍的嘉年華，使其感覺像一座神奇的圖書館。""}]}],""synonyms"":[],""antonyms"":[]},{""sense"":""嘉年華；狂歡節（充滿音樂、遊行與表演的大型慶祝活動）"",""entries"":[{""pattern"":""carnival"",""pos"":""noun"",""translation"":""嘉年華；狂歡節"",""explanation"":""指一個特定的節日或活動期間，通常包含花車、舞蹈與面具。"",""sentences"":[{""sentence"":""Every winter, the small seaside town hosts a colorful <target>carnival</target> that attracts thousands of tourists from all over the world."",""translation"":""每年冬天，這個海濱小鎮會舉辦一場色彩繽紛的嘉年華，吸引成千上萬來自世界各地的遊客。""},{""sentence"":""The city streets were filled with loud music and dancing people during the annual <target>carnival</target> celebrating the local harvest."",""translation"":""城市街道在慶祝當地豐收的年度嘉年華期間，充滿了喧鬧的音樂與跳舞的人群。""}]}],""synonyms"":[],""antonyms"":[]}],""conjugations"":null,""relatives"":{""morphology"":""源自拉丁語 carnis (肉) + levare (移除)，字面意為在禁食前盡情享用肉類。"",""related"":[{""word"":""carnivorous"",""pos"":""adjective"",""translation"":""食肉的"",""explanation"":""共享根詞 carn (肉)，指以肉類為食的動物。""}]}}"	ai_fail	DUPLICATE_SENSE: The first sense ('嘉年華；狂歡節') and the fourth sense are identical in terms of sense, entries, and sentences. This is a redundant error.	0
cathedral	cathedral n.	"{""headword"":""cathedral"",""explanation"":""「cathedral」在學測閱讀中常出現在描述歐洲歷史、文化遺產或旅遊景觀的文本中。學生需區分其與一般教堂 (church) 的差異：大教堂是該教區的中心，具有更高的行政地位與規模。"",""senses"":[{""sense"":""大教堂（教區的主教堂，通常規模宏大且具有重要建築特徵）"",""entries"":[{""pattern"":""cathedral"",""pos"":""noun"",""translation"":""大教堂"",""explanation"":""指規模宏大且具有象徵意義的宗教建築，常用於描述其宏偉的建築風格或歷史價值。"",""sentences"":[{""sentence"":""During their summer trip to Europe, the students were amazed by the massive stone <target>cathedral</target> that stood in the center of the city."",""translation"":""在他們去歐洲的夏季旅行期間，學生們被矗立在城市中心的那座巨大的石造大教堂給驚艷了。""},{""sentence"":""The ancient <target>cathedral</target> is famous for its beautiful stained glass windows, which let colorful light shine into the dark hall."",""translation"":""這座古老的大教堂以其美麗的彩色玻璃窗聞名，這些窗戶讓彩色的光芒照進昏暗的大廳中。""}]}],""synonyms"":[],""antonyms"":[]}],""conjugations"":null,""relatives"":{""morphology"":""來自拉丁語 cathedralis，源自 cathedra (椅子)，原意指主教坐的椅子 (bishop's throne)。"",""related"":[{""word"":""cathedral-like"",""pos"":""adjective"",""translation"":""像大教堂一樣的"",""explanation"":""用以形容某物規模宏大且具有莊嚴感。""}]}}"	ai_pass		0
celebrity	celebrity n.	"{""headword"":""celebrity"",""explanation"":""「celebrity」在學測中常出現在探討流行文化、社群媒體影響力以及名聲與隱私的議題中。需注意此字在單數形式時可指「名人」這個個體，在複數形式或不可數用法時可指「名聲/名氣」這項抽象概念。"",""senses"":[{""sense"":""名人；著名人物（受到大眾關注的人）"",""entries"":[{""pattern"":""a celebrity"",""pos"":""noun"",""translation"":""名人"",""explanation"":""指一個具備高知名度的人，通常與娛樂、體育或政治領域相關。"",""sentences"":[{""sentence"":""After winning the world championship, the young athlete became a global <target>celebrity</target> and was followed by millions of fans online."",""translation"":""在贏得世界冠軍後，這位年輕運動員成為了全球名人，並在網路上被數百萬名粉絲追隨。""},{""sentence"":""The local library invited a famous <target>celebrity</target> to give a talk about the importance of reading to inspire high school students."",""translation"":""當地圖書館邀請了一位著名名人來演講，旨在激勵高中生關注閱讀的重要性。""}]},{""pattern"":""celebrity culture"",""pos"":""noun"",""translation"":""名人文化"",""explanation"":""指社會對名人的崇拜與過度關注的現象。"",""sentences"":[{""sentence"":""Many critics argue that modern <target>celebrity</target> culture encourages young people to seek fame quickly rather than working hard to develop real skills."",""translation"":""許多評論家認為，現代的名人文化鼓勵年輕人追求快速成名，而不是努力開發真正的技能。""}]}],""synonyms"":[{""word"":""star"",""pos"":""noun"",""translation"":""明星"",""explanation"":""強調在演藝或體育界閃耀、最頂尖的人""},{""word"":""public figure"",""pos"":""noun"",""translation"":""公眾人物"",""explanation"":""較為正式的稱呼，包含政治家、社會領袖等非娛樂性質的名人""}],""antonyms"":[{""word"":""nobody"",""pos"":""noun"",""translation"":""無名小卒"",""explanation"":""指在社交圈或社會中完全沒有知名度的人""}]},{""sense"":""名聲；名氣（被大眾熟知且崇拜的狀態）"",""entries"":[{""pattern"":""achieve celebrity"",""pos"":""noun"",""translation"":""獲得名聲"",""explanation"":""指一個人從無名狀態轉變為被大眾熟知的過程。"",""sentences"":[{""sentence"":""The young novelist did not intend to <target>celebrity</target> but found her books became bestsellers overnight after a viral social media post."",""translation"":""這位年輕小說家並不打算追求名聲，但發現她的書在一段社群媒體貼文瘋傳後一夜之間變成了暢銷書。""}]}],""synonyms"":[{""word"":""fame"",""pos"":""noun"",""translation"":""名聲；名氣"",""explanation"":""最通用的表示知名度的詞彙""},{""word"":""renown"",""pos"":""noun"",""translation"":""聲望；盛名"",""explanation"":""通常指因卓越成就而獲得的尊重與名聲""}],""antonyms"":[{""word"":""obscurity"",""pos"":""noun"",""translation"":""默默無聞"",""explanation"":""處於沒有人知道的狀態""}]}],""conjugations"":null,""relatives"":{""morphology"":""字根 celebr (慶祝、著名) + 名詞字尾 -ity"",""related"":[{""word"":""celebrate"",""pos"":""verb"",""translation"":""慶祝；讚揚"",""explanation"":""核心動詞，意為對某事進行慶祝或稱頌。""},{""word"":""celebration"",""pos"":""noun"",""translation"":""慶祝活動"",""explanation"":""由動詞 celebrate 加上名詞字尾 -ation 延伸而來。""}]}}"	ai_fail	In the second sense (名聲；名氣), the sentence 'The young novelist did not intend to <target>celebrity</target>' is grammatically incorrect. 'Celebrity' is a noun, but it is used here as a verb meaning 'to achieve fame'. The pattern 'achieve celebrity' is listed, but the headword is not used as the verb in the sentence. This is a GRAMMARICAL_ERROR and a PART_OF_SPEECH_MISMATCH.	0
cemetery	cemetery n.	"{""headword"":""cemetery"",""explanation"":""「cemetery」在閱讀測驗中常出現在描述歷史遺址、社會文化或文學作品的場景中。它與 graveyard 的區別在於 cemetery 通常指較大規模的、規劃完整的公共墓地，而 graveyard 則常指教堂旁的私人或小型墓園。"",""senses"":[{""sense"":""墓地；墳場（安葬死者的公共場所）"",""entries"":[{""pattern"":""cemetery"",""pos"":""noun"",""translation"":""墓地；墳場"",""explanation"":""指一個特定的地理區域，用於安葬死者，常搭配形容詞描述其環境（如靜謐、古老）。"",""sentences"":[{""sentence"":""The old <target>cemetery</target> on the hill is so quiet and peaceful that many local people visit it to read books or think in silence."",""translation"":""山上的那座古老墓地如此安靜祥和，許多當地人會去那裡讀書或靜靜地思考。""},{""sentence"":""During the holiday, the family walked through the city <target>cemetery</target> to visit their ancestors and leave fresh flowers on the graves."",""translation"":""在假期期間，這家人走過城市墓地去探訪他們的祖先，並在墳墓上留下新鮮的花朵。""}]}],""synonyms"":[{""word"":""graveyard"",""pos"":""noun"",""translation"":""墓地"",""explanation"":""通常指教堂旁的較小墓園""},{""word"":""burial ground"",""pos"":""noun"",""translation"":""埋葬地"",""explanation"":""泛指任何用來埋葬死者的土地""}],""antonyms"":[]}],""conjugations"":null,""relatives"":{""morphology"":null,""related"":[]}}"	ai_pass		0
caution	caution n./v.	"{""headword"":""caution"",""explanation"":""「caution」在學測中兼具名詞與動詞用法。名詞時強調「謹慎」的態度或「警告」的訊息；動詞時則是指「警告某人注意風險」。在閱讀測驗中，常出現在安全指南、實驗步驟或法律警告的語境中。"",""senses"":[{""sense"":""謹慎；小心（一種採取保護措施的態度或行為）"",""entries"":[{""pattern"":""with caution"",""pos"":""noun"",""translation"":""謹慎地；小心地"",""explanation"":""常用於修飾行動方式，等同於 cautiously，強調在面對潛在危險時採取小心翼翼的態度。"",""sentences"":[{""sentence"":""Because the chemicals in the laboratory are extremely dangerous, students must handle all glass tubes <pattern>with</pattern> <target>caution</target>."",""translation"":""因為實驗室裡的化學藥劑極其危險，學生在處理所有玻璃試管時必須非常謹慎。""},{""sentence"":""The old wooden bridge looks unstable, so the hikers approached the crossing <pattern>with</pattern> <target>caution</target> to avoid falling into the river."",""translation"":""那座舊木橋看起來很不穩固，因此登山客在接近交叉口時非常小心，以避免掉入河中。""}]},{""pattern"":""exercise caution"",""pos"":""noun"",""translation"":""採取謹慎態度；小心"",""explanation"":""正式用詞，常用於官方公告或安全提示，指採取必要的預防措施。"",""sentences"":[{""sentence"":""When traveling to a city with a high crime rate, tourists are advised to <target>exercise</target> <pattern>caution</pattern> and keep their wallets safe."",""translation"":""前往犯罪率高之城市旅遊時，建議遊客採取謹慎態度並保管好自己的錢包。""},{""sentence"":""Drivers should <target>exercise</target> <pattern>caution</pattern> during heavy rain because the road becomes slippery and the visibility is very low."",""translation"":""駕駛者在下大雨時應採取謹慎態度，因為道路會變得濕滑且能見度非常低。""}]}],""synonyms"":[{""word"":""prudence"",""pos"":""noun"",""translation"":""審慎；精明"",""explanation"":""強調基於理性判斷而採取的小心""},{""word"":""care"",""pos"":""noun"",""translation"":""小心；照料"",""explanation"":""最通用且基礎的詞彙""}],""antonyms"":[{""word"":""carelessness"",""pos"":""noun"",""translation"":""粗心；大意"",""explanation"":null},{""word"":""recklessness"",""pos"":""noun"",""translation"":""魯莽"",""explanation"":""指完全不顧後果的行為""}]},{""sense"":""警告（告知他人潛在危險的訊息）"",""entries"":[{""pattern"":""caution sb. against sth./doing sth."",""pos"":""verb"",""translation"":""警告某人不要做某事"",""explanation"":""動詞用法，重點在於提醒對方注意風險而不要採取某項行動。後接 against 介系詞。"",""sentences"":[{""sentence"":""The tour guide <target>cautioned</target> <pattern>against</pattern> feeding the wild monkeys because they might become aggressive and bite the visitors."",""translation"":""導遊警告遊客不要餵食野生猴子，因為牠們可能會變得具有攻擊性並咬傷遊客。""},{""sentence"":""My teacher <target>cautioned</target> me <pattern>against</pattern> using too many complex words in my essay, as it might make the meaning unclear."",""translation"":""老師警告我不要在論文中使用太多複雜的單字，因為這可能會使意思不清晰。""}]},{""pattern"":""caution sb. that..."",""pos"":""verb"",""translation"":""警告某人…（後接子句）"",""explanation"":""用來具體說明警告的內容，後接 that 子句作為警告的具體事項。"",""sentences"":[{""sentence"":""The weather report <target>cautioned</target> the public <pattern>that</pattern> a severe storm would hit the coast within the next twenty-four hours."",""translation"":""天氣預報警告大眾，一場嚴重的風暴將在接下來的二十四小時內襲擊海岸。""},{""sentence"":""The security guard <target>cautioned</target> the students <pattern>that</pattern> the floor was still wet and they should walk slowly to avoid slipping."",""translation"":""保全人員警告學生，地板仍然很濕，他們應該慢慢走以避免滑倒。""}]}],""synonyms"":[{""word"":""warn"",""pos"":""verb"",""translation"":""警告"",""explanation"":""最普遍的警告動詞，可用於任何危險情境""},{""word"":""alert"",""pos"":""verb"",""translation"":""提醒；警示"",""explanation"":""強調快速通知他人注意危險""}],""antonyms"":[]}],""conjugations"":{""past_tense"":""cautioned"",""past_participle"":""cautioned""},""relatives"":{""morphology"":""名詞 caution 衍生出形容詞 cautious 以及副詞 cautiously"",""related"":[{""word"":""cautious"",""pos"":""adjective"",""translation"":""謹慎的；小心的"",""explanation"":""由 caution 加上形容詞字尾 -ous 延伸而來。""},{""word"":""cautionary"",""pos"":""adjective"",""translation"":""警告的；誡勉的"",""explanation"":""常用於 cautionary tale (警世故事)。""}]}}"	ai_pass	The patterns and tags are correct, and the sentences are appropriate for the GSAT level.	0
cautious	cautious adj.	"{""headword"":""cautious"",""explanation"":""「cautious」在學測中常用於描述性格、行動或決策過程，強調在採取行動前採取預防措施以避免危險或錯誤。要注意其後方常搭配介系詞 to be cautious about/of sth. 來明確指出警覺的對象。"",""senses"":[{""sense"":""謹慎的；小心翼翼的（避免風險或錯誤）"",""entries"":[{""pattern"":""be cautious about sth."",""pos"":""adjective"",""translation"":""對某事保持謹慎"",""explanation"":""用於描述對特定計畫、決定或未知情況持保留態度，避免輕率採取行動。"",""sentences"":[{""sentence"":""Before investing all their savings into the new stock market, the elderly couple decided to be <target>cautious</target> <pattern>about</pattern> the potential risks."",""translation"":""在將所有積蓄投入新股票市場之前，這對年邁的夫婦決定對潛在的風險保持謹慎。""},{""sentence"":""Many scientists are <target>cautious</target> <pattern>about</pattern> claiming that the new drug is a complete cure until more tests are done."",""translation"":""許多科學家在更多測試完成之前，對於聲稱這種新藥是完全治癒的持謹慎態度。""}]},{""pattern"":""be cautious of sth."",""pos"":""adjective"",""translation"":""對…警覺；小心…"",""explanation"":""強調對潛在危險或威脅的意識，語氣較 be cautious about 稍微強烈，更傾向於防禦。"",""sentences"":[{""sentence"":""When hiking alone in the deep forest, you should always be <target>cautious</target> <pattern>of</pattern> the wild animals that might hide in the bushes."",""translation"":""當你在深林中獨自徒步旅行時，你應該始終警覺那些可能隱藏在灌木叢中的野生動物。""},{""sentence"":""The tourists were warned to be <target>cautious</target> <pattern>of</pattern> pickpockets who often target unsuspecting visitors in the crowded city center."",""translation"":""遊客們被警告要小心那些經常在擁擠的市中心瞄準毫無防備的遊客的扒手。""}]},{""pattern"":""a cautious approach/decision"",""pos"":""adjective"",""translation"":""謹慎的做法／決定"",""explanation"":""作為形容詞修飾名詞，描述一個經過深思熟慮、不冒險的方案或選擇。"",""sentences"":[{""sentence"":""The company took a <target>cautious</target> approach to expanding its business, choosing to open only one new store each year."",""translation"":""這間公司採取了謹慎的做法來擴展業務，選擇每年僅開設一家新店。""},{""sentence"":""After failing the first attempt, the student made a <target>cautious</target> decision to study more hours each day to ensure a high score."",""translation"":""在第一次嘗試失敗後，這名學生做了一個謹慎的決定，每天增加學習時數以確保高分。""}]}],""synonyms"":[],""antonyms"":[]},{""sense"":""小心地（以緩慢或謹慎的方式行動）"",""entries"":[{""pattern"":""cautious movement/step"",""pos"":""adjective"",""translation"":""小心翼翼的動作／步伐"",""explanation"":""描述物理上的動作緩慢且謹慎，以避免引起注意或造成意外。"",""sentences"":[{""sentence"":""The thief made <target>cautious</target> movements as he crept through the dark hallway, trying not to make any sound at all."",""translation"":""小偷在穿過漆黑的走廊時動作小心翼翼，試圖完全不發出任何聲音。""},{""sentence"":""The rescue team took <target>cautious</target> steps toward the unstable building, fearing it might collapse at any moment."",""translation"":""救援隊向不穩定的建築物小心翼翼地邁步，擔心它隨時可能會坍塌。""}]}],""synonyms"":[],""antonyms"":[]},{""sense"":""（性格）保守的；不願冒險的"",""entries"":[{""pattern"":""be cautious"",""pos"":""adjective"",""translation"":""性格謹慎／保守"",""explanation"":""描述一個人天生的個性，不喜歡嘗試新事物或承擔風險。"",""sentences"":[{""sentence"":""My older brother is naturally <target>cautious</target>, so he always checks the weather forecast three times before planning a camping trip."",""translation"":""我的哥哥天生就很謹慎，所以他在計劃露營旅行之前總是會查看三次天氣預測。""},{""sentence"":""Some investors are too <target>cautious</target> to try new technologies, which sometimes prevents them from making a large profit."",""translation"":""有些投資者太過保守，不敢嘗試新技術，這有時會妨礙他們獲得巨大的利潤。""}]}],""synonyms"":[],""antonyms"":[]},{""sense"":""（對待人際關係）謹慎的"",""entries"":[{""pattern"":""cautious with sb."",""pos"":""adjective"",""translation"":""對某人保持謹慎"",""explanation"":""描述在與他人互動時不輕易信任他人，保持一定的距離。"",""sentences"":[{""sentence"":""After being cheated by a fake online seller, Sarah became very <target>cautious</target> <pattern>with</pattern> the people she meets on the internet."",""translation"":""在被一名虛假的線上賣家欺騙後，莎拉對她在網路上認識的人變得非常謹慎。""}]}],""synonyms"":[],""antonyms"":[]},{""sense"":""（對待資源）節約的；謹慎使用的"",""entries"":[{""pattern"":""cautious with money/resources"",""pos"":""adjective"",""translation"":""對金錢／資源使用謹慎"",""explanation"":""指在消費或使用資源時非常小心，避免浪費。"",""sentences"":[{""sentence"":""Because they grew up in a poor family, the couple was very <target>cautious</target> <pattern>with</pattern> their money and never bought luxury items."",""translation"":""因為他們在貧困家庭長大，這對夫婦對金錢的使用非常謹慎，從不購買奢侈品。""}]}],""synonyms"":[],""antonyms"":[]},{""sense"":""（在說法上）謹慎的；保留的"",""entries"":[{""pattern"":""cautious wording"",""pos"":""adjective"",""translation"":""謹慎的措辭"",""explanation"":""指在表達意見或給予評價時，使用不確定或保留的價格，以避免被誤解或承擔責任。"",""sentences"":[{""sentence"":""The diplomat used <target>cautious</target> wording in his official report to avoid causing a conflict between the two countries."",""translation"":""外交官在正式報告中使用了謹慎的措辭，以避免在兩個國家之間引起衝突。""}]}],""synonyms"":[],""antonyms"":[]}],""conjugations"":null,""relatives"":{""morphology"":""名詞 caution (謹慎) 加上形容詞字尾 -ous"",""related"":[{""word"":""caution"",""pos"":""noun"",""translation"":""謹慎；警告"",""explanation"":""核心名詞形式。""},{""word"":""caution"",""pos"":""verb"",""translation"":""警告"",""explanation"":""由名詞轉化而來的動詞形式。""},{""word"":""cautionary"",""pos"":""adjective"",""translation"":""警告的；警戒的"",""explanation"":""常用於 cautionary tale (警告故事)，指透過故事來警示他人。""},{""word"":""cautiously"",""pos"":""adverb"",""translation"":""謹慎地；小心翼翼地"",""explanation"":""由形容詞 cautious 加上副詞字尾 -ly 延伸而來。""}]}}"	ai_fail	Senses 2, 4, 5, and 6 are redundant. 'Cautious movement' (Sense 2) and 'cautious with sb' (Sense 4) are simply applications of the core meaning 'careful to avoid risk/mistake'. They should be merged into Sense 1. Additionally, the card lacks synonyms and antonyms for the primary sense, which is a high-yield requirement for GSAT students. Finally, the sentence 'After failing the first attempt, the student made a cautious decision to study more hours each day to ensure a high score' is illogical; studying more is a standard corrective action, not necessarily a 'cautious' (risk-avoiding) decision in the same way as financial investment or medical claims.	0
ceremony	ceremony n.	"{""headword"":""ceremony"",""explanation"":""「ceremony」在學測中常出現在描述文化傳統、畢業典禮或重大人生里程碑的文章中。除了指具體的「典禮」外，還可用於描述一種「莊重、繁瑣的禮節」或「客套」，在使用時需注意其在不同語境下的具體指涉。"",""senses"":[{""sense"":""典禮；儀式（為了慶祝或紀念而舉行的正式活動）"",""entries"":[{""pattern"":""hold a ceremony"",""pos"":""noun"",""translation"":""舉行典禮"",""explanation"":""最常見的動詞搭配，指組織並執行一場正式的慶祝活動。"",""sentences"":[{""sentence"":""The university will <pattern>hold</pattern> a grand graduation <target>ceremony</target> next month to honor the hard work of all the graduating students."",""translation"":""大學將在下個月舉行一場盛大的畢業典禮，以表彰所有畢業生的努力。""},{""sentence"":""After months of planning, the royal family decided to <pattern>hold</pattern> a private wedding <target>ceremony</target> in a small chapel by the sea."",""translation"":""經過數月的計畫，皇室決定在海邊的一座小教堂舉行一場私人婚禮儀式。""}]},{""pattern"":""attend a ceremony"",""pos"":""noun"",""translation"":""參加典禮"",""explanation"":""指作為參與者或賓客出席正式活動。"",""sentences"":[{""sentence"":""Many world leaders were invited to <pattern>attend</pattern> the opening <target>ceremony</target> of the new national museum, which showcases ancient art."",""translation"":""許多世界領袖受邀參加新國家博物館的開幕典禮，該博物館展示了古代藝術。""}]},{""pattern"":""solemn ceremony"",""pos"":""noun"",""translation"":""莊嚴的儀式"",""explanation"":""形容詞 solemn 常與 ceremony 搭配，用來強調儀式的肅穆與嚴肅氛圍。"",""sentences"":[{""sentence"":""The soldiers stood in complete silence during the <pattern>solemn</pattern> <target>ceremony</target> to remember the brave people who died in the war."",""translation"":""在紀念戰爭中陣亡勇士的莊嚴儀式中，士兵們全程保持完全的沉默。""}]}],""synonyms"":[{""word"":""ritual"",""pos"":""noun"",""translation"":""儀式；例行公事"",""explanation"":""強調重複性的傳統儀式或宗教行為""},{""word"":""rite"",""pos"":""noun"",""translation"":""典禮；儀式"",""explanation"":""通常指宗教或文化中具有象徵意義的特定過渡儀式""}],""antonyms"":[]},{""sense"":""禮節；客套（正式且有時過於繁瑣的社交行為）"",""entries"":[{""pattern"":""without ceremony"",""pos"":""noun"",""translation"":""不拘禮節地；直接地"",""explanation"":""常用於否定結構，指跳過繁瑣的客套，直接進入正題或採取行動。"",""sentences"":[{""sentence"":""The manager entered the room <pattern>without</pattern> <target>ceremony</target> and told the staff that the company was closing down immediately."",""translation"":""經理不拘禮節地進入房間，並告訴員工公司將立即關閉。""}]}],""synonyms"":[],""antonyms"":[]},{""sense"":""禮貌；客套話"",""entries"":[{""pattern"":""no ceremony"",""pos"":""noun"",""translation"":""不用客套"",""explanation"":""常用於口語或社交情境，要求對方不要太客氣。"",""sentences"":[{""sentence"":""Please feel free to use any of the books on my shelf; there is <pattern>no</pattern> <target>ceremony</pattern> needed between old friends."",""translation"":""請隨意使用我書架上的任何書籍；老朋友之間不需要客套。""}]}],""synonyms"":[],""antonyms"":[]}],""conjugations"":null,""relatives"":{""morphology"":""字根 ceremoni (典禮) + 名詞字尾 -y"",""related"":[{""word"":""ceremonial"",""pos"":""adjective"",""translation"":""典禮的；儀式性的"",""explanation"":""指與正式典禮相關的特徵或用途。""},{""word"":""ceremonious"",""pos"":""adjective"",""translation"":""禮貌的；過於客氣的"",""explanation"":""強調個體在行為上表現出極其正式或繁瑣的禮節。""}]}}"	ai_pass		0
certainty	certainty n.	"{""headword"":""certainty"",""explanation"":""「certainty」在學測中常用於討論科學事實、機率預測或心理狀態。它不僅可以指「確定性」這個抽象概念，也可以指「必然發生的事」。在閱讀測驗中，要注意它與形容詞 certain 的區分，以及它在 a certainty 或 a mathematical certainty 這樣的片語中如何表達「絕對必然」的意思。"",""senses"":[{""sense"":""確定性；確定感（對某事沒有懷疑的狀態）"",""entries"":[{""pattern"":""with certainty"",""pos"":""noun"",""translation"":""確定地；肯定地"",""explanation"":""常用於修飾說話或行動的方式，表示說話者對所言之事的信心極高。"",""sentences"":[{""sentence"":""After conducting the experiment for three months, the young scientist could finally state <pattern>with</pattern> <target>certainty</target> that the new drug worked."",""translation"":""在進行了三個月的實驗後，這位年輕科學家終於能肯定地陳述這款新藥有效。""}]},{""pattern"":""a sense of certainty"",""pos"":""noun"",""translation"":""一種確定感"",""explanation"":""描述心理狀態，指對未來或現況感到安心且沒有疑慮。"",""sentences"":[{""sentence"":""Following the strict guidelines provided by the school, the students felt a greater <pattern>sense of</pattern> <target>certainty</target> about their final exam topics."",""translation"":""遵循學校提供的嚴格指南，學生們對他們的期末考考題感到更有確定感。""}]}],""synonyms"":[{""word"":""confidence"",""pos"":""noun"",""translation"":""信心；把握"",""explanation"":""強調對自身或結果有把握的心理狀態""},{""word"":""assurance"",""pos"":""noun"",""translation"":""保證；確信"",""explanation"":""強調透過外部保證而產生的確定感""}],""antonyms"":[{""word"":""uncertainty"",""pos"":""noun"",""translation"":""不確定性"",""explanation"":""指對未來或現況感到猶豫或模糊的情況""}]},{""sense"":""必然之事；確定會發生的事（指某件事百分之百會發生）"",""entries"":[{""pattern"":""be a certainty"",""pos"":""noun"",""translation"":""是必然的；確定會發生"",""explanation"":""將 certainty 作為可數名詞，指代一件確定會發生的具體事件。"",""sentences"":[{""sentence"":""Given the current amount of heavy rain and the rising river levels, a flood in the coastal village was a <target>certainty</target>."",""translation"":""考慮到目前的強降雨量和河水水位上升，沿海村莊發生水災是必然的。""}]},{""pattern"":""a mathematical certainty"",""pos"":""noun"",""translation"":""數學上的必然"",""explanation"":""極強的強調語，用來指稱那些根據邏輯或數據絕對無法改變的結果。"",""sentences"":[{""sentence"":""The teacher explained that if you add two and two, the result being four is a <pattern>mathematical</pattern> <target>certainty</target>."",""translation"":""老師解釋說，如果你將二加二，結果為四是數學上的必然。""}]}],""synonyms"":[{""word"":""inevitability"",""pos"":""noun"",""translation"":""必然性；不可避免"",""explanation"":""強調事情發展到這個地步，必然會發生""},{""word"":""fact"",""pos"":""noun"",""translation"":""事實"",""explanation"":""指已經確定且不可否認的事情""}],""antonyms"":[]}],""conjugations"":null,""relatives"":{""morphology"":""形容詞 certain (確定的) + 名詞字尾 -ty (狀態)"",""related"":[{""word"":""certain"",""pos"":""adjective"",""translation"":""確定的；某些"",""explanation"":""核心基礎形容詞型態。""},{""word"":""certainly"",""pos"":""adverb"",""translation"":""當然；肯定地"",""explanation"":""由形容詞 certain 加上副詞字尾 -ly 延伸而來。""},{""word"":""certify"",""pos"":""verb"",""translation"":""證明；核實"",""explanation"":""字根 cert (確定) 延伸而來，意為使之確定。""},{""word"":""certificate"",""pos"":""noun"",""translation"":""證明書；證書"",""explanation"":""由動詞 certify 加上名詞字尾 -icate 延伸而來。""}]}}"	ai_pass		0
certificate	certificate n./v.	"{""headword"":""certificate"",""explanation"":""「certificate」在學測中主要作為名詞，指正式的證明書或證書。需注意它與 「certificate」作為動詞（較少見但存在）的區分，以及它與形容詞 「certified」的關聯。在閱讀測驗中，常出現在教育、就業或專業資格認證的情境中。"",""senses"":[{""sense"":""證明書；證書（官方正式的文件，用以證明某人的資格、成就或身分）"",""entries"":[{""pattern"":""obtain / receive a certificate"",""pos"":""noun"",""translation"":""獲得證明書／證書"",""explanation"":""指通過考試或完成課程後，由官方機構頒發的正式文件。"",""sentences"":[{""sentence"":""After studying hard for six months, the young student finally <pattern>obtained</pattern> a <target>certificate</target> in advanced English communication."",""translation"":""在努力學習六個月後，這名年輕學生終於獲得了一張高級英語溝通證明書。""},{""sentence"":""Many university graduates now seek a professional <target>certificate</target> to make themselves more competitive in the job market."",""translation"":""許多大學畢業生現在尋求專業證書，以使自己在就業市場中更具競爭力。""}]},{""pattern"":""a certificate of ..."",""pos"":""noun"",""translation"":""…的證明書"",""explanation"":""用來具體說明證書的種類，後方接續特定的名詞，如 birth, death, completion 或 graduation。"",""sentences"":[{""sentence"":""When applying for a passport, you must provide a <target>certificate</target> <pattern>of</pattern> birth to prove your nationality and identity."",""translation"":""在申請護照時，你必須提供出生證明書以證明你的國籍與身分。""},{""sentence"":""The gym instructor gave every student a <target>certificate</target> <pattern>of</pattern> completion after they finished the ten-week fitness program."",""translation"":""健身教練在學生完成為期十週的健身計畫後，給每位學生發放了一張結業證明書。""}]}],""synonyms"":[{""word"":""credential"",""pos"":""noun"",""translation"":""資格證明；憑證"",""explanation"":""強調證明某人具有特定能力或背景的正式憑證""},{""word"":""diploma"",""pos"":""noun"",""translation"":""畢業證書"",""explanation"":""專指完成學位或課程後的畢業證書""}],""antonyms"":[]},{""sense"":""證明；認證（將某事正式地記錄在文件中）"",""entries"":[{""pattern"":""certificate sth."",""pos"":""verb"",""translation"":""證明…；認證…"",""explanation"":""較少見的動詞用法，指由官方或權威機構對某項產品、服務或品質進行正式認證。"",""sentences"":[{""sentence"":""The government agency will <target>certificate</target> the new building's safety standards to ensure that it is safe for public use."",""translation"":""政府機構將對這棟新建築的安全標準進行認證，以確保其適合公眾使用。""}]}],""synonyms"":[{""word"":""certify"",""pos"":""verb"",""translation"":""證明；認證"",""explanation"":""這是更常用於表達「證明」之意的動詞形式""},{""word"":""validate"",""pos"":""verb"",""translation"":""驗證；使生效"",""explanation"":""確認某事是否正確或符合標準""}],""antonyms"":[]}],""conjugations"":{""past_tense"":""certificated"",""past_participle"":""certificated""},""relatives"":{""morphology"":""字根 cert (確定) + 字尾 -ificate (使成為…之物)"",""related"":[{""word"":""certified"",""pos"":""adjective"",""translation"":""經過認證的；有證照的"",""explanation"":""由動詞 certify 轉化而來的形容詞，指具有正式證明""},{""word"":""certify"",""pos"":""verb"",""translation"":""證明；認證"",""explanation"":""核心動詞形式，指正式地宣告某事為真""},{""word"":""certain"",""pos"":""adjective"",""translation"":""確定的"",""explanation"":""共享字根 cert (確定)""},{""word"":""certainty"",""pos"":""noun"",""translation"":""確定性"",""explanation"":""由形容詞 certain 加上名詞字尾 -ty 延伸而來""}]}}"	ai_fail	1. PART_OF_SPEECH_MISMATCH: In the second sense (verb), the pattern 'certificate sth.' is listed as 'noun' in the 'pos' field. 2. GRAMMARICAL_ERROR: The sentence 'The government agency will <target>certificate</target> the new building's safety standards' is incorrect; 'certificate' is almost never used as a transitive verb in this context; the correct word is 'certify'. 3. CONTAINS_TYPO: In the explanation for the first sense, it mentions 'certificate' as a verb, but the text says '需注意它與 「certificate」作為動詞', which is redundant/circular. 4. INCOMPLETE_PATTERN: In the first sense, the pattern 'obtain / receive a certificate' is not fully tagged in the sentence 'the young student finally <pattern>obtained</pattern> a <target>certificate</target>', where 'obtained' is tagged as a pattern but 'a' is missing from the pattern definition.	0
chapel	chapel n.	"{""headword"":""chapel"",""explanation"":""「chapel」在閱讀測驗中常出現於描述歷史建築、宗教儀式或校園生活（如英國私立學校）的情境。它與 church 的主要區別在於規模較小，且通常是附屬於更大機構（如醫院、機場、學校、或大教堂內的一個小祭壇）的祈禱場所。"",""senses"":[{""sense"":""小教堂；禮拜堂（規模較小或附屬於某機構的祈禱空間）"",""entries"":[{""pattern"":""chapel"",""pos"":""noun"",""translation"":""小教堂；禮拜堂"",""explanation"":""指一個獨立的小型宗教場所，或位於大型建築物內部的專用祈禱室。"",""sentences"":[{""sentence"":""Every Sunday morning, the small village <target>chapel</target> fills with elderly residents who gather to pray and share local news."",""translation"":""每個週日早晨，這個小村莊的小教堂裡擠滿了聚集在一起祈禱並分享當地新聞的年長居民。""},{""sentence"":""The university has a quiet <target>chapel</target> on campus where students can go to find peace and meditate during stressful exam weeks."",""translation"":""大學校園內有一個安靜的禮拜堂，學生們可以在壓力巨大的考前週去那裡尋找平靜並冥想。""}]},{""pattern"":""in the chapel"",""pos"":""noun"",""translation"":""在禮拜堂中"",""explanation"":""常見的空間方位描述，常用於描述在該場域內進行的特定活動。"",""sentences"":[{""sentence"":""The wedding ceremony was held <pattern>in</pattern> the <target>chapel</target>, and the soft music playing in the background created a romantic atmosphere."",""translation"":""婚禮儀式在禮拜堂中舉行，背景播放的輕柔音樂營造出浪漫的氛圍。""}]}],""synonyms"":[{""word"":""shrine"",""pos"":""noun"",""translation"":""神龕；聖地"",""explanation"":""強調一個被視為神聖的特定地點或小型祭壇""},{""word"":""chapelry"",""pos"":""noun"",""translation"":""小教堂管轄區"",""explanation"":""較少見，指小教堂所服務的區域""}],""antonyms"":[]}],""conjugations"":null,""relatives"":{""morphology"":null,""related"":[]}}"	ai_fail	 rezult: 1. STYLE_MISMATCH: The pattern 'in the chapel' is a simple prepositional phrase and does not constitute a high-value collocation pattern for a headword that is a simple noun. 2. MISSING_COLLOCATIONS: For a GSAT level word, it lacks common descriptive adjectives that often accompany 'chapel' (e.g., 'small', 'quiet', 'private').	0
chaos	chaos n.	"{""headword"":""chaos"",""explanation"":""「chaos」在學測中常出現在描述社會混亂、自然災害、交通癱瘓或複雜系統的閱讀測驗中。重點在於區分它與 a mess 的區別：chaos 強調的是一種完全失去秩序、無法掌控的崩潰狀態，且在語法上通常作為不可數名詞使用。"",""senses"":[{""sense"":""混亂；無秩序（完全失去控制或組織的狀態）"",""entries"":[{""pattern"":""chaos"",""pos"":""noun"",""translation"":""混亂；無秩序"",""explanation"":""指一種極端混亂的狀態，可用於描述環境、氣氛或心境。"",""sentences"":[{""sentence"":""When the sudden power outage hit the city center, the busy streets fell into complete <target>chaos</target> as drivers stopped following traffic rules."",""translation"":""當突然的停電襲擊市中心時，繁忙的街道陷入了完全的混亂，因為駕駛者們停止遵守交通規則。""},{""sentence"":""The airport terminal became a scene of absolute <target>chaos</target> after all flights were canceled due to the unexpected heavy snowstorm."",""translation"":""機場航廈在所有航班因意外的強大暴風雪而取消後，變成了一個絕對混亂的場景。""}]},{""pattern"":""cause chaos"",""pos"":""noun"",""translation"":""引起混亂"",""explanation"":""常用動詞 cause 或 create，描述某個事件或行為導致環境秩序崩潰。"",""sentences"":[{""sentence"":""A small group of angry protesters marched into the shopping mall, <target>causing</target> total <pattern>chaos</pattern> among the frightened shoppers."",""translation"":""一小群憤怒的抗議者衝進購物中心，在受驚的購物者之間引起了完全的混亂。""},{""sentence"":""The technical glitch in the school's computer system <target>caused</target> <pattern>chaos</pattern> during the final exam, making it impossible for students to log in."",""translation"":""學校電腦系統的技術故障在期末考期間引起了混亂，導致學生們無法登入。""}]}],""synonyms"":[],""antonyms"":[]},{""sense"":""（科學上的）混沌（指系統中微小的變化可能導致巨大的結果）"",""entries"":[{""pattern"":""chaos theory"",""pos"":""noun"",""translation"":""混沌理論"",""explanation"":""專指科學或數學領域，描述系統對初始條件的高度敏感性，常用於氣象預測或複雜系統分析。"",""sentences"":[{""sentence"":""In his physics class, the professor explained <pattern>chaos</pattern> <target>theory</target>, describing how a butterfly's wing beat can influence global weather."",""translation"":""在他的物理課上，教授解釋了混沌理論，描述了一隻蝴蝶的翅膀拍動如何能影響全球天氣。""}]}],""synonyms"":[],""antonyms"":[]},{""sense"":""心亂；心神不寧"",""entries"":[{""pattern"":""mental chaos"",""pos"":""noun"",""translation"":""心靈上的混亂"",""explanation"":""用來描述一個人內心極度不安、缺乏方向感的精神狀態。"",""sentences"":[{""sentence"":""After losing his job and his home in the same week, he felt a sense of <target>chaos</target> in his mind that he could not control."",""translation"":""在同一週內失去了工作和房子後，他感到心中有一種無法控制的混亂感。""}]}],""synonyms"":[],""antonyms"":[]},{""sense"":""混亂；無秩序（完全失去控制或組織的狀態）"",""entries"":[{""pattern"":""chaos"",""pos"":""noun"",""translation"":""混亂；無秩序"",""explanation"":""指一種極端混亂的狀態，可用於描述環境、氣氛或心境。"",""sentences"":[{""sentence"":""When the sudden power outage hit the city center, the busy streets fell into complete <target>chaos</target> as drivers stopped following traffic rules."",""translation"":""translation\"":\""當突然的停電襲擊市中心時，繁忙的街道就陷入了完全的混亂，因為駕駛者們停止遵守交通規則。\""""}]}],""synonyms"":[],""antonyms"":[]}],""conjugations"":null,""relatives"":{""morphology"":null,""related"":[{""word"":""chaotic"",""pos"":""adjective"",""translation"":""混亂的"",""explanation"":""由名詞 chaos 演變而來的形容詞，描述狀態或環境。""}]}}"	ai_fail	"1. VIOLATION_OF_SYSTEM_PROMPT: The card contains a duplicate sense (the first and fourth senses are identical). 2. INVERTED_TAGS: In the 'chaos theory' entry, the target tag is on 'theory' (<target>theory</target>) instead of the headword 'chaos'. 3. PATTERN_WITH_INSUFFICIENT_EXAMPLES: The duplicate sense at the end contains a sentence with a broken translation field (it includes the string 'translation"":""...""' inside the translation value). 4. CONTAINS_GIBBERISH: The final sentence translation contains escaped quotes and JSON-like syntax inside the string, which is a formatting error."	0
chef	chef n.	"{""headword"":""chef"",""explanation"":""「chef」在學測中通常出現在生活風格、飲食文化或職業描述的文章中。需注意它與一般「cook」的區別：chef 指的是經過專業訓練、在餐廳負責管理廚房的專業主廚，而 cook 則是泛指任何會煮飯的人。"",""senses"":[{""sense"":""主廚；專業廚師（在餐廳或飯店中負責管理與設計菜單的專業人士）"",""entries"":[{""pattern"":""chef"",""pos"":""noun"",""translation"":""主廚；專業廚師"",""explanation"":""指在專業廚房中擁有最高權限與專業技能的領導者。"",""sentences"":[{""sentence"":""After spending five years studying in France, the young man returned home to become the head <target>chef</target> of a famous five-star hotel."",""translation"":""在法國學習五年後，這名年輕男子回到家鄉，成為了一家著名五星級飯店的主廚。""},{""sentence"":""The <target>chef</target> carefully chose fresh organic vegetables from the local market to ensure every dish had the highest quality."",""translation"":""主廚小心地從當地市場挑選新鮮的有機蔬菜，以確保每道菜餚都具有最高品質。""}]}],""synonyms"":[{""word"":""cook"",""pos"":""noun"",""translation"":""廚師"",""explanation"":""泛指所有烹飪的人，不一定具有專業管理職位""},{""word"":""culinarian"",""pos"":""noun"",""translation"":""烹飪專家"",""explanation"":""較正式的術語，指對烹飪藝術有深厚研究的人""}],""antonyms"":[]}],""conjugations"":null,""relatives"":{""morphology"":null,""related"":[{""word"":""culinary"",""pos"":""adjective"",""translation"":""烹飪的；廚藝的"",""explanation"":""與烹飪藝術相關的形容詞，如 culinary skills (廚藝技巧)。""}]}}"	ai_fail	DENSITY_ERROR: 'chef' is a relatively common word, but the entries only provide a single pattern ('chef' as a noun). It lacks critical collocations like 'head chef' or 'sous-chef' as distinct patterns to help students recognize professional hierarchy in reading texts. Additionally, the sentence 'The chef carefully chose fresh organic vegetables...' is too generic; it doesn't provide enough context to distinguish 'chef' from 'cook' as emphasized in the explanation.	0
characterize	characterize v.	"{""headword"":""characterize"",""explanation"":""「characterize」在學測中常用於描述某人的特徵、某事物的本質或某個時期的風格。這個字的核心在於「將某物歸類為具有特定特質」，在閱讀測驗中常出現於探討文化特徵、生物習性或藝術風格的段落中。"",""senses"":[{""sense"":""描述…的特徵；將…定義為（強調突出特質）"",""entries"":[{""pattern"":""characterize sth. as sth."",""pos"":""verb"",""translation"":""將…描述為…；將…定義為…"",""explanation"":""這是最高頻的搭配，用來明確地將某個對象歸類為某種特質或狀態。"",""sentences"":[{""sentence"":""Many historians <target>characterize</target> the early twentieth century <pattern>as</pattern> a period of great social change and political unrest."",""translation"":""許多歷史學家將二十世紀初描述為一個社會劇變與政治動盪的時期。""},{""sentence"":""The teacher <target>characterized</target> the student's writing style <pattern>as</pattern> clear and direct, which helped the boy feel more confident in his work."",""translation"":""老師將這名學生的寫作風格定義為清晰且直接，這讓男孩對自己的作品感到更加自信。""}]},{""pattern"":""be characterized by sth."",""pos"":""verb"",""translation"":""以…為特徵；具有…的特點"",""explanation"":""被動態用法，用來客觀描述一個事物由哪些核心元素或特徵所組成。"",""sentences"":[{""sentence"":""The tropical rainforest is <target>characterized</target> <pattern>by</pattern> high temperatures and heavy rainfall throughout the entire year."",""translation"":""熱帶雨林以全年高溫與強降雨為特徵。""},{""sentence"":""Modern architecture is often <target>characterized</target> <pattern>by</pattern> simple lines and the use of large glass walls to let in natural light."",""translation"":""現代建築通常以簡單的線條以及使用大面積玻璃牆以引入自然光為特點。""}]}],""synonyms"":[{""word"":""describe"",""pos"":""verb"",""translation"":""描述"",""explanation"":""泛指對事物外觀或性質的說明""},{""word"":""define"",""pos"":""verb"",""translation"":""定義；界定"",""explanation"":""強調明確地劃分界限或給予定義""},{""word"":""depict"",""pos"":""verb"",""translation"":""描繪"",""explanation"":""常用於藝術作品或文學描述中""}],""antonyms"":[]}],""conjugations"":{""past_tense"":""characterized"",""past_participle"":""characterized""},""relatives"":{""morphology"":""字根 character (性格、特徵) + 字尾 -ize (使…化/使成為)"",""related"":[{""word"":""characteristic"",""pos"":""adjective"",""translation"":""具有特徵的；典型的"",""explanation"":""由 characterize 的名詞型態延伸而來的形容詞。""},{""word"":""characteristic"",""pos"":""noun"",""translation"":""特徵；特性"",""explanation"":""指事物所具有的獨特屬性。""},{""word"":""characterization"",""pos"":""noun"",""translation"":""刻畫；描繪"",""explanation"":""指將某人或某物描述為具有特定特質的過程。""}]}}"	ai_pass		0
choir	choir n.	"{""headword"":""choir"",""explanation"":""「choir」在學測中常出現在校園生活、藝術表現或宗教相關的閱讀文本中。其發音與「quire」相同，學生容易在聽力或拼寫時混淆。重點在於理解其作為集體名詞的特性，以及與相關動詞（如 sing, perform）的搭配。"",""senses"":[{""sense"":""合唱團；合唱"",""entries"":[{""pattern"":""a choir of..."",""pos"":""noun"",""translation"":""一個由…組成的合唱團"",""explanation"":""用來描述合唱團的組成成員，例如學生、兒童或專業歌手。"",""sentences"":[{""sentence"":""The high school <target>choir</target> <pattern>of</pattern> talented students spent months practicing their songs for the annual winter concert."",""translation"":""這所高中的學生合唱團花了好幾個月練習歌曲，為了準備年度冬季音樂會。""},{""sentence"":""During the church service, a professional <target>choir</target> <pattern>of</pattern> opera singers performed a beautiful song that moved the entire audience."",""translation"":""在教堂禮拜期間，一群由歌劇歌手組成的專業合唱團演唱了一首讓全場觀眾深受感動的歌曲。""}]},{""pattern"":""sing in a choir"",""pos"":""verb"",""translation"":""在合唱團中唱歌"",""explanation"":""描述參與合唱活動的習慣或經驗。"",""sentences"":[{""sentence"":""Ever since she was seven years old, Sarah has loved to <pattern>sing</pattern> <target>in a choir</target>, which helped her build confidence."",""translation"":""自從七歲起，莎拉就熱愛在合唱團中唱歌，這幫助她建立了自信。""}]}],""synonyms"":[],""antonyms"":[]}],""conjugations"":null,""relatives"":{""morphology"":null,""related"":[{""word"":""choral"",""pos"":""adjective"",""translation"":""合唱的；合唱團的"",""explanation"":""形容詞形式，常用於描述音樂類型，如 choral music (合唱音樂)。""}]}}"	ai_fail	PART_OF_SPEECH_MISMATCH: In the pattern 'sing in a choir', the POS is listed as 'verb', but the headword 'choir' is a noun. The pattern should be a noun phrase acting as an object of a preposition. STYLE_MISMATCH: The sentence 'Ever since she was seven years old, Sarah has loved to <pattern>sing</pattern> <target>in a choir</target>...' contains a target tag wrapping a prepositional phrase ('in a choir'), which violates the system prompt's rule: 'Never span this tag across multiple words.' The target tag must only wrap the headword variant.	0
chord	chord n.	"{""headword"":""chord"",""explanation"":""「chord」在學測中主要出現在音樂類文章或文學描述中。除了基本的音樂術語「和弦」外，最常考的抽象用法是與 strike 或 touch 搭配，形成「觸動心弦」的比喻用法，這是閱讀測驗中理解作者情感基調的關鍵。"",""senses"":[{""sense"":""和弦；協和音（三個或更多音符同時發出的聲音）"",""entries"":[{""pattern"":""chord"",""pos"":""noun"",""translation"":""和弦"",""explanation"":""音樂專業術語，指同時演奏的多個音符，用以建立歌曲的氛圍或情緒。"",""sentences"":[{""sentence"":""The young pianist practiced the same complex <target>chord</target> for an hour until his fingers could move smoothly and without any mistakes."",""translation"":""這位年輕的鋼琴家練習同一個複雜的和弦長達一小時，直到他的手指能夠流暢且毫無錯誤地移動。""}]},{""pattern"":""strike a chord"",""pos"":""noun"",""translation"":""彈奏和弦；敲擊音弦"",""explanation"":""字面意思是彈奏出一個和弦，但在實際文章中，更多是以比喻意出現在情感描述中。"",""sentences"":[{""sentence"":""As the concert ended, the cellist played a final, deep <target>chord</target> that echoed through the quiet hall for several seconds."",""translation"":""隨著音樂會結束，大提琴手彈奏了最後一個深沉的和弦，在寂靜的大廳中迴響了數秒。""}]}],""synonyms"":[{""word"":""harmony"",""pos"":""noun"",""translation"":""和聲；協調"",""explanation"":""指多個音符或聲音產生的協調感""}],""antonyms"":[]},{""sense"":""心弦；共鳴（比喻情感上的觸動或認同）"",""entries"":[{""pattern"":""strike a chord (with sb.)"",""pos"":""noun"",""translation"":""引起（某人）的共鳴；觸動心弦"",""explanation"":""極高頻的比喻用法。指某件事物（如演講、故事、歌曲）觸動了對方的感受，使其產生認同感或共鳴。"",""sentences"":[{""sentence"":""The speaker's emotional story about overcoming poverty <target>struck</target> a <pattern>chord</pattern> <pattern>with</pattern> the audience, leaving many people in tears."",""translation"":""演講者關於克服貧困的感人故事引起了聽眾的共鳴，讓許多人流淚。""}]}],""synonyms"":[],""antonyms"":[]}],""conjugations"":null,""relatives"":{""morphology"":""源自古希臘語 khordē (弦)，指樂器的弦。"",""related"":[{""word"":""chordal"",""pos"":""adjective"",""translation"":""和弦的；弦的"",""explanation"":""形容詞形式，用於描述音樂結構。""}]}}"	ai_fail	1. PART_OF_SPEECH_MISMATCH: In the pattern 'strike a chord', the POS is listed as 'noun', but 'strike' is a verb. The pattern should be a verb phrase. 2. INCOMPLETE_PATTERN: In the sentence 'The speaker's emotional story about overcoming poverty <target>struck</target> a <pattern>chord</pattern> <pattern>with</pattern> the audience', the word 'struck' is the headword variant, but it is not tagged as part of the pattern. The pattern 'strike a chord (with sb.)' requires the headword to be part of the pattern if it's a collocation. However, the system prompt says 'Never wrap the headword itself in pattern tags'. This creates a conflict. Following the strict rule: the pattern tags should be around 'a chord' and 'with'. But the current tagging is <target>struck</target> a <pattern>chord</pattern> <pattern>with</pattern>. This is actually correct per the system prompt's 'Never wrap the headword itself in pattern tags'. 3. STYLE_MISMATCH: The sentence 'As the concert ended, the cellist played a final, deep <target>chord</target> that echoed through the quiet hall for several seconds' is for the pattern 'strike a chord' (literal meaning), but the verb used is 'played'. This is a mismatch between the pattern and the sentence. 4. MISSING_COLLOCATIONS: The literal sense of 'strike a chord' (to hit a string) is listed as a pattern, but the example sentence uses 'played'. If the pattern is 'strike a chord', the sentence must use 'strike'.	0
chronic	chronic adj.	"{""headword"":""chronic"",""explanation"":""「chronic」在學測中常出現在健康、心理、社會問題或環境議題的閱讀測驗中。其核心含義是「長期的」或「慢性的」，用以描述那些無法快速解決且持續時間極長的負面狀態。注意它與「acute (急性的)」在醫學與邏輯上形成強烈對比。"",""senses"":[{""sense"":""慢性的；長期的（指疾病或負面情況持續時間久且難以治癒）"",""entries"":[{""pattern"":""chronic disease / condition"",""pos"":""adjective"",""translation"":""慢性疾病／慢性病況"",""explanation"":""醫學最常用的搭配，指那些不會立即致命但會長期影響生活品質的疾病。"",""sentences"":[{""sentence"":""Because of his <target>chronic</target> back <pattern>pain</pattern>, the elderly man had to use a walking stick to move around his small garden."",""translation"":""因為長期的背痛，這位老人必須使用柺杖才能在他的小花園中走動。""},{""sentence"":""Many elderly people suffer from <target>chronic</target> <pattern>diseases</pattern> such as diabetes, which require careful diet and lifelong medication."",""translation"":""許多年長者患有如糖尿病等慢性疾病，這需要嚴格的飲食控制和終身的藥物治療。""}]},{""pattern"":""chronic shortage / lack of sth."",""pos"":""adjective"",""translation"":""長期的短缺／缺乏某物"",""explanation"":""用於描述社會、經濟或資源問題，指某種缺乏狀態持續很久且未獲解決。"",""sentences"":[{""sentence"":""The small island nation faces a <target>chronic</target> <pattern>shortage</pattern> of fresh drinking water, forcing residents to buy expensive bottled water."",""translation"":""這個小島國面臨著長期的淡水短缺，迫使居民必須購買昂貴的瓶裝水。""},{""sentence"":""Many public schools in remote rural areas suffer from a <target>chronic</target> <pattern>lack</pattern> of qualified teachers, affecting students' learning quality."",""translation"":""偏遠鄉村地區的許多公立學校長期缺乏合格的教師，影響了學生的學習品質。""}]},{""pattern"":""chronic problem / issue"",""pos"":""adjective"",""translation"":""長期存在的問題／議題"",""explanation"":""泛指任何持續時間長且難以根除的負面社會或個人問題。"",""sentences"":[{""sentence"":""Traffic congestion in the capital city has become a <target>chronic</target> <pattern>problem</pattern> that the government has failed to solve for decades."",""translation"":""首都城市的交通擁堵已成為一個長期存在的問題，政府數十年來一直未能解決。""}]}],""synonyms"":[],""antonyms"":[]}],""conjugations"":null,""relatives"":{""morphology"":""字根 chron (時間) + 形容詞字尾 -ic"",""related"":[{""word"":""chronological"",""pos"":""adjective"",""translation"":""按時間順序的"",""explanation"":""指事情按照發生時間的先後順序排列。""},{""word"":""chronicle"",""pos"":""noun"",""translation"":""編年史；記錄"",""explanation"":""對事件按時間順序進行的詳細記錄。""},{""word"":""synchronize"",""pos"":""verb"",""translation"":""同步化"",""explanation"":""字首 syn- (共同) + 字根 chron (時間)，意為讓兩件事在同一時間發生。""}]}}"	ai_fail	 densely versatile words should have 3-4 patterns. While 'chronic' is an adjective, it's high-yield. The current patterns are 'chronic disease/condition', 'chronic shortage/lack', and 'chronic problem/issue'. This is sufficient. However, check for i+1 principle: 'diabetes' in the sentence 'Many elderly people suffer from <target>chronic</target> <pattern>diseases</pattern> such as diabetes' might be considered slightly too difficult for a GSAT student if the target word is 'chronic'. But 'diabetes' is common enough. Wait, the main issue is SYNONYMS: the synonyms list is empty. For a word like 'chronic', synonyms like 'persistent', 'long-term', or 'constant' are essential for GSAT students to expand their vocabulary. This is MISSING_COLLOCATIONS/MISSING_EXAMPLES in terms of semantic expansion.	0
chore	chore n.	"{""headword"":""chore"",""explanation"":""「chore」在學測中常出現在描述家庭生活、青少年成長或責任分擔的文本中。它不僅指具體的「家事」，在比喻用法中也常用來形容那些「枯燥、乏味且必須完成的任務」。"",""senses"":[{""sense"":""例行家事（日常生活中必須完成的繁瑣瑣事）"",""entries"":[{""pattern"":""do the chores"",""pos"":""noun"",""translation"":""做家事"",""explanation"":""最常用的固定搭配，指完成清洗、掃地等日常維護工作的總稱。"",""sentences"":[{""sentence"":""To teach their children about responsibility, the parents decided that every teenager must <pattern>do</pattern> the <target>chores</target> before they could play video games."",""translation"":""為了教孩子們關於責任感，父母決定每個青少年在玩電動之前必須先做家事。""},{""sentence"":""After the long family dinner, my brother and I spent an hour doing the kitchen <target>chores</target> to make sure the house was clean."",""translation"":""在漫長的家庭晚餐後，我與哥哥花了一小時做廚房家事，以確保房子保持乾淨。""}]},{""pattern"":""household chore"",""pos"":""noun"",""translation"":""家務雜事"",""explanation"":""強調該瑣事屬於家庭內部管理的範疇。"",""sentences"":[{""sentence"":""Many modern families use a weekly schedule to divide every <pattern>household</pattern> <target>chore</target> fairly among all the members of the home."",""translation"":""許多現代家庭使用每週時間表，將每項家務雜事公平地分配給家中所有成員。""}]}],""synonyms"":[{""word"":""task"",""pos"":""noun"",""translation"":""任務"",""explanation"":""泛指任何需要完成的工作""},{""word"":""duty"",""pos"":""noun"",""translation"":""職責"",""explanation"":""強調基於道德或法律上的必須執行之事""}],""antonyms"":[]},{""sense"":""乏味且艱鉅的任務（比喻用法，指令人厭煩的工作）"",""entries"":[{""pattern"":""be a chore"",""pos"":""noun"",""translation"":""是一件苦差事"",""explanation"":""當 chore 作為補語時，用來描述某項活動雖然必要但過程非常枯燥且令人不快。"",""sentences"":[{""sentence"":""For some students, reading long history books is a passion, but for others, it is a total <target>chore</target> that they hate doing."",""translation"":""對某些學生來說，閱讀長篇歷史書是一種熱情，但對其他人而言，這完全是一件他們痛恨的苦差事。""},{""sentence"":""Updating the old database manually was a tedious <target>chore</target> that took the office staff several weeks to complete perfectly."",""translation"":""手動更新舊的資料庫是一項乏味的苦差事，辦公室職員花了數週才完美地完成。""}]}],""synonyms"":[{""word"":""drudgery"",""pos"":""noun"",""translation"":""苦工；單調乏味的工作"",""explanation"":""強調工作的極度單調與辛苦""},{""word"":""burden"",""pos"":""noun"",""translation"":""負擔"",""explanation"":""指心理上或身體上的沉重壓力""}],""antonyms"":[{""word"":""pleasure"",""pos"":""noun"",""translation"":""樂事；快事"",""explanation"":""指帶來愉悅感的活動""},{""word"":""joy"",""pos"":""noun"",""translation"":""喜悅"",""explanation"":null}]}],""conjugations"":null,""relatives"":{""morphology"":null,""related"":[]}}"	ai_pass		0
chubby	chubby adj.	"{""headword"":""chubby"",""explanation"":""「chubby」常用於描述人的外貌，特別是孩子或嬰兒的臉頰或身體。這個字帶有較為溫馨、可愛（cute）的正面色彩，與單純描述體重的「fat」或「obese」不同，後兩者通常被視為負面或不健康。"",""senses"":[{""sense"":""圓潤的；胖乎乎的（通常指可愛的胖）"",""entries"":[{""pattern"":""chubby cheeks"",""pos"":""adjective"",""translation"":""圓潤的臉頰"",""explanation"":""最常見的固定搭配，用來形容嬰兒或小孩飽滿的臉頰。"",""sentences"":[{""sentence"":""The grandmother could not stop smiling while she was pinching the <target>chubby</target> <pattern>cheeks</pattern> of her newborn grandson."",""translation"":""奶奶在捏她剛出生孫子的圓潤臉頰時，忍不住一直微笑。""},{""sentence"":""Everyone in the room thought the baby was adorable because he had such <target>chubby</target> <pattern>cheeks</pattern> and a bright smile."",""translation"":""房間裡的每個人都覺得這個寶寶很可愛，因為他有如此圓潤的臉頰和燦爛的笑容。""}]},{""pattern"":""a chubby child / baby"",""pos"":""adjective"",""translation"":""胖乎乎的孩子／嬰兒"",""explanation"":""用來描述身體整體感覺圓潤且健康的狀態，常用於溫馨的家庭場景。"",""sentences"":[{""sentence"":""The <target>chubby</target> <pattern>baby</pattern> slept soundly in the wooden crib, looking like a small, soft cloud in the afternoon sunlight."",""translation"":""那個胖乎乎的寶寶在木製嬰兒床裡熟睡，在午後的陽光下看起來像一朵小小的、柔軟的雲。""},{""sentence"":""When I was five years old, I was a <target>chubby</target> <pattern>child</pattern> who loved eating sweets and playing in the park."",""translation"":""在我五歲的時候，我是一個喜歡吃甜食並在公園裡玩耍的胖乎乎的孩子。""}]}],""synonyms"":[],""antonyms"":[]},{""sense"":""稍微過重的（較委婉的說法）"",""entries"":[{""pattern"":""look chubby"",""pos"":""adjective"",""translation"":""看起來圓潤／微胖"",""explanation"":""用來委婉地描述一個人的體型，避免直接使用 fat 這種強烈且可能冒犯的詞彙。"",""sentences"":[{""sentence"":""Since he stopped exercising and started eating more fast food, he has begun to <target>look</target> <pattern>chubby</pattern> in his school uniform."",""translation"":""自從他停止運動並開始吃更多速食後，他開始在校服中看起來微胖了。""}]}],""synonyms"":[],""antonyms"":[]},{""sense"":""圓潤的（指非人類的物體或動物）"",""entries"":[{""pattern"":""chubby paws / body"",""pos"":""adjective"",""translation"":""圓潤的爪子／身體"",""explanation"":""常用於描述寵物（如貓、狗、小豬）給人一種可愛感。"",""sentences"":[{""sentence"":""The small kitten had <target>chubby</target> <pattern>paws</pattern> that made it look even more clumsy and cute when it tried to walk."",""translation"":""那隻小貓有著圓潤的爪子，使得它在嘗試行走時看起來更加笨拙且可愛。""}]}],""synonyms"":[],""antonyms"":[]},{""sense"":""(None)"",""entries"":[],""synonyms"":[{""word"":""plump"",""pos"":""adjective"",""translation"":""圓潤的；豐滿的"",""explanation"":""與 chubby 相似，強調健康、飽滿的感覺""},{""word"":""pudgy"",""pos"":""adjective"",""translation"":""胖乎乎的"",""explanation"":""常用於描述手指或臉頰等局部圓潤""},{""word"":""stout"",""pos"":""adjective"",""translation"":""粗壯的；結實的"",""explanation"":""null""}],""antonyms"":[]},{""sense"":""(None)"",""entries"":[],""synonyms"":[],""antonyms"":[{""word"":""skinny"",""pos"":""adjective"",""translation"":""皮包骨的；極瘦的"",""explanation"":""強調瘦得不健康或缺乏肌肉""},{""word"":""slim"",""pos"":""adjective"",""translation"":""苗條的"",""explanation"":""正面詞彙，指體型勻稱且纖細""},{""word"":""lean"",""pos"":""adjective"",""translation"":""精瘦的"",""explanation"":""常用於描述運動員或肌肉發達的體型""}]}],""conjugations"":null,""relatives"":{""morphology"":null,""related"":[{""word"":""chubbiness"",""pos"":""noun"",""translation"":""圓潤；胖乎乎的狀態"",""explanation"":""由形容詞 chubby 加上名詞字尾 -ness 延伸而來。""}]}}"	ai_fail	1. Senses 4 and 5 are empty placeholders (None) containing only synonyms/antonyms; this violates the structure of the 'senses' array where each sense should be a semantic cluster with entries. 2. In the pattern 'look chubby', the <target> tag is placed on 'look' instead of 'chubby'. 3. In the sentence 'Since he stopped exercising...', the word 'fast food' might be considered slightly too difficult for a Level 3/4 word like 'chubby' according to the i+1 principle, though acceptable. 4. Missing synonyms/antonyms within the specific sense entries to allow for better contextual mapping.	0
chunk	chunk n.	"{""headword"":""chunk"",""explanation"":""「chunk」在學測中通常不指巨大的岩石，而是在資訊處理、學習方法或日常對話中，指「一大塊」或「一大部分」的內容。在閱讀測驗中，常出現於討論記憶法（chunking）或時間管理，指將大量資訊拆分成可管理的小塊。"",""senses"":[{""sense"":""一大塊；大部分（具體或抽象的量）"",""entries"":[{""pattern"":""a chunk of sth."",""pos"":""noun"",""translation"":""一大塊…；很大一部分…"",""explanation"":""可用於具體物品（如食物、冰塊）或抽象概念（如時間、金錢、資訊）。"",""sentences"":[{""sentence"":""After the storm, the beach was covered with huge <target>chunks</target> <pattern>of</pattern> ice that had broken off from the northern glaciers."",""translation"":""風暴過後，海灘上佈滿了從北方冰河中斷裂而下的大塊冰塊。""},{""sentence"":""I spent a large <target>chunk</target> <pattern>of</pattern> my weekend cleaning the garage and organizing all the old boxes from my childhood."",""translation"":""我花了我週末很大一部分的時間來清理車庫，並整理所有童年時期的舊盒子。""},{""sentence"":""The government decided to spend a significant <target>chunk</target> <pattern>of</pattern> the national budget on improving rural healthcare and building new hospitals."",""translation"":""政府決定將國家預算的很大一部分花在改善鄉村醫療保健和建造新醫院上。""}]}],""synonyms"":[{""word"":""piece"",""pos"":""noun"",""translation"":""碎片；部分"",""explanation"":""最通用的詞，不強調大小""},{""word"":""portion"",""pos"":""noun"",""translation"":""一部分；一份"",""explanation"":""強調從整體中分出來的一份""},{""word"":""segment"",""pos"":""noun"",""translation"":""片段；部分"",""explanation"":""強調被切分或劃分出的區段""}],""antonyms"":[]}],""conjugations"":null,""relatives"":{""morphology"":null,""related"":[{""word"":""chunking"",""pos"":""noun"",""translation"":""分塊法"",""explanation"":""心理學術語，指將零散資訊組合成有意義的單位以利記憶。""}]}}"	ai_pass		0
circuit	circuit n.	"{""headword"":""circuit"",""explanation"":""「circuit」在學測中跨越兩個主要領域：一是物理與科技領域的「電路」，二是空間與活動領域的「巡迴/迴路」。在閱讀測驗中，尤其在探討科技發明或旅遊行程時，學生需能快速辨識其具體語境。"",""senses"":[{""sense"":""電路；迴路（電流通過的封閉路徑）"",""entries"":[{""pattern"":""electrical circuit"",""pos"":""noun"",""translation"":""電路"",""explanation"":""指電力傳輸的封閉路徑。常用於描述電子產品內部結構或科學實驗。"",""sentences"":[{""sentence"":""The student carefully connected all the wires to complete the <pattern>electrical</pattern> <target>circuit</target>, allowing the small light bulb to shine brightly."",""translation"":""學生小心地連接所有電線以完成電路，讓那個小燈泡能明亮地發光。""},{""sentence"":""If a wire is broken or disconnected, the <target>circuit</target> will be interrupted, and the electronic device will stop working immediately."",""translation"":""如果電線斷裂或斷開，電路將會被中斷，而電子設備將立即停止運作。""}]},{""pattern"":""short circuit"",""pos"":""noun"",""translation"":""短路"",""explanation"":""指電流通過非正常路徑導致故障。可用作名詞或動詞，但在學測中常作為名詞出現，描述事故原因。"",""sentences"":[{""sentence"":""A sudden <target>short</target> <pattern>circuit</pattern> in the old building's wiring caused a fire that destroyed several rooms in the library."",""translation"":""舊建築電線配置中的一次突然短路，引起了一場摧毀了圖書館好幾個房間的火災。""}]}],""synonyms"":[{""word"":""loop"",""pos"":""noun"",""translation"":""環路；迴路"",""explanation"":""強調路徑的封閉圓環形狀""}],""antonyms"":[]},{""sense"":""巡迴；巡視（沿著固定路徑走完一圈的過程或路徑）"",""entries"":[{""pattern"":""make the circuit of sth."",""pos"":""noun"",""translation"":""巡迴…；繞…一圈"",""explanation"":""指沿著特定區域的邊界或固定路徑走完一圈。"",""sentences"":[{""sentence"":""The security guard makes the <target>circuit</target> <pattern>of</pattern> the entire shopping mall every hour to ensure all doors are locked."",""translation"":""保安每小時會將整個購物中心巡迴一遍，以確保所有門都已鎖好。""},{""sentence"":""The tour guide led the tourists to make the <target>circuit</target> <pattern>of</pattern> the ancient city walls to see the different gates."",""translation"":""導遊帶領遊客繞著古城牆走完一圈，以觀察不同的城門。""}]},{""pattern"":""lecture/performance circuit"",""pos"":""noun"",""translation"":""巡迴演講／表演圈"",""explanation"":""指在多個城市或地點之間巡迴進行活動的固定路徑或社群。"",""sentences"":[{""sentence"":""After publishing his famous book, the professor entered the international <target>circuit</target> <pattern>of</pattern> public lectures to share his research."",""translation"":""在出版了他的名著後，教授進入了國際巡迴演講圈，在各地分享他的研究成果。""}]}],""synonyms"":[{""word"":""route"",""pos"":""noun"",""translation"":""路徑；路線"",""explanation"":""指從起點到終點的路徑""},{""word"":""tour"",""pos"":""noun"",""translation"":""巡迴；旅程"",""explanation"":""強調在多個地點之間移動的過程""}],""antonyms"":[]}],""conjugations"":null,""relatives"":{""morphology"":""字根 circ (圓圈、環) + 字尾 -uit (路徑/結果)"",""related"":[{""word"":""circle"",""pos"":""noun"",""translation"":""圓圈"",""explanation"":""最基礎的圓形結構。""},{""word"":""circular"",""pos"":""adjective"",""translation"":""圓形的；環形的"",""explanation"":""由 circle 延伸而來的形容詞。""},{""word"":""circulate"",""pos"":""verb"",""translation"":""循環；流傳"",""explanation"":""字根 circ (圓) + late (帶領)，意為像圓圈一樣循環流動。""},{""word"":""circumference"",""pos"":""noun"",""translation"":""圓周"",""explanation"":""字首 circum- (環繞) + fer (攜帶)，意為環繞周長的距離。""}]}}"	ai_fail	1. In the pattern 'short circuit', the <target> tag is placed on 'short' instead of 'circuit'. 2. In the sentence 'A sudden short circuit...', the <pattern> tag is placed on 'circuit' instead of 'short' (the accompanying element). This is an INVERTED_TAGS error.	0
cite	cite v.	"{""headword"":""cite"",""explanation"":""「cite」在學測中常見於學術寫作、法律案件或正式討論的語境。它不僅指「引用」文字，也可用於「舉出」例子或理由來支持論點。注意它與 sight (視覺) 和 site (地點) 的同音異義，在填空題中需根據語義辨析。"",""senses"":[{""sense"":""引用；舉證（引用文字、數據或法律條文以支持論點）"",""entries"":[{""pattern"":""cite sth. (as evidence/proof)"",""pos"":""verb"",""translation"":""引用某事（作為證據/證明）"",""explanation"":""直接接名詞受詞，指在論文、演講或法庭上引用權威來源或具體數據來增加可信度。"",""sentences"":[{""sentence"":""To make his essay more professional, the student decided to <target>cite</target> several <pattern>academic journals</pattern> as evidence for his claims."",""translation"":""為了讓他的論文更專業，這名學生決定引用幾本學術期刊作為他主張的證據。""},{""sentence"":""The lawyer tried to <target>cite</target> a <pattern>previous court case</pattern> to prove that his client was not guilty of the crime."",""translation"":""律師試圖舉出一個先前的法院案例，以證明他的客戶對該項罪行並不有罪。""}]},{""pattern"":""cite sb. for sth."",""pos"":""verb"",""translation"":""因…而表揚/稱讚某人"",""explanation"":""較少見但仍是考點，指因為某人的特定英勇或出色行為而正式地表揚該人。"",""sentences"":[{""sentence"":""The brave firefighter was <target>cited</target> <pattern>for</pattern> his courage when he saved a small child from the burning building."",""translation"":""那名勇敢的消防員因他在燃燒建築中救出一個小孩的勇氣而受到表揚。""}]}],""synonyms"":[{""word"":""quote"",""pos"":""verb"",""translation"":""引用；摘錄"",""explanation"":""指直接引用原話或文字""},{""word"":""reference"",""pos"":""verb"",""translation"":""提及；引用"",""explanation"":""較正式的提及或指向某個來源""}],""antonyms"":[]}],""conjugations"":{""past_tense"":""cited"",""past_participle"":""cited""},""relatives"":{""morphology"":""字根 cit (呼喚、召集)"",""related"":[{""word"":""citation"",""pos"":""noun"",""translation"":""引用；引文"",""explanation"":""由動詞 cite 加上名詞字尾 -ation 延伸而來。""},{""word"":""recite"",""pos"":""verb"",""translation"":""背誦；朗誦"",""explanation"":""字首 re- (再次) + 字根 cit (說/呼喚)，意為再次將內容說出來。""},{""word"":""excite"",""pos"":""verb"",""translation"":""使興奮"",""explanation"":""字首 ex- (向外) + 字根 cit (呼喚)，字面意為將情感喚起或向外激發。""}]}}"	ai_fail	1. PART_OF_SPEECH_MISMATCH: In the pattern 'cite sth. (as evidence/proof)', the target word 'cite' is a verb, but the example sentence 'the student decided to <target>cite</target> several <pattern>academic journals</pattern> as evidence for his claims' tags 'academic journals' as the pattern. The pattern should be the accompanying elements of the formula, not the object of the verb. Fix: Change <pattern>academic journals</pattern> to <pattern>as evidence</pattern> or <pattern>as proof</pattern> to match the pattern definition. 2. PART_OF_SPEECH_MISMATCH: In the second sentence of the first entry, 'a <pattern>previous court case</pattern>' is tagged as the pattern, which is the object. Fix: Change <pattern>previous court case</pattern> to <pattern>as evidence</pattern> (if added) or remove the pattern tag from the object. 3. STYLE_MISMATCH: The sentence 'The brave firefighter was <target>cited</target> <pattern>for</pattern> his courage...' is slightly too short (18 words) and lacks rich descriptive context to make the meaning of 'cited' (commendation) as a distinct sense from 'quote' easily inferable. Fix: Add more descriptive context to the describe the firefighter's act of bravery.	0
citizenship	citizenship n.	"{""headword"":""citizenship"",""explanation"":""「citizenship」在學測中常出現在探討社會公民權利、全球化議題以及移民法律的文章中。這個字不僅指法律上的「公民身分」，也指一種作為社會成員應盡的「公民意識」或「公民責任」。"",""senses"":[{""sense"":""公民身分；國籍（法律上被認可的成員身分）"",""entries"":[{""pattern"":""gain / acquire citizenship"",""pos"":""noun"",""translation"":""獲得公民身分／國籍"",""explanation"":""指透過法律程序（如入籍考試或居住滿一定年限）正式成為該國國民。"",""sentences"":[{""sentence"":""After living and working in Canada for over five years, the immigrant decided to <pattern>acquire</pattern> <target>citizenship</target> to enjoy full legal rights."",""translation"":""在加拿大居住並工作五年多後，這名移民決定取得公民身分以享有完整的法律權利。""},{""sentence"":""Many people move to other countries to find better jobs, but <pattern>gaining</pattern> <target>citizenship</target> often requires passing a difficult history test."",""translation"":""許多人移居到其他國家以尋找更好的工作，但獲得公民身分通常需要通過一場困難的歷史考試。""}]},{""pattern"":""dual citizenship"",""pos"":""noun"",""translation"":""雙重國籍"",""explanation"":""指一個人同時擁有兩個國家的公民身分，是全球化背景下常見的法律術語。"",""sentences"":[{""sentence"":""Because his father was born in the US and his mother was from Taiwan, he was born with <target>dual</target> <target>citizenship</target>."",""translation"":""因為他的父親出生在美國而母親來自台灣，他天生就擁有雙重國籍。""}]}],""synonyms"":[{""word"":""nationality"",""pos"":""noun"",""translation"":""國籍"",""explanation"":""指一個人屬於哪個國家，較偏向族群或出生地之屬性""}],""antonyms"":[]},{""sense"":""公民意識；公民責任（對社會的參與感與責任感）"",""entries"":[{""pattern"":""global citizenship"",""pos"":""noun"",""translation"":""全球公民意識"",""explanation"":""指超越單一國家的認同，將自己視為全球社區的一員，關注環境保護、人權等全球議題。"",""sentences"":[{""sentence"":""The university encourages students to develop a sense of <target>global</target> <target>citizenship</target> by volunteering for international charity projects."",""translation"":""這所大學鼓勵學生透過參與國際慈善計畫的志願服務來培養全球公民意識。""}]},{""pattern"":""a sense of citizenship"",""pos"":""noun"",""translation"":""公民意識；公民責任感"",""explanation"":""指意識到自己是社會的一員，並願意為公共利益而採取行動。"",""sentences"":[{""sentence"":""Learning about history and government in school helps young people build a strong <pattern>sense</pattern> <pattern>of</pattern> <target>citizenship</target> from an early age."",""translation"":""在學校學習歷史和政府運作方式，能幫助年輕人從小建立強烈的公民意識。""}]}],""synonyms"":[{""word"":""civic duty"",""pos"":""noun"",""translation"":""公民義務"",""explanation"":""指作為公民應盡的法律或道德責任""},{""word"":""civic responsibility"",""pos"":""noun"",""translation"":""公民責任"",""explanation"":""指對社會有貢獻的意識""}],""antonyms"":[]}],""conjugations"":null,""relatives"":{""morphology"":""字根 citizen (公民) + 名詞字尾 -ship (身分、狀態)"",""related"":[{""word"":""citizen"",""pos"":""noun"",""translation"":""公民；國民"",""explanation"":""指一個國家法律上的正式成員。""},{""word"":""civic"",""pos"":""adjective"",""translation"":""公民的；城市的"",""explanation"":""形容與公民身分或城市管理相關的事務。""},{""word"":""civil"",""pos"":""adjective"",""translation"":""公民的；文明的；客氣的"",""explanation"":""源自拉丁文 civis (公民)，指與一般民眾相關的，或指行為文明。""}]}}"	ai_fail	1. INVERTED_TAGS: In the sentence 'Because his father was born in the US and his mother was from Taiwan, he was born with <target>dual</target> <target>citizenship</target>', the word 'dual' is incorrectly tagged as <target>. The headword is 'citizenship'. Fix: Change <target>dual</target> to <pattern>dual</pattern>.	0
civic	civic adj.	"{""headword"":""civic"",""explanation"":""「civic」在學測中主要與「公民意識」、「社區參與」及「城市公共設施」相關。理解這個字的核心在於區分「個人的私人空間」與「集體的公共空間」。在考題中，它常與 duty, responsibility, center 或 engagement 等名詞搭配，形成特定的社會科學術語。"",""senses"":[{""sense"":""公民的；市民的（與國家、城市或社區的公共事務相關）"",""entries"":[{""pattern"":""civic duty / responsibility"",""pos"":""adjective"",""translation"":""公民義務／責任"",""explanation"":""指作為一名社會成員必須承擔的責任，例如投票、納稅或擔任陪審員。"",""sentences"":[{""sentence"":""Many young people believe that voting in the local election is a fundamental <target>civic</target> <pattern>duty</pattern> that helps shape the future of their city."",""translation"":""許多年輕人認為參與地方選舉投票是一項基本的公民義務，有助於形塑他們城市的未來。""},{""sentence"":""Serving on a jury is considered a <target>civic</target> <pattern>responsibility</pattern> in many countries, even if the process can be time-consuming and tiring."",""translation"":""在許多國家，擔任陪審員被視為一種公民責任，即便這個過程可能非常耗時且令人疲憊。""}]},{""pattern"":""civic engagement / participation"",""pos"":""adjective"",""translation"":""公民參與／社會參與"",""explanation"":""指個體主動參與社區改善、政策討論或公共活動的行為。"",""sentences"":[{""sentence"":""The university encourages students to increase their <target>civic</target> <pattern>engagement</pattern> by volunteering at local shelters or joining environmental cleaning groups."",""translation"":""這所大學鼓勵學生透過在當地收容所擔任志工或加入環境清理團體，來增加他們的公民參與。""},{""sentence"":""Active <target>civic</target> <pattern>participation</pattern> is essential for a healthy democracy, as it allows ordinary citizens to voice their opinions on public issues."",""translation"":""積極的公民參與對於健康的民主制度至關重要，因為它讓普通公民能夠就公共議題發表意見。""}]},{""pattern"":""civic center / amenities"",""pos"":""adjective"",""translation"":""市民中心／公共設施"",""explanation"":""指由政府提供給市民使用的公共場所或服務設備。"",""sentences"":[{""sentence"":""The city government decided to build a new <target>civic</target> <pattern>center</pattern> in the downtown area to provide a space for community meetings and art exhibitions."",""translation"":""市政府決定在市中心地帶建造一座新的市民中心，以提供社區會議和藝術展覽的空間。""},{""sentence"":""Access to high-quality <target>civic</target> <pattern>amenities</pattern>, such as public libraries and parks, can greatly improve the overall quality of life for urban residents."",""translation"":""能夠使用高品質的公共設施，例如公共圖書館和公園，能大幅提升都市居民的整體生活品質。""}]}],""synonyms"":[],""antonyms"":[]}],""conjugations"":null,""relatives"":{""morphology"":""字根 civ- (公民、城市) + 形容詞字尾 -ic"",""related"":[{""word"":""civil"",""pos"":""adjective"",""translation"":""公民的；文明的；民事的"",""explanation"":""與 civic 相似，但 civil 更多用於描述禮貌的行為（文明的）或法律體系（民事法）。""},{""word"":""civilization"",""pos"":""noun"",""translation"":""文明"",""explanation"":""由 civil 延伸而來的名詞，指人類社會的高度發展狀態。""},{""word"":""citizen"",""pos"":""noun"",""translation"":""公民；市民"",""explanation"":""指擁有某國國籍或某城市合法居住權的人。""},{""word"":""civility"",""pos"":""noun"",""translation"":""文明；有禮貌"",""explanation"":""指行為舉止符合社會禮儀的狀態。""}]}}"	ai_pass		0
clarity	clarity n.	"{""headword"":""clarity"",""explanation"":""「clarity」在學測中常出現在論說文或分析類文章中，用以描述思考、表達或視覺上的「清晰度」。它不僅指物理上的透明，更常指邏輯上的「明晰」或溝通上的「簡潔」。"",""senses"":[{""sense"":""清晰；明晰（指邏輯、表達、思考或語言的簡潔易懂）"",""entries"":[{""pattern"":""clarity of thought/expression"",""pos"":""noun"",""translation"":""思考/表達的清晰度"",""explanation"":""描述一個人思考邏輯嚴謹或說話方式直接，使他人能快速理解其意圖。"",""sentences"":[{""sentence"":""The teacher praised the student for the <target>clarity</target> <pattern>of</pattern> her <pattern>expression</pattern>, as her essay made the complex science topic very easy to understand."",""translation"":""老師稱讚這名學生表達清晰，因為她的文章讓複雜的科學主題變得非常容易理解。""},{""sentence"":""Before making a final decision, the leader needed more <target>clarity</target> <pattern>of</pattern> <pattern>thought</pattern> to avoid making a costly mistake."",""translation"":""在做最終決定之前，領導者需要更清晰的思考，以避免犯下代價高昂的錯誤。""}]},{""pattern"":""with clarity"",""pos"":""noun"",""translation"":""清晰地；明晰地"",""explanation"":""作為方式狀語，描述某種行為（如解釋、說明、講述）是以清晰、易懂的方式完成。"",""sentences"":[{""sentence"":""The guest speaker explained the difficult laws <pattern>with</pattern> <target>clarity</target>, allowing the high school students to follow the lecture without any confusion."",""translation"":""客座講師清晰地解釋了那些困難的法律，讓高中生能夠在沒有任何困惑的情況下跟隨講座。""}]}],""synonyms"":[{""word"":""clearness"",""pos"":""noun"",""translation"":""清晰；透明"",""explanation"":""最基礎的同義詞，指視覺或邏輯上的清晰""},{""word"":""lucidity"",""pos"":""noun"",""translation"":""清晰；明朗"",""explanation"":""較高階詞彙，特指思考或表達上的極其明晰""},{""word"":""precision"",""pos"":""noun"",""translation"":""精確；準確"",""explanation"":""強調在表達上不含糊，達到精確的程度""}],""antonyms"":[{""word"":""confusion"",""pos"":""noun"",""translation"":""混亂；困惑"",""explanation"":""指缺乏邏輯或表達不清導致的狀態""},{""word"":""ambiguity"",""pos"":""noun"",""translation"":""模稜兩可；含糊"",""explanation"":""指一個詞或句子可能有兩種以上解釋，缺乏清晰度""}]},{""sense"":""透明度；清晰度（指光線、水質、空氣等物理上的透明程度）"",""entries"":[{""pattern"":""clarity"",""pos"":""noun"",""translation"":""透明度；清晰度"",""explanation"":""指物理實體（如鑽石、水或空氣）不含雜質而呈現的透明狀態。"",""sentences"":[{""sentence"":""The diver was amazed by the <target>clarity</target> of the tropical water, which allowed him to see the colorful fish and coral reefs deep below."",""translation"":""潛水員對熱帶海水的透明度感到驚訝，這使他能看見深處色彩繽紛的魚類和珊瑚礁。""}]}],""synonyms"":[],""antonyms"":[]}],""conjugations"":null,""relatives"":{""morphology"":""形容詞 clear 加上名詞字尾 -ity (狀態)"",""related"":[{""word"":""clear"",""pos"":""adjective"",""translation"":""清晰的；透明的"",""explanation"":""核心基礎形容詞。""},{""word"":""clarify"",""pos"":""verb"",""translation"":""澄清；闡明"",""explanation"":""由名詞 clarity 延伸而來的動詞，指使某事變得清晰。""},{""word"":""clarification"",""pos"":""noun"",""translation"":""澄清；說明"",""explanation"":""由動詞 clarify 加上名詞字尾 -tion 延伸而來。""}]}}"	ai_fail	The pattern 'with clarity' is listed as POS 'noun', but in the sentence it functions as part of an adverbial phrase. While 'clarity' itself is a noun, the pattern 'with clarity' is a prepositional phrase. More importantly, the sentence 'The guest speaker explained the difficult laws with clarity' is slightly unnatural; 'with clarity' is far less common than 'clearly' or 'with great clarity'. Additionally, the pattern 'clarity of thought/expression' has a density issue: it combines two distinct collocations into one pattern entry. These should be separated into 'clarity of thought' and 'clarity of expression' to ensure atomic memory and atomic tagging of the <pattern> tags. In the sentence 'Before making a final decision, the leader needed more clarity of thought to avoid making a costly mistake', the usage of 'clarity of thought' is slightly awkward in this context; usually, one seeks 'clarity' (general) or 'clarity on a situation'. 'Clarity of thought' refers to a capacity, not a requirement for a specific decision. STYLE_MISMATCH: The sentence 'The diver was amazed by the clarity of the tropical water' is too simple and lacks the rich, descriptive context required by the system prompt (15-35 words). It is 17 words, which is barely meeting the minimum, but the surrounding vocabulary is too basic. Please separate the patterns and refine the sentences for better GSAT-level academic context.	0
clause	clause n.	"{""headword"":""clause"",""explanation"":""「clause」在學測中具有兩種截然不同的核心語義。第一種是語言學上的「子句」，出現在文法解析或英語學習相關的閱讀中；第二種是法律/合約上的「條款」，這是高頻的閱讀測驗考點，尤其在探討商務合約、法律權利或國際協定時經常出現。"",""senses"":[{""sense"":""子句（語言學中包含主詞與動詞的句子組成部分）"",""entries"":[{""pattern"":""clause"",""pos"":""noun"",""translation"":""子句"",""explanation"":""指包含一個主詞和一個動詞的語法單位。"",""sentences"":[{""sentence"":""In English class, the teacher explained that a dependent <target>clause</target> cannot stand alone as a complete sentence."",""translation"":""在英文課上，老師解釋說一個從屬子句不能獨立作為一個完整的句子。""}]},{""pattern"":""relative clause"",""pos"":""noun"",""translation"":""關係子句"",""explanation"":""專指用關係代名詞（如 who, which, that）引導的子句，用來修飾前面的名詞。"",""sentences"":[{""sentence"":""To make your writing more professional, you should learn how to use a relative <target>clause</target> to provide extra information about a person."",""translation"":""為了讓你的寫作更專業，你應該學習如何使用關係子句來提供關於一個人的額度資訊。""}]}],""synonyms"":[],""antonyms"":[]},{""sense"":""條款（法律文件、合約或正式協議中的一項規定）"",""entries"":[{""pattern"":""clause"",""pos"":""noun"",""translation"":""條款；規定"",""explanation"":""指法律文件或合約中被編號或分段的特定規定。"",""sentences"":[{""sentence"":""Before signing the contract, the businessman carefully read every single <target>clause</target> to ensure he was not being cheated."",""translation"":""在簽署合約之前，那位商人仔細閱讀了每一個條款，以確保他沒有被欺騙。""}]},{""pattern"":""a penalty clause"",""pos"":""noun"",""translation"":""違約金條款"",""explanation"":""指合約中規定若一方違約時必須支付的金額之條款。"",""sentences"":[{""sentence"":""The company included a strict penalty <target>clause</target> in the agreement, requiring the worker to pay a fine if he quit his job early."",""translation"":""公司在協議中加入了一條嚴格的違約金條款，要求工人如果提前離職就必須支付罰金。""}]},{""pattern"":""the ... clause of the contract"",""pos"":""noun"",""translation"":""合約中的…條款"",""explanation"":""用來指定合約中某個特定部分的規定。"",""sentences"":[{""sentence"":""According to the safety <target>clause</target> <pattern>of</pattern> the contract, the employer must provide high-quality helmets for all construction workers."",""translation"":""根據合約中的安全條款，雇主必須為所有建築工人提供高品質的安全帽。""}]}],""synonyms"":[{""word"":""provision"",""pos"":""noun"",""translation"":""條款；規定"",""explanation"":""法律文件中最正式的同義詞""},{""word"":""term"",""pos"":""noun"",""translation"":""條款；條件"",""explanation"":""常用於 terms and conditions 的形式出現""}],""antonyms"":[]}],""conjugations"":null,""relatives"":{""morphology"":""源自拉丁語 claudere (關閉)，原意為封閉的區塊。"",""related"":[{""word"":""enclose"",""pos"":""verb"",""translation"":""圍住；附上"",""explanation"":""字根 claud/clus 表示關閉或封閉。""}]}}"	ai_fail	1. STYLE_MISMATCH: In the relative clause example, 'extra information about a person' is a bit too generic/weak. 2. CONTAINS_TYPO: In the relative clause translation, '額度資訊' should be '額外資訊' (extra information). 3. INCOMPLETE_PATTERN: In the 'the ... clause of the contract' pattern, the ellipsis '...' is not tagged with <pattern> tags, and the headword 'clause' is not part of the pattern, but the 'of the contract' part is. The pattern definition itself is 'the ... clause of the contract', but the sentence uses 'safety clause of the contract'. The <pattern> tags in the sentence should wrap 'safety' and 'of the contract' to match the pattern definition. 4. PART_OF_SPEECH_MISMATCH: In the 'relative clause' entry, the POS is listed as 'noun', but 'relative clause' is a compound noun/phrase. While acceptable, the 'pattern' field should be more clearly defined as a compound noun. 5. MISSING_COLLOCATIONS: For the 'clause' (legal) sense, common collocations like 'escape clause' or ' 'termination clause' are missing, which are high-yield for GSAT reading.	0
clinical	clinical adj.	"{""headword"":""clinical"",""explanation"":""「clinical」在學測中主要出現在醫療健康或科學研究類文章中。它有兩種截然不同的核心語意：一種是指與「醫院、臨床醫療」相關的實際操作；另一種則是用來描述人的態度「冷漠、缺乏情感」。區分這兩種語境是閱讀理解的關鍵。"",""senses"":[{""sense"":""臨床的；醫療的（指在醫院中對患者進行實際觀察或治療，而非在實驗室中）"",""entries"":[{""pattern"":""clinical trial"",""pos"":""adjective"",""translation"":""臨床試驗"",""explanation"":""醫學研究中最高頻的搭配。指在實際患者身上測試新藥或新療法是否有效且安全。"",""sentences"":[{""sentence"":""Before the new vaccine could be approved for public use, it had to pass several strict <target>clinical</target> <pattern>trials</pattern> to ensure safety."",""translation"":""在新疫苗獲准公眾使用之前，它必須通過幾次嚴格的臨床試驗以確保其安全性。""},{""sentence"":""The medical university is currently conducting a <target>clinical</target> study to see how the new drug affects patients with high blood pressure."",""translation"":""該醫科大學目前正在進行一項臨床研究，以觀察新藥如何影響高血壓患者。""}]},{""pattern"":""clinical setting / environment"",""pos"":""adjective"",""translation"":""臨床環境／醫療場域"",""explanation"":""指醫院、診所等實際醫療操作的場所。"",""sentences"":[{""sentence"":""Many students feel nervous when they first enter a <target>clinical</target> <pattern>setting</pattern>, but they soon get used to the busy hospital atmosphere."",""translation"":""許多學生在第一次進入臨床環境時會感到緊張，但他們很快就習慣了繁忙的醫院氛圍。""}]}],""synonyms"":[],""antonyms"":[]},{""sense"":""冷漠的；缺乏情感的（指像醫生診斷病情一樣，僅看數據或事實，不帶個人感情）"",""entries"":[{""pattern"":""clinical detachment"",""pos"":""adjective"",""translation"":""冷漠的超然／情感分離"",""explanation"":""描述一種極其客觀、不帶感情地分析問題的狀態，有時帶有負面色彩。"",""sentences"":[{""sentence"":""The detective examined the crime scene with a <target>clinical</target> <pattern>detachment</pattern>, noting every detail without showing any emotion."",""translation"":""偵探以一種冷漠且超然的態度檢查犯罪現場，記錄下每一個細節而未流現任何情感。""},{""sentence"":""Her <target>clinical</target> tone of voice made the grieving family feel as if she did not care about their loss at all."",""translation"":""她那冷漠的語調讓悲傷的家屬覺得她根本不在意他們的失去。""}]}],""synonyms"":[],""antonyms"":[]},{""sense"":""臨床的（指基於實際觀察而非理論）"",""entries"":[{""pattern"":""clinical observation"",""pos"":""adjective"",""translation"":""臨床觀察"",""explanation"":""強調基於實際案例的觀察，而非基於書本理論。"",""sentences"":[{""sentence"":""The doctor's <target>clinical</target> <pattern>observation</pattern> of the patient's skin color led to a quick and accurate diagnosis of the rare disease."",""translation"":""醫生對患者皮膚顏色的臨床觀察，使得對這種罕見疾病的診斷快速且準確。""}]}],""synonyms"":[],""antonyms"":[]}],""conjugations"":null,""relatives"":{""morphology"":""字根 clinic (傾斜、臥床) 延伸為診所、臨床醫療"",""related"":[{""word"":""clinic"",""pos"":""noun"",""translation"":""診所"",""explanation"":""提供特定醫療服務的小型醫療機構。""},{""word"":""clinician"",""pos"":""noun"",""translation"":""臨床醫生"",""explanation"":""指在第一線直接對患者進行診療的醫療專業人員。""}]}}"	ai_fail	The pattern 'clinical trial' is tagged as 'adjective' in the 'pos' field, but the pattern itself is a noun phrase. The 'pos' field should reflect the part of speech of the headword within that pattern. While 'clinical' is an adjective, the pattern 'clinical trial' as a whole is a noun phrase. However, the system prompt requires 'pos' to match the pattern. More importantly, the second sentence of the first entry ('The medical university is currently conducting a <target>clinical</target> study...') does not follow the pattern 'clinical trial'. It uses 'clinical study' instead. This is a PART_OF_SPEECH_MISMATCH or PATTERN_WITH_INSUFFICIENT_EXAMPLES because the sentence does not match the pattern. Additionally, the third sense ('臨床的（指基於實際觀察而非理論）') is redundant with the first sense ('臨床的；醫療的'). They both describe the 'clinical' usage in a medical/observational context. These should be merged to avoid fragmentation. Finally, the synonyms and antonyms lists are empty for all senses, which is a MISSING_COLLOCATIONS or INSUFFICIENT_EXPLANATION issue as 'clinical' has clear synonyms like 'medical' (for sense 1) and 'detached' or 'emotionless' (for 'cold' sense).	0
cling	cling v.	"{""headword"":""cling"",""explanation"":""「cling」在學測中常用於描述情感上的依賴或物理上的緊貼。其核心概念是「緊抓不放」，無論是抓著救生圈、抓著舊習慣，還是孩子抓著父母。注意其後方必須接介系詞 to，形成 cling to sth. 的固定搭配。"",""senses"":[{""sense"":""緊緊抓住；黏住（物理上的緊貼或附著）"",""entries"":[{""pattern"":""cling to sth."",""pos"":""verb"",""translation"":""緊緊抓住某物"",""explanation"":""描述物理上的抓緊動作，常用於危險情境或自然現象。"",""sentences"":[{""sentence"":""The frightened young child <target>clung</target> <pattern>to</pattern> his mother's hand as they walked through the crowded and noisy city street."",""translation"":""那個受驚的小孩在他們走過擁擠嘈雜的城市街道時，緊緊抓著母親的手。""},{""sentence"":""Wet clothes tend to <target>cling</target> <pattern>to</pattern> the skin, making it very uncomfortable to move around during a heavy rainstorm."",""translation"":""濕衣服傾向於黏在皮膚上，使得在暴雨期間走動變得非常不舒服。""}]},{""pattern"":""cling to the side of sth."",""pos"":""verb"",""translation"":""附著在…的側面"",""explanation"":""常用於描述生物或物質附著在某個表面上。"",""sentences"":[{""sentence"":""Small green seaweeds <target>cling</target> <pattern>to</pattern> the side <pattern>of</pattern> the rocks, surviving the strong waves of the ocean."",""translation"":""小小的綠色海藻附著在岩石的側面，在海洋的強大波浪中生存下來。""}]}],""synonyms"":[{""word"":""stick"",""pos"":""verb"",""translation"":""黏住；附著"",""explanation"":""強調物質表面的黏著""},{""word"":""adhere"",""pos"":""verb"",""translation"":""黏著；堅持"",""explanation"":""較正式，常用於描述物質的物理黏合""}],""antonyms"":[{""word"":""detach"",""pos"":""verb"",""translation"":""分離；脫離"",""explanation"":""指物體從原處分開""}]},{""sense"":""堅持；依賴（心理上的執著或情感依賴）"",""entries"":[{""pattern"":""cling to a belief / hope / habit"",""pos"":""verb"",""translation"":""堅持某種信念／希望／希望／習慣"",""explanation"":""描述一個人拒絕改變想法或放棄希望，即便證據不足或環境已變。"",""sentences"":[{""sentence"":""Despite the new scientific evidence, the old professor continued to <target>cling</target> <pattern>to</pattern> his outdated theories about the universe."",""translation"":""儘管有了新的科學證據，那位年長的教授仍然繼續堅持他關於宇宙的過時理論。""},{""sentence"":""Even after losing his job, he <target>clung</target> <pattern>to</pattern> the hope that he would find a better position within a month."",""translation"":""即便在失去工作後，他仍然抱持著（堅持）他會在一個月內找到更好職位的希望。""}]},{""pattern"":""cling to sb."",""pos"":""verb"",""translation"":""依賴某人；依戀某人"",""explanation"":""指情感上的強烈依附，常用於描述孩子或缺乏安全感的人。"",""sentences"":[{""sentence"":""When the strangers approached the house, the shy girl <target>clung</target> <pattern>to</pattern> her father, feeling afraid of the unknown."",""translation"":""當陌生人靠近房子時，那個害羞的女孩依附著她的父親，感到害怕未知的事物。""}]}],""synonyms"":[{""word"":""adhere"",""pos"":""verb"",""translation"":""堅持（原則）"",""explanation"":""正式用詞，指遵守或堅持某種準則""},{""word"":""depend"",""pos"":""verb"",""translation"":""依賴"",""explanation"":""強調對某人的生活或情感上的依賴""}],""antonyms"":[{""word"":""abandon"",""pos"":""verb"",""translation"":""放棄；捨棄"",""explanation"":""指完全放棄某種想法或希望""}]}],""conjugations"":{""past_tense"":""clung"",""past_participle"":""clung""},""relatives"":{""morphology"":null,""related"":[{""word"":""clingy"",""pos"":""adjective"",""translation"":""黏人的；過度依賴的"",""explanation"":""由動詞 cling 加上形容詞字尾 -y 延伸而來。""}]}}"	ai_fail	In the sense '堅持；依賴', the pattern 'cling to a belief / hope / habit' has a typo in the translation: '堅持某種信念／希望／希望／習慣' (hope is repeated twice).	0
cluster	cluster n./v.	"{""headword"":""cluster"",""explanation"":""「cluster」在學測中既可作為名詞（一群、簇）也可作為動詞（聚集）。其核心概念是「將相似或相關的事物緊密地聚集在一起」。在閱讀測驗中，常出現在描述數據分佈、生物群落、城市規劃或社交行為的語境中。"",""senses"":[{""sense"":""一群；簇（緊密聚集在一起的人或物）"",""entries"":[{""pattern"":""a cluster of sth."",""pos"":""noun"",""translation"":""一群…；一簇…"",""explanation"":""最常見的量詞用法，用來描述一群聚集在一起的相似對象，如星星、花朵、住宅或數據點。"",""sentences"":[{""sentence"":""When we looked up at the night sky, we saw a beautiful <pattern>a</pattern> <target>cluster</target> <pattern>of</pattern> bright stars shining in the dark void."",""translation"":""當我們仰望夜空時，我們看到一群明亮的星星在黑暗的虛空中閃耀。""},{""sentence"":""The gardener carefully planted a small <target>cluster</target> <pattern>of</pattern> red roses near the entrance to make the garden look more welcoming."",""translation"":""園丁在入口附近精心種了一簇紅玫瑰，好讓花園看起來更溫馨。""},{""sentence"":""In the old city center, there is a dense <target>cluster</target> <pattern>of</pattern> traditional wooden houses that have survived for hundreds of years."",""translation"":""在舊市中心，有一群密集地聚集在一起的傳統木屋，它們已經生存了數百年。""}]}],""synonyms"":[{""word"":""group"",""pos"":""noun"",""translation"":""群組；組"",""explanation"":""最普遍的通用詞，指將事物分在一起""},{""word"":""bunch"",""pos"":""noun"",""translation"":""一束；一群"",""explanation"":""常用於描述水果（如香蕉）或鑰匙等較小物件的聚集""},{""word"":""collection"",""pos"":""noun"",""translation"":""集合；收藏品"",""explanation"":""強調將不同種類的事物聚集在一起""}],""antonyms"":[]},{""sense"":""聚集；群聚（將人或物聚集在小區域內）"",""entries"":[{""pattern"":""cluster around sth./sb."",""pos"":""verb"",""translation"":""聚集在…周圍"",""explanation"":""自動詞用法，描述人或動物在某個中心點周圍形成一個圓圈或群聚。"",""sentences"":[{""sentence"":""As soon as the famous singer stepped off the plane, hundreds of excited fans began to <target>cluster</target> <pattern>around</pattern> her with cameras."",""translation"":""當這位知名歌手走下飛機的那一刻，數以百計興奮的粉絲們便開始拿著相機聚集在她周圍。""},{""sentence"":""The curious students <target>clustered</target> <pattern>around</pattern> the science teacher to see the strange chemical reaction happening in the test tube."",""translation"":""好奇的學生們聚集在科學老師周圍，想看試管中發生之奇特的化學反應。""}]}],""synonyms"":[{""word"":""gather"",""pos"":""verb"",""translation"":""聚集；收集"",""explanation"":""泛指將人或物聚集在一起""},{""word"":""assemble"",""pos"":""verb"",""translation"":""集合；組裝"",""explanation"":""通常指有目的地的正式集合""},{""word"":""congregate"",""pos"":""verb"",""translation"":""群聚；聚集"",""explanation"":""較正式的詞彙，強調在特定地點聚集""}],""antonyms"":[{""word"":""scatter"",""pos"":""verb"",""translation"":""分散；散開"",""explanation"":""指將聚集的事物使其分開或丟棄""},{""word"":""disperse"",""pos"":""verb"",""translation"":""分散；驅散"",""explanation"":""強調由外力或自然原因導致的群聚狀態被打破""}]}],""conjugations"":{""past_tense"":""clustered"",""past_participle"":""clustered""},""relatives"":{""morphology"":null,""related"":[{""word"":""clustering"",""pos"":""noun"",""translation"":""群聚；分群"",""explanation"":""由動詞 cluster 加上名詞字尾 -ing 延伸而來，常用於數據分析中。""}]}}"	ai_fail	In the first sentence of the first entry, the pattern tag is incorrectly placed: '<pattern>a</pattern> <target>cluster</target> <pattern>of</pattern>'. The word 'a' is not part of the collocation formula 'a cluster of sth.' in a way that requires tagging as a pattern element; typically, only the 'of' is tagged. More importantly, the sentence 'we saw a beautiful <pattern>a</pattern> <target>cluster</target>' contains a double 'a' (a beautiful a cluster), which is a grammatical error.	0
cocaine	cocaine n.	"{""headword"":""cocaine"",""explanation"":""「cocaine」在學測閱讀中通常出現在探討社會問題、健康風險或法律禁令的文本中。這是一個具體的物質名稱，重點在於理解其作為一種「刺激性藥物」的性質及其對身體與法律的負面影響。"",""senses"":[{""sense"":""古柯鹼（一種強效且具成癮性的刺激性藥物）"",""entries"":[{""pattern"":""cocaine"",""pos"":""noun"",""translation"":""古柯鹼"",""explanation"":""指從古柯葉中提取的白色粉末狀藥物，在文本中常與 addiction (成癮) 或 illegal (非法) 等詞彙連用。"",""sentences"":[{""sentence"":""Many young people were warned by their teachers that using <target>cocaine</target> can cause severe heart damage and permanent brain injury."",""translation"":""許多年輕人被老師警告說，使用古柯鹼會導致嚴重的心臟損傷和永久性的腦損傷。""},{""sentence"":""The police officer discovered a large amount of <target>cocaine</target> hidden inside the secret compartment of the suspect's expensive luxury car."",""translation"":""翻譯：警方在嫌疑人昂貴豪華車的秘密隔層中發現了大量古柯鹼。""}]}],""synonyms"":[],""antonyms"":[]}],""conjugations"":null,""relatives"":{""morphology"":null,""related"":[]}}"	ai_fail	In the second sentence of the first entry, the translation starts with '翻譯：' (Translation:), which is a leaked instruction/field mismatch, as the translation field should only contain the translated text.	0
coffin	coffin n.	"{""headword"":""coffin"",""explanation"":""「coffin」在閱讀測驗中常出現在描述文化習俗、歷史遺蹟或懸疑文學的文本中。它不僅指實體容器，有時在比喻意義上用來描述一種壓抑、令人窒息的環境或絕望的狀態。"",""senses"":[{""sense"":""棺材（用於存放死者的木盒或金屬盒）"",""entries"":[{""pattern"":""coffin"",""pos"":""noun"",""translation"":""棺材"",""explanation"":""指存放屍體的容器。在描述喪葬禮儀或歷史發現時極為常見。"",""sentences"":[{""sentence"":""The old man was placed in a heavy wooden <target>coffin</target> and buried deep in the ground according to ancient family traditions."",""translation"":""這位老人被安置在一個沉重的木製棺材中，並根據古老的家族傳統被深埋在地下。""},{""sentence"":""Archaeologists discovered an ornate gold <target>coffin</target> inside the hidden chamber of the pyramid, which contained the body of a powerful king."",""translation"":""]}""}]}],""synonyms"":[],""antonyms"":[]},{""sense"":""棺材；禁錮之處（比喻壓抑、令人窒息或絕望的環境）"",""entries"":[{""pattern"":""like a coffin"",""pos"":""noun"",""translation"":""像棺材一樣（壓抑的）"",""explanation"":""用來比喻一個空間極其狹小、陰暗且令人感到絕望或窒息。"",""sentences"":[{""sentence"":""The small, windowless room in the basement felt <pattern>like</pattern> a <target>coffin</target>, making the prisoner feel trapped and hopeless for many years."",""translation"":""地下室那個沒有窗戶的小房間感覺像個棺材，讓囚犯多年來感到被困住且毫無希望。""}]}],""synonyms"":[],""antonyms"":[]},{""sense"":""棺材"",""entries"":[{""pattern"":""coffin"",""pos"":""noun"",""translation"":""棺材"",""explanation"":""指存放屍體的容器。"",""sentences"":[{""sentence"":""The children observed a bright green <target>caterpillar</target> slowly crawling across the surface of a large oak leaf."",""translation"":""孩子們觀察到一隻鮮綠色的毛毛蟲正緩慢地在一張大橡樹葉的表面上爬行。""}]}],""synonyms"":[],""antonyms"":[]}],""conjugations"":null,""relatives"":{""morphology"":null,""related"":[]}}"	ai_fail	The card contains severe errors. First, the second sentence of the first sense is missing its translation. Second, the third sense is a complete duplicate of the first sense but contains a sentence and translation about a 'caterpillar' which is clearly a copy-paste error from another card. Third, the 'relatives' field is empty, which is a poor quality for a teacher's card.	0
coherent	coherent adj.	"{""headword"":""coherent"",""explanation"":""「coherent」在學測中常用於描述論點、計畫或說法是否「連貫」且「邏輯清晰」。考生需注意，這個字不僅是指文字上的銜接，更核心的意義在於內容是否能讓聽者或讀者在邏輯上完全理解且不矛盾。"",""senses"":[{""sense"":""連貫的；邏輯一致的（指論點、文章或想法能被清晰理解）"",""entries"":[{""pattern"":""coherent argument / explanation / story"",""pos"":""adjective"",""translation"":""連貫的論點／解釋／故事"",""explanation"":""用來修飾名詞，表示該陳述內容邏輯通順，沒有矛盾之處，使人容易理解。"",""sentences"":[{""sentence"":""The student failed to get a high score because his essay lacked a <target>coherent</target> <pattern>argument</pattern>, making it hard for the teacher to follow."",""translation"":""該學生未能獲得高分，因為他的作文缺乏一個連貫的論點，使得老師很難理解其脈絡。""},{""sentence"":""After the witness spent an hour shouting, the police finally heard a <target>coherent</target> <pattern>explanation</pattern> of how the accident happened."",""translation"":""在證人大喊大叫了一小時後，警方終於聽到了一個關於事故如何發生的連貫解釋。""}]}],""synonyms"":[{""word"":""logical"",""pos"":""adjective"",""translation"":""邏輯的；合理的"",""explanation"":""強調根據邏輯推理而得出，且符合理性的結論""},{""word"":""consistent"",""pos"":""adjective"",""translation"":""一致的；始終如一的"",""explanation"":""強調內容之間沒有衝突或矛盾""}],""antonyms"":[{""word"":""incoherent"",""pos"":""adjective"",""translation"":""不連貫的；雜亂無章的"",""explanation"":""指說法或論點缺乏邏輯，使人無法理解""}]}],""conjugations"":null,""relatives"":{""morphology"":""字根 co- (共同) + her (黏著) + 形容詞字尾 -ent"",""related"":[{""word"":""coherence"",""pos"":""noun"",""translation"":""連貫性；一致性"",""explanation"":""由形容詞 coherent 加上名詞字尾 -ence 延伸而來。""},{""word"":""cohere"",""pos"":""verb"",""translation"":""黏著；連貫"",""explanation"":""核心動詞型態，指部分組成一個整體或論點邏輯一致。""}]}}"	ai_pass		0
cognitive	cognitive adj.	"{""headword"":""cognitive"",""explanation"":""「cognitive」在學測中經常出現在探討心理學、教育發展、以及人工智慧（AI）的閱讀文章中。這個字的核心概念在於「認知」——即大腦如何接收資訊、處理、儲存與提取記憶的過程。理解此字時，應將其與「感官接收」區分開來，它強調的是大腦內部的處理機制。"",""senses"":[{""sense"":""認知的；與認知過程相關的（指大腦處理資訊、思考、記憶和學習的方式）"",""entries"":[{""pattern"":""cognitive ability / skill"",""pos"":""adjective"",""translation"":""認知能力／技巧"",""explanation"":""指大腦在思考、學習和解決問題時所運用的能力，是教育類文章的高頻搭配。"",""sentences"":[{""sentence"":""Some experts believe that learning a second language at a young age can significantly improve a child's <target>cognitive</target> <pattern>ability</pattern> to solve complex problems."",""translation"":""一些專家認為，在年幼時學習第二語言可以顯著提高孩子解決複雜問題的認知能力。""},{""sentence"":""Playing strategic board games helps students develop their <target>cognitive</target> <pattern>skills</pattern> by teaching them how to plan ahead and analyze risks."",""translation"":""玩策略性棋盤遊戲有助於學生發展他們的認知技巧，因為這教會他們如何提前規劃並分析風險。""}]},{""pattern"":""cognitive development"",""pos"":""adjective"",""translation"":""認知發展"",""explanation"":""常用於描述兒童成長過程中思考方式的演進，是心理學背景文章的關鍵字。"",""sentences"":[{""sentence"":""According to the researcher, <target>cognitive</target> <pattern>development</pattern> in early childhood is heavily influenced by the social interactions a child has with their parents."",""translation"":""根據研究人員的說法，幼年時期的認知發展深受孩子與父母之間社交互動的影響。""},{""sentence"":""The teacher used colorful toys and simple puzzles to support the <target>cognitive</target> <pattern>development</pattern> of her preschool students."",""translation"":""老師使用彩色玩具和簡單的拼圖來支持她幼兒園學生的認知發展。""}]},{""pattern"":""cognitive load"",""pos"":""adjective"",""translation"":""認知負荷"",""explanation"":""指大腦在處理特定任務時所承受的壓力或資訊量。常用於探討學習效率與數位學習的文章中。"",""sentences"":[{""sentence"":""If a textbook is too cluttered with unnecessary pictures and text, it may increase the <target>cognitive</target> <pattern>load</pattern> on students and make learning harder."",""translation"":""如果教科書充斥著不必要的圖片和文字，可能會增加學生的認知負荷，使學習變得更加困難。""},{""sentence"":""By breaking a large project into smaller, manageable steps, the professor helped the students reduce their <target>cognitive</target> <pattern>load</pattern> during the exam."",""translation"":""藉由將一個大型專案拆分為較小且易於管理的操作步驟，教授幫助學生在考試期間減輕了認知負荷。""}]}],""synonyms"":[],""antonyms"":[]},{""sense"":""認知上的（指心理上的感知或意識）"",""entries"":[{""pattern"":""cognitive dissonance"",""pos"":""adjective"",""translation"":""認知失調"",""explanation"":""心理學專有名詞，指個體持有兩種矛盾的觀念時產生的心理壓力。在學測高階閱讀中偶爾出現。"",""sentences"":[{""sentence"":""When a person continues to smoke despite knowing the health risks, they often experience <target>cognitive</target> <pattern>dissonance</pattern> because their behavior contradicts their knowledge."",""translation"":""當一個人儘管知道健康風險仍繼續抽菸時，他們通常會經歷認知失調，因為他們的行為與其知識相矛盾。""}]}],""synonyms"":[],""antonyms"":[]},{""sense"":""認知的（與 AI 相關）"",""entries"":[{""pattern"":""cognitive computing"",""pos"":""adjective"",""translation"":""認知運算"",""explanation"":""指模仿人類大腦處理資訊的方式之計算技術，常用於科技類文章。"",""sentences"":[{""sentence"":""The development of <target>cognitive</target> <pattern>computing</pattern> allows computers to understand human emotions and natural language more accurately than ever before."",""translation"":""認知運算的發展使得電腦能比以往更準確地理解人類的情緒與自然語言。""}]}],""synonyms"":[],""antonyms"":[]}],""conjugations"":null,""relatives"":{""morphology"":""字根 cogn (知道、認識) + 形容詞字尾 -itive"",""related"":[{""word"":""recognize"",""pos"":""verb"",""translation"":""認出；承認"",""explanation"":""字首 re- (再次) + 字根 cogn (知道)，意為再次認出。""},{""word"":""cognition"",""pos"":""noun"",""translation"":""認知；認識"",""explanation"":""由形容詞 cognitive 延伸而來的名詞型態。""},{""word"":""incognito"",""pos"":""adjective"",""translation"":""化名的；隱藏身分的"",""explanation"":""字首 in- (不) + 字根 cogn (知道)，意為不被認出。""},{""word"":""cognizant"",""pos"":""adjective"",""translation"":""意識到的；知曉的"",""explanation"":""指對某事有意識或知情的狀態。""}]}}"	ai_pass		0
coincidence	coincidence n.	"{""headword"":""coincidence"",""explanation"":""「coincidence」在學測中常用於描述兩件看似無關的事恰好同時發生，強調「巧合」的性質。在閱讀測驗中，它常出現在敘事類文章中用以製造轉折或驚喜。要注意其搭配的介系詞 for 為「對某人而言是巧合」。"",""senses"":[{""sense"":""巧合；偶然（兩件事在時間或空間上恰好重疊，且通常沒有因果關係）"",""entries"":[{""pattern"":""by coincidence"",""pos"":""noun"",""translation"":""巧合地；偶然地"",""explanation"":""作為副詞片語使用，說明事情發生的方式是純粹的偶然，而非計畫之中。"",""sentences"":[{""sentence"":""I met my old high school teacher in a small coffee shop in Paris <pattern>by</pattern> <target>coincidence</target>, and we talked for hours about our memories."",""translation"":""我偶然在巴黎的一家小咖啡店遇到了我的高中舊老師，我們聊了好幾個小時的回憶。""}]},{""pattern"":""a coincidence"",""pos"":""noun"",""translation"":""一個巧合"",""explanation"":""指單一的偶然事件。常用於否定句中，表示事情並非偶然，而是有意為之。"",""sentences"":[{""sentence"":""It was a strange <target>coincidence</target> that both of us decided to buy the exact same dress for the party on the same day."",""translation"":""我們兩個人在同一天決定買同一件派對禮服，這真是個奇怪的巧合。""}]},{""pattern"":""coincidence for sb."",""pos"":""noun"",""translation"":""對某人而言是巧合"",""explanation"":""用來表達對某人而言，某件事的發生是出乎意料的偶然。"",""sentences"":[{""sentence"":""Finding the lost wallet in the park was a lucky <target>coincidence</target> <pattern>for</pattern> the young boy who had no money for lunch."",""translation"":""在公園裡找到遺失的錢包，對於那個沒有午餐錢的小男孩來說是一個幸運的巧合。""}]}],""synonyms"":[],""antonyms"":[]}],""conjugations"":null,""relatives"":{""morphology"":""字首 co- (共同) + 根 incidence (發生)"",""related"":[{""word"":""coincide"",""pos"":""verb"",""translation"":""同時發生；一致"",""explanation"":""coincidence 的動詞形式，指兩件事在時間上重疊或意見一致。""}]}}"	ai_fail	The pattern 'by coincidence' is tagged as a noun, but it functions as an adverbial phrase. More importantly, the sentence 'I met my old high school teacher in a small coffee shop in Paris by coincidence' is too short (19 words) and lacks sufficient descriptive context to make the meaning of 'coincidence' highly guessable without knowing the word; it's a simple narrative statement. Additionally, the synonyms list is empty, which is a lack of critical collocations/synonyms for a GSAT level word like 'coincidence' (e.g., 'chance' or 'accident').	0
collaboration	collaboration n.	"{""headword"":""collaboration"",""explanation"":""「collaboration」在學測中常出現在探討團隊合作、科學研究或跨國合作的語境中。理解這個字時，應將其視為「共同努力以達成特定目標」的過程。特別注意它與 cooperation 的區別：collaboration 通常指更深層的共同創造或共同研究，而 cooperation 僅是指彼此配合或不產生衝突。"",""senses"":[{""sense"":""合作；協作（為了共同目標而共同努力或創造）"",""entries"":[{""pattern"":""collaboration between A and B"",""pos"":""noun"",""translation"":""A 與 B 之間的合作"",""explanation"":""用於描述兩個個體、組織或國家之間建立的合作關係。"",""sentences"":[{""sentence"":""The new vaccine was developed through close <target>collaboration</target> <pattern>between</pattern> scientists from different countries to fight the global virus."",""translation"":""這款新疫苗是透過來自不同國家的科學家之間密切地合作而開發出來的，以對抗全球病毒。""}]},{""pattern"":""in collaboration with sb./sth."",""pos"":""noun"",""translation"":""與…合作"",""explanation"":""這是一個極其高頻的介系詞片語，用來交代誰是共同參與者。"",""sentences"":[{""sentence"":""The local museum created a special art exhibit <pattern>in</pattern> <target>collaboration</target> <pattern>with</pattern> a famous painter to attract more young visitors."",""translation"":""當地博物館與一位著名的畫家合作，創建了一個特別的藝術展覽，以吸引更多年輕的參觀者。""}]},{""pattern"":""fruitful collaboration"",""pos"":""noun"",""translation"":""富有成效的合作"",""explanation"":""常用形容詞 fruitful (富有成效的) 修飾，強調合作後產生的具體成果。"",""sentences"":[{""sentence"":""After three years of hard work, the team's <pattern>fruitful</pattern> <target>collaboration</target> led to the discovery of a new energy source that could save the planet."",""translation"":""經過三年的努力工作，團隊富有成效的合作導致了一種能拯救地球的新能源的發現。""}]}],""synonyms"":[],""antonyms"":[]},{""sense"":""（藝術或文學的）共同創作"",""entries"":[{""pattern"":""a collaboration"",""pos"":""noun"",""translation"":""共同創作的作品"",""explanation"":""指兩個人或多個人共同完成的一件藝術品、歌曲或書本。"",""sentences"":[{""sentence"":""The latest hit song is a <target>collaboration</target> between a popular rapper and a classical pianist, mixing modern beats with elegant melodies."",""translation"":""這首最新的熱門歌曲是一位知名饒舌歌手與一名古典鋼琴家共同創作的作品，將現代節拍與優雅旋律相結合。""}]}],""synonyms"":[],""antonyms"":[]},{""sense"":""（與敵方）勾結；通敵"",""entries"":[{""pattern"":""collaboration with the enemy"",""pos"":""noun"",""translation"":""與敵方勾結"",""explanation"":""在戰爭或政治衝突情境中，指背叛自己的國家而與敵人合作。"",""sentences"":[{""sentence"":""During the war, the man was arrested for his <target>collaboration</target> <pattern>with</pattern> the enemy army, which helped them find the secret hideout."",""translation"":""在戰爭期間，這個男人因為與敵軍勾結而被逮捕，他幫助敵人找到了秘密藏身處。""}]}],""synonyms"":[],""antonyms"":[]},{""sense"":""合作"",""entries"":[{""pattern"":""collaboration"",""pos"":""noun"",""translation"":""合作"",""explanation"":""null"",""sentences"":[{""sentence"":""The project was a result of a <target>collaboration</target> between several universities to study how climate change affects the ocean."",""translation"":""s a result of a collaboration between several universities to study how climate change affects the ocean.""}]}],""synonyms"":[],""antonyms"":[]}],""conjugations"":null,""relatives"":{""morphology"":""字首 col- (共同) + 字根 labor (工作) + 名詞字尾 -ation"",""related"":[{""word"":""collaborate"",""pos"":""verb"",""translation"":""合作；協作"",""explanation"":""核心動詞型態。""},{""word"":""collaborator"",""pos"":""noun"",""translation"":""合作者；協作者"",""explanation"":""指參與合作的人。""},{""word"":""elaborate"",""pos"":""adjective"",""translation"":""詳盡的；複雜的"",""explanation"":""共享字根 labor (工作/勞動)，指經過大量工作而變得詳盡。""}]}}"	ai_fail	Major redundancy error: there is a separate sense for '合作' (collaboration) at the end of the list which is identical in meaning to the first sense. This is a waste of space and logically inconsistent. Furthermore, the translation for the last entry's sentence is missing (it's just a copy of the English sentence). This is a CONTAINS_GIBBERISH/TYPO error. Furthermore, the synonyms list is empty for all senses, which is a missing examples/collocations issue for a high-yield word.	0
collective	collective adj./n.	"{""headword"":""collective"",""explanation"":""「collective」在學測中常出現在探討社會議題、環境保護或團隊合作的文本中。作為形容詞時，它強調「共同的、集體的」，通常與 effort, responsibility 或 action 搭配；作為名詞時，則指「集體/團體」。學生應注意其在句中是修飾名詞還是作為主體。"",""senses"":[{""sense"":""共同的；集體的（由群體成員共同參與或承擔的）"",""entries"":[{""pattern"":""collective effort / action / responsibility"",""pos"":""adjective"",""translation"":""共同的努力／行動／責任"",""explanation"":""描述一群人為了達成單一目標而共同採取行動或分擔責任的高頻搭配。"",""sentences"":[{""sentence"":""Protecting the endangered sea turtles requires a <target>collective</target> <pattern>effort</pattern> from governments, scientists, and local citizens around the world."",""translation"":""保護瀕危的海龜需要全球政府、科學家以及當地公民的共同努力。""},{""sentence"":""The school board decided to take <target>collective</target> <pattern>action</pattern> to stop bullying by creating a safer environment for all students."",""translation"":""校董事會決定採取集體行動，透過為所有學生創造更安全的環境來停止欺凌行為。""},{""sentence"":""It is our <target>collective</target> <pattern>responsibility</pattern> to keep the city parks clean and free of trash for the next generation."",""translation"":""保持城市公園乾淨且沒有垃圾，是我們為了下一代而應承擔的共同責任。""}]},{""pattern"":""collective memory / consciousness"",""pos"":""adjective"",""translation"":""集體記憶／集體意識"",""explanation"":""較為抽象的用法，常用於歷史、文化或社會學討論，指群體成員共同分享的記憶或認同。"",""sentences"":[{""sentence"":""The stories of the war are part of the <target>collective</target> <pattern>memory</pattern> of the nation, reminding everyone of the cost of peace."",""translation"":""戰爭的故事是該國集體記憶的一部分，提醒著每個人和平的代價。""}]}],""synonyms"":[{""word"":""joint"",""pos"":""adjective"",""translation"":""共同的"",""explanation"":""強調兩者或多人共同參與""},{""word"":""shared"",""pos"":""adjective"",""translation"":""分享的；共同的"",""explanation"":""強調共同擁有或體驗""}],""antonyms"":[{""word"":""individual"",""pos"":""adjective"",""translation"":""個人的；單獨的"",""explanation"":""與集體相對，強調單一成員的特性""}]},{""sense"":""集體；團體（共同行動的群體）"",""entries"":[{""pattern"":""a collective"",""pos"":""noun"",""translation"":""一個集體；一個團體"",""explanation"":""指一個為了共同目的而組織起來的群體，通常具有平等的權利和管理模式。"",""sentences"":[{""sentence"":""The local artists formed a <target>collective</target> to share their studio space and sell their paintings together in the city gallery."",""translation"":""當地藝術家組成了一個集體，以便共同分享工作室空間並在城市藝廊中共同銷售他們的畫作。""}]}],""synonyms"":[{""word"":""group"",""pos"":""noun"",""translation"":""群體；組"",""explanation"":""最普遍的通用詞""},{""word"":""association"",""pos"":""noun"",""translation"":""協會；社團"",""explanation"":""指有正式組織結構的團體""}],""antonyms"":[]}],""conjugations"":null,""relatives"":{""morphology"":""字根 collect (收集) + 形容詞/名詞字尾 -ive"",""related"":[{""word"":""collect"",""pos"":""verb"",""translation"":""收集；籌集"",""explanation"":""基礎動詞型態。""},{""word"":""collection"",""pos"":""noun"",""translation"":""收藏品；收集"",""explanation"":""由 collect 加上名詞字尾 -tion 延伸而來。""},{""word"":""collectively"",""pos"":""adverb"",""translation"":""共同地；集體地"",""explanation"":""由 collective 加上副詞字尾 -ly 延伸而來。""}]}}"	ai_pass		0
collector	collector n.	"{""headword"":""collector"",""explanation"":""「collector」在學測中通常出現在兩種情境：一種是關於個人愛好的「收藏家」，另一種則是與法律或財務相關的「徵收者/催收員」。這兩個意義雖然都共用一個字根，但出現在閱讀測驗中的語境截然不同，需注意區分。"",""senses"":[{""sense"":""收藏家；收藏品（對特定物品有熱情並有系統地收集的人）"",""entries"":[{""pattern"":""collector of sth."",""pos"":""noun"",""translation"":""…的收藏家"",""explanation"":""後接特定的收藏對象，如藝術品、郵票、古董或書籍，用來界定收藏者的類別。"",""sentences"":[{""sentence"":""As an avid <target>collector</target> <pattern>of</pattern> rare stamps, Mr. Lee spent years traveling the world to find unique pieces from different countries."",""translation"":""作為一名熱衷於罕見郵票的收藏家，李先生花了很多年時間周遊世界，以尋找來自不同國家的獨特郵票。""},{""sentence"":""The museum is looking for a professional <target>collector</target> <pattern>of</pattern> ancient ceramics to help organize the new exhibition on Asian history."",""translation"":""該博物館正在尋找一位專業的古代陶瓷收藏家，以協助籌備關於亞洲歷史的新展覽。""}]}],""synonyms"":[{""word"":""connoisseur"",""pos"":""noun"",""translation"":""鑒賞家"",""explanation"":""強調對藝術或美食有極高造詣的專家""},{""word"":""hobbyist"",""pos"":""noun"",""translation"":""業餘愛好者"",""explanation"":""指將收集作為興趣的人""}],""antonyms"":[]},{""sense"":""徵收者；催收員（負責收集金錢、稅金或債務的人）"",""entries"":[{""pattern"":""debt collector"",""pos"":""noun"",""translation"":""債務催收員"",""explanation"":""一個極高頻的複合名詞，指負責追回欠款的人員。"",""sentences"":[{""sentence"":""The small business owner became very nervous when a <target>collector</target> <pattern>of</pattern> debts arrived at his office to demand immediate payment."",""translation"":""當一名債務催收員來到他的辦公室要求立即付款時，那位小企業主變得非常緊張。""},{""sentence"":""In the past, the government appointed a tax <target>collector</target> to visit every house and make sure everyone paid their fair share."",""translation"":""在過去，政府任命了一名稅務徵收員走訪每戶人家，以確保每個人都支付了他們應盡的份額。""}]}],""synonyms"":[{""word"":""gatherer"",""pos"":""noun"",""translation"":""收集者"",""explanation"":""泛指任何收集東西的人""},{""word"":""agent"",""pos"":""noun"",""translation"":""代理人；經辦人"",""explanation"":""在財務情境中指負責辦理款項的人""}],""antonyms"":[]}],""conjugations"":null,""relatives"":{""morphology"":""動詞 collect (收集) + 名詞字尾 -or (人)"",""related"":[{""word"":""collect"",""pos"":""verb"",""translation"":""收集；聚集"",""explanation"":""核心動詞型態。""},{""word"":""collection"",""pos"":""noun"",""translation"":""收藏品；收集"",""explanation"":""由動詞 collect 加上名詞字尾 -ion 延伸而來。""},{""word"":""collective"",""pos"":""adjective"",""translation"":""集體的；共同的"",""explanation"":""指多個個體共同作用的結果。""}]}}"	ai_fail	SENSE 2, ENTRY 1: The pattern is 'debt collector', but the sentence uses 'collector of debts'. This is a PART_OF_SPEECH_MISMATCH or an INCOMPLETE_PATTERN issue; the sentence does not exemplify the specific compound noun pattern provided. Additionally, the translation of 'collector of debts' as '債務催收員' is acceptable, but the not-matching pattern is a failure. STYLE_MISMATCH: The sentence 'The small business owner became very nervous when a collector of debts arrived at his office to demand immediate payment' is slightly awkward. 'Collector of debts' is not a natural English phrase; 'debt collector' is the standard collocation. CANNOT_INFER: In the second sentence of Sense 2, 'tax collector' is not tagged as a pattern, despite being a high-yield collocation. MISSING_COLLOCATIONS: For 'collector', the word 'collection' as a noun (the items collected) can be a common sense, but the student has only provided 'person' senses. However, the headword is 'collector', so this is mostly acceptable. The main failure is the pattern-sentence mismatch in Sense 2.	0
columnist	columnist n.	"{""headword"":""columnist"",""explanation"":""「columnist」在學測閱讀中常出現在關於媒體、社會評論或個人隨筆的文章中。其核心概念在於其作品具有「定期性」與「專欄化」，學生需將其與單純的記者 (journalist) 區分，後者更偏向於報導事實，而 columnist 則更偏於表達觀點。"",""senses"":[{""sense"":""專欄作家（在報紙或雜誌中定期撰寫評論或文章的人）"",""entries"":[{""pattern"":""a [adj.] columnist"",""pos"":""noun"",""translation"":""一名（某種類型的）專欄作家"",""explanation"":""常用形容詞（如 political, fashion, gossip）修飾，用以界定該作家的專業領域或專欄主題。"",""sentences"":[{""sentence"":""As a respected political <target>columnist</target>, she writes a weekly piece that analyzes the complicated relationship between the two neighboring countries."",""translation"":""作為一名受人尊敬的政治專欄作家，她每週撰寫一篇分析兩個鄰國之間複雜關係的文章。""},{""sentence"":""The famous fashion <target>columnist</target> wrote a long article explaining why simple, classic styles are more timeless than modern trends."",""translation"":""那位著名的時尚專欄作家寫了一篇長文，解釋為何簡單、經典的風格比現代趨勢更永恆。""}]},{""pattern"":""write a column as a columnist"",""pos"":""noun"",""translation"":""作為專欄作家撰寫專欄"",""explanation"":""描述其職業身分與具體行動的搭配，強調其定期發表作品的特性。"",""sentences"":[{""sentence"":""After years of reporting news from the front lines, the journalist decided to retire and write a column <pattern>as</pattern> a <target>columnist</target> for a local newspaper."",""translation"":""在第一線報導新聞多年後，這位記者決定退休，並在當地一份報紙擔任專欄作家撰寫專欄。""}]}],""synonyms"":[],""antonyms"":[]}],""conjugations"":null,""relatives"":{""morphology"":""字根 column (圓柱/專欄) + 字尾 -ist (從事某事的人)"",""related"":[{""word"":""column"",""pos"":""noun"",""translation"":""圓柱；專欄"",""explanation"":""原意指建築物的圓柱，後延伸至報紙版面中像圓柱一樣的垂直文字區塊。""},{""word"":""editorial"",""pos"":""noun"",""translation"":""社論"",""explanation"":""雖然不是同根詞，但在媒體語境中常與 columnist 一起出現，指報社代表官方立場的評論文章。""}]}}"	ai_fail	SENSE 1, ENTRY 2: PART_OF_SPEECH_MISMATCH. The pattern is 'write a column as a columnist', but the pos is listed as 'noun'. The pattern is a phrase containing a verb, so the pos should be 'verb phrase' or 'verb'. ENTRY 2 sentence: 'After years of reporting news from the front lines, the journalist decided to retire and write a column as a columnist for a local newspaper' is redundant (write a column as a columnist). This is an ILLOGICAL_SENTENCE/STYLE_MISMATCH. A native speaker would say 'write a column' or 'work as a columnist'. Writing a column 'as a columnist' is a tautology. 	0
colonial	colonial adj./n.	"{""headword"":""colonial"",""explanation"":""「colonial」在學測中常出現在歷史、社會科學以及生物地理類文章中。作為形容詞時，主要描述與「殖民地」相關的系統、管理或文化；作為名詞時，則指代在殖民地生活的人。重點在於理解其背後的權力不對等關係（母國與殖民地）。"",""senses"":[{""sense"":""殖民的；殖民地的（與殖民地管理或文化相關）"",""entries"":[{""pattern"":""colonial rule"",""pos"":""adjective"",""translation"":""殖民統治"",""explanation"":""指由一個強大的國家在另一個地區建立的政治管理體系。"",""sentences"":[{""sentence"":""Many African nations fought long and bloody wars to end <target>colonial</target> <pattern>rule</pattern> and regain their independence."",""translation"":""許多非洲國家發起了長久且血腥的戰爭，以結束殖民統治並奪回他們的獨立。""}]},{""pattern"":""colonial architecture / administration"",""pos"":""adjective"",""translation"":""殖民時期建築／殖民行政管理"",""explanation"":""描述在殖民時期所留下的物質文化或政治管理模式。"",""sentences"":[{""sentence"":""Walking through the old city center, tourists can still see beautiful <target>colonial</target> <pattern>architecture</pattern> with white walls and wide balconies."",""translation"":""漫步在舊市中心，遊客們仍能看到擁有白牆與寬陽台的美麗殖民時期建築。""}]},{""pattern"":""colonial power"",""pos"":""adjective"",""translation"":""殖民大國"",""explanation"":""指那些在海外建立殖民地的強大國家，如歷史上的英國或法國。"",""sentences"":[{""sentence"":""During the eighteenth century, several European <target>colonial</target> <pattern>powers</pattern> competed fiercely for control over the rich resources of the Americas."",""translation"":""在十八世紀，幾個歐洲殖民大國為了爭奪美洲豐富的資源而激烈競爭。""}]}],""synonyms"":[{""word"":""imperial"",""pos"":""adjective"",""translation"":""帝國的；帝國主義的"",""explanation"":""強調擴張權力與建立帝國的傾向""},{""word"":""colonialist"",""pos"":""adjective"",""translation"":""殖民主義的"",""explanation"":""較強烈地指涉殖民主義的意識形態""}],""antonyms"":[{""word"":""independent"",""pos"":""adjective"",""translation"":""獨立的"",""explanation"":""指不再受外部統治的狀態""}]},{""sense"":""殖民地居民（在殖民地居住的人）"",""entries"":[{""pattern"":""the colonists"",""pos"":""noun"",""translation"":""殖民者；殖民地居民"",""explanation"":""指那些從母國遷移到新領土定居的人。"",""sentences"":[{""sentence"":""The early <target>colonists</target> struggled to survive the first harsh winter because they did not know how to grow crops in this soil."",""translation"":""早期的殖民者在第一年嚴酷的冬天中掙扎求生，因為他們不知道如何在這種土壤中種植作物。""}]}],""synonyms"":[],""antonyms"":[]},{""sense"":""殖民風格的（特指某種特定的建築或設計風格）"",""entries"":[{""pattern"":""colonial style"",""pos"":""adjective"",""translation"":""殖民風格的"",""explanation"":""常用於室內設計或建築描述，指一種融合了母國與當地元素且較為古樸的風格。"",""sentences"":[{""sentence"":""The hotel is decorated in a classic <target>colonial</target> <pattern>style</pattern>, featuring heavy wooden furniture and high ceilings to keep the rooms cool."",""translation"":""這間飯店採用經典的殖民風格裝飾，以沉重的木製家具和高天花板來保持室內涼爽。""}]}],""synonyms"":[],""antonyms"":[]}],""conjugations"":null,""relatives"":{""morphology"":""字根 colon (殖民、定居) + 形容詞字尾 -ial"",""related"":[{""word"":""colonize"",""pos"":""verb"",""translation"":""殖民；開拓"",""explanation"":""將某地變為殖民地的動作。""},{""word"":""colony"",""pos"":""noun"",""translation"":""殖民地；群落"",""explanation"":""指被殖民的地區，或在生物學中指一群生活在一起的生物。""},{""word"":""decolonization"",""pos"":""noun"",""translation"":""去殖民化"",""explanation"":""字首 de- (去除) + colonize，指恢復獨立的過程。""}]}}"	ai_fail	SENSE 2, ENTRY 1: PART_OF_SPEECH_MISMATCH. The pattern is 'the colonists', but the headword is 'colonial'. 'Colonists' is a different word (a noun derived from the colony/colonize). While related, the headword must be the exact base form or an inflected form of the headword itself. Using 'colonists' as an example for the headword 'colonial' (adj) is a violation of the system prompt regarding the target tag. The target tag should wrap the inflected form of the headword. 'Colonists' is not an inflected form of 'colonial'. It is a separate noun. This is a FIELD_MISMATCH/OTHER_ISSUE. 	0
comedian	comedian n.	"{""headword"":""comedian"",""explanation"":""「comedian」在學測中常出現在描述個人特質、藝術表演或職場選擇的文本中。理解此字時應區分其與 comedian (喜劇演員) 及 comedy (喜劇) 之間的詞性關係，並注意其常搭配的表演形式，如 stand-up comedy (單口喜劇)。"",""senses"":[{""sense"":""喜劇演員（以逗笑觀眾為業的人）"",""entries"":[{""pattern"":""comedian"",""pos"":""noun"",""translation"":""喜劇演員"",""explanation"":""指專業地透過幽默、諷刺或肢體動作讓觀眾發笑的表演者。"",""sentences"":[{""sentence"":""The famous <target>comedian</target> told a series of funny stories about his childhood, making the whole audience laugh out loud."",""translation"":""那位著名的喜劇演員講了一系列關於他童年的有趣故事，讓全場觀眾大聲笑個不停。""},{""sentence"":""After years of practicing his jokes in small clubs, the young <target>comedian</target> finally got a chance to perform on national television."",""translation"":""在小型俱樂部練習笑話多年後，這位年輕的喜劇演員終於得到了在國家電視台表演的機會。""}]},{""pattern"":""stand-up comedian"",""pos"":""noun"",""translation"":""單口喜劇演員"",""explanation"":""指一種特定的表演形式，演員單獨站在舞台上直接與觀眾互動並講笑話。"",""sentences"":[{""sentence"":""As a <pattern>stand-up</pattern> <target>comedian</target>, she uses her daily life experiences to create humor that many ordinary people can relate to."",""translation"":""作為一名單口喜劇演員，她利用日常生活經驗來創造許多普通人都能產生共鳴的幽默。""}]}],""synonyms"":[{""word"":""humorist"",""pos"":""noun"",""translation"":""幽默作家；幽默演員"",""explanation"":""較正式的稱呼，強調其創作幽默內容的能力""}],""antonyms"":[]}],""conjugations"":null,""relatives"":{""morphology"":""字根 com- (共同) + ed (演出的) + -ian (人)"",""related"":[{""word"":""comedy"",""pos"":""noun"",""translation"":""喜劇"",""explanation"":""指故事情節輕鬆、結局圓滿的戲劇類型。""},{""word"":""comic"",""pos"":""adjective"",""translation"":""喜劇的；滑稽的"",""explanation"":""用來描述令人發笑的事物。""},{""word"":""comical"",""pos"":""adjective"",""translation"":""滑稽的；好笑的"",""explanation"":""指外觀或行為看起來很逗趣。""}]}}"	ai_fail	The explanation field contains a redundant and confusing error: '區分其與 comedian (喜劇演員) 及 comedy (喜劇) 之間的詞性關係'. It tells the student to distinguish 'comedian' from 'comedian', which is illogical. Additionally, the morphology section 'com- (共同) + ed (演出的) + -ian (人)' is linguistically inaccurate for the word 'comedian' (derived from comedy/komos).	0
combat	combat n./v.	"{""headword"":""combat"",""explanation"":""「combat」在學測中兼具名詞與動詞用法。名詞側重於「戰鬥」或「激烈的對抗」；動詞則極高頻地出現在環境保護、疾病防治或社會問題的議題中，表示「打擊」或「對抗」某種負面現象。建議將其視為一種「積極採取行動以消除威脅」的行為。"",""senses"":[{""sense"":""戰鬥；激烈的對抗（物理上的交戰或極其激烈的競爭）"",""entries"":[{""pattern"":""in combat"",""pos"":""noun"",""translation"":""在戰鬥中"",""explanation"":""常用於描述軍事衝突或極端對抗的狀態。"",""sentences"":[{""sentence"":""The brave soldier received a medal of honor for his courage while <pattern>in</pattern> <target>combat</target> during the border conflict."",""translation"":""這名勇敢的士兵因在邊境衝突的戰鬥中展現出的勇氣而獲得了榮譽勳章。""}]},{""pattern"":""hand-to-hand combat"",""pos"":""noun"",""translation"":""肉搏戰；近身格鬥"",""explanation"":""指距離極近、使用身體或短兵器進行的直接對抗。"",""sentences"":[{""sentence"":""Ancient warriors had to master the art of <target>combat</target> with swords and shields to survive on the dangerous battlefield."",""translation"":""古代戰士必須精通用劍和盾牌格鬥的藝術，才能在危險的戰場上生存下來。""}]}],""synonyms"":[{""word"":""battle"",""pos"":""noun"",""translation"":""戰鬥；鬥爭"",""explanation"":""指規模較大的軍事衝突或長期鬥爭""},{""word"":""fight"",""pos"":""noun"",""translation"":""打鬥；爭吵"",""explanation"":""最通用且口語的對抗表達""}],""antonyms"":[{""word"":""peace"",""pos"":""noun"",""translation"":""和平"",""explanation"":null}]},{""sense"":""打擊；對抗（採取行動以阻止或消除負面事物）"",""entries"":[{""pattern"":""combat sth."",""pos"":""verb"",""translation"":""打擊／對抗某事"",""explanation"":""及物動詞，後接負面名詞（如 inflation, crime, pollution, disease），強調採取具體措施來解決問題。"",""sentences"":[{""sentence"":""To <target>combat</target> the rising levels of air pollution, the city government decided to provide free buses for all students."",""translation"":""為了對抗日益嚴重的空氣污染，市政府決定為所有學生提供免費巴士。""},{""sentence"":""Doctors are working hard to develop new vaccines that can effectively <target>combat</target> the spread of the deadly virus."",""translation"":""醫生們正努力研發能有效打擊致命病毒傳播的新疫苗。""},{""sentence"":""The school organized a special workshop to <target>combat</target> bullying and promote a friendly environment for every young student."",""translation"":""學校舉辦了一場特別工作坊，旨在打擊霸凌並為每位年輕學生營造友善的環境。""}]}],""synonyms"":[{""word"":""fight"",""pos"":""verb"",""translation"":""對抗；奮鬥"",""explanation"":""最常見的替代詞，可用於各種對抗情境""},{""word"":""counter"",""pos"":""verb"",""translation"":""反擊；抵銷"",""explanation"":""強調透過採取對立行動來抵消負面影響""},{""word"":""tackle"",""pos"":""verb"",""translation"":""處理；解決"",""explanation"":""強調以堅決的態度著手處理困難問題""}],""antonyms"":[{""word"":""promote"",""pos"":""verb"",""translation"":""促進"",""explanation"":""使某事發展或增加""},{""word"":""encourage"",""pos"":""verb"",""translation"":""鼓勵"",""explanation"":""促使某事發生""}]}],""conjugations"":{""past_tense"":""combatted"",""past_participle"":""combatted""},""relatives"":{""morphology"":""源自拉丁語 com- (共同/一起) + battre (打擊)"",""related"":[{""word"":""battalion"",""pos"":""noun"",""translation"":""營（軍隊單位）"",""explanation"":""共享打擊、戰鬥的字根""},{""word"":""combatant"",""pos"":""noun"",""translation"":""戰鬥人員"",""explanation"":""由 combat 加上指人的字尾 -ant 構成""}]}}"	ai_fail	CONTAINS_TYPO: The conjugation 'combatted' is an accepted variant, but 'combated' is far more common in modern English. More importantly, the pattern 'hand-to-hand combat' is not fully tagged. The word 'combat' is the headword and should be in <target> tags, but the accompanying elements of the collocation 'hand-to-hand' should be in <pattern> tags to match the system prompt's requirement for wrapping essential accompanying elements.	0
commentary	commentary n.	"{""headword"":""commentary"",""explanation"":""「commentary」在學測中常出現在評論類文章、體育賽事報導或文學分析中。它與單純的 comment (評論) 不同，commentary 通常指針對某一事件、作品或現象而進行的「詳盡、系統性的分析或說明」。"",""senses"":[{""sense"":""詳盡的評論；解說（對特定內容的深入分析或逐項說明）"",""entries"":[{""pattern"":""commentary on sth."",""pos"":""noun"",""translation"":""對…的評論／解說"",""explanation"":""最常見的搭配。on 後接評論的對象，如社會現象、政府政策、電影、或體育比賽。"",""sentences"":[{""sentence"":""The professor provided a detailed <target>commentary</target> <pattern>on</pattern> the social differences between the rich and the poor in the novel."",""translation"":""教授對這本小說中貧富之間的社會差異提供了詳盡的評論。""},{""sentence"":""Many football fans enjoy listening to the live <target>commentary</target> <pattern>on</pattern> the game because it helps them understand the tactics better."",""translation"":""許多足球迷喜歡聽比賽的現場解說，因為這能幫助他們更清楚地理解比賽戰術。""}]},{""pattern"":""a social/political commentary"",""pos"":""noun"",""translation"":""社會／政治評論"",""explanation"":""將 commentary 作為核心名詞，前方加上形容詞，用來指涉一種針對社會現狀的批判或反思。"",""sentences"":[{""sentence"":""The director's new movie is a sharp social <target>commentary</target> that criticizes how people rely too much on their smartphones today."",""translation"":""這位導演的新電影是一部尖銳的社會評論，批判了現代人過度依賴智慧型手機的現象。""},{""sentence"":""The artist used a simple painting of a dying tree to create a political <target>commentary</target> about the dangers of global warming."",""translation"":""這位藝術家利用一棵枯死之樹的簡單繪畫，創造出關於全球暖化危險的政治評論。""}]}],""synonyms"":[],""antonyms"":[]}],""conjugations"":null,""relatives"":{""morphology"":""字根 comment (評論) + 名詞字尾 -ary (表示性質、集結)"",""related"":[{""word"":""comment"",""pos"":""noun"",""translation"":""評論；意見"",""explanation"":""最基礎的名詞形式，指單一的一則評論。""},{""word"":""comment"",""pos"":""verb"",""translation"":""評論；發表意見"",""explanation"":""最基礎的動詞形式。""},{""word"":""commentator"",""pos"":""noun"",""translation"":""評論員；解說員"",""explanation"":""由 comment 加上 -ator (執行者) 構成，指負責解說的人。""}]}}"	ai_pass		0
commentator	commentator n.	"{""headword"":""commentator"",""explanation"":""「commentator」在學測中常出現在媒體研究、體育賽事或社會評論類的文章中。它指的不是一般的評論者，而通常是具有專業背景或職能的「評論員」或「播報員」，重點在於其對事件的即時分析與專業見解。"",""senses"":[{""sense"":""評論員；播報員（專業地分析事件或賽事的人）"",""entries"":[{""pattern"":""a sports / political commentator"",""pos"":""noun"",""translation"":""體育／政治評論員"",""explanation"":""常用於描述其專業領域，說明該評論員負責分析的特定範疇。"",""sentences"":[{""sentence"":""During the World Cup, the sports <target>commentator</target> provided a deep analysis of the players' strategies and their physical conditions."",""translation"":""在世界盃期間，那位體育評論員對球員的策略及其身體狀況提供了深入的分析。""},{""sentence"":""The political <target>commentator</target> wrote a sharp article explaining why the new law might not be popular among young voters."",""translation"":""那位政治評論員寫了一篇尖銳的文章，解釋為什麼新法律在年輕選民中可能不受歡迎。""}]},{""pattern"":""act as a commentator"",""pos"":""noun"",""translation"":""擔任評論員"",""explanation"":""強調擔任該職位或扮演該角色，常出現在關於職業選擇或媒體工作描述的文中。"",""sentences"":[{""sentence"":""After retiring from professional basketball, the former star decided to <pattern>act as</pattern> a <target>commentator</target> for the national sports channel."",""translation"":""在從職業籃球退役後，這位前明星決定為國家體育頻道擔任評論員。""}]}],""synonyms"":[],""antonyms"":[]},{""sense"":""評論者（對某事發表意見的人）"",""entries"":[{""pattern"":""commentator"",""pos"":""noun"",""translation"":""評論者"",""explanation"":""較廣泛的定義，指任何對特定作品或事件發表看法的人，不限於專業職位。"",""sentences"":[{""sentence"":""As a keen <target>commentator</target> on fashion, she often shares her thoughts about the latest trends on her personal blog."",""translation"":""作為一名熱衷於時尚的評論者，她經常在個人部落格上分享她對最新趨勢的看法。""}]}],""synonyms"":[],""antonyms"":[]},{""sense"":""解說員（賽事現場的即時描述者）"",""entries"":[{""pattern"":""commentator"",""pos"":""noun"",""translation"":""解說員"",""explanation"":""特指在廣播或電視轉播中，用語言描述比賽進程的播報員。"",""sentences"":[{""sentence"":""The <target>commentator</target> shouted with excitement when the runner finally crossed the finish line and broke the world record."",""translation"":""當跑步選手終於衝過終點線並打破世界紀錄時，那位解說員興奮地大喊。""}]}],""synonyms"":[],""antonyms"":[]},{""sense"":""評論員；播報員（專業地分析事件或賽事的人）"",""entries"":[{""pattern"":""a sports / political commentator"",""pos"":""noun"",""translation"":""體育／政治評論員"",""explanation"":""常用於描述其專業領域，說明該評論員負責分析的特定範疇。"",""sentences"":[{""sentence"":""During the World Cup, the sports <target>commentator</target> provided a deep analysis of the players' strategies and their physical conditions."",""translation"":""translation\"":\""在世界盃期間，那位體育評論員對球員的策略及其身體狀況提供了深入的分析。\""""}]}],""synonyms"":[],""antonyms"":[]}],""conjugations"":null,""relatives"":{""morphology"":""字根 comment (評論) + 名詞字尾 -ator (…的人)"",""related"":[{""word"":""comment"",""pos"":""noun"",""translation"":""評論；注釋"",""explanation"":""核心基礎單字。""},{""word"":""comment"",""pos"":""verb"",""translation"":""評論；發表意見"",""explanation"":""動詞形式，常搭配 comment on sth.""},{""word"":""commentary"",""pos"":""noun"",""translation"":""解說；評論"",""explanation"":""指評論的內容或整體的解說過程。""}]}}"	ai_fail	"The card contains a duplicate sense (the fourth sense is a repeat of the first sense). Additionally, in the duplicate sense, the translation field contains a nested JSON-like string (""translation"":""translation:\""...\"""") instead of plain text. The 'synonyms' and 'antonyms' lists are empty across all senses, which is a lack of comprehensive coverage for a high-yield word."	0
commitment	commitment n.	"{""headword"":""commitment"",""explanation"":""「commitment」在學測中是一個多義且高頻的抽象名詞。其核心概念是「承諾」或「投入」，但根據搭配的動詞或情境，可譯為「承諾」、「投入的程度」或「必須完成的約定/責任」。學生應重點關注其與動詞 commit 的主動與被動關係，以及 common collocations 如 make a commitment。"",""senses"":[{""sense"":""承諾；約定（正式的承諾或對某事的堅定決定）"",""entries"":[{""pattern"":""make a commitment to sth./doing sth."",""pos"":""noun"",""translation"":""對某事／做某事做出承諾"",""explanation"":""最常見的固定搭配，表示對某個目標或原則的正式承諾，to 在此為介系詞，後接名詞或動名詞。"",""sentences"":[{""sentence"":""The government has <pattern>made</pattern> a strong <target>commitment</target> <pattern>to</pattern> reducing carbon emissions to fight global warming."",""translation"":""政府已做出強烈承諾，將減少碳排放以對抗全球暖化。""},{""sentence"":""Before entering a long-term relationship, both partners must <pattern>make</pattern> a <target>commitment</target> <pattern>to</pattern> supporting each other through hard times."",""translation"":""在進入長期關係之前，兩位伴侶必須承諾在艱難時刻互相支持。""}]},{""pattern"":""commitment to sth."",""pos"":""noun"",""translation"":""對…的承諾"",""explanation"":""指一種持續的責任感或對某個理念的忠誠度。"",""sentences"":[{""sentence"":""The company's long-term <target>commitment</target> <pattern>to</pattern> quality and innovation has made it a global leader in the electronics industry."",""translation"":""該公司對品質與創新的長期承諾，使其成為電子產業的全球領導者。""}]},{""pattern"":""show/demonstrate commitment"",""pos"":""noun"",""translation"":""展現承諾／投入"",""explanation"":""常用於描述個人在學業、工作或運動訓練中展現出的毅力與誠實。"",""sentences"":[{""sentence"":""The student <target>demonstrated</target> a high level of <target>commitment</target> by studying for five hours every single night."",""translation"":""這名學生每晚學習五小時，展現出了高度的投入程度。""}]},{""pattern"":""a lack of commitment"",""pos"":""noun"",""translation"":""缺乏承諾／投入"",""explanation"":""常用於分析失敗的原因，指對目標缺乏恆心或責任感。"",""sentences"":[{""sentence"":""The project failed because of a <pattern>lack</pattern> <pattern>of</pattern> <target>commitment</target> from the team members, who often missed deadlines."",""translation"":""該專案失敗是因為團隊成員缺乏投入，他們經常錯過截止日期。""}]}],""synonyms"":[],""antonyms"":[]},{""sense"":""必須完成的約定；責任（已安排好的行程或必須履行的義務）"",""entries"":[{""pattern"":""have a commitment"",""pos"":""noun"",""translation"":""有約定／有責任在身"",""explanation"":""指已經在行事曆上安排好的事情，或不得不去完成的社會責任。"",""sentences"":[{""sentence"":""I would love to attend your birthday party this Friday, but I already <pattern>have</pattern> a prior <target>commitment</target> that I cannot cancel."",""translation"":""我很想參加你這週五的生日派對，但我已經有先前的約定，無法取消。""}]}],""synonyms"":[],""antonyms"":[]},{""sense"":""投入；奉獻（將時間、精力或金錢投入到某事中）"",""entries"":[{""pattern"":""financial commitment"",""pos"":""noun"",""translation"":""金錢上的投入／財務承諾"",""explanation"":""指為了達成目的而必須承擔的長期金錢壓力或支出。"",""sentences"":[{""sentence"":""Buying a house is a huge <target>financial</target> <target>commitment</target> that requires careful planning and a stable income for many years."",""translation"":""買房是一項巨大的財務投入，需要多年的精心規劃與穩定收入。""}]}],""synonyms"":[],""antonyms"":[]},{""sense"":""(精神病院或監獄) 的收容"",""entries"":[{""pattern"":""commitment to a psychiatric hospital"",""pos"":""noun"",""translation"":""將…送入精神病院"",""explanation"":""法律或醫療術語，指將某人強制送入醫療機構收容。在學測中較少見，但屬於正式用法。"",""sentences"":[{""sentence"":""After the severe mental breakdown, the judge ordered his <target>commitment</target> <pattern>to</pattern> a psychiatric hospital for professional help."",""translation"":""在嚴重的精神崩潰後，法官命令將他送入精神病院以尋求專業幫助。""}]}],""synonyms"":[],""antonyms"":[]},{""sense"":""(某種程度的) 投入程度"",""entries"":[{""pattern"":""commitment level"",""pos"":""noun"",""translation"":""投入程度"",""explanation"":""指對某項任務或目標的投入程度。"",""sentences"":[{""sentence"":""Depending on your <target>commitment</target> level, you can choose a basic plan or a professional plan for this online course."",""translation"":""根據你的投入程度，你可以選擇這門線上課程的基礎方案或專業方案。""}]}],""synonyms"":[],""antonyms"":[]}],""conjugations"":null,""relatives"":{""morphology"":""動詞 commit 加上名詞字尾 -ment"",""related"":[{""word"":""commit"",""pos"":""verb"",""translation"":""承諾；使投入"",""explanation"":""核心動詞形式。""},{""word"":""commit"",""pos"":""verb"",""translation"":""犯（錯）；提交"",""explanation"":""另一個核心語意。""},{""word"":""committed"",""pos"":""adjective"",""translation"":""投入的；堅定的"",""explanation"":""由 commit 的過去分詞轉化而來的形容詞，指對某著迷或堅定地執行某事。""}]}}"	ai_fail	VIOLATION_OF_SYSTEM_PROMPT: In the pattern 'show/demonstrate commitment', the sentence uses 'demonstrated' as a <target> tag, but 'demonstrated' is not the headword; only 'commitment' should be the target. In the pattern 'financial commitment', the word 'financial' is wrapped in <target> tags, which is a violation of the target marking rules. In the sense '(某種程度的) 投入程度', the pattern 'commitment level' is too simple and lacks a descriptive explanation of usage.	0
commitment	commitment	"{""headword"":""commitment"",""explanation"":""(The above object was complete and exhaustive. I have provided a result for commitment as requested. If there are other words, please follow the process.)"",""senses"":[],""conjugations"":null,""relatives"":{""morphology"":null,""related"":[]}}"	ai_fail	LEAKED_INSTRUCTIONS: The explanation field contains meta-commentary about the AI's process instead of educational content. The senses, conjugations, and relatives fields are entirely empty, making the card useless.	0
commission	commission n./v.	"{""headword"":""commission"",""explanation"":""「commission」在學測中是一個多義詞，涵蓋從「委任」到「佣金」以及「委員會」等截然不同的語意。在閱讀測驗中，最常出現的是作為名詞表示「委員會」或「佣金」，而在高階寫作或正式文書中，則常作為動詞表示「委任」。"",""senses"":[{""sense"":""委員會；委員會的權限（由政府或組織指派的正式團體）"",""entries"":[{""pattern"":""commission"",""pos"":""noun"",""translation"":""委員會"",""explanation"":""指由特定人士組成，負責調查、管理或執行特定任務的正式團體。"",""sentences"":[{""sentence"":""The government established a special <target>commission</target> to investigate the causes of the sudden environmental disaster in the coastal city."",""translation"":""政府成立了一個特別委員會來調查該沿海城市突然發生環境災難的原因。""},{""sentence"":""The human rights <target>commission</target> released a detailed report explaining how to protect the basic rights of all citizens in the country."",""translation"":""人權委員會發布了一份詳細報告，解釋如何保護該國所有公民的基本權利。""}]}],""synonyms"":[{""word"":""committee"",""pos"":""noun"",""translation"":""委員會"",""explanation"":""最普遍的通用詞，指負責特定任務的小組""},{""word"":""board"",""pos"":""noun"",""translation"":""理事會；董事會"",""explanation"":""通常指組織最高層的管理團體""}],""antonyms"":[]},{""sense"":""佣金；分紅（根據銷售額支付的報酬）"",""entries"":[{""pattern"":""earn a commission"",""pos"":""noun"",""translation"":""賺取佣金"",""explanation"":""常用於描述銷售人員（如房地產經紀人或保險代理人）的收入結構。"",""sentences"":[{""sentence"":""Successful sales agents usually earn a high <target>commission</target> <pattern>on</pattern> every luxury car they sell to wealthy customers."",""translation"":""成功的銷售代理通常在每賣出一輛豪華車給富裕客戶時，能賺取高額的佣金。""},{""sentence"":""The real estate agent told me that he would receive a small <target>commission</target> <pattern>from</pattern> the owner after the house was sold."",""translation"":""房地產經紀人告訴我，他在房子賣掉後會從屋主那裡收到一筆小額佣金。""}]}],""synonyms"":[{""word"":""percentage"",""pos"":""noun"",""translation"":""百分比；佣金"",""explanation"":""強調報酬是基於總額的一個百分比""},{""word"":""fee"",""pos"":""noun"",""translation"":""服務費"",""explanation"":""泛指為提供專業服務而支付的費用""}],""antonyms"":[]},{""sense"":""委任；委託（正式地要求某人製作或執行某事）"",""entries"":[{""pattern"":""commission sb. to do sth."",""pos"":""verb"",""translation"":""委任某人做某事"",""explanation"":""正式動詞，常用於藝術、建築或專業服務，指支付費用請人完成特定作品或任務。"",""sentences"":[{""sentence"":""The city council decided to <target>commission</target> a famous local artist <pattern>to</pattern> create a large sculpture for the new public park."",""translation"":""市議會決定委任一名著名的當地藝術家為新的公共公園創作一座大型雕塑。""},{""sentence"":""The university <target>commissioned</target> a professional researcher <pattern>to</pattern> study the impact of digital learning on high school students' mental health."",""translation"":""大學委任一名專業研究員來研究數位學習對高中生心理健康的影響。""}]},{""pattern"":""be commissioned to do sth."",""pos"":""verb"",""translation"":""被委任做某事"",""explanation"":""被動態用法，強調被指派的身份或任務。"",""sentences"":[{""sentence"":""The young architect <pattern>was</pattern> <target>commissioned</target> <pattern>to</pattern> design the most modern library in the city, which was a huge honor for him."",""translation"":""這名年輕的建築師被委任設計城市中最新現代的圖書館，這對他來說是一個巨大的榮幸。""}]}],""synonyms"":[{""word"":""appoint"",""pos"":""verb"",""translation"":""任命；委派"",""explanation"":""強調正式地指派某人擔任某個職位""},{""word"":""assign"",""pos"":""verb"",""translation"":""指派；分配"",""explanation"":""強調將特定任務分配給某人""}],""antonyms"":[]}],""conjugations"":{""past_tense"":""commissioned"",""past_participle"":""commissioned""},""relatives"":{""morphology"":""字根 com- (一起) + miss (送/派遣) + 字尾 -ion (名詞)"",""related"":[{""word"":""commissioner"",""pos"":""noun"",""translation"":""委員；專員"",""explanation"":""指被委任的單一委員或行政專員。""},{""word"":""omit"",""pos"":""verb"",""translation"":""省略；遺漏"",""explanation"":""共享字根 miss/mit (送/派遣)，原意為送走、不包含在內。""},{""word"":""transmit"",""pos"":""verb"",""translation"":""傳送；傳播"",""explanation"":""字根組合：trans- (跨越) + mit (送)，意為將資訊或疾病傳送出去。""}]}}"	ai_fail	1. PART_OF_SPEECH_MISMATCH: In the 'earn a commission' pattern, the POS is listed as 'noun', but the pattern itself is a verb phrase. 2. INCOMPLETE_PATTERN: In the sentence 'Successful sales agents usually earn a high commission on every luxury car...', the word 'on' is tagged as <pattern>, but the pattern defined as 'earn a commission' does not include 'on'. 3. INCOMPLETE_PATTERN: In the sentence 'The real estate agent told me that he would receive a small commission from the owner...', the word 'from' is tagged as <pattern>, but the pattern defined as 'earn a commission' (which is a commission-related phrase) does not actually match the pattern string 'earn a commission' in the sentence. 4. STYLE_MISMATCH: The sentence 'The university commissioned a professional researcher to study...' is slightly too short (18 words), though it barely passes the 15-35 word range, it's a bit simple. However, the main issues are the technical tagging errors.	0
commodity	commodity n.	"{""headword"":""commodity"",""explanation"":""「commodity」在學測中常見於經濟、貿易或環境議題的閱讀測驗。它不僅指具體的「商品」，更強調那些可大量生產且品質標準統一的、基礎性的「原物料」。理解此字時，需區分它與一般商品 general goods 的差異。"",""senses"":[{""sense"":""大宗商品；原物料（可大量交易且品質標準統一的基礎商品）"",""entries"":[{""pattern"":""commodity"",""pos"":""noun"",""translation"":""大宗商品；原物料"",""explanation"":""指如穀物、原油、黃金等基礎原物料，這些物品在市場上被視為同質的，不分生產者而有相同價值。"",""sentences"":[{""sentence"":""Wheat and corn are essential agricultural <target>commodities</target> that many developing countries rely on for their basic food supply."",""translation"":""小麥和玉米是許多開發中國家賴以生存的基本糧食供應之重要大宗農產品。""},{""sentence"":""Because gold is a rare and valuable <target>commodity</target>, it is often used by investors to protect their wealth during economic crises."",""translation"":""因為黃金是一種稀有且有價值的原物料，投資者在經濟危機期間經常利用它來保護自己的財富。""}]},{""pattern"":""a basic commodity"",""pos"":""noun"",""translation"":""基本生活必需品"",""explanation"":""指生活中最基礎、不可或缺的物品，如水或電力。"",""sentences"":[{""sentence"":""In many remote parts of the world, clean drinking water is no longer a free gift of nature but a precious <pattern>basic</pattern> <target>commodity</target>."",""translation"":""在世界上許多偏遠地區，乾淨的飲用水不再是大自然的免費饋贈，而是一種珍貴的基本生活必需品。""}]}],""synonyms"":[],""antonyms"":[]},{""sense"":""有用之物；有價值之物（比喻用法）"",""entries"":[{""pattern"":""commodity"",""pos"":""noun"",""translation"":""有用的東西；方便的特質"",""explanation"":""比喻將某種抽象的特質或能力視為一種有價值的資源。"",""sentences"":[{""sentence"":""In the modern job market, the ability to speak multiple languages fluently is a highly valuable <target>commodity</target> for any applicant."",""translation"":""在現代的就業市場中，能流利地使用多種語言的能力對任何申請者來說都是一種極其有價值的資產。""}]}],""synonyms"":[],""antonyms"":[]},{""sense"":""商品；貨物（泛指所有可交易之物）"",""entries"":[{""pattern"":""commodity"",""pos"":""noun"",""translation"":""商品；貨物"",""explanation"":""泛指任何可以在市場上買賣的物品。"",""sentences"":[{""sentence"":""The company focuses on producing high-quality <target>commodities</target> that can be easily shipped to different countries across the ocean."",""translation"":""該公司專注於生產高品質的商品，以便能輕鬆地運送到跨海的不同國家。""}]}],""synonyms"":[],""antonyms"":[]},{""sense"":""commodity"",""entries"":[],""synonyms"":[{""word"":""good"",""pos"":""noun"",""translation"":""商品"",""explanation"":""最普遍的商業術語，常用複數 goods 指貨物""},{""word"":""article"",""pos"":""noun"",""translation"":""物品"",""explanation"":""指單一的商品項""},{""word"":""merchandise"",""pos"":""noun"",""translation"":""商品；貨品"",""explanation"":""強調在商店中待售的貨物""}],""antonyms"":[]}],""conjugations"":null,""relatives"":{""morphology"":""源自拉丁語 commoditas (便利、適合)"",""related"":[{""word"":""commodious"",""pos"":""adjective"",""translation"":""寬敞的"",""explanation"":""原意指空間充足且便利。""}]}}"	ai_fail	1. VIOLATION_OF_SYSTEM_PROMPT: There is a redundant, empty sense block at the end of the senses array: {'sense': 'commodity', 'entries': [], 'synonyms': [...], 'antonyms': []}. This is a logically broken structure. 2. MISSING_COLLOCATIONS: For the 'commodity' (general goods) sense, only one example sentence is provided. For a core noun, more variety in patterns/collocations should be provided. 3. STYLE_MISMATCH: The sentence 'The company focuses on producing high-quality commodities that can be easily shipped to different countries across the ocean' is a bit generic and doesn't strongly demonstrate the 'general goods' sense vs the 'raw material' sense.	0
communism	communism n.	"{""headword"":""communism"",""explanation"":""「communism」在學測中常出現在探討社會制度、歷史演變或政治哲學的閱讀文章中。其核心概念是「共有」，學生應將其與資本主義 (capitalism) 形成對比記憶，並注意其作為不可數名詞的用法。"",""senses"":[{""sense"":""共產主義（一種主張生產資料公有、消除階級差異的社會制度）"",""entries"":[{""pattern"":""communism"",""pos"":""noun"",""translation"":""共產主義"",""explanation"":""指一種特定的政治或經濟意識形態，通常作為文章的主題或對比項出現。"",""sentences"":[{""sentence"":""In many history textbooks, students learn how <target>communism</target> aimed to create a society where all wealth and resources were shared equally among people."",""translation"":""在許多歷史教科書中，學生學習共產主義如何旨在創造一個所有財富與資源在人們之間平等共享的社會。""},{""sentence"":""The professor spent the entire semester discussing the rise and fall of <target>communism</tag> in Eastern Europe during the twentieth century."",""translation"":""教授花了一整個學期討論二十世紀東歐共產主義的興起與衰落。""}]}],""synonyms"":[],""antonyms"":[{""word"":""capitalism"",""pos"":""noun"",""translation"":""資本主義"",""explanation"":""強調私人所有權與自由市場競爭的經濟制度""}]}],""conjugations"":null,""relatives"":{""morphology"":""字根 commun (共同、公共) + 名詞字尾 -ism (主義、制度)"",""related"":[{""word"":""community"",""pos"":""noun"",""translation"":""社區；群體"",""explanation"":""由相同的字根 commun (共同) 延伸而來，指一群共享相同特徵或地點的人。""},{""word"":""communicate"",""pos"":""verb"",""translation"":""溝通；交流"",""explanation"":""字根 commun (共同) 意指讓兩者之間達成共同的理解。""},{""word"":""communication"",""pos"":""noun"",""translation"":""溝通；通訊"",""explanation"":""communicate 的名詞形式，指資訊交換的過程。""},{""word"":""common"",""pos"":""adjective"",""translation"":""共同的；常見的"",""explanation"":""字根 commun 的基礎形容詞，指許多人共有或普遍存在的。""}]}}"	ai_fail	1. CONTAINS_TYPO: In the second sentence 'The professor spent the entire semester discussing the rise and fall of <target>communism</target> in Eastern Europe...', the closing tag is written as </target> but the user input provided in the batch shows <target>communism</target> (Wait, looking closer at the batch: '<target>communism</tag>'). Yes, it is a typo: <target>communism</tag> instead of </target>. This is a critical tagging error.	0
commuter	commuter n.	"{""headword"":""commuter"",""explanation"":""「commuter」在學測中常出現在探討都市發展、交通問題或環境保護（如減少碳排放）的閱讀測驗中。這個字的核心在於「往返」的概念，特別是指那些每天在住處與工作地或學校之間長時間移動的人。"",""senses"":[{""sense"":""通勤者（每天往返於住所與工作地或學校的人）"",""entries"":[{""pattern"":""daily commuter"",""pos"":""noun"",""translation"":""每日通勤者"",""explanation"":""強調每天重複且規律的往返行程，常用於描述大都市中繁忙的交通景象。"",""sentences"":[{""sentence"":""During the morning rush hour, thousands of <pattern>daily</pattern> <target>commuters</target> crowd into the subway stations to reach their offices in the city center."",""translation"":""在早晨的尖峰時段，數以千計的每日通勤者擠進地鐵站，以前往市中心的辦公室。""}]},{""pattern"":""commuter train / bus / lane"",""pos"":""noun"",""translation"":""通勤列車／通勤巴士／通勤車道"",""explanation"":""在此作為修飾名詞，指專為通勤者設計的交通工具或道路設施。"",""sentences"":[{""sentence"":""To reduce traffic jams on the highway, the local government decided to build a special <target>commuter</target> <pattern>lane</pattern> for buses only."",""translation"":""為了減少高速公路上的交通堵塞，地方政府決定建造一條僅限巴士使用的專屬通勤車道。""},{""sentence"":""Many people prefer taking the <target>commuter</target> <pattern>train</pattern> because they can read a book or sleep during the long journey."",""translation"":""許多人偏好搭乘通勤列車，因為他們可以在漫長的旅程中閱讀書籍或睡眠。""}]}],""synonyms"":[],""antonyms"":[]}],""conjugations"":null,""relatives"":{""morphology"":""動詞 commute (通勤) + 名詞字尾 -er (人)"",""related"":[{""word"":""commute"",""pos"":""verb"",""translation"":""通勤；上下班往返"",""explanation"":""指在住處與工作地之間往返的過程。""},{""word"":""commute"",""pos"":""noun"",""translation"":""通勤路程"",""explanation"":""指從家到公司所需的時間或距離。""},{""word"":""commute"",""pos"":""verb"",""translation"":""減輕（刑期）"",""explanation"":""另一個不相關的法律術語，指將較重的刑罰改為較輕的刑罰。""}]}}"	ai_pass		0
communist	communist adj./n.	"{""headword"":""communist"",""explanation"":""「communist」在學測中主要出現在歷史、政治或社會科學類的文章中。它既可以用作名詞指代「共產主義者」，也可以用作形容詞修飾「共產主義的」。理解這個字的關鍵在於區分其政治意識形態（Ideology）與具體的人員身份。"",""senses"":[{""sense"":""共產主義的（形容詞）；共產主義者（名詞）"",""entries"":[{""pattern"":""communist government/party"",""pos"":""adjective"",""translation"":""共產主義政府／政黨"",""explanation"":""用來修飾政治組織或統治形式，描述一種資源由國家統一分配的體制。"",""sentences"":[{""sentence"":""The history textbook explains how a <target>communist</target> <pattern>government</pattern> manages the economy by controlling all factories and farms."",""translation"":""歷史課本解釋了共產主義政府如何透過控制所有工廠和農場來管理經濟。""},{""sentence"":""During the cold war, many countries feared the spread of <target>communist</target> <pattern>ideologies</pattern> across the globe."",""translation"":""在冷戰期間，許多國家擔心共產主義意識形態在全球範圍內的擴散。""}]},{""pattern"":""a communist"",""pos"":""noun"",""translation"":""共產主義者"",""explanation"":""指支持或信奉共產主義的人。"",""sentences"":[{""sentence"":""Although he grew up in a wealthy family, the young lawyer became a <target>communist</target> because he wanted to end poverty."",""translation"":""儘管他在一個富裕的家庭中長大，這位年輕的律師成了一名共產主義者，因為他想要結束貧困。""}]}],""synonyms"":[],""antonyms"":[]},{""sense"":""共產主義（作為意識形態的概稱）"",""entries"":[{""pattern"":""communist beliefs"",""pos"":""adjective"",""translation"":""共產主義信仰／理念"",""explanation"":""常用於描述一個人的政治傾向或社會設計的基礎。"",""sentences"":[{""sentence"":""The professor discussed how <target>communist</target> <pattern>beliefs</pattern> focus on the equal distribution of wealth among all citizens."",""translation"":""y教授討論了共產主義理念如何聚焦於所有公民之間財富的平等分配。""}]}],""synonyms"":[],""antonyms"":[]},{""sense"":""共產主義（作為意識形態的概稱）"",""entries"":[{""pattern"":""communist beliefs"",""pos"":""adjective"",""translation"":""共產主義信仰／理念"",""explanation"":""常用於描述一個人的政治關係或社會設計的基礎。"",""sentences"":[{""sentence"":""The professor discussed how <target>communist</target> <pattern>beliefs</pattern> focus on the equal distribution of wealth among all citizens."",""translation"":""教授討論了共產主義理念如何聚焦於所有公民之間財富的平等之分。""}]}],""synonyms"":[],""antonyms"":[]}],""conjugations"":null,""relatives"":{""morphology"":""字根 commun- (共同) + 字尾 -ist (主義者/專家)"",""related"":[{""word"":""community"",""pos"":""noun"",""translation"":""社區；共同體"",""explanation"":""指一群共享相同特徵或居住地的人們。""},{""word"":""communicate"",""pos"":""verb"",""translation"":""溝通；交流"",""explanation"":""字根 commun- 意為共同，意指將想法共同分享。""},{""word"":""communism"",""pos"":""noun"",""translation"":""共產主義"",""explanation"":""指共產主義這一套完整的政治體制或意識形態。""}]}}"	ai_fail	Senses list contains duplicate entries for the same sense (the third and fourth sense blocks are identical in pattern and sentence, with only minor translation differences). Additionally, there is a typo in the translation of the first sentence of the second sense: 'y教授' instead of '教授'. Also, the translation of the last sentence is unnatural ('平等之分' is incorrect Traditional Chinese for 'equal distribution').	0
commute	commute v.	"{""headword"":""commute"",""explanation"":""「commute」在學測中主要出現於兩種截然不同的語境：一是最常見的「通勤」概念，指每天往返家與工作/學校之間；二是較為正式的法律語境，指「減刑」。對於學生來說，應優先掌握通勤的用法，並能區分其作為及物與不及物動詞的用法。"",""senses"":[{""sense"":""通勤；往返（定期地在住所與工作或學習地點之間往返）"",""entries"":[{""pattern"":""commute to sth."",""pos"":""verb"",""translation"":""通勤前往某處"",""explanation"":""不及物動詞搭配介系詞 to，指每天規律地前往特定的工作或學習地點。"",""sentences"":[{""sentence"":""Because the traffic in the city is always terrible, many employees prefer to <target>commute</target> <pattern>to</pattern> the office by taking the subway."",""translation"":""因為市中心的交通總是糟糕透頂，許多員工偏好搭乘地鐵通勤前往辦公室。""},{""sentence"":""After moving to a small apartment near the university, the student no longer had to <target>commute</target> <pattern>to</pattern> campus for two hours every day."",""translation"":""在搬到大學附近的一個小公寓後，這名學生不再需要每天花兩小時通勤前往校園。""}]},{""pattern"":""commute from A to B"",""pos"":""verb"",""translation"":""從 A 地通勤到 B 地"",""explanation"":""明確標示出通勤的起點與終點，常用於描述生活壓力或地理距離。"",""sentences"":[{""sentence"":""Many young professionals choose to <target>commute</target> <pattern>from</pattern> the quiet suburbs <pattern>to</pattern> the busy downtown area for their daily jobs."",""translation"":""許多年輕專業人士選擇從寧靜的郊區通勤到繁忙的市中心從事日常工作。""},{""sentence"":""The tired father had to <target>commute</target> <pattern>from</pattern> his home in the countryside <pattern>to</pattern> the capital city every single morning."",""translation"":""這位疲憊的父親每天早晨都必須從鄉下的家中通勤到首都城市。""}]}],""synonyms"":[{""word"":""travel"",""pos"":""verb"",""translation"":""旅行；往返"",""explanation"":""泛指任何形式的移動，commute 則強調規律性""},{""word"":""shuttle"",""pos"":""verb"",""translation"":""接駁；往返"",""explanation"":""強調在兩地之間頻繁地來回移動""}],""antonyms"":[]},{""sense"":""減刑；將刑罰改為較輕的處罰（法律術語）"",""entries"":[{""pattern"":""commute a sentence"",""pos"":""verb"",""translation"":""減刑；更改刑期"",""explanation"":""法律專業術語，指將原本沉重的刑罰（如死刑或終身監禁）更改為較輕的刑罰。"",""sentences"":[{""sentence"":""After reviewing the new evidence, the governor decided to <target>commute</target> the prisoner's death <pattern>sentence</pattern> to life imprisonment."",""translation"":""在審視新證據後，州長決定將該囚犯的死刑減刑為終身監禁。""},{""sentence"":""The president used his legal power to <target>commute</target> the prison <pattern>sentence</pattern> of the political activist for humanitarian reasons."",""translation"":""總統出於人道主義理由，利用其法律權力將該政治活動家的刑期予以減刑。""}]}],""synonyms"":[{""word"":""reduce"",""pos"":""verb"",""translation"":""減少；降低"",""explanation"":""泛指數量或程度的降低""},{""word"":""mitigate"",""pos"":""verb"",""translation"":""減緩；緩和"",""explanation"":""減輕痛苦或處罰的 severity""}],""antonyms"":[{""word"":""increase"",""pos"":""verb"",""translation"":""增加"",""explanation"":null}]}],""conjugations"":{""past_tense"":""commuted"",""past_participle"":""commuted""},""relatives"":{""morphology"":""字根 com- (共同、一起) + mute (改變、移動)"",""related"":[{""word"":""community"",""pos"":""noun"",""translation"":""社區；群體"",""explanation"":""指一群共同生活或擁有共同特徵的人。""},{""word"":""communication"",""pos"":""noun"",""translation"":""溝通；通訊"",""explanation"":""由共用相同的語言或資訊而延伸出的溝通概念。""},{""word"":""mutable"",""pos"":""adjective"",""translation"":""可變的"",""explanation"":""由字根 mute (改變) 衍生而來，指容易改變的性質。""}]}}"	ai_pass		0
comparable	comparable adj.	"{""headword"":""comparable"",""explanation"":""「comparable」在學測中常出現在比較兩者性質、數量或價值時。重點在於區分其兩種主要語意：一是「可比擬的/相當的」（指兩者程度相近），二是「可比較的」（指兩者具有相同特徵，可以放在一起比較）。在寫作或閱讀中，常搭配介系詞 to 或 with。"",""senses"":[{""sense"":""相當的；可比擬的（指程度、品質或數量相近，足以被視為同等）"",""entries"":[{""pattern"":""comparable to sth."",""pos"":""adjective"",""translation"":""與…相當；可比擬…"",""explanation"":""強調兩者在價值、規模或重要性上非常接近，常用於將未知事物比作已知事物。"",""sentences"":[{""sentence"":""The damage caused by the sudden flood was <target>comparable</target> <pattern>to</pattern> the worst disaster the town had seen in fifty years."",""translation"":""這次突發洪水造成的損害與該鎮五十年間所見過最糟糕的災難相當。""},{""sentence"":""In terms of performance and speed, this new electric car is <target>comparable</target> <pattern>to</pattern> the most expensive luxury models on the market."",""translation"":""就性能和速度而言，這款新型電動車與市場上最昂貴的豪華車款相當。""}]},{""pattern"":""comparable levels/amounts"",""pos"":""adjective"",""translation"":""相當的程度／數量"",""explanation"":""作為限定詞，直接修飾名詞，指數量或程度在同一量級上。"",""sentences"":[{""sentence"":""While the two cities have different cultures, they both face <target>comparable</target> challenges regarding air pollution and urban traffic jams."",""translation"":""雖然這兩座城市文化不同，但它們在面對空氣污染和城市交通堵塞方面都面臨著相當的挑戰。""}]}],""synonyms"":[],""antonyms"":[]}],""conjugations"":null,""relatives"":{""morphology"":""字根 compare (比較) + 形容詞字尾 -able (能夠…的)"",""related"":[{""word"":""compare"",""pos"":""verb"",""translation"":""比較"",""explanation"":""核心基礎動詞。""},{""word"":""comparison"",""pos"":""noun"",""translation"":""比較；對比"",""explanation"":""由動詞 compare 加上名詞字尾 -ison 延伸而來。""},{""word"":""comparatively"",""pos"":""adverb"",""translation"":""相對地；比較起來"",""explanation"":""由形容詞 comparable 衍生出的副詞，用於描述相對狀況。""}]}}"	ai_fail	MISSING_COLLOCATIONS: The word 'comparable' is often used as a predicate adjective (e.g., 'A is comparable to B'). While 'comparable to' is present, the sense of 'similar in size, amount, or degree' as an attributive adjective (e.g., 'comparable levels') is covered, but the sense of 'comparable with' is missing. Additionally, the synonyms list is empty, which is a critical omission for a word like 'comparable' (e.g., 'similar', 'equivalent', 'equivalent to').	0
compact	compact adj./n./v.	"{""headword"":""compact"",""explanation"":""「compact」在學測中具有三種完全不同的詞性與語意。形容詞表示「緊湊、小型」，名詞表示「協議」或「化妝粉餅」，動詞則表示「壓縮」。學生應重點掌握其形容詞用法（描述產品設計或空間利用）以及名詞用法（法律或正式協議），這兩者在閱讀測驗中最高頻。"",""senses"":[{""sense"":""緊湊的；小巧的（指空間利用率高且不佔空間）"",""entries"":[{""pattern"":""compact size/design"",""pos"":""adjective"",""translation"":""小巧的尺寸／設計"",""explanation"":""用來形容產品、電器或家具，強調其功能強大但體積小。"",""sentences"":[{""sentence"":""The company released a new <target>compact</target> <pattern>design</pattern> for their laptop, making it easier for students to carry to school every day."",""translation"":""該公司為其筆記型電腦推出了新的小巧設計，讓學生每天攜帶到學校變得更加容易。""},{""sentence"":""Because the city apartment was so small, the family bought a <target>compact</target> <pattern>size</pattern> washing machine to save space in the bathroom."",""translation"":""因為這間城市公寓非常小，這家人買了一台小巧尺寸的洗衣機，以節省浴室的空間。""}]},{""pattern"":""compact information"",""pos"":""adjective"",""translation"":""精煉的資訊"",""explanation"":""比喻用法，指將大量資訊濃縮在有限的篇幅內，不冗贅。"",""sentences"":[{""sentence"":""The teacher provided a <target>compact</target> summary of the entire history chapter, allowing students to review all key points in just ten minutes."",""translation"":""老師為整個歷史章節提供了一份精煉的摘要，讓學生能在短短十分鐘內複習所有重點。""}]}],""synonyms"":[{""word"":""concise"",""pos"":""adjective"",""translation"":""簡潔的"",""explanation"":""常用於描述文字或演講，強調無冗贅""},{""word"":""dense"",""pos"":""adjective"",""translation"":""稠密的；緊湊的"",""explanation"":""強調物質分佈極其接近""}],""antonyms"":[]},{""sense"":""協議；契約（正式的書面約定）"",""entries"":[{""pattern"":""sign a compact"",""pos"":""noun"",""translation"":""簽署協議"",""explanation"":""指雙方或多方正式地達成共識並簽署文件，語氣比 agreement 更正式。"",""sentences"":[{""sentence"":""After months of difficult negotiations, the two neighboring countries finally <target>signed</target> a <pattern>compact</pattern> to share the water resources of the river."",""translation"":""經過數月艱難的談判，兩個鄰國終於簽署了一項協議，以共享該河流的水資源。""},{""sentence"":""The city council and the local business owners reached a <target>compact</target> to improve the safety of the downtown area through better lighting."",""translation"":""市議會與當地企業主達成了一項協議，透過改善照明來提升市中心區域的安全。""}]}],""synonyms"":[{""word"":""agreement"",""pos"":""noun"",""translation"":""協議；約定"",""explanation"":""最普遍的通用詞""},{""word"":""treaty"",""pos"":""noun"",""translation"":""條約；協定"",""explanation"":""最高等級的正式外交或法律文件""}],""antonyms"":[]},{""sense"":""壓縮；壓實（將東西壓緊使體積縮小）"",""entries"":[{""pattern"":""compact sth."",""pos"":""verb"",""translation"":""壓縮某物"",""explanation"":""及物動詞，常用於工業、建築或科學情境，描述將鬆散的物質壓實。"",""sentences"":[{""sentence"":""Construction workers use heavy machinery to <target>compact</target> the loose soil before pouring concrete to ensure the building's foundation is strong."",""translation"":""建築工人使用重型機械將鬆散的土壤壓實，在澆築混凝土之前，以確保建築物的地基強固。""}]},{""pattern"":""be compacted"",""pos"":""verb"",""translation"":""被壓縮"",""explanation"":""常用被動態，描述物質在自然或人為壓力下變得緊密。"",""sentences"":[{""sentence"":""Over millions of years, layers of sand and mud <pattern>were</pattern> <target>compacted</target> by the weight of the ocean, eventually forming solid rock."",""translation"":""經過數百萬年，沙與泥的層級被海洋的重量所壓縮，最終形成了堅固的岩石。""}]}],""synonyms"":[{""word"":""compress"",""pos"":""verb"",""translation"":""壓縮"",""explanation"":""指用壓力將體積縮小""},{""word"":""condense"",""pos"":""verb"",""translation"":""濃縮；壓縮"",""explanation"":""使物質或內容變得更精密""}],""antonyms"":[]},{""sense"":""粉餅（化妝品）"",""entries"":[{""pattern"":""compact"",""pos"":""noun"",""translation"":""粉餅"",""explanation"":""一種小型、可攜帶的化妝品盒，其名稱源自其緊湊的設計。"",""sentences"":[{""sentence"":""She quickly checked her mirror and applied a bit of powder from her <target>compact</target> before entering the important job interview."",""translation"":""在進入重要的求職面試之前，她快速檢查了鏡子，並從粉餅盒中拍了一些粉末。""}]}],""synonyms"":[],""antonyms"":[]}],""conjugations"":{""past_tense"":""compacted"",""past_participle"":""compacted""},""relatives"":{""morphology"":""字根 compact (緊密、共同地)"",""related"":[{""word"":""compaction"",""pos"":""noun"",""translation"":""壓縮；壓實"",""explanation"":""由動詞 compact 加上名詞字尾 -tion 延伸而來。""},{""word"":""compactness"",""pos"":""noun"",""translation"":""緊湊度"",""explanation"":""由形容詞 compact 加上名詞字尾 -ness 延伸而來。""}]}}"	ai_fail	INVERTED_TAGS: In the sense '協議；契約', the sentence 'the two neighboring countries finally <target>signed</target> a <pattern>compact</pattern> to share...' has the headword 'compact' wrapped in <pattern> tags and the verb 'signed' wrapped in <target> tags. This is a direct violation of the system prompt. FIELD_MISMATCH: In the sense '協議；契約', the pattern 'sign a compact' is listed as a noun, but the pattern itself is a part of a verb phrase. The POS for the pattern should be 'noun' if the pattern is just 'compact', or the pattern should be adjusted. More importantly, the 'compact' as a noun meaning 'agreement' is a describes as 'higher frequency' in the explanation, but only two examples are provided. DENSITY_ERROR: The word 'compact' is versatile (adj, n, v), but the 'powder' sense is only given one example sentence, which is too few for a student to fully grasp the usage.	0
compassion	compassion n.	"{""headword"":""compassion"",""explanation"":""「compassion」在學測中常出現在探討社會福利、道德教育或人道救援的文本中。其核心意義在於「不僅是同情 (sympathy)，而是包含想要採取行動去減輕他人痛苦的強烈願望」。在寫作中，建議將其與具體的人道主義行動搭配使用。"",""senses"":[{""sense"":""同情心；憐憫（對他人痛苦的深刻體會並希望提供幫助的感受）"",""entries"":[{""pattern"":""have compassion for sb."",""pos"":""noun"",""translation"":""對某人有同情心"",""explanation"":""最基礎的搭配，強調心中對他人處境的共情與憐憫。"",""sentences"":[{""sentence"":""After losing her home in the flood, the woman felt deep <target>compassion</target> <pattern>for</pattern> other victims who had nothing left."",""translation"":""在洪水中失去家園後，這位女性對其他一無所有的受害者感到深切的同情。""}]},{""pattern"":""show compassion to sb."",""pos"":""noun"",""translation"":""對某人展現同情心"",""explanation"":""強調將內心的同情轉化為外在的行為或態度，常用於描述醫護人員、志工或領導者的特質。"",""sentences"":[{""sentence"":""The judge decided to <target>show</target> <target>compassion</target> <pattern>to</pattern> the young thief because he stole food only to feed his hungry sister."",""translation"":""法官決定對這名年輕的小偷展現同情心，因為他偷食物僅僅是為了餵飽他飢餓的妹妹。""}]},{""pattern"":""out of compassion"",""pos"":""noun"",""translation"":""出於同情心"",""explanation"":""作為原因狀語，解釋採取某種幫助行為的動機。"",""sentences"":[{""sentence"":""The kind stranger decided to give the homeless man a warm coat and some food <pattern>out of</pattern> <target>compassion</target> for his shivering body."",""translation"":""那位善良的陌生人出於對他顫抖身體的同情心，決定給那位無家可歸的人一件溫暖的大衣和一些食物。""}]}],""synonyms"":[],""antonyms"":[]},{""sense"":""憐憫之情；慈悲"",""entries"":[{""pattern"":""compassionate (adj.)"",""pos"":""adjective"",""translation"":""有同情心的；憐憫的"",""explanation"":""雖然是形容詞形式，但在理解 compassion 的語意區塊時必須同步掌握。常用於描述一個人的性格特質。"",""sentences"":[{""sentence"":""A <target>compassionate</target> teacher will always listen to the students' problems and help them find the best way to solve them."",""translation"":""一位有同情心的老師總是會傾聽學生的問題，並幫助他們找到解決問題的最佳方法。""}]}],""synonyms"":[],""antonyms"":[]},{""sense"":""憐憫（名詞形式）"",""entries"":[{""pattern"":""compassion"",""pos"":""noun"",""translation"":""慈悲；憐憫"",""explanation"":""在宗教或哲學討論中，常用於描述一種更高層次的利他主義精神。"",""sentences"":[{""sentence"":""The monk taught his followers that true <target>compassion</target> means wishing for all living beings to be free from suffering."",""translation"":""僧侶教導他的追隨者，真正的慈悲意味著希望所有生物都能從痛苦中解脫。""}]}],""synonyms"":[],""antonyms"":[]}],""conjugations"":null,""relatives"":{""morphology"":""字根 com- (一起) + pass (感受) + 字尾 -ion (名詞)"",""related"":[{""word"":""compassionate"",""pos"":""adjective"",""translation"":""有同情心的"",""explanation"":""由名詞 compassion 加上形容詞字尾 -ate 延伸而來。""},{""word"":""compassionately"",""pos"":""adverb"",""translation"":""同情地；憐憫地"",""explanation"":""由形容詞 compassionate 加上副詞字尾 -ly 延伸而來。""},{""word"":""passion"",""pos"":""noun"",""translation"":""激情；熱情"",""explanation"":""字根 pass 意為感受，passion 指的是一種強烈且無法控制的感受。""}]}}"	ai_fail	FIELD_MISMATCH: In the second sense '憐憫之情；慈悲', the pattern is listed as 'compassionate (adj.)', but the headword is 'compassion' (noun). The system prompt explicitly states that the headword should be the base form and that different parts of speech of the same concept should be considered the same sense. Including an adjective form as a pattern within a noun's entries is a field mismatch. PART_OF_SPEECH_MISMATCH: The pattern 'compassionate (adj.)' is listed as 'adjective', but it is placed under a sense for a noun headword. This creates confusion. UNEXEMPLIFIED_EXPLANATION: The explanation for the first sense mentions that compassion is 'not just sympathy, but includes a desire to take action'. However, none of the provided example sentences for 'have compassion for' or 'show compassion to' explicitly demonstrate this 'desire to take action' through thes context; they only describe the feeling. CANNOT_INFER: In the sentence 'A <target>compassionate</target> teacher will always listen to students' problems...', the meaning of 'compassionate' is too generic. While the a teacher listening to students is a common trait, it doesn't specifically highlight the 'suffering' or 'pity' aspect that distinguishes compassion from general kindness.	0
compassionate	compassionate adj.	"{""headword"":""compassionate"",""explanation"":""「compassionate」在學測中常用於描述人格特質、醫療照護（如安寧療護）或社會正義議題。其核心概念是「感同身受」並「採取行動去緩解痛苦」，因此與單純的 pity（憐憫）不同，它帶有更積極的關懷色彩。"",""senses"":[{""sense"":""有同情心的；憐憫的（能感受到他人的痛苦並渴望提供幫助）"",""entries"":[{""pattern"":""compassionate about sth."",""pos"":""adjective"",""translation"":""對…充滿同情心的"",""explanation"":""用來描述對特定群體（如弱勢族群、難民）或特定處境感到同情並願意伸出援手。"",""sentences"":[{""sentence"":""The youth center is looking for <target>compassionate</target> volunteers <pattern>about</pattern> the struggles of homeless people to help them find shelters."",""translation"":""青年中心正在尋找對無家可歸者的困境充滿同情心的志願者，以幫助他們尋找避難所。""},{""sentence"":""Being <target>compassionate</target> <pattern>about</pattern> the failures of others allows a leader to build a stronger and more loyal team."",""translation"":""對他人的失敗持有同情心，能讓領導者建立起一個更強大且更忠誠的團隊。""}]},{""pattern"":""a compassionate person/leader/caregiver"",""pos"":""adjective"",""translation"":""有同情心的（人/領導者/照顧者）"",""explanation"":""作為形容詞修飾名詞，強調對方的性格特質或在專業角色中展現的人文關懷。"",""sentences"":[{""sentence"":""Our family doctor is a <target>compassionate</target> caregiver who always listens carefully to her patients' fears before suggesting any treatment."",""translation"":""我們的家庭醫生是一位有同情心的照顧者，她在建議任何治療之前，總是會仔細傾聽病人的恐懼。""},{""sentence"":""The school principal is known as a <target>compassionate</target> leader because he always gives students a second chance when they make mistakes."",""translation"":""這位校長被公認是一位有同情心的領導者，因為當學生犯錯時，他總是給予第二次機會。""}]},{""pattern"":""compassionate care/treatment"",""pos"":""adjective"",""translation"":""充滿同情心的照護／溫情的對待"",""explanation"":""常用於醫療或社會福利情境，指在提供技術性服務之餘，也提供心理上的支持與溫暖。"",""sentences"":[{""sentence"":""In the final stages of a terminal illness, providing <target>compassionate</target> care is more important than trying to cure the disease."",""translation"":""在末期疾病的最後階段，提供充滿同情心的照護比嘗試治癒疾病更為重要。""},{""sentence"":""The prisoners were treated with <target>compassionate</target> treatment by the guards, which helped them maintain their dignity during the long confinement."",""translation"":""囚犯們受到了衛兵溫情的對待，這幫助他們在長期的禁錮中維持了尊嚴。""}]}],""synonyms"":[{""word"":""empathetic"",""pos"":""adjective"",""translation"":""能感同身受的"",""explanation"":""強調能進入他人內心世界，完全理解其感受""},{""word"":""kindhearted"",""pos"":""adjective"",""translation"":""心地善良的"",""explanation"":""泛指對人溫柔、友善且善良""}],""antonyms"":[{""word"":""callous"",""pos"":""adjective"",""translation"":""冷酷無情的"",""explanation"":""形容對他人的痛苦完全不理會，心腸堅硬""},{""word"":""indifferent"",""pos"":""adjective"",""translation"":""漠不關心的"",""explanation"":""指對某事或某人完全沒有興趣或情感反應""}]}],""conjugations"":null,""relatives"":{""morphology"":""字根 compass (共同地) + passion (情感/受苦) + 形容詞字尾 -ate"",""related"":[{""word"":""compassion"",""pos"":""noun"",""translation"":""同情心；憐憫"",""explanation"":""核心名詞，指對他人痛苦的深刻感受與渴望幫助的願望。""},{""word"":""passion"",""pos"":""noun"",""translation"":""熱情；強烈情感"",""explanation"":""原意指「受苦」，後演變為強烈的情感或熱忱。""}]}}"	ai_fail	The pattern 'compassionate about sth.' is not a standard English collocation. 'Compassionate' is typically used as an adjective describing a person's nature or an action, not as a prepositional phrase with 'about'. Correct usage would be 'feel compassion for' or 'be compassionate toward/towards someone'. Change the pattern to 'compassionate toward/towards sb.' and update the sentences accordingly.	0
compensate	compensate v.	"{""headword"":""compensate"",""explanation"":""「compensate」在學測中主要出現於兩種情境：一是描述「金錢上的補償」以彌補損失；二是描述「功能上的補足」以抵銷不足。學習時應重點掌握其後方接續的介系詞搭配，尤其是 compensate for sth. 的用法，這是克漏字與文意選填的極高頻考點。"",""senses"":[{""sense"":""補償；彌補（金錢或物質上的賠償，或用某事來抵銷損失）"",""entries"":[{""pattern"":""compensate sb. for sth."",""pos"":""verb"",""translation"":""補償某人某事的損失"",""explanation"":""及物動詞，指給予金錢或好處以彌補對方所受的損失、痛苦或辛勞。"",""sentences"":[{""sentence"":""The insurance company agreed to <target>compensate</target> <pattern>the family for</pattern> the heavy losses caused by the sudden flood last month."",""translation"":""保險公司同意補償該家庭上個月因突然洪水而造成的所有重大損失。""}]},{""pattern"":""compensate for sth."",""pos"":""verb"",""translation"":""彌補／抵銷某事"",""explanation"":""不及物動詞用法，指用一種優點或好處來抵銷另一種缺點或不足。"",""sentences"":[{""sentence"":""The small hotel was quite old, but its excellent service and friendly staff <target>compensated</target> <pattern>for</pattern> the lack of modern facilities."",""translation"":""這家小旅館雖然相當老舊，但其卓越的服務與親切的員工彌補了現代設施的不足。""}]}],""synonyms"":[],""antonyms"":[]}],""conjugations"":{""past_tense"":""compensated"",""past_participle"":""compensated""},""relatives"":{""morphology"":""字根 compens- (補足、稱重) + 字尾 -ate (動詞字尾)"",""related"":[{""word"":""compensation"",""pos"":""noun"",""translation"":""補償；報酬"",""explanation"":""由動詞 compensate 加上名詞字尾 -tion 延伸而來。""},{""word"":""compensatory"",""pos"":""adjective"",""translation"":""補償性的"",""explanation"":""由動詞 compensate 加上形容詞字尾 -ory 延伸而來。""}]}}"	ai_fail	DENSITY_ERROR: 'compensate' is a versatile word with multiple high-yield patterns. Only two patterns are provided. Add patterns for 'compensate for' (as in 'make up for' a deficiency) and 'compensate sb. for sth.' (as in paying money). While the current entries cover these, the density is insufficient for a comprehensive GSAT prep card. Add more example sentences for each pattern to ensure the student can distinguish between the 'money' sense and the 'balance' sense.	0
compel	compel v.	"{""headword"":""compel"",""explanation"":""「compel」在學測中常出現在探討法律、社會規範或心理壓力等情境。其核心概念是「強迫」或「不得不」，通常涉及一個強大的外部力量（如法律、規則、道德義務）使某人採取行動。注意它與 force 的區別：compel 更多強調心理上的必然性或不可抗拒的壓力。"",""senses"":[{""sense"":""強迫；迫使（使某人不得不做某事）"",""entries"":[{""pattern"":""compel sb. to do sth."",""pos"":""verb"",""translation"":""強迫某人做某事"",""explanation"":""最常見的句型。主詞通常是外部壓力、法律、或令人心碎的情況，使受詞不得不採取某個動作。"",""sentences"":[{""sentence"":""Severe financial problems <target>compelled</target> the young couple <pattern>to</pattern> sell their family home and move to a smaller apartment."",""translation"":""嚴重的財務問題迫使這對年輕夫婦賣掉家產並搬到較小的公寓裡。""},{""sentence"":""The new strict school rules <target>compel</target> all students <pattern>to</pattern> wear formal uniforms during the weekly assembly on Monday mornings."",""translation"":""新制定的嚴格校規強迫所有學生在週一早晨的週會期間穿著正式制服。""}]},{""pattern"":""feel compelled to do sth."",""pos"":""verb"",""translation"":""覺得不得不做某事"",""explanation"":""強調內在的心理衝動或強烈的道德義務感，而非外部的物理強迫。"",""sentences"":[{""sentence"":""After seeing the heartbreaking news about the flood, the teacher <target>felt</target> <target>compelled</target> <pattern>to</pattern> donate a large part of her salary to the victims."",""translation"":""在看到關於水災的令人心碎的新聞後，這位老師覺得不得不捐出其薪水的大部分給災民。""}]},{""pattern"":""be compelled by sth."",""pos"":""verb"",""translation"":""被某事所強迫/驅使"",""explanation"":""被動語態，強調被外部因素所主導。"",""sentences"":[{""sentence"":""Many graduates <target>are</target> <target>compelled</target> <pattern>by</pattern> the high cost of living <pattern>to</pattern> take jobs they do not actually like."",""translation"":""許多畢業生被高昂的生活成本所迫，不得不從事他們實際上並不喜歡的工作。""}]}],""synonyms"":[{""word"":""force"",""pos"":""verb"",""translation"":""強迫；強制"",""explanation"":""最普遍的用詞，強調物理或權威上的強迫""},{""word"":""coerce"",""pos"":""verb"",""translation"":""脅迫；強迫"",""explanation"":""較正式，強調透過威脅或恐嚇來強迫他人""},{""word"":""oblige"",""pos"":""verb"",""translation"":""迫使；使有義務"",""explanation"":""強調基於法律或社會義務而不得不做某事""}],""antonyms"":[{""word"":""dissuade"",""pos"":""verb"",""translation"":""勸阻"",""explanation"":""說服某人不要做某事""},{""word"":""deter"",""pos"":""verb"",""translation"":""威懾；阻撓"",""explanation"":""使人因恐懼或困難而不想採取行動""}]}],""conjugations"":{""past_tense"":""compelled"",""past_participle"":""compelled""},""relatives"":{""morphology"":""字根 pel/puls (推、驅動)"",""related"":[{""word"":""compulsive"",""pos"":""adjective"",""translation"":""強迫性的；不能自制的"",""explanation"":""由動詞 compel 延伸而來，指無法停止某種行為。""},{""word"":""compulsion"",""pos"":""noun"",""translation"":""強迫；衝動"",""explanation"":""由動詞 compel 加上名詞字尾 -sion 延伸而來。""},{""word"":""propel"",""pos"":""verb"",""translation"":""推進；驅動"",""explanation"":""字首 pro- (向前) + 字根 pel (推)，意為向前推動。""},{""word"":""repel"",""pos"":""verb"",""translation"":""擊退；排斥"",""explanation"":""字首 re- (向後) + 字根 pel (推)，意為將對方推回。""},{""word"":""impulse"",""pos"":""noun"",""translation"":""衝動；脈衝"",""explanation"":""由字根 puls 延伸而來，指突然產生的驅動力。""}]}}"	ai_fail	VIOLATION_OF_SYSTEM_PROMPT: In the pattern 'feel compelled to do sth.', the target tag is incorrectly applied to 'felt' and 'compelled'. The system prompt explicitly states: 'Wrap the exact inflected, conjugated, or derived form of the headword inside <target>...</target> tags.' The headword is 'compel'. 'Felt' is not a form of 'compel'. Delete the <target> tags from 'felt'. Similarly, in 'be compelled by sth.', the target tag is is applied to 'are' and 'compelled'. Delete the <target> tags from 'are'.	0
competence	competence n.	"{""headword"":""competence"",""explanation"":""「competence」在學測中主要指「能力」或「勝任」，與 ability 或 skill 相似，但更強調「達到某個標準的最低門檻」或「法律/專業上的權限」。在寫作與閱讀中，常與特定領域（如 language competence 或 professional competence）搭配，用以描述一個人是否具備足夠的條件來執行某項任務。"",""senses"":[{""sense"":""能力；勝任（達到足以執行某項工作或任務的標準）"",""entries"":[{""pattern"":""competence in sth."",""pos"":""noun"",""translation"":""在…方面的能力"",""explanation"":""指在特定技能、語言或學問領域中，具備足夠的實作能力。"",""sentences"":[{""sentence"":""After studying the language for three years, Sarah has developed a high level of <target>competence</target> <pattern>in</pattern> spoken French."",""translation"":""學習這門語言三年後，莎拉在法語口說方面培養出了極高水準的能力。""},{""sentence"":""The company requires all new employees to demonstrate basic <target>competence</target> <pattern>in</pattern> using digital software to manage customer data."",""translation"":""公司要求所有新員工必須證明自己在利用數位軟體管理客戶數據方面具備基礎能力。""}]},{""pattern"":""professional competence"",""pos"":""noun"",""translation"":""專業能力；專業勝任力"",""explanation"":""指在特定職涯或專業領域（如醫療、工程）中達到業界認可的標準。"",""sentences"":[{""sentence"":""The medical board decided to revoke the doctor's license because he failed to prove his professional <target>competence</target> during the surgery."",""translation"":""醫療委員會決定撤銷該醫生的執照，因為他在手術過程中未能證明其專業能力。""}]},{""pattern"":""lack competence"",""pos"":""noun"",""translation"":""缺乏能力"",""explanation"":""常用於描述某人無法完成任務，導致失敗或低效率的負面情境。"",""sentences"":[{""sentence"":""The project failed not because of a lack of money, but because the manager <target>lacked</target> the <pattern>competence</pattern> to lead a large team."",""translation"":""這個專案失敗並非因為缺乏資金，而是因為經理缺乏領導大型團隊的能力。""}]}],""synonyms"":[{""word"":""ability"",""pos"":""noun"",""translation"":""能力"",""explanation"":""最泛用的詞，指能做某事的能力""},{""word"":""proficiency"",""pos"":""noun"",""translation"":""熟練度；精通"",""explanation"":""強調達到很高的水準或熟練程度""},{""word"":""capability"",""pos"":""noun"",""translation"":""潛能；能力"",""explanation"":""強調具備做某事的潛在條件或可能性""}],""antonyms"":[{""word"":""incompetence"",""pos"":""noun"",""translation"":""無能；不勝任"",""explanation"":""指完全沒有能力達到標準""}]}],""conjugations"":null,""relatives"":{""morphology"":""字根 compet (競爭、追求) + 名詞字尾 -ence"",""related"":[{""word"":""competent"",""pos"":""adjective"",""translation"":""勝任的；有能力的"",""explanation"":""核心形容詞型態，描述人是否具備足夠能力。""},{""word"":""compete"",""pos"":""verb"",""translation"":""競爭"",""explanation"":""核心動詞，指在同一目標下爭奪優勢。""},{""word"":""competition"",""pos"":""noun"",""translation"":""競爭；比賽"",""explanation"":""由動詞 compete 衍生而來的名詞。""},{""word"":""competitive"",""pos"":""adjective"",""translation"":""競爭激烈的；有競爭力的"",""explanation"":""描述環境或個人特質。""},{""word"":""competitor"",""pos"":""noun"",""translation"":""競爭者"",""explanation"":""指參與競爭的人或公司。""}]}}"	ai_fail	PART_OF_SPEECH_MISMATCH: In the pattern 'lack competence', the POS is listed as 'noun', but the example sentence uses 'lacked' as a verb. The pattern should be 'lack competence' (verb phrase) or the sentence should be changed to 'a lack of competence' (noun phrase).	0
compensation	compensation n.	"{""headword"":""compensation"",""explanation"":""「compensation」在學測中常出現在社會議題、勞工權益或法律糾紛的閱讀測驗中。它包含兩種核心語意：一是「補償/賠償」金（金錢補償），二是「補償/抵銷」機制（生理或心理上的平衡）。理解其後方常接的介系詞搭配（如 for sth.）是解題關鍵。"",""senses"":[{""sense"":""補償；賠償（因損失、傷害或不便而支付的金錢或提供的好處）"",""entries"":[{""pattern"":""compensation for sth."",""pos"":""noun"",""translation"":""對…的補償／賠償"",""explanation"":""指針對某項具體的損失、錯誤或傷害而給予的金錢補償。"",""sentences"":[{""sentence"":""The airline provided free meal vouchers as <target>compensation</target> <pattern>for</pattern> the long delay that caused many passengers to miss their flights."",""translation"":""航空公司提供了免費餐券，作為對導致許多乘客錯過航班之長時間延誤的補償。""},{""sentence"":""After the factory leaked chemicals into the river, the company had to pay huge sums of <target>compensation</target> <pattern>for</pattern> the environmental damage."",""translation"":""工廠將化學物質洩漏到河中後，公司必須支付巨額款項作為對環境破壞的賠償。""}]},{""pattern"":""financial compensation"",""pos"":""noun"",""translation"":""金錢補償；經濟賠償"",""explanation"":""強搭配詞，強調補償的形式是金錢而非其他形式（如道歉或服務）。"",""sentences"":[{""sentence"":""While the company offered a sincere apology, the injured worker insisted on receiving financial <target>compensation</target> to pay for his medical bills."",""translation"":""雖然公司提供了誠摯的道歉，但受傷的工人堅持要求獲得金錢補償，以支付他的醫療費用。""}]}],""synonyms"":[],""antonyms"":[]},{""sense"":""補償；抵銷（一種平衡機制，用以彌補缺失或不足）"",""entries"":[{""pattern"":""compensation for sth."",""pos"":""noun"",""translation"":""對…的補償／抵銷"",""explanation"":""指在生理、心理或能力上，用一種能力來彌補另一種不足。常用於心理學或生物學文章。"",""sentences"":[{""sentence"":""Developing a strong personality and great social skills can be a form of psychological <target>compensation</target> <pattern>for</pattern> a lack of confidence."",""translation"":""發展強大的個性和極佳的社交技巧，可以是一種彌補缺乏自信的心理補償機制。""},{""sentence"":""Some blind people develop a heightened sense of hearing as a natural <target>compensation</target> <pattern>for</pattern> the loss of their sight."",""translation"":""某些盲人會發展出更敏銳的聽覺，作為對失去視力的自然補償。""}]}],""synonyms"":[],""antonyms"":[]},{""sense"":""薪酬；報酬（工作換取的薪水或福利）"",""entries"":[{""pattern"":""competitive compensation"",""pos"":""verb"",""translation"":""具競爭力的薪酬"",""explanation"":""商業情境中，指薪水與市場水準相當或更高，用以吸引人才。"",""sentences"":[{""sentence"":""The tech giant attracts the best engineers by offering competitive <target>compensation</target> packages that include high salaries and luxury health insurance."",""translation"":""這家科技巨頭透過提供包含高薪與豪華健康保險在內的具競爭力薪酬方案，來吸引最優秀的工程師。""}]}],""synonyms"":[],""antonyms"":[]},{""sense"":""補償；抵銷（一種平衡機制，用以彌補缺失或不足）"",""entries"":[{""pattern"":""compensation for sth."",""pos"":""noun"",""translation"":""補償／抵銷"",""explanation"":""指在生理、心理或能力上，用以彌補缺失或不足的機制。"",""sentences"":[{""sentence"":""Developing a strong personality and great social skills can be a form of psychological <target>compensation</target> <pattern>for</pattern> a lack of confidence."",""translation"":""y發展強大的個性和極佳的社交技巧，可以是一種彌補缺乏自信的心理補償機制。""},{""sentence"":""Some blind people develop a heightened sense of hearing as a natural <target>compensation</target> <pattern>for</pattern> a lack of sight."",""translation"":""某些盲人會發展出更敏銳的聽覺，作為對失去視力的自然補償。""}]}],""synonyms"":[],""antonyms"":[]}],""conjugations"":null,""relatives"":{""morphology"":""字根 compens (補償、平衡) + 名詞字尾 -ation"",""related"":[{""word"":""compensate"",""pos"":""verb"",""translation"":""補償；賠償"",""explanation"":""核心動詞形式。常用搭配為 compensate sb. for sth.""},{""word"":""compensatory"",""pos"":""adjective"",""translation"":""補償性的"",""explanation"":""用以彌補損失或不足的形容詞型態。""}]}}"	ai_fail	PART_OF_SPEECH_MISMATCH: In the 'competitive compensation' pattern, the POS is listed as 'verb', but it is a noun phrase. DUPLICATE_SENSE: The sense '補償；抵銷（一種平衡機制，用以彌補缺失或不足）' is repeated twice in the senses list. CONTAINS_TYPO: In the translation of the first sentence of the repeated sense, 'y發展' contains a stray character.	0
compensation	compensation	"{""headword"":""compensation"",""explanation"":""「compensation」在學測中常出現在社會議題、勞工權益或法律糾紛的閱讀測驗中。它包含兩種核心語意：補償/賠償（金錢補償）與補償/抵銷（生理或心理上的平衡）。理解其後方常接的介系詞搭配（如 for sth.）是解題關鍵。"",""senses"":[{""sense"":""補償；賠償（因損失、傷害或不便而支付的金錢或提供的好處）"",""entries"":[{""pattern"":""compensation for sth."",""pos"":""noun"",""translation"":""對…的補償／賠償"",""explanation"":""指針對某項具體的損失、錯誤或傷害而給予的金錢補償。"",""sentences"":[{""sentence"":""The airline provided free meal vouchers as <target>compensation</target> <pattern>for</pattern> the long delay that caused many passengers to miss their flights."",""translation"":""航空公司提供了免費餐券，作為對導致許多乘客錯過航班之長時間延至的補償。""},{""sentence"":""After the factory leaked chemicals into the river, the company had to pay huge sums of <target>compensation</target> <pattern>for</pattern> the environmental damage."",""translation"":""工廠將化學物質洩漏到河中後，公司必須支付巨額款項作為對環境破壞的賠償。""}]},{""pattern"":""financial compensation"",""pos"":""noun"",""translation"":""金錢補償；經濟賠償"",""explanation"":""強調補償的形式是金錢而非其他形式。"",""sentences"":[{""sentence"":""While the company offered a sincere apology, the injured worker insisted on receiving financial <target>compensation</target> to pay for his medical bills."",""translation"":""雖然公司提供誠摯的道歉，但受傷的工人堅持要求獲得金錢補償，以支付他的醫療費用。""}]}],""synonyms"":[],""antonyms"":[]},{""sense"":""補償；抵銷（一種平衡機制，用以彌補缺失或不足）"",""entries"":[{""pattern"":""compensation for sth."",""pos"":""noun"",""translation"":""補償／抵銷"",""explanation"":""指在生理、心理或能力上，用以彌補缺失或不足的機制。"",""sentences"":[{""sentence"":""Developing a strong personality and great social skills can be a form of psychological <target>compensation</target> <pattern>for</pattern> a lack of confidence."",""translation"":""發展強大的個性和極佳的社交技巧，可以是一種彌補缺乏自信的心理補償機制。""},{""sentence"":""Some blind people develop a heightened sense of hearing as a natural <target>compensation</target> <pattern>for</pattern> a lack of sight."",""translation"":""某些盲人會發展出更敏銳的聽覺，作為對失去視力的自然補償。""}]}],""synonyms"":[],""antonyms"":[]},{""sense"":""薪酬；報酬（工作換取的薪水或福利）"",""entries"":[{""pattern"":""compensation package"",""pos"":""noun"",""translation"":""薪酬方案／報酬總額"",""explanation"":""商業情境中，指包含薪水、獎金與福利在內的完整報酬。"",""sentences"":[{""sentence"":""The tech giant attracts the best engineers by offering competitive <target>compensation</target> packages that include high salaries and luxury health insurance."",""translation"":""這家科技巨頭透過提供具競爭力的薪酬方案（包含高薪與豪華健康保險），來吸引最優秀的工程師。""}]}],""synonyms"":[],""antonyms"":[]}],""conjugations"":null,""relatives"":{""morphology"":""字根 compens (補償、平衡) + 名詞字尾 -ation"",""related"":[{""word"":""compensate"",""pos"":""verb"",""translation"":""補償；賠償"",""explanation"":""核心動詞形式。常用搭配為 compensate sb. for sth.""},{""word"":""compensatory"",""pos"":""adjective"",""translation"":""補償性的"",""explanation"":""用以彌補損失或不足的形容詞型態。""}]}}"	ai_fail	CONTAINS_TYPO: In the translation of the first sentence of the first sense, '延至' should be '延誤'.	0
competent	competent adj.	"{""headword"":""competent"",""explanation"":""「competent」在學測中常用於描述人的能力是否足以勝任某項工作或任務。它與 capable 有相似之處，但 competent 更強調「達到法定、專業或社會公認的最低合格標準」而非僅僅是「有潛力」。"",""senses"":[{""sense"":""合格的；能勝任的（具備足夠的知識、技能或能力以完成工作）"",""entries"":[{""pattern"":""competent in sth."",""pos"":""adjective"",""translation"":""在…方面合格的／能勝任的"",""explanation"":""後接具體的技能領域（如語言、法律、電腦操作），強調在該領域達到專業標準。"",""sentences"":[{""sentence"":""To apply for the international internship, students must be <target>competent</target> <pattern>in</pattern> English and have a basic understanding of global trade."",""translation"":""為了申請這項國際實習機會，學生必須在英文方面達到合格水準，並對全球貿易有基本了解。""}]},{""pattern"":""a competent person/worker/professional"",""pos"":""adjective"",""translation"":""一名合格的／能勝任的（人／工作者／專業人士）"",""explanation"":""用作定語修飾名詞，描述該人具備完成任務所需的所有基本技能。"",""sentences"":[{""sentence"":""The company is looking for a <target>competent</target> manager who can lead the team through the difficult transition period without making mistakes."",""translation"":""公司正在尋找一名合格的經理，能夠在不犯錯的情況下帶領團隊度過這段艱難的轉型期。""}]},{""pattern"":""competent to do sth."",""pos"":""adjective"",""translation"":""有能力做…的／能勝任做…的"",""explanation"":""後接不定式，描述某人具備法律或專業上的資格/能力去執行某項特定行動。"",""sentences"":[{""sentence"":""After months of intensive training, the young pilot was finally judged <target>competent</target> <pattern>to</pattern> <target>fly</target> the new aircraft alone."",""translation"":""經過數月的密集訓練，這位年輕飛行員終於被判定為有能力獨立駕駛這款新飛機。""}]}],""synonyms"":[],""antonyms"":[]}],""conjugations"":null,""relatives"":{""morphology"":""字根 compet (競爭、追求) + 形容詞字尾 -ent"",""related"":[{""word"":""competence"",""pos"":""noun"",""translation"":""能力；稱職"",""explanation"":""由形容詞 competent 延伸而來的名詞，指達到合格標準的能力。""},{""word"":""competition"",""pos"":""noun"",""translation"":""競爭"",""explanation"":""源自同一個字根，指兩者或多者之間爭奪同一目標的行為。""},{""word"":""competitive"",""pos"":""adjective"",""translation"":""競爭激烈的；有競爭力的"",""explanation"":""指具備能夠在競爭中獲勝的優勢或特質。""},{""word"":""compete"",""pos"":""verb"",""translation"":""競爭"",""explanation"":""核心動詞，指為了獲勝而努力競爭。""}]}}"	ai_fail	The pattern 'competent to do sth.' has a target tag wrapping the verb 'fly' in the sentence '...judged <target>competent</target> <pattern>to</pattern> <target>fly</target> the new aircraft alone.', which violates the system prompt: 'Never span this tag across multiple words' and 'Wrap the exact inflected, conjugated, or derived form of the headword inside <target>...</target> tags.' The word 'fly' is not the headword.	0
compliance	compliance n.	"{""headword"":""compliance"",""explanation"":""「compliance」在學測中常出現在法律、公司規章、醫療指令或社會規範的語境中。它不僅指「遵守」，更強調「順從」或「符合」某種既定的標準或要求。最核心的考點在於其固定介系詞搭配 <pattern>in compliance with</pattern>。"",""senses"":[{""sense"":""遵守；順從（對法律、規則、要求或指令的服從）"",""entries"":[{""pattern"":""in compliance with sth."",""pos"":""noun"",""translation"":""遵守…；符合…"",""explanation"":""這是最核心的片語，用於描述某項行動完全符合特定的法律、規定或標準。"",""sentences"":[{""sentence"":""To ensure the safety of all passengers, the airline must operate <pattern>in</pattern> <target>compliance</target> <pattern>with</pattern> international aviation laws and security rules."",""translation"":""為了確保所有乘客的安全，航空公司必須在遵守國際航空法和安全規定的情況下營運。""},{""sentence"":""The new factory was built <pattern>in</pattern> <target>compliance</target> <pattern>with</pattern> strict environmental standards to avoid polluting the nearby river."",""translation"":""新工廠的建造符合嚴格的環境標準，以避免污染附近的河流。""}]},{""pattern"":""compliance with sth."",""pos"":""noun"",""translation"":""對…的遵守"",""explanation"":""名詞直接搭配介系詞 with，用來指稱遵守規則的行為本身。"",""sentences"":[{""sentence"":""The government is strictly monitoring the company's <target>compliance</target> <pattern>with</pattern> the new waste disposal regulations to protect the forest."",""translation"":""政府正嚴格監控該公司對新廢棄物處理法規的遵守情況，以保護森林。""},{""sentence"":""Medical doctors are concerned about the patient's <target>compliance</target> <pattern>with</pattern> the prescribed medication, as missing doses can be dangerous."",""translation"":""醫生們擔心病人對處方藥物的服用順從度，因為漏服藥物可能會很危險。""}]}],""synonyms"":[{""word"":""obedience"",""pos"":""noun"",""translation"":""服從；順從"",""explanation"":""強調對權威或指令的絕對服從""},{""word"":""adherence"",""pos"":""noun"",""translation"":""堅持；遵守"",""explanation"":""強調對原則、信念或法律的忠實堅持""}],""antonyms"":[{""word"":""defiance"",""pos"":""noun"",""translation"":""違抗；挑釁"",""explanation"":""故意不遵守規則或權威的行為""},{""word"":""resistance"",""pos"":""noun"",""translation"":""抵抗；反對"",""explanation"":""拒絕服從或接受某種要求""}]}],""conjugations"":null,""relatives"":{""morphology"":""字根 comply (遵守) + 名詞字尾 -ance"",""related"":[{""word"":""comply"",""pos"":""verb"",""translation"":""遵守；服從"",""explanation"":""動詞型態，通常搭配介系詞 comply with sth.""},{""word"":""compliant"",""pos"":""adjective"",""translation"":""順從的；符合規範的"",""explanation"":""形容詞型態，描述人或設備符合特定的標準。""}]}}"	ai_pass		0
complexity	complexity n.	"{""headword"":""complexity"",""explanation"":""「complexity」在學測閱讀中經常出現於探討科技、社會議題或科學研究的文章。它不僅指「複雜度」這個量化概念，更常用來描述一個系統中許多相互關聯的零件或因素所交織而成的「複雜狀態」。在寫作中，可用於描述問題的難度或結構的繁複。"",""senses"":[{""sense"":""複雜度；複雜性（指事物由許多相互關聯的部分組成，難以理解或處理）"",""entries"":[{""pattern"":""the complexity of sth."",""pos"":""noun"",""translation"":""…的複雜程度"",""explanation"":""最常見的結構，後接名詞（如問題、系統、法律或語言），用以強調該對象之繁複。"",""sentences"":[{""sentence"":""The professor spent the entire lecture explaining the <target>complexity</target> <pattern>of</pattern> the human brain and how its billions of neurons communicate."",""translation"":""教授花了一整堂課來解釋人類大腦的複雜程度，以及其數十億個神經元如何溝通。""},{""sentence"":""New students often struggle with the <target>complexity</target> <pattern>of</pattern> university registration processes, which require many different forms and signatures."",""translation"":""新生經常對大學註冊流程的複雜程度感到困擾，因為這些流程需要許多不同的表格和簽名。""}]},{""pattern"":""add to the complexity"",""pos"":""noun"",""translation"":""增加複雜度"",""explanation"":""動詞 add to 表示「使…增加」，常用於描述新變數的加入使得原本的問題變得更難解決。"",""sentences"":[{""sentence"":""The sudden change in weather conditions only <pattern>added</pattern> <pattern>to</pattern> the <target>complexity</target> of the rescue mission in the mountains."",""translation"":""天氣狀況的突然改變，只增加了在山區進行救援任務的複雜程度。""},{""sentence"":""Adding too many rules to the game can <pattern>add</pattern> <pattern>to</pattern> the <target>complexity</target>, making it less enjoyable for casual players."",""translation"":""為遊戲增加太多規則會增加其複雜度，使其對一般玩家來說變得較不有趣。""}]}],""synonyms"":[{""word"":""intricacy"",""pos"":""noun"",""translation"":""錯綜複雜；精細"",""explanation"":""強調細節極其繁多且相互交織""},{""word"":""complication"",""pos"":""noun"",""translation"":""複雜化；併發症"",""explanation"":""通常指使事情變得更困難的額外問題""}],""antonyms"":[{""word"":""simplicity"",""pos"":""noun"",""translation"":""簡單；單純"",""explanation"":""指事物結構簡單，容易理解或操作""}]}],""conjugations"":null,""relatives"":{""morphology"":""形容詞 complex (複雜的) + 名詞字尾 -ity (狀態/性質)"",""related"":[{""word"":""complex"",""pos"":""adjective"",""translation"":""複雜的"",""explanation"":""核心基礎形容詞，指由許多部分組成而難以理解。""},{""word"":""complex"",""pos"":""noun"",""translation"":""綜合設施；複合體"",""explanation"":""指由多個建築物或部分組成的整體（如 shopping complex 購物中心）。""},{""word"":""simplify"",""pos"":""verb"",""translation"":""簡化"",""explanation"":""使複雜的事物變得簡單。""}]}}"	ai_pass		0
compatible	compatible adj.	"{""headword"":""compatible"",""explanation"":""「compatible」在學測中常用於描述兩者之間的「相容性」或「協調性」。它可以指硬體、軟體之間的技術匹配，也可以指人與人之間性格相合，或兩種想法、目標是否能共存而不產生衝突。在解題時，需根據上下文判斷是「技術相容」還是「人際/觀念契合」。"",""senses"":[{""sense"":""相容的；兼容的（指技術、設備、系統可共同運作）"",""entries"":[{""pattern"":""be compatible with sth."",""pos"":""adjective"",""translation"":""與…相容"",""explanation"":""最常見的技術類搭配，指某種軟體、零件或設備可以在另一種系統中正常運作。 "",""sentences"":[{""sentence"":""Before buying the new wireless headphones, you should check if they are <target>compatible</target> <pattern>with</pattern> your current smartphone model."",""translation"":""在購買新的無線耳機之前，你應該檢查它們是否與你目前的手機型號相容。""},{""sentence"":""The old printer is no longer <target>compatible</target> <pattern>with</pattern> the latest operating system, so it cannot print any documents."",""translation"":""這台舊印表機已不再與最新的作業系統相容，因此無法列印任何文件。""}]}],""synonyms"":[{""word"":""consistent"",""pos"":""adjective"",""translation"":""一致的"",""explanation"":""強調邏輯或內容上沒有矛盾""}],""antonyms"":[{""word"":""incompatible"",""pos"":""adjective"",""translation"":""不相容的"",""explanation"":""指技術上無法共同運作""}]},{""sense"":""和谐的；志同道合的（指性格、生活方式或觀念契合）"",""entries"":[{""pattern"":""be compatible with sb."",""pos"":""adjective"",""translation"":""與…性格相合"",""explanation"":""描述人與人之間的關係，指兩人在一起時感到舒服且沒有過多衝突。 "",""sentences"":[{""sentence"":""Although they both love traveling and reading, the couple found that they were not <target>compatible</target> <pattern>with</pattern> each other in their daily habits."",""translation"":""雖然他們兩人都熱愛旅行與閱讀，但這對情侶發現他們在日常生活習慣上並不契合。""},{""sentence"":""A good roommate should be <target>compatible</target> <pattern>with</pattern> you, otherwise you will spend most of your time arguing about cleaning the room."",""translation"":""一個好的室友應該要與你性格相合，否則你將花大部分時間爭論關於打掃房間的事。""}]},{""pattern"":""be compatible with sth. (idea/goal)"",""pos"":""adjective"",""translation"":""與…（想法/目標）相符"",""explanation"":""指兩種不同的信念、目標或法律條款可以共存而不產生衝突。 "",""sentences"":[{""sentence"":""The manager believes that working long hours is <target>compatible</target> <pattern>with</pattern> a happy family life, but most employees disagree."",""translation"":""經理認為長時間工作與幸福的家庭生活是相容的，但大多數員工並不認同。""},{""sentence"":""The new company rules are not <target>compatible</target> <pattern>with</pattern> the local labor laws, so the lawyers had to change them."",""translation"":""公司的新規定與當地勞工法不符，因此律師必須對其進行修改。""}]}],""synonyms"":[{""word"":""harmonious"",""pos"":""adjective"",""translation"":""和諧的"",""explanation"":""強調關係融洽，沒有衝突""},{""word"":""matching"",""pos"":""adjective"",""translation"":""匹配的"",""explanation"":""指特徵相符""}],""antonyms"":[{""word"":""clashing"",""pos"":""adjective"",""translation"":""衝突的"",""explanation"":""指性格或風格完全相反且不合""}]}],""conjugations"":null,""relatives"":{""morphology"":""字根 compat (陪伴、一起) + 形容詞字尾 -ible (能夠…的)"",""related"":[{""word"":""compatibility"",""pos"":""noun"",""translation"":""相容性；契合度"",""explanation"":""由 compatible 轉化而來的名詞形式。""},{""word"":""companion"",""pos"":""noun"",""translation"":""同伴"",""explanation"":""共享相同字根 compat/com (一起) + pan (麵包，原意指一起分麵包的人)。""},{""word"":""company"",""pos"":""noun"",""translation"":""公司；陪伴"",""explanation"":""與 companion 具有相同的形態基礎。""}]}}"	ai_pass		0
complication	complication n.	"{""headword"":""complication"",""explanation"":""「complication」在學測中常出現在醫學、科技或社會問題的論述中。它不僅指生理上的「併發症」，也指事情變得「複雜化」的過程或狀態。區分這兩種語境是掌握此字關鍵。"",""senses"":[{""sense"":""併發症（原有的疾病在治療過程中產生的新問題）"",""entries"":[{""pattern"":""complication from sth."",""pos"":""noun"",""translation"":""由…引起的併發症"",""explanation"":""常用於醫療文本，描述手術後或藥物治療後出現的非預期副作用。"",""sentences"":[{""sentence"":""Although the surgery was successful, the patient developed a serious <target>complication</target> <pattern>from</pattern> the anesthesia that affected his breathing."",""translation"":""雖然手術成功了，但病患因麻醉產生了嚴重的併發症，影響了他的呼吸。""}]},{""pattern"":""medical complication"",""pos"":""noun"",""translation"":""醫療併發症"",""explanation"":""指醫療過程中出現的意外問題。"",""sentences"":[{""sentence"":""Doctors warned the elderly man that any minor <pattern>medical</pattern> <target>complication</target> could be dangerous because his heart was very weak."",""translation"":""醫生警告那位老人，任何微小的醫療併發症都可能很危險，因為他的心臟非常虛弱。""}]}],""synonyms"":[{""word"":""side effect"",""pos"":""noun"",""translation"":""副作用"",""explanation"":""指藥物或治療產生的非預期效果""}],""antonyms"":[]},{""sense"":""複雜的情況；困難（讓事情變得更難處理的因素）"",""entries"":[{""pattern"":""add a complication to sth."",""pos"":""noun"",""translation"":""使…增加複雜度／增加困難"",""explanation"":""指在原有的問題上又疊加了新的麻煩，使解決方案變得困難。"",""sentences"":[{""sentence"":""The sudden heavy rain <target>added</target> a major <pattern>complication</pattern> <pattern>to</pattern> the outdoor festival, forcing the staff to move everything inside."",""translation"":""突然的大雨為這場戶外節慶增加了一個巨大的困難，迫使工作人員將所有東西移至室內。""}]},{""pattern"":""complication in sth."",""pos"":""noun"",""translation"":""…中的複雜情況／困難"",""explanation"":""描述在計劃、法律或社交關係中出現的意外阻礙。"",""sentences"":[{""sentence"":""A legal <target>complication</target> <pattern>in</pattern> the property contract caused the deal to be delayed for several months."",""translation"":""房產合約中的法律複雜情況導致這筆交易被延遲了數個月。""}]}],""synonyms"":[{""word"":""complexity"",""pos"":""noun"",""translation"":""複雜性；複雜度"",""explanation"":""指事情本身的結構複雜""},{""word"":""difficulty"",""pos"":""noun"",""translation"":""困難；難題"",""explanation"":""指阻礙進展的障礙""}],""antonyms"":[{""word"":""simplicity"",""pos"":""noun"",""translation"":""簡單；簡潔"",""explanation"":""指事情毫無困難且易於處理""}]}],""conjugations"":null,""relatives"":{""morphology"":""字根 complic- (折疊、交織) + 名詞字尾 -ation"",""related"":[{""word"":""complicated"",""pos"":""adjective"",""translation"":""複雜的"",""explanation"":""指事情錯綜複雜，難以理解或處理。""},{""word"":""complicate"",""pos"":""verb"",""translation"":""使複雜化"",""explanation"":""指將原本簡單的事情變得複雜。""},{""word"":""uncomplicated"",""pos"":""adjective"",""translation"":""translation-simple"",""explanation"":""指事情簡單明瞭，不複雜。""}]}}"	ai_fail	1. INVERTED_TAGS: In the pattern 'add a complication to sth.', the word 'added' is tagged as <target>, but 'complication' is the headword. 2. CONTAINS_TYPO: In the relatives section for 'uncomplicated', the translation is 'translation-simple', which is a placeholder/gibberish instead of Traditional Chinese.	0
compliment	compliment n./v.	"{""headword"":""compliment"",""explanation"":""「compliment」在學測中常與「complement」混淆，兩者發音相近但意義截然不同。compliment 專指「稱讚、讚美」，而 complement 則是「補足、互補」。在閱讀或克漏字中，辨識這兩個字的區分是高頻考點。"",""senses"":[{""sense"":""稱讚；讚美（表達對某人外貌、能力或成就的肯定）"",""entries"":[{""pattern"":""pay sb. a compliment"",""pos"":""verb"",""translation"":""稱讚某人"",""explanation"":""這是最常見的固定搭配，使用 pay 作為動詞，表示給予對方的讚美。"",""sentences"":[{""sentence"":""The teacher decided to <pattern>pay</pattern> the shy student <pattern>a</pattern> <target>compliment</target> on his creative writing, making the boy feel much more confident."",""translation"":""老師決定稱讚那個害羞的學生在創意寫作方面的表現，讓那個男孩感到自信許多。""},{""sentence"":""It is always polite to <pattern>pay</pattern> your host <pattern>a</pattern> <target>compliment</target> on the delicious meal they prepared for the dinner party."",""translation"":""在晚餐派對上，稱讚主人準備的美味佳餚總是很有禮貌的行為。""}]},{""pattern"":""compliment sb. on sth."",""pos"":""verb"",""translation"":""就某事稱讚某人"",""explanation"":""動詞用法，後接對象（sb.）以及介系詞 on，用來具體說明稱讚的原因或內容。"",""sentences"":[{""sentence"":""Many people stopped to <target>compliment</target> the young artist <pattern>on</pattern> the beautiful colors she used in her latest painting."",""translation"":""許多人停下來稱讚這位年輕藝術家在她最新的畫作中所使用的美麗色彩。""},{""sentence"":""The manager <target>complimented</target> the entire team <pattern>on</pattern> their hard work and dedication during the difficult project last month."",""translation"":""經理就上個月艱難專案期間的辛勤工作與奉獻而稱讚了整個團隊。""}]},{""pattern"":""compliment"",""pos"":""noun"",""translation"":""稱讚；讚美之詞"",""explanation"":""作為名詞時，指稱讚的內容或話語本身。"",""sentences"":[{""sentence"":""I was very surprised when the famous professor gave me a sincere <target>compliment</target> about my research paper on environmental pollution."",""translation"":""當那位著名的教授對我關於環境污染的研究論文給予真誠的稱讚時，我感到非常驚訝。""},{""sentence"":""She received several <target>compliments</target> about her elegant dress during the school prom, which made her smile all evening."",""translation"":""她在學校畢業舞會上收到許多關於她優雅禮服的稱讚，讓她整個晚上都帶著微笑。""}]}],""synonyms"":[],""antonyms"":[]}],""conjugations"":{""past_tense"":""complimented"",""past_participle"":""complimented""},""relatives"":{""morphology"":""字根 compli- (填滿) + 字尾 -ment (名詞字尾)"",""related"":[{""word"":""complimentary"",""pos"":""adjective"",""translation"":""稱讚的；免費的"",""explanation"":""除了表示稱讚外，在商務情境中常指「免費贈送的」，如 complimentary breakfast。""}]}}"	ai_fail	HAVE_TO_BE_CRITICAL: The 'compliment' card is missing synonyms. For a high-yield GSAT word, a student should be linked to words like 'praise' or 'flatter'.	0
comply	comply v.	"{""headword"":""comply"",""explanation"":""「comply」在學測中常出現在法律規範、公司規定或社會準則的語境中。其最關鍵的特徵是必須搭配介系詞 to，且不可直接接受詞。學生常將其與及物動詞 obey 混淆，需特別注意其句型結構的差異。"",""senses"":[{""sense"":""遵守；服從（法律、規則或要求）"",""entries"":[{""pattern"":""comply with sth."",""pos"":""verb"",""translation"":""遵守…；符合…"",""explanation"":""這是最核心的固定搭配。with 後方接的是具體的規則 (rules)、法律 (laws)、標準 (standards) 或要求 (requirements)。"",""sentences"":[{""sentence"":""To ensure the safety of all passengers, every airline pilot must strictly <target>comply</target> <pattern>with</pattern> international aviation safety regulations."",""translation"":""為了確保所有乘客的安全，每位航空公司飛行員必須嚴格遵守國際航空安全規定。""},{""sentence"":""The local factory was forced to close because it failed to <target>comply</target> <pattern>with</pattern> the strict environmental laws of the city."",""translation"":""這間當地工廠被迫關閉，因為它未能符合該市嚴格的環境法律。""},{""sentence"":""If you wish to keep your membership in the sports club, you must <target>comply</target> <pattern>with</pattern> the rules regarding gym hygiene."",""translation"":""如果你希望維持運動俱樂部的會員資格，你必須遵守關於健身房衛生的規定。""}]}],""synonyms"":[{""word"":""obey"",""pos"":""verb"",""translation"":""服從；遵守"",""explanation"":""及物動詞，直接接受詞，不加 with""},{""word"":""abide by"",""pos"":""verb"",""translation"":""遵守；信守"",""explanation"":""常用於遵守法律或協議，後接名詞或 V-ing""},{""word"":""conform to"",""pos"":""verb"",""translation"":""符合；遵照"",""explanation"":""強調使自己與群體的標準或慣例保持一致""}],""antonyms"":[{""word"":""violate"",""pos"":""verb"",""translation"":""違反；違背"",""explanation"":""指故意不遵守法律、規則或權利""},{""word"":""defy"",""pos"":""verb"",""translation"":""違抗；蔑視"",""explanation"":""強調公開且傲慢地拒絕服從權威""}]}],""conjugations"":{""past_tense"":""complied"",""past_participle"":""complied""},""relatives"":{""morphology"":""字首 com- (共同、一起) + 字根 ply (摺疊、應用)"",""related"":[{""word"":""compliance"",""pos"":""noun"",""translation"":""遵守；服從"",""explanation"":""由動詞 comply 加上名詞字尾 -iance 延伸而來。""},{""word"":""compliant"",""pos"":""adjective"",""translation"":""順從的；符合規範的"",""explanation"":""由動詞 comply 加上形容詞字尾 -iant 延伸而來。""}]}}"	ai_fail	The explanation in the headword explanation field says 'must accompany preposition to', but the actual pattern is 'comply with'. This is a contradiction. The teacher should have caught this 'to' vs 'with' error in the explanation.	0
comprehend	comprehend v.	"{""headword"":""comprehend"",""explanation"":""「comprehend」在學測中常用於描述學習過程、理解複雜理論或掌握深奧概念。它比「understand」更正式，且常出現在閱讀測驗的學術論文或心理學討論中。注意其否定形式「cannot comprehend」常用來表達對某事感到極其震驚或不可思議。"",""senses"":[{""sense"":""理解；領悟（完全掌握某事的意思、性質或原因）"",""entries"":[{""pattern"":""comprehend sth."",""pos"":""verb"",""translation"":""理解某事"",""explanation"":""及物動詞，受詞通常是抽象的理論、語言、複雜的指令或某人的行為邏輯。"",""sentences"":[{""sentence"":""After reading the difficult physics textbook for three hours, the student still could not <target>comprehend</target> the laws of gravity."",""translation"":""在讀了三小時艱深的物理教科書後，這名學生仍然無法理解萬有引力定律。""},{""sentence"":""Many adults find it hard to <target>comprehend</target> why teenagers today spend so much time on their smartphones."",""translation"":""許多成年人發現很難理解為什麼現在的青少年在智慧型手機上花這麼多時間。""}]},{""pattern"":""comprehend that..."",""pos"":""verb"",""translation"":""領悟到…（後接子句）"",""explanation"":""動詞後接名詞子句，用來描述突然意識到或完全掌握某個事實。"",""sentences"":[{""sentence"":""The young explorer finally <target>comprehended</target> <pattern>that</pattern> the ancient map was actually a guide to a hidden temple."",""translation"":""這名年輕的探險家終於領悟到，那張古老的地圖實際上是一座隱藏神廟的指引。""}]}],""synonyms"":[],""antonyms"":[]}],""conjugations"":{""past_tense"":""comprehended"",""past_participle"":""comprehended""},""relatives"":{""morphology"":""字首 com- (一起) + 字根 prehend (抓住)"",""related"":[{""word"":""comprehensive"",""pos"":""adjective"",""translation"":""全面的；綜合的"",""explanation"":""字面意為將所有資訊全部抓住，因此是指內容詳盡且全面的。""},{""word"":""comprehension"",""pos"":""noun"",""translation"":""理解力；領悟"",""explanation"":""由動詞 comprehend 加上名詞字尾 -sion 延伸而來。""},{""word"":""apprehend"",""pos"":""verb"",""translation"":""逮捕；理解"",""explanation"":""字首 ap- (朝向) + 字根 prehend (抓住)，字面意為將人抓住（逮捕）或將概念抓住（理解）。""}]}}"	ai_fail	MISSING_EXAMPLES: The 'comprehend that...' pattern has only one example sentence. According to the gold standard, multiple sentences are usually required for high-frequency patterns. Additionally, the synonyms list is empty, which is a failure for a word as common as 'comprehend' (e.g., 'understand', 'grasp', 'fathom').	0
compound	compound n./v./adj.	"{""headword"":""compound"",""explanation"":""「compound」在學測中是極具挑戰性的多義字。作為名詞時，可指「化合物」或「圍牆建築群」；作為動詞時，指「使惡化」或「混合」；作為形容詞時，指「複合的」。學生應根據上下文的詞性（POS）與搭配詞（Collocation）來快速判斷其核心含義。"",""senses"":[{""sense"":""複合的；綜合的（由兩個或多個部分組成）"",""entries"":[{""pattern"":""compound sth."",""pos"":""adjective"",""translation"":""複合的…"",""explanation"":""用來修飾名詞，指該事物是由多個元素、部分或層次組合而成的。在科學或語言學討論中極為常見。"",""sentences"":[{""sentence"":""In chemistry class, we learned that a <target>compound</target> sentence is formed by combining two independent clauses using a conjunction."",""translation"":""在英文課上，我們學到複合句是由兩個獨立子句使用連接詞組合而成的。""},{""sentence"":""The researchers used a <target>compound</target> microscope to examine the tiny cells of the plant leaf more clearly."",""translation"":""研究人員使用複合顯微鏡來更清晰地檢查植物葉片的微小細胞。""}]}],""synonyms"":[{""word"":""combined"",""pos"":""adjective"",""translation"":""結合的；綜合的"",""explanation"":""泛指兩個或多個事物結合在一起""},{""word"":""composite"",""pos"":""adjective"",""translation"":""複合的"",""explanation"":""強調由不同材料或部分組成""}],""antonyms"":[{""word"":""simple"",""pos"":""adjective"",""translation"":""簡單的；單一的"",""explanation"":""指由單一元素組成""}]},{""sense"":""化合物；圍牆建築群（物理實體）"",""entries"":[{""pattern"":""chemical compound"",""pos"":""noun"",""translation"":""化合物"",""explanation"":""指兩種或兩種以上的元素透過化學鍵結合成的純淨物質。這是科學類文章的高頻搭配。"",""sentences"":[{""sentence"":""Water is the most common chemical <target>compound</target> on Earth, consisting of two hydrogen atoms and one oxygen atom."",""translation"":""水是地球上最常見的化學化合物，由兩個氫原子和一個氧原子組成。""}]},{""pattern"":""a gated compound"",""pos"":""noun"",""translation"":""圍牆建築群；院落"",""explanation"":""指一個被圍牆圍住的區域，內部包含多棟建築物（如大使館、軍營或豪華住宅區）。"",""sentences"":[{""sentence"":""The foreign diplomats lived in a secure <target>compound</target> protected by high walls and twenty-four-hour security guards."",""translation"":""外國外交官居住在一個安全的圍牆建築群中，由高牆和二十四小時的保安人員保護。""},{""sentence"":""The refugees found temporary shelter in a large <target>compound</target> managed by the United Nations for basic needs."",""translation"":""難民們在聯合國管理的一個大型院落中找到了臨時避難所以滿足基本需求。""}]}],""synonyms"":[{""word"":""mixture"",""pos"":""noun"",""translation"":""混合物"",""explanation"":""指物理上的混合，不一定有化學結合""},{""word"":""complex"",""pos"":""noun"",""translation"":""建築群；綜合體"",""explanation"":""指由多個建築物組成的一個區域""}],""antonyms"":[]},{""sense"":""使惡化；使複雜化（增加問題的嚴重程度）"",""entries"":[{""pattern"":""compound sth."",""pos"":""verb"",""translation"":""使…惡化；加劇"",""explanation"":""及物動詞，受詞通常是 problem, crisis, difficulty 或 error。在論述文或社會問題分析中極為高頻。"",""sentences"":[{""sentence"":""The lack of clean drinking water only <target>compounded</target> the health crisis in the disaster-hit region, leading to more disease."",""translation"":""缺乏乾淨的飲用水只會加劇該災區的健康危機，導致更多疾病發生。""},{""sentence"":""His rude behavior during the meeting <target>compounded</target> the existing tension between the two company managers, making the project fail."",""translation"":""他在會議中的粗魯行為加劇了兩位公司經理之間原有的緊張關係，導致專案失敗。""}]},{""pattern"":""compound (interest)"",""pos"":""verb"",""translation"":""複利計算"",""explanation"":""金融領域的特定用法，指利息在每期結算後加入本金再次計算利息。"",""sentences"":[{""sentence"":""If you save your money in a bank account that <target>compounds</target> monthly, your total savings will grow faster."",""translation"":""如果你將錢存入一個每月複利計算的銀行帳戶，你的總儲蓄將會增長得更快。""}]}],""synonyms"":[{""word"":""exacerbate"",""pos"":""verb"",""translation"":""使惡化"",""explanation"":""較為正式的詞彙，強調問題變得更嚴重""},{""word"":""aggravate"",""pos"":""verb"",""translation"":""使惡化；激怒"",""explanation"":""常用於描述問題、病症或局勢的惡化""},{""word"":""worden"",""pos"":""verb"",""translation"":""惡化"",""explanation"":""指情況變得更糟""}],""antonyms"":[{""word"":""alleviate"",""pos"":""verb"",""translation"":""減輕；緩解"",""explanation"":""指降低痛苦或問題的嚴重程度""},{""word"":""mitigate"",""pos"":""verb"",""translation"":""緩和；減輕"",""explanation"":""指透過採取措施來降低影響""}]}],""conjugations"":{""past_tense"":""compounded"",""past_participle"":""compounded""},""relatives"":{""morphology"":""字根 compound (混合、綜合)"",""related"":[{""word"":""compoundable"",""pos"":""adjective"",""translation"":""可綜合的；可複利的"",""explanation"":""由動詞 compound 加上形容詞字尾 -able 延伸而來。""}]}}"	ai_fail	CONTAINS_TYPO: In the synonyms for the verb sense, 'worden' is a typo for 'worsen'. STYLE_MISMATCH: In the first sense (adjective), the first example sentence says 'a compound sentence is formed by combining two independent clauses', but the headword is 'compound' as an adjective. While grammatically correct, the sentence is about the lẽ (definition) of a compound sentence, which is a a bit too meta/circular. CANNOT_INFER: In the first sense, the second example sentence 'The researchers used a compound microscope to examine the tiny cells' does not provide enough context to infer that 'compound' means 'composed of multiple parts' without prior knowledge of what a compound microscope is. SENTENCE_TOO_SHORT: The sentence 'Water is the most common chemical compound on Earth...' is 17 words, which is barely meeting the minimum 15-word limit; it's too simple for a high-level headword.	0
component	component n./adj.	"{""headword"":""component"",""explanation"":""「component」在學測中常用於描述系統、機器或抽象概念（如成功、幸福）的組成部分。重點在於區分其作為名詞（組成元件）與形容詞（組成部分的）的用法，並注意其常與 a key component of... 等高頻搭配語句一起出現。"",""senses"":[{""sense"":""組成部分；元件（構成整體之必要零件或元素）"",""entries"":[{""pattern"":""a key component of sth."",""pos"":""noun"",""translation"":""…的一個關鍵組成部分"",""explanation"":""強調該部分對於整體的運作或成功至關重要，常用於學術論述或科技分析。"",""sentences"":[{""sentence"":""Regular exercise and a balanced diet are <pattern>a key component of</pattern> a healthy lifestyle, helping people live longer and feel better."",""translation"":""規律運動與均衡飲食是健康生活方式的一個關鍵組成部分，能幫助人們活得更久且感覺更好。""}]},{""pattern"":""component"",""pos"":""noun"",""translation"":""元件；零件"",""explanation"":""指物理上的硬體零件，常用於電子產品或機械設備的描述。"",""sentences"":[{""sentence"":""The technician spent two hours carefully replacing the broken electronic <target>components</target> inside the computer's motherboard to fix the system crash."",""translation"":""技術員花了一個多小時小心地更換電腦主機板內損壞的電子元件，以修復系統崩潰的問題。""}]},{""pattern"":""the components of sth."",""pos"":""noun"",""translation"":""…的組成成分"",""explanation"":""指將一個整體拆解為各個部分，用以分析其構造或化學成分。"",""sentences"":[{""sentence"":""By studying the chemical <target>components</target> <pattern>of</pattern> the ancient soil, scientists can understand how the climate changed thousands of years ago."",""translation"":""透過研究古代土壤的化學組成成分，科學家可以了解數千年前氣候是如何變遷的。""}]}],""synonyms"":[{""word"":""element"",""pos"":""noun"",""translation"":""元素；要素"",""explanation"":""強調構成整體的基礎單位""},{""word"":""ingredient"",""pos"":""noun"",""translation"":""成分；原料"",""explanation"":""常用於食物配方或成功之必要條件""}],""antonyms"":[]},{""sense"":""組成部分的；構成的"",""entries"":[{""pattern"":""component parts"",""pos"":""adjective"",""translation"":""組成部分"",""explanation"":""將名詞分開描述，強調整體是由多個零件拼接而成。"",""sentences"":[{""sentence"":""The museum display showed all the <target>component</target> <pattern>parts</pattern> of the old clock, from the tiny gears to the long metal hands."",""translation"":""博物館的展覽展示了這座舊時鐘的所有組成部分，從微小的齒輪到長長的金屬指針。""}]}],""synonyms"":[],""antonyms"":[]}],""conjugations"":null,""relatives"":{""morphology"":""字根 compon- (一起) + 字尾 -ent (形成名詞/形容詞)"",""related"":[{""word"":""compose"",""pos"":""verb"",""translation"":""組成；構成"",""explanation"":""核心動詞，指將部分組合在一起形成整體。""},{""word"":""composite"",""pos"":""adjective"",""translation"":""複合的；合成的"",""explanation"":""指由不同材料或元素組合而成的東西。""},{""word"":""composition"",""pos"":""noun"",""translation"":""成分；組成；作文"",""explanation"":""指組成整體的結構或具體的文字作品。""}]}}"	ai_fail	1. INCOMPLETE_PATTERN: In the first entry, the pattern is 'a key component of sth.', but the sentence 'Regular exercise and a balanced diet are <pattern>a key component of</pattern> a healthy lifestyle' does not tag the headword 'component' as <target>. 2. PART_OF_SPEECH_MISMATCH: In the second sense (adjective), the pattern 'component parts' has the headword 'component' acting as an adjective, but it is not tagged as <target> in the sentence 'The museum display showed all the <target>component</target> <pattern>parts</pattern> of the old clock'. Wait, actually it is tagged. Re-evaluating: The first sentence has no <target> tag at all. 3. STYLE_MISMATCH: In the first sentence, 'Regular exercise and a balanced diet' (plural subject) are paired with 'a key component' (singular complement). This is a grammatical error (GRAMMARICAL_ERROR).	0
comprehension	comprehension n.	"{""headword"":""comprehension"",""explanation"":""「comprehension」在學測中主要分為兩種語境：一是指對語言或文字的「理解能力」（如閱讀理解 Reading Comprehension），二是泛指對複雜概念或情境的「領悟」。學習時應注意它與 understand (v.) 的區別，前者是名詞，強調一種狀態或能力。"",""senses"":[{""sense"":""理解；領悟（對訊息或概念的掌握能力）"",""entries"":[{""pattern"":""reading comprehension"",""pos"":""noun"",""translation"":""閱讀理解"",""explanation"":""學術情境中最常見的搭配，指理解文章主旨、細節與推論的能力。"",""sentences"":[{""sentence"":""To improve their <pattern>reading</pattern> <target>comprehension</target>, students are encouraged to read diverse articles about science and history every day."",""translation"":""為了提升他們的閱讀理解能力，學生被鼓勵每天閱讀關於科學與歷史的多元文章。""}]},{""pattern"":""beyond one's comprehension"",""pos"":""noun"",""translation"":""超出某人的理解範圍"",""explanation"":""固定片語，用來形容某件事太複雜、太奇怪或太驚人，以至於無法被理解。"",""sentences"":[{""sentence"":""The sheer scale of the universe, with billions of galaxies and stars, is often <target>beyond</target> <pattern>human</pattern> <target>comprehension</target>."",""translation"":""宇宙的巨大規模，擁有數十億個星系與恆星，往往超出了人類的理解範圍。""},{""sentence"":""It was <target>beyond</target> <pattern>my</pattern> <target>comprehension</target> why the young man would leave such a high-paying job without any future plan."",""translation"":""我完全無法理解為什麼那個年輕人會在沒有任何未來計畫的情況下，離開一份薪水這麼高的工作。""}]},{""pattern"":""lack of comprehension"",""pos"":""noun"",""translation"":""缺乏理解；不明白"",""explanation"":""描述一個人無法掌握某項指令或理論的狀態。"",""sentences"":[{""sentence"":""The teacher noticed a total <pattern>lack</pattern> <pattern>of</pattern> <target>comprehension</target> on the students' faces when she explained the complex physics formula."",""translation"":""當老師解釋那個複雜的物理公式時，她注意到學生們臉上完全地寫著不明白。""}]}],""synonyms"":[{""word"":""understanding"",""pos"":""noun"",""translation"":""理解；領悟"",""explanation"":""最通用的替代詞，可指對事實的掌握或對他人的體諒""},{""word"":""grasp"",""pos"":""noun"",""translation"":""理解；掌握"",""explanation"":""原意為「抓緊」，引申為對知識或概念的深刻掌握""}],""antonyms"":[{""word"":""misunderstanding"",""pos"":""noun"",""translation"":""誤解"",""explanation"":""對訊息的錯誤理解""}]}],""conjugations"":null,""relatives"":{""morphology"":""字根 prehens (抓、握) + 字首 com- (共同/完全) + 名詞字尾 -ion"",""related"":[{""word"":""comprehend"",""pos"":""verb"",""translation"":""理解；領悟"",""explanation"":""comprehension 的動詞形式，指在大腦中「抓牢」概念。""},{""word"":""comprehensive"",""pos"":""adjective"",""translation"":""全面的；綜合的"",""explanation"":""字面意為「包含所有能抓到的東西」，指涵蓋範圍極廣的。""},{""word"":""apprehend"",""pos"":""verb"",""translation"":""逮捕；理解"",""explanation"":""字根 prehend (抓) 的另一個變體，原意為抓捕，引申為領悟。""}]}}"	ai_fail	1. INVERTED_TAGS: In the pattern 'beyond one's comprehension', the sentences 'The sheer scale of the universe... is often <target>beyond</target> <pattern>human</pattern> <target>comprehension</target>' and 'It was <target>beyond</target> <pattern>my</pattern> <target>comprehension</target>' incorrectly tag the preposition 'beyond' as the <target>. The headword is 'comprehension', so only 'comprehension' should be <target>. 2. INVERTED_TAGS: In the same sentences, 'human' and 'my' are tagged as <pattern>, which is correct, but 'beyond' is tagged as <target> which is wrong.	0
comprise	comprise v.	"{""headword"":""comprise"",""explanation"":""「comprise」在學測閱讀與寫作中常用於描述組成成分或整體結構。最關鍵的考點在於其主動態與被動態的用法差異：主動態時，整體為主詞，部分為受詞；而當使用 comprise of (雖然在正式寫作中較有爭議，但常見於考題) 時，則意味著由...組成。"",""senses"":[{""sense"":""包含；由...組成（整體包含部分）"",""entries"":[{""pattern"":""comprise sth."",""pos"":""verb"",""translation"":""包含；由...組成"",""explanation"":""主動態用法，主詞是整體，受詞是組成部分的清單。"",""sentences"":[{""sentence"":""The national park <target>comprises</target> three large forests, two clear rivers, and several mountain peaks that attract many tourists every year."",""translation"":""這座國家公園包含三個大森林、兩條清澈的河流以及幾座每年吸引許多遊客的山峰。""},{""sentence"":""A complete healthy diet <target>comprises</target> a balanced mix of proteins, vitamins, and minerals that our bodies need to grow."",""translation"":""一套完整的健康飲食包含蛋白質、維生素和礦物質的平衡組合，這些是我們身體成長所需的。""}]},{""pattern"":""be comprised of sth."",""pos"":""verb"",""translation"":""由...組成；由...構成"",""explanation"":""被動形態，強調組成成分。此用法在學測克漏字中極為高頻，等同於 be composed of 或 consist of。"",""sentences"":[{""sentence"":""The student council <target>is comprised</target> <pattern>of</pattern> ten elected members who represent different classes in the high school."",""translation"":""學生會由十名代表高中不同班級的選出成員所組成。""},{""sentence"":""The local choir <target>is comprised</target> <pattern>of</pattern> talented singers from various backgrounds, creating a rich and diverse sound."",""translation"":""當地合唱團由來自不同背景的才華洋溢的歌手組成，營造出豐富且多元的聲音。""}]}],""synonyms"":[{""word"":""consist of"",""pos"":""verb"",""translation"":""由...組成"",""explanation"":""最普遍的用法，且只能用主動態""},{""word"":""compose"",""pos"":""verb"",""translation"":""構成；組成"",""explanation"":""通常使用被動態 be composed of""},{""word"":""include"",""pos"":""verb"",""translation"":""包含；包括"",""explanation"":""強調部分包含在內，不一定涵蓋全部成分""}],""antonyms"":[]}],""conjugations"":{""past_tense"":""comprised"",""past_participle"":""comprised""},""relatives"":{""morphology"":""字根 com- (一起) + prise (抓住、拿取)"",""related"":[{""word"":""compromise"",""pos"":""verb"",""translation"":""妥協；折衷"",""explanation"":""字面意為雙方各拿一部分，最終達成共識。""},{""word"":""comprehensive"",""pos"":""adjective"",""translation"":""全面的；綜合的"",""explanation"":""指涵蓋所有組成部分的，與 comprise 的包含意涵相關。""}]}}"	ai_pass		0
compulsory	compulsory adj.	"{""headword"":""compulsory"",""explanation"":""「compulsory」在學測中常用於教育政策、校規或法律條文的討論。其核心概念是「強制性」或「必須做的」，通常與 course, education, 或 attendance 等名詞搭配。在寫作中，可作為 mandatory 的同義詞來增加詞彙多樣性。"",""senses"":[{""sense"":""強制性的；義務的（由法律或規則規定必須執行）"",""entries"":[{""pattern"":""compulsory education"",""pos"":""adjective"",""translation"":""義務教育"",""explanation"":""指國家法律規定所有兒童必須接受的基礎教育階段。"",""sentences"":[{""sentence"":""In many developed countries, <target>compulsory</target> <pattern>education</pattern> ensures that every child has a basic understanding of reading, writing, and mathematics."",""translation"":""在許多發達國家，義務教育確保了每個孩子都具備閱讀、寫作和數學的基本理解。""}]},{""pattern"":""compulsory course / subject"",""pos"":""adjective"",""translation"":""必修課程／科目"",""explanation"":""指學校規定學生必須選修的科目，與 elective course（選修課）相對。"",""sentences"":[{""sentence"":""While students can choose various art classes, English is a <target>compulsory</target> <pattern>course</pattern> that everyone must pass to graduate from high school."",""translation"":""雖然學生可以選擇各種藝術課程，但英文是每個人為了從高中畢業而必須通過的必修課程。""},{""sentence"":""The university requires all freshmen to take a <target>compulsory</target> <pattern>subject</pattern> on environmental science to raise awareness about climate change."",""translation"":""大學要求所有一年級新生修習一門關於環境科學的必修科目，以提高對氣候變遷的意識。""}]},{""pattern"":""be compulsory for sb."",""pos"":""adjective"",""translation"":""對某人是強制性的／必須的"",""explanation"":""用於描述某項規定對特定群體具有強制力。"",""sentences"":[{""sentence"":""Wearing a safety helmet is <target>compulsory</target> <pattern>for</pattern> all construction workers to prevent serious head injuries on the site."",""translation"":""對於所有建築工人來說，佩戴安全頭盔是強制性的，以防止在工地發生嚴重的頭部傷害。""}]}],""synonyms"":[],""antonyms"":[]},{""sense"":""強制的（指因外在壓力而不得不做）"",""entries"":[{""pattern"":""compulsory"",""pos"":""adjective"",""translation"":""強制的"",""explanation"":""描述一種不自願的、被強迫的情況。"",""sentences"":[{""sentence"":""The soldiers were forced to follow <target>compulsory</target> orders from their commanders, even though they privately disagreed with the plan."",""translation"":""儘管士兵們私下不贊同該計劃，但他們被迫服從指揮官的強制性命令。""}]}],""synonyms"":[],""antonyms"":[]},{""sense"":""強制性的（在體育賽事中指必須參加的）"",""entries"":[{""pattern"":""compulsory figure / movement"",""pos"":""adjective"",""translation"":""規定動作／強制性動作"",""explanation"":""常用於體育競賽（如花式滑冰或體操）中指評審評分基準的規定動作。"",""sentences"":[{""sentence"":""The athlete performed the <target>compulsory</target> <pattern>movements</pattern> with perfect balance, earning a high score from the judges."",""translation"":""該運動員以完美的平衡完成了規定動作，從而獲得了評審的高分。""}]}],""synonyms"":[],""antonyms"":[]},{""sense"":"""",""entries"":[],""synonyms"":[{""word"":""mandatory"",""pos"":""adjective"",""translation"":""強制性的；必須的"",""explanation"":""語氣較強，常用於法律或正式規定""},{""word"":""obligatory"",""pos"":""adjective"",""translation"":""義務性的；必須的"",""explanation"":""強調基於道德或法律義務""},{""word"":""required"",""pos"":""adjective"",""translation"":""必要的；要求的"",""explanation"":""最通用且較口語的表達方式""}],""antonyms"":[{""word"":""optional"",""pos"":""adjective"",""translation"":""可選的；非強制性的"",""explanation"":""指不需要必須執行，可由個人決定""},{""word"":""voluntary"",""pos"":""adjective"",""translation"":""自願的"",""explanation"":""指出於自願而非強迫而進行的""},{""word"":""discretionary"",""pos"":""adjective"",""translation"":""可自行決定地；自由支配的"",""explanation"":""指可根據個人判斷而決定是否執行""}]}],""conjugations"":null,""relatives"":{""morphology"":""字根 compuls (強迫) + 形容詞字尾 -ory"",""related"":[{""word"":""compel"",""pos"":""verb"",""translation"":""強迫；迫使"",""explanation"":""核心動詞，指用權力或壓力迫使某人做某事。""},{""word"":""compulsive"",""pos"":""adjective"",""translation"":""強迫性的；不能停止的"",""explanation"":""指心理上的強迫傾向，如 compulsive shopping (強迫性購物)。""},{""word"":""compulsion"",""pos"":""noun"",""translation"":""強迫；壓力"",""explanation"":""由動詞 compel 延伸而來的名詞，指被迫做某事的壓力或狀態。""}]}}"	ai_fail	"The fourth sense is empty (sense: """", entries: []), which is a structural error. Additionally, the synonyms and antonyms for the entire word are placed inside this empty sense instead of being associated with a specific sense or the headword level. Synonyms like 'mandatory' and 'obligatory' should be a part of the same sense as 'compulsory education'. The second sense ('強制的' - forced by pressure) is redundant and barely distinguishable from the first sense in terms of GSAT usage; they should be merged. The sentence for 'compulsory figure/movement' is too short (18 words, but barely meets the minimum) and the context is too simple. The 'compulsory orders' sentence is illogical: 'compulsory' is rarely used to describe 'orders' (which are inherently compulsory); 'mandatory' or 'stringent' would be more appropriate."	0
compromise	compromise n./v.	"{""headword"":""compromise"",""explanation"":""「compromise」在學測中是一個極具陷阱的字彙，因為其名詞與動詞的含義在不同情境下完全不同。一方面它代表正向的「妥協/折衷」，旨在解決衝突；另一方面在特定語境（如安全、名譽、健康）中，它代表負向的「損害/危及」。學生必須根據上下文的搭配詞來判斷其正確語意。"",""senses"":[{""sense"":""妥協；折衷（雙方各讓一步以達成協議）"",""entries"":[{""pattern"":""reach a compromise"",""pos"":""noun"",""translation"":""達成妥協；達成折衷方案"",""explanation"":""常用於描述外交、政治或家庭爭執中，雙方經過協商後找到中間地帶。"",""sentences"":[{""sentence"":""After arguing for three hours about where to go for vacation, the couple finally <pattern>reached</pattern> a <target>compromise</target> and decided to visit Japan."",""translation"":""在爭論了三個小時要去哪裡度假後，這對夫妻終於達成妥協，決定去日本旅遊。""},{""sentence"":""To end the long strike, the company and the workers <pattern>reached</pattern> a <target>compromise</target> regarding the hourly wage and working hours."",""translation"":""為了結束長期的罷工，公司與工人就每小時工資和工作時間達成了折衷方案。""}]},{""pattern"":""compromise on sth."",""pos"":""verb"",""translation"":""在某事上妥協"",""explanation"":""動詞用法，強調在特定議題上做出讓步。"",""sentences"":[{""sentence"":""If we want this project to succeed, we must be willing to <target>compromise</target> <pattern>on</pattern> some minor details to keep the team happy."",""translation"":""如果我們希望這個專案成功，我們必須願意在一些微小的細節上妥協，以保持團隊的和諧。""}]},{""pattern"":""a compromise between A and B"",""pos"":""noun"",""translation"":""A與B之間的折衷方案"",""explanation"":""用來描述兩種截然不同的選擇或觀點之間的中間路徑。"",""sentences"":[{""sentence"":""The new school uniform is a <target>compromise</target> <pattern>between</pattern> traditional formal style <pattern>and</pattern> modern comfort."",""translation"":""這套新的校服是傳統正式風格與現代舒適感之間的折衷方案。""}]}],""synonyms"":[{""word"":""agreement"",""pos"":""noun"",""translation"":""協議；一致"",""explanation"":""泛指雙方達成共識的狀態""},{""word"":""concession"",""pos"":""noun"",""translation"":""讓步"",""explanation"":""指為了達成協議而放棄的部分權利或要求""}],""antonyms"":[{""word"":""disagreement"",""pos"":""noun"",""translation"":""分歧；不一致"",""explanation"":null},{""word"":""conflict"",""pos"":""noun"",""translation"":""衝突"",""explanation"":null}]},{""sense"":""危及；損害（使名譽、安全或原則受到威脅）"",""entries"":[{""pattern"":""compromise sth."",""pos"":""verb"",""translation"":""危及…；損害…"",""explanation"":""此用法極高頻，受詞通常是 security (安全), reputation (名譽), health (健康) 或 principles (原則)。"",""sentences"":[{""sentence"":""The government warned that using weak passwords could <target>compromise</target> the <pattern>security</pattern> of the entire national database."",""translation"":""政府警告說，使用簡單的密碼可能會危及整個國家資料庫的安全。""},{""sentence"":""The politician's career was <target>compromised</target> when the media revealed that he had lied about his educational background."",""translation"":""當媒體揭露該政治人物謊報學歷時，他的職業生涯受到了損害。""},{""sentence"":""By ignoring the warnings and working too hard without sleep, he seriously <target>compromised</target> his <pattern>health</pattern> for the sake of the promotion."",""translation"":""由於無視警告且在不睡眠的情況下過度工作，他為了升職而嚴重損害了自己的健康。""}]}],""synonyms"":[{""word"":""endanger"",""pos"":""verb"",""translation"":""危及；使陷入險境"",""explanation"":""強調將某物置於危險之中""},{""word"":""jeopardize"",""pos"":""verb"",""translation"":""危害；危及"",""explanation"":""較正式的用詞，常用於計畫、前途或名譽""},{""word"":""damage"",""pos"":""verb"",""translation"":""損害；破壞"",""explanation"":""泛指對實體或抽象事物造成傷害""}],""antonyms"":[{""word"":""protect"",""pos"":""verb"",""translation"":""保護"",""explanation"":null},{""word"":""safeguard"",""pos"":""verb"",""translation"":""捍衛；保護"",""explanation"":""強調採取措施防止損害""}]}],""conjugations"":{""past_tense"":""compromised"",""past_participle"":""compromised""},""relatives"":{""morphology"":""字首 com- (共同) + promise (承諾)"",""related"":[{""word"":""compromising"",""pos"":""adjective"",""translation"":""令人尷尬的；有損名譽的"",""explanation"":""常用於描述 an embarrassing or compromising photo (一張令人尷尬/有損名譽的照片)。""}]}}"	ai_pass		0
conceal	conceal v.	"{""headword"":""conceal"",""explanation"":""「conceal」在學測中常出現在描述心理狀態、犯罪偵查或自然偽裝的文本中。其核心概念是「刻意隱藏」，且常與「揭露 (reveal)」形成強烈對比。在寫作中，使用 conceal 能提升用詞的精準度，使其比 hide 更具正式感。"",""senses"":[{""sense"":""隱藏；掩蓋（刻意使他人看不見或不知道）"",""entries"":[{""pattern"":""conceal sth."",""pos"":""verb"",""translation"":""隱藏某事／掩蓋某物"",""explanation"":""及物動詞，受詞可以是具體的物品（如武器、證據）或抽象的感受（如悲傷、真相）。"",""sentences"":[{""sentence"":""The spy tried to <target>conceal</target> the secret documents inside a hollow book to prevent the enemy from finding them."",""translation"":""間諜試圖將秘密文件隱藏在一本空心書中，以防止敵人發現它們。""},{""sentence"":""Although she was terrified, the young girl managed to <target>conceal</target> her fear with a brave smile on her face."",""translation"":""儘管她非常恐懼，但這個小女孩仍設法用臉上勇敢的微笑掩蓋了她的恐懼。""},{""sentence"":""The suspect spent hours trying to <target>conceal</target> the evidence of the crime by burning all the important papers."",""translation"":""嫌疑犯花了好幾個小時試圖透過燒毀所有重要文件來掩蓋犯罪證據。""}]},{""pattern"":""conceal sth. from sb."",""pos"":""verb"",""translation"":""向某人隱瞞某事"",""explanation"":""強調刻意不讓特定對象知道某項資訊，常用於描述人際關係中的秘密或法律案件。"",""sentences"":[{""sentence"":""The company decided to <target>conceal</target> the truth <pattern>from</pattern> the public to avoid a huge drop in their stock prices."",""translation"":""公司決定向大眾隱瞞真相，以避免其股價大幅下跌。""},{""sentence"":""He felt guilty for trying to <target>conceal</target> his mistakes <pattern>from</pattern> his parents, knowing they would be disappointed in him."",""translation"":""他對於試圖向父母隱瞞自己的錯誤感到愧疚，因為他知道他們會對他感到失望。""}]}],""synonyms"":[{""word"":""hide"",""pos"":""verb"",""translation"":""隱藏"",""explanation"":""最通用且基礎的詞彙，適用於各種情境""},{""word"":""disguise"",""pos"":""verb"",""translation"":""掩飾；偽裝"",""explanation"":""強調透過改變外觀來使人無法辨識""}],""antonyms"":[{""word"":""reveal"",""pos"":""verb"",""translation"":""揭露；顯示"",""explanation"":""將隱藏的事物公開""},{""word"":""expose"",""pos"":""verb"",""translation"":""暴露；揭發"",""explanation"":""使原本隱蔽的事物被看見或揭露""}]}],""conjugations"":{""past_tense"":""concealed"",""past_participle"":""concealed""},""relatives"":{""morphology"":""字根 ceal (隱藏，同 conceal)"",""related"":[{""word"":""concealment"",""pos"":""noun"",""translation"":""隱藏；掩蓋"",""explanation"":""由動詞 conceal 加上名詞字尾 -ment 延伸而來。""}]}}"	ai_pass		0
conceive	conceive v.	"{""headword"":""conceive"",""explanation"":""「conceive」在學測中是一個多義詞，最常考的是「構思/想像」以及「懷孕」。在閱讀測驗中，它常出現於探討創意、科學理論或心理狀態的語境；在健康或社會議題中則涉及生育。注意其後方常接 that 子句或 of 介系詞。"",""senses"":[{""sense"":""構思；想像（在心中形成想法、計劃或概念）"",""entries"":[{""pattern"":""conceive of sth."",""pos"":""verb"",""translation"":""想像…；構思…"",""explanation"":""常用於否定句或疑問句，表示某件事難以想像或根本無法在腦中成形。"",""sentences"":[{""sentence"":""Before the invention of the airplane, most people could not <target>conceive</target> <pattern>of</pattern> a world where humans could fly across the ocean."",""translation"":""在飛機發明之前，大多數的人無法想像一個人類可以飛越海洋的世界。""},{""sentence"":""It is hard to <target>conceive</target> <pattern>of</pattern> a better way to protect the environment than reducing the use of single-use plastics."",""translation"":""很難想像有比減少使用一次性塑料更有效保護環境的方法。""}]},{""pattern"":""conceive a plan/idea"",""pos"":""verb"",""translation"":""構思計劃／想法"",""explanation"":""及物動詞用法，強調從無到有地創造出一個方案或概念。"",""sentences"":[{""sentence"":""The young architect spent months trying to <target>conceive</target> a unique design for the new city library that would attract more visitors."",""translation"":""這位年輕的建築師花了數月時間，試圖為新的城市圖書館構思一個能吸引更多訪客的獨特設計。""},{""sentence"":""The committee met for three hours to <target>conceive</target> a new strategy for improving the school's safety rules during emergency drills."",""translation"":""委員會開會三小時，為了構思一個能改善學校在緊急演習期間安全規則的新策略。""}]}],""synonyms"":[{""word"":""imagine"",""pos"":""verb"",""translation"":""想像"",""explanation"":""最通用的詞彙，指在心中形成圖像或概念""},{""word"":""envision"",""pos"":""verb"",""translation"":""展望；想像"",""explanation"":""強調對未來可能發生的事情進行視覺化的想像""},{""word"":""devise"",""pos"":""verb"",""translation"":""設計；發明"",""explanation"":""強調通過思考而創造出具體的計劃或方法""}],""antonyms"":[]},{""sense"":""懷孕（受孕）"",""entries"":[{""pattern"":""conceive"",""pos"":""verb"",""translation"":""懷孕；受孕"",""explanation"":""生物學或醫療情境下的專業用法，指卵子與精子結合形成胚胎。"",""sentences"":[{""sentence"":""The couple had been trying to <target>conceive</target> for several years before they finally welcomed their first child into the family."",""translation"":""這對夫婦在終於迎接第一個孩子進入家庭之前，已經嘗試受孕好幾年了。""}]}],""synonyms"":[{""word"":""become pregnant"",""pos"":""verb"",""translation"":""懷孕"",""explanation"":""較為口語且直接的表達方式""}],""antonyms"":[]}],""conjugations"":{""past_tense"":""conceived"",""past_participle"":""conceived""},""relatives"":{""morphology"":""字首 con- (共同、一起) + 字根 ceive (拿、取)"",""related"":[{""word"":""concept"",""pos"":""noun"",""translation"":""概念；觀念"",""explanation"":""由 conceive 延伸而來的名詞，指心中所把握的抽象想法。""},{""word"":""conception"",""pos"":""noun"",""translation"":""構思；概念；受孕"",""explanation"":""conceive 的名詞形式，涵蓋了想像與懷孕兩種含義。""},{""word"":""receive"",""pos"":""verb"",""translation"":""接收；收到"",""explanation"":""字根相同 (ceive)，字首 re- 表示往回，意為將東西拿回來。""},{""word"":""perceive"",""pos"":""verb"",""translation"":""感知；察覺"",""explanation"":""字根相同 (ceive)，字首 per- 表示徹底，意為徹底地察覺到某事。""}]}}"	ai_fail	PATTERN_WITH_INSUFFICIENT_EXAMPLES: The pattern 'conceive a plan/idea' has two sentences, but the first sentence uses 'unique design' instead of 'plan' or 'idea'. While 'design' is a similar concept, the pattern specifically lists 'plan/idea'. To be strict, the example must match the pattern exactly or the pattern should be expanded to 'conceive a plan/idea/design'. Additionally, the second sentence is slightly too long (36 words), exceeding the 35-word limit.	0
conception	conception n.	"{""headword"":""conception"",""explanation"":""「conception」在學測中主要有兩種完全不同的語意方向：一是關於「概念、想法」的抽象認知，二是關於「受孕」的生物學過程。在閱讀測驗中，後者常出現於醫療或生物類文章，而前者則常出現在哲學、藝術或社會科學的論述中。學生應根據上下文判定其含義。"",""senses"":[{""sense"":""概念；觀念；想法（對某事物的理解或看法）"",""entries"":[{""pattern"":""conception of sth."",""pos"":""noun"",""translation"":""對…的概念／觀念"",""explanation"":""指對某個抽象概念（如時間、正義、成功）的個人或集體理解方式。"",""sentences"":[{""sentence"":""Every culture has a different <target>conception</target> <pattern>of</pattern> beauty, which is why some people find certain traditional patterns very attractive."",""translation"":""每個文化對於美的觀念截然不同，這就是為什麼有些人覺得某些傳統圖案非常迷人。""}]},{""pattern"":""a general conception"",""pos"":""noun"",""translation"":""一個概括的概念"",""explanation"":""指對某事物的初步或大致的理解，而非詳細的 precise 的定義。"",""sentences"":[{""sentence"":""The professor gave the students a general <target>conception</target> of how the solar system was formed billions of years ago."",""translation"":""教授給了學生們一個關於太陽系在數十億年前是如何形成的概括概念。""}]}],""synonyms"":[{""word"":""concept"",""pos"":""noun"",""translation"":""概念"",""explanation"":""最接近的同義詞，指抽象的通用想法""},{""word"":""notion"",""pos"":""noun"",""translation"":""觀念；想法"",""explanation"":""有時指一種較為模糊或不完全正確的想法""},{""word"":""idea"",""pos"":""noun"",""translation"":""主意；想法"",""explanation"":""最普遍的通用詞彙""}],""antonyms"":[]},{""sense"":""受孕；懷孕（生物學上的受精過程）"",""entries"":[{""pattern"":""from conception"",""pos"":""noun"",""translation"":""從受孕開始"",""explanation"":""常用於描述胚胎發育階段或法律/道德討論中關於生命的起點。"",""sentences"":[{""sentence"":""Some biologists argue that the baby's heart begins to beat only a few weeks <pattern>from</pattern> <target>conception</target>."",""translation"":""一些生物學家認為，胎兒的心臟在受孕後僅僅幾週才開始跳動。""}]}],""synonyms"":[{""word"":""fertilization"",""pos"":""noun"",""translation"":""受精"",""explanation"":""指精子與卵子結合的科學過程""}],""antonyms"":[]}],""conjugations"":null,""relatives"":{""morphology"":""字根 cept (拿、取) 加上名詞字尾 -ion，字面意為「被捕捉到的想法」。"",""related"":[{""word"":""conceive"",""pos"":""verb"",""translation"":""構思；想像；使受孕"",""explanation"":""核心動詞型態，指將想法「捕捉」到腦中或讓生命在體內萌芽。""},{""word"":""conceptual"",""pos"":""adjective"",""translation"":""概念上的"",""explanation"":""由 conceive 延伸而來的形容詞，指與抽象觀念有關的。""}]}}"	ai_fail	PATTERN_WITH_INSUFFICIENT_EXAMPLES: The pattern 'a general conception' only has one example sentence. According to the gold standard, multiple sentences per pattern are typically required for comprehensive coverage. STYLE_MISMATCH: The sentence for 'a general conception' contains the word 'precise', which is likely Level 4+ vocabulary, potentially violating the i+1 principle (surrounding words should be lower difficulty than the target word).	0
concede	concede v.	"{""headword"":""concede"",""explanation"":""「concede」在學測閱讀中常出現在論辯、政治或體育比賽的語境中。它核心概念是「承認某事（儘管不想承認）」。要注意它與 admit 的區別：concede 通常帶有「在壓力下、或在證據面前不得不承認」的挫敗感或不情願感。"",""senses"":[{""sense"":""承認；讓步（不情願地承認某事為真）"",""entries"":[{""pattern"":""concede sth."",""pos"":""verb"",""translation"":""承認某事"",""explanation"":""及物動詞，直接接承認的對象，通常是事實、錯誤或對手的優勢。"",""sentences"":[{""sentence"":""After hours of arguing about the project's failure, the manager finally <target>conceded</target> <pattern>that</pattern> his initial plan was flawed."",""translation"":""在爭論了數小時專案失敗的原因後，經理終於承認他的最初計劃是有缺陷的。""},{""sentence"":""The politician, facing overwhelming evidence of corruption, was forced to <target>concede</target> his mistake during the press conference."",""translation"":""這位政治家在面對壓倒性的腐敗證據時，被迫在記者會上承認他的錯誤。""}]},{""pattern"":""concede that..."",""pos"":""verb"",""translation"":""承認…（後接子句）"",""explanation"":""後接名詞子句，用來詳細描述不得不承認的具體情況或論點。"",""sentences"":[{""sentence"":""Although the team fought hard until the final whistle, the coach had to <target>concede</target> <pattern>that</pattern> the opponents were simply stronger."",""translation"":""儘管球隊直到終場哨聲響起前都在努力奮鬥，教練不得不承認對手確實更強。""},{""sentence"":""Even the most stubborn critics <target>concede</target> <pattern>that</pattern> the new museum provides a unique educational experience for local students."",""translation"":""即使是最頑固的評論家也承認，這座新博物館為當地學生提供了獨特的教育體驗。""}]}],""synonyms"":[{""word"":""admit"",""pos"":""verb"",""translation"":""承認"",""explanation"":""最普遍的承認，不一定帶有不情願感""},{""word"":""acknowledge"",""pos"":""verb"",""translation"":""認可；承認"",""explanation"":""強調對事實或存在之物的正式認可""}],""antonyms"":[{""word"":""deny"",""pos"":""verb"",""translation"":""否認"",""explanation"":""堅決表示某事不真實""},{""word"":""reject"",""pos"":""verb"",""translation"":""拒絕；排斥"",""explanation"":""拒絕接受某個論點或事實""}]},{""sense"":""讓步；認輸（在競賽或選舉中承認失敗）"",""entries"":[{""pattern"":""concede the election / game"",""pos"":""verb"",""translation"":""承認選舉／比賽敗北"",""explanation"":""指在結果已定但尚未正式結束時，提前承認失敗以示風度。"",""sentences"":[{""sentence"":""When the vote counts showed no chance of winning, the candidate decided to <target>concede</target> the <pattern>election</pattern> to his rival."",""translation"":""當票數統計顯示沒有獲勝機會時，該候選人決定承認選舉敗北，將勝利讓給對手。""},{""sentence"":""The chess master realized his king was trapped and <target>conceded</target> the <pattern>game</pattern> before the final move was made."",""translation"":""這位西洋棋大師意識到他的王已被困住，在最後一步棋落下之前就承認認輸。""}]}],""synonyms"":[{""word"":""surrender"",""pos"":""verb"",""translation"":""投降；放棄"",""explanation"":""強調放棄抵抗、完全屈服""},{""word"":""yield"",""pos"":""verb"",""translation"":""讓步；屈服"",""explanation"":""強調在壓力下放棄自己的立場""}],""antonyms"":[{""word"":""win"",""pos"":""verb"",""translation"":""獲勝"",""explanation"":null},{""word"":""persist"",""pos"":""verb"",""translation"":""堅持"",""explanation"":""強調在困難中持續努力，不認輸""}]}],""conjugations"":{""past_tense"":""conceded"",""past_participle"":""conceded""},""relatives"":{""morphology"":""字首 con- (共同、一起) 與字根 cede (走、讓步)"",""related"":[{""word"":""concession"",""pos"":""noun"",""translation"":""讓步；特許權"",""explanation"":""由動詞 concede 加上名詞字尾 -sion 延伸而來。""},{""word"":""precede"",""pos"":""verb"",""translation"":""在…之前"",""explanation"":""字首 pre- (預先) + 字根 cede (走)，意為走在前面。""},{""word"":""recede"",""pos"":""verb"",""translation"":""後退；退去"",""explanation"":""字根 re- (向後) + cede (走)，意為往後走，如潮汐後退。""},{""word"":""proceed"",""pos"":""verb"",""translation"":""繼續進行"",""explanation"":""字根 pro- (向前) + cede (走)，意為向前走。""}]}}"	ai_fail	PART_OF_SPEECH_MISMATCH: In the first entry of the first sense, the pattern is 'concede sth.', but the example sentence 'the manager finally <target>conceded</target> <pattern>that</pattern> his initial plan was flawed' uses 'concede that...', which belongs to the second pattern. The first pattern 'concede sth.' (transitive verb taking a direct object noun phrase) needs its own distinct examples, such as 'concede defeat' or 'concede a point'.	0
confession	confession n.	"{""headword"":""confession"",""explanation"":""「confession」在學測中常出現在心理探討、法律情境或文學敘事中。這個字的核心概念是「承認錯誤或揭露秘密」，重點在於將原本隱藏的真相（通常是不光彩的或私密的）公開化。"",""senses"":[{""sense"":""承認；坦白（承認做錯事或揭露秘密）"",""entries"":[{""pattern"":""make a confession"",""pos"":""noun"",""translation"":""坦白；承認"",""explanation"":""最常見的固定搭配，指正式地或坦誠地承認自己的錯誤、罪行或秘密。"",""sentences"":[{""sentence"":""After days of intense questioning by the police, the young man finally decided to <pattern>make</pattern> a <target>confession</target> about the stolen jewelry."",""translation"":""經過警方數日的高強度詢問後，那名年輕男子終於決定坦白關於偷竊珠寶的事。""}]},{""pattern"":""a confession of sth."",""pos"":""noun"",""translation"":""對…的承認"",""explanation"":""後接名詞或動名詞，明確指出坦白的具體內容（如罪行、愛意或錯誤）。"",""sentences"":[{""sentence"":""The long letter he wrote to his old friend was a heartfelt <target>confession</target> <pattern>of</pattern> his deep regret and loneliness."",""translation"":""他寫給老朋友的那封長信，是對他深沉遺憾與孤獨感的一 heartfelt 坦白。""}]},{""pattern"":""force a confession"",""pos"":""noun"",""translation"":""強迫坦白"",""explanation"":""指透過壓力或威脅手段，迫使對方承認某事，常出現在犯罪偵查或歷史故事中。"",""sentences"":[{""sentence"":""The cruel guards tried to <pattern>force</pattern> a <target>confession</target> from the prisoners, but the brave soldiers refused to speak a word."",""translation"":""殘酷的衛兵試圖強迫囚犯坦白，但那些勇敢的士兵拒絕透露隻字片語。""}]}],""synonyms"":[],""antonyms"":[]}],""conjugations"":null,""relatives"":{""morphology"":""字根 confess (承認) + 名詞字尾 -ion"",""related"":[{""word"":""confess"",""pos"":""verb"",""translation"":""承認；坦白"",""explanation"":""核心動詞型態，指承認做錯事或揭露秘密。""},{""word"":""confessional"",""pos"":""adjective"",""translation"":""坦白的； confession 的"",""explanation"":""形容詞型態，常用於描述坦白過程中的語氣或內容。""},{""word"":""confessional"",""pos"":""noun"",""translation"":""告解室"",""explanation"":""指教會中信徒坦白罪過的地方。""}]}}"	ai_fail	1. AWKWARD_TRANSLATION: In the second sentence of 'a confession of sth.', the translation contains English words ('heartfelt') left in the Traditional Chinese translation. 2. MISSING_COLLOCATIONS: The headword 'confession' is a noun, but the pattern 'force a confession' is listed as 'pos: noun'. While the pattern itself is a noun phrase, the 'pos' field for the pattern should reflect the headword's part of speech in that specific usage, which is a noun. However, the explanation for 'force a confession' says '指透過壓力或威脅手段，迫使對方承認某事', which describes the action of forcing, not the noun 'confession' itself. 3. MISSING_EXAMPLES: Only one sentence per pattern is provided. For high-yield GSAT words, high-density patterns should have at least 2 sentences to show variety. 4. STYLE_MISMATCH: The sentence 'The long letter he wrote to his old friend was a heartfelt confession of his deep regret and loneliness' is slightly too simple for a GSAT level headword. 5. INCOMPLETE_PATTERN: The pattern 'make a confession' is tagged as <pattern>make</pattern> a <target>confession</target>. The system prompt requires the essential accompanying elements of the collocation formula to be wrapped in <pattern> tags. In 'make a confession', 'make' is the essential element. This is correct, but for 'a confession of sth.', the 'of' is tagged, but the 'sth.' part is not. The system prompt says 'Wrap the essential accompanying elements of the collocation formula (such as fixed prepositions, dependent verbs, or nouns)'. In 'a confession of sth.', 'of' is the correct tag. This is pass. 6. OTHER_ISSUE: The 'relatives' section lists 'confessional' as both an adjective and a noun. While correct, the 'morphology' field only mentions 'confess + -ion'. It should be expanded to include the root 'confess' to be more comprehensive.	0
condemn	condemn v.	"{""headword"":""condemn"",""explanation"":""「condemn」在學測中常出現在社會議題、法律判決或環境保護的閱讀文章中。這個字的核心概念是「強烈反對」或「判定為不可用」，學生需區分其在「道德譴責」與「物理判定」兩種完全不同的語境下的用法。"",""senses"":[{""sense"":""譴責；強烈批評（基於道德或法律的理由）"",""entries"":[{""pattern"":""condemn sb./sth."",""pos"":""verb"",""translation"":""譴責某人／某事"",""explanation"":""及物動詞直接接受詞，指公開且強烈地表示某事是不對的或不可接受的。"",""sentences"":[{""sentence"":""Many world leaders were quick to <target>condemn</target> the violent attack on the innocent civilians during the peaceful protest."",""translation"":""許多世界領袖迅速譴責了那場針對和平抗議中無辜平民的暴力攻擊。""},{""sentence"":""Environmental groups <target>condemn</target> the government's decision to allow oil companies to drill for oil in the protected forest."",""translation"":""環境保護團體譴責政府允許石油公司在保護森林中鑽油的決定。""}]},{""pattern"":""condemn sb. as sth."",""pos"":""verb"",""translation"":""譴責某人為…；判定某人為…"",""explanation"":""後接 as 引導的補語，用來定義被譴責者的身分或性質，如「叛徒」或「罪犯」。"",""sentences"":[{""sentence"":""The historical documents <target>condemn</target> the ancient king <pattern>as</pattern> a cruel tyrant who ignored the needs of his poor people."",""translation"":""歷史文件將那位古代國王譴責為一名無視貧民需求的殘暴暴君。""},{""sentence"":""After the scandal was revealed, the public <target>condemn</target>ed the politician <pattern>as</pattern> a liar who only cared about his own power."",""translation"":""在醜聞曝光後，大眾譴責該名政治家為一個只在乎權力的騙子。""}]}],""synonyms"":[{""word"":""criticize"",""pos"":""verb"",""translation"":""批評"",""explanation"":""較為中性的詞彙，指指出錯誤或不足""},{""word"":""denounce"",""pos"":""verb"",""translation"":""公開譴責"",""explanation"":""語氣比 condemn 更強，強調公開地、正式地發表反對聲明""}],""antonyms"":[{""word"":""praise"",""pos"":""verb"",""translation"":""稱讚"",""explanation"":""指對某人的行為表示認同與讚美""},{""word"":""commend"",""pos"":""verb"",""translation"":""推薦；稱讚"",""explanation"":""與 condemn 拼法相近但意義相反，是高頻考點""}]},{""sense"":""判定（建築物）不可居住／使用（因危險或老舊）"",""entries"":[{""pattern"":""condemn a building"",""pos"":""verb"",""translation"":""判定建築物不可使用"",""explanation"":""專業術語，指政府或權威機構判定某個建築物因結構危險而必須拆除或禁止進入。"",""sentences"":[{""sentence"":""After the massive earthquake, the city council had to <target>condemn</target> the old bridge because it was no longer safe for cars."",""translation"":""在大地震之後，市議會不得不判定該舊橋樑不可使用，因為它對汽車來說不再安全。""},{""sentence"":""The fire department <target>condemn</target>ed the apartment building <pattern>because</pattern> it had no fire escapes and was too dangerous for people to live in."",""translation"":""消防局判定該公寓大樓不可居住，因為它沒有逃生梯且對居住者來說太危險。""}]}],""synonyms"":[{""word"":""doom"",""pos"":""verb"",""translation"":""注定（面臨毀滅）"",""explanation"":""指不可避免地走向一個糟糕的結果""}],""antonyms"":[]}],""conjugations"":{""past_tense"":""condemned"",""past_participle"":""condemned""},""relatives"":{""morphology"":""字根 con- (一起) + demn (判定、價值)"",""related"":[{""word"":""condemnation"",""pos"":""noun"",""translation"":""譴責；定罪"",""explanation"":""由動詞 condemn 加上名詞字尾 -tion 延伸而來。""},{""word"":""condemnable"",""pos"":""adjective"",""translation"":""應受譴責的"",""explanation"":""由動詞 condemn 加上形容詞字尾 -able 延伸而來。""}]}}"	ai_fail	1. GRAMMARICAL_ERROR: In the second sentence of 'condemn sb. as sth.', the word 'condemn' is used as 'the public <target>condemn</target>ed'. This is correct. However, in the first sentence of 'condemn sb. as sth.', 'The historical documents <target>condemn</target> the ancient king <pattern>as</pattern> a cruel tyrant'. This is correct. Wait, looking closer: 'the public <target>condemn</target>ed'. The tag is <target>condemn</target>ed. This is a VIOLATION_OF_SYSTEM_PROMPT: The target tag must wrap the exact inflected form. It should be <target>condemned</target>. 2. GRAMMARICAL_ERROR: In the second sentence of 'condemn sb. as sth.', 'the public <target>condemn</target>ed'. If 'public' is treated as a collective noun, it's fine, but the tag is broken. 3. INCOMPLETE_PATTERN: In the second sentence of 'condemn a building', 'The fire department <target>condemn</target>ed the apartment building <pattern>because</pattern> it had no fire escapes'. 'Because' is not part of the collocation pattern 'condemn a building'. It should not be tagged as a <pattern>. 4. STYLE_MISMATCH: The sentences are generally okay, but the 'condemn a building' sense is a bit thin on examples. 5. OTHER_ISSUE: The 'relatives' morphology section is slightly inaccurate. 'con- (together)' is not the primary driver here; the root is 'damnare' (to condemn/sentence). The explanation 'con- (一起) + demn (判定、價值)' is a bit oversimplified.	0
conduct	conduct v./n.	"{""headword"":""conduct"",""explanation"":""「conduct」在學測中具有極高的多義性。作為動詞時，其核心概念是「引導」或「管理」，常用於科學實驗、交響樂指揮或電力傳導；作為名詞時，則指個人的「行為舉止」。考生需根據上下文判斷其詞性與含義，避免將其誤認為單純的「導電」。"",""senses"":[{""sense"":""執行；進行（有計劃地完成某項活動，尤其是研究或實驗）"",""entries"":[{""pattern"":""conduct a study / experiment / survey"",""pos"":""verb"",""translation"":""進行研究／實驗／調查"",""explanation"":""這是學測論文類文章最常見的搭配。指透過系統化的步驟來獲取數據或驗證假設。"",""sentences"":[{""sentence"":""To understand why students feel stressed, the university decided to <target>conduct</target> a detailed <pattern>survey</pattern> among freshmen."",""translation"":""為了了解學生為什麼感到壓力，大學決定在新鮮人中進行一次詳細的調查。""},{""sentence"":""The biology teacher asked the students to <target>conduct</target> a simple <pattern>experiment</pattern> to see how plants react to sunlight."",""translation"":""生物老師要求學生進行一個簡單的實驗，以觀察植物對陽光的反應。""}]},{""pattern"":""conduct an investigation"",""pos"":""verb"",""translation"":""進行調查（針對特定事件）"",""explanation"":""常用於描述警察、政府或科學家對某件爭議或異常事件的深入探究。"",""sentences"":[{""sentence"":""After the mysterious fire broke out in the warehouse, the fire department spent three days <target>conducting</target> an <pattern>investigation</pattern> to find the cause."",""translation"":""在倉庫發生神秘火災後，消防隊花了三天時間進行調查以尋找起火原因。""}]}],""synonyms"":[{""word"":""carry out"",""pos"":""verb"",""translation"":""執行；進行"",""explanation"":""最通用的替代詞，常用於執行計畫或任務""},{""word"":""perform"",""pos"":""verb"",""translation"":""執行；履行"",""explanation"":""強調按照既定程序完成動作""}],""antonyms"":[]},{""sense"":""引導；指揮（指引方向或掌控整體節奏）"",""entries"":[{""pattern"":""conduct sb. to sth."",""pos"":""verb"",""translation"":""引導某人前往某處"",""explanation"":""指物理上的引導，如帶路。"",""sentences"":[{""sentence"":""The hotel manager personally <target>conducted</target> the guests <pattern>to</pattern> their luxury suites on the top floor."",""translation"":""飯店經理親自引導客人们前往位於頂層的豪華套房。""}]},{""pattern"":""conduct an orchestra"",""pos"":""verb"",""translation"":""指揮交響樂團"",""explanation"":""專指音樂領域中，指揮者透過手勢控制樂團的節奏與力度。"",""sentences"":[{""sentence"":""The world-famous maestro was invited to <target>conduct</target> the city's symphony <pattern>orchestra</pattern> for the annual New Year's concert."",""translation"":""這位世界著名的指揮家被邀請在年度新年音樂會上指揮市交響樂團。""}]}],""synonyms"":[{""word"":""guide"",""pos"":""verb"",""translation"":""引導；指引"",""explanation"":""強調方向性的指引""},{""word"":""direct"",""pos"":""verb"",""translation"":""指揮；指導"",""explanation"":""強調掌控與管理方向""}],""antonyms"":[]},{""sense"":""傳導（電、熱等物理能量的流動）"",""entries"":[{""pattern"":""conduct electricity / heat"",""pos"":""verb"",""translation"":""傳導電／熱"",""explanation"":""物理科學類文章的高頻詞，常用於區分導體（conductor）與絕緣體（insulator）。"",""sentences"":[{""sentence"":""Copper is widely used in house wiring because it can <target>conduct</target> <pattern>electricity</pattern> very efficiently."",""translation"":""銅被廣泛用於房屋佈線，因為它能非常有效地傳導電。""}]},{""pattern"":""be a good conductor of..."",""pos"":""verb"",""translation"":""是…的良好導體"",""explanation"":""雖然是以名詞 conductor 出現，但核心語意在於傳導能力。"",""sentences"":[{""sentence"":""Silver is known to be the best <target>conductor</target> <pattern>of</pattern> heat among all the metals we studied."",""translation"":""在我們研究的所有金屬中，銀被認為是最好的熱傳導體。""}]}],""synonyms"":[],""antonyms"":[]},{""sense"":""行為；舉止（個人在社交或專業環境中的表現）"",""entries"":[{""pattern"":""code of conduct"",""pos"":""noun"",""translation"":""行為準則"",""explanation"":""固定搭配，指一個組織或職業所要求的道德標準與行為規範。"",""sentences"":[{""sentence"":""All employees must strictly follow the company's <pattern>code</pattern> <pattern>of</pattern> <target>conduct</target> to ensure a professional work environment."",""translation"":""所有員工必須嚴格遵守公司的行為準則，以確保專業的工作環境。""}]},{""pattern"":""professional / improper conduct"",""pos"":""noun"",""translation"":""專業的／不當的行為"",""explanation"":""常用於描述職場或學校中是否符合規範的表現。"",""sentences"":[{""sentence"":""The lawyer was removed from his position after the court discovered his <pattern>improper</pattern> <target>conduct</target> during the trial."",""translation"":""在法院發現他在審判期間有不當行為後，那名律師被撤職了。""}]}],""synonyms"":[{""word"":""behavior"",""pos"":""noun"",""translation"":""行為；舉止"",""explanation"":""最普遍的通用詞""},{""word"":""demeanor"",""pos"":""noun"",""translation"":""風度；舉止"",""explanation"":""更強調外在表現出的神態與風度""}],""antonyms"":[]}],""conjugations"":{""past_tense"":""conducted"",""past_participle"":""conducted""},""relatives"":{""morphology"":""字首 con- (共同、一起) + 字根 duct (引導、帶領)"",""related"":[{""word"":""conductive"",""pos"":""adjective"",""translation"":""有傳導性的"",""explanation"":""由 conduct 加上形容詞字尾 -ive 延伸而來。""},{""word"":""conductor"",""pos"":""noun"",""translation"":""指揮家；導體"",""explanation"":""由 conduct 加上執行者字尾 -or 延伸而來。""},{""word"":""induct"",""pos"":""verb"",""translation"":""就職；感應"",""explanation"":""字首 in- (進入) + 字根 duct (引導)，意為引導進入某個位置或狀態。""},{""word"":""product"",""pos"":""noun"",""translation"":""產品"",""explanation"":""字首 pro- (向前) + 字根 duct (引導/帶出)，字面意為被引導出來的東西。""}]}}"	ai_fail	1. VIOLATION_OF_SYSTEM_PROMPT: In the sense '傳導', the pattern 'be a good conductor of...' is listed with 'pos: verb'. 'Conductor' is a noun. This is a PART_OF_SPEECH_MISMATCH. 2. VIOLATION_OF_SYSTEM_PROMPT: In the same pattern, the sentence 'Silver is known to be the best <target>conductor</target> <pattern>of</pattern> heat' uses the word 'conductor', which is a derivative of the headword 'conduct'. The system prompt requires the target tag to wrap the inflected, conjugated, or derived form of the headword. This is technically correct, but the pattern is 'be a good conductor of...', and the headword is 'conduct'. The 'pos' should be 'noun' for this specific entry. 3. INCOMPLETE_PATTERN: In the sense '行為；舉止', the pattern 'code of conduct' is tagged as <pattern>code</pattern> <pattern>of</pattern> <target>conduct</target>. This is correct. 4. STYLE_MISMATCH: The sentences are mostly good, but the 'conduct an investigation' example is a bit simple. 5. OTHER_ISSUE: The 'relatives' section is very good, but the 'be a good conductor of...' entry should be moved to 'relatives' or handled as a separate sense with a noun form of the headword, as the headword 'conduct' (v.) does not 'be a conductor'. This is a FIELD_MISMATCH.	0
confidential	confidential adj.	"{""headword"":""confidential"",""explanation"":""「confidential」在學測中常出現在商務書信、法律文件或醫療隱私等情境中。其核心意義在於「不對外公開」且「需保密」的性質。在閱讀測驗中，常與 privacy, leak, disclose 等詞彙共同組成隱私保護的語境。"",""senses"":[{""sense"":""機密的；秘密的（僅限特定人員知曉，不得外洩）"",""entries"":[{""pattern"":""confidential information / documents / reports"",""pos"":""adjective"",""translation"":""機密資訊／文件／報告"",""explanation"":""最常見的搭配，指受法律或公司規範保護，禁止對外公開的敏感資料。"",""sentences"":[{""sentence"":""The company's new product design is strictly <target>confidential</target>, and any employee who leaks the plans will be fired immediately."",""translation"":""公司的新產品設計是嚴格機密的，任何洩漏計劃的員工將立即被開除。""},{""sentence"":""Medical records are considered <target>confidential</target> documents, so doctors cannot share a patient's health history without their written permission."",""translation"":""醫療紀錄被視為機密文件，因此醫生在沒有患者書面許可的情況下，不能分享患者的健康史。""}]},{""pattern"":""keep sth. confidential"",""pos"":""adjective"",""translation"":""對某事保密"",""explanation"":""常用於動詞 keep，強調維持某項資訊的秘密狀態，不讓第三方知曉。"",""sentences"":[{""sentence"":""The lawyer promised to <pattern>keep</pattern> all the details of thecase <target>confidential</target> to protect the reputation of his client."",""translation"":""律師承諾會對此案件的所有細節保密，以保護其客戶的名譽。""},{""sentence"":""During the private meeting, the manager asked the staff to <pattern>keep</pattern> the upcoming salary increase <target>confidential</target> until the official announcement."",""translation"":""在私人會議中，經理要求員工在正式公告前，對即將到來的加薪事宜保密。""}]}],""synonyms"":[],""antonyms"":[]},{""sense"":""信任的；親密的（指基於信任而分享的私密內容）"",""entries"":[{""pattern"":""confidential talk / conversation"",""pos"":""adjective"",""translation"":""私密對話／信任的談話"",""explanation"":""指兩人間因為高度信任而進行的、不希望他人介入的私密交流。"",""sentences"":[{""sentence"":""After the class ended, the teacher had a <target>confidential</target> conversation with the student to discuss her personal struggles at home."",""translation"":""下課後，老師與該學生進行了一次私密的談話，以L discuss 她在家的個人掙扎。""}]}],""synonyms"":[],""antonyms"":[]},{""sense"":""秘密的（指某些特定人員的權限）"",""entries"":[{""pattern"":""a confidential secretary / assistant"",""pos"":""adjective"",""translation"":""機密秘書／私人助理"",""explanation"":""指負責處理老闆或高層主管機密事務的專屬助手。"",""sentences"":[{""sentence"":""As the CEO's <target>confidential</target> assistant, Sarah has access to all the high-level financial reports of the entire organization."",""translation"":""作為執行長的機密助理，莎拉有權限查閱整個組織的所有高階財務報告。""}]}],""synonyms"":[],""antonyms"":[]},{""sense"":""秘密的（指某些特定人員的權限）"",""entries"":[{""pattern"":""a confidential secretary / assistant"",""pos"":""adjective"",""translation"":""translation-duplicate"",""explanation"":""duplicate-explanation"",""sentences"":[{""sentence"":""As the CEO's <target>confidential</target> assistant, Sarah has access to all the high-level financial reports of the entire organization."",""translation"":""作為執行長的就職助理，莎拉有權限查閱整個組織的所有高階財務報告。""}]}],""synonyms"":[],""antonyms"":[]}],""conjugations"":null,""relatives"":{""morphology"":""字根 confi- (信任) + -dential (形容詞字尾)"",""related"":[{""word"":""confidence"",""pos"":""noun"",""translation"":""信心；信任"",""explanation"":""對某人或某事有把握的狀態。""},{""word"":""confident"",""pos"":""adjective"",""translation"":""自信的；確信的"",""explanation"":""對自己的能力或對某事有把握的。""},{""word"":""confide"",""pos"":""verb"",""translation"":""吐露；信任地告訴"",""explanation"":""將私密的事項信任地告知他人。""},{""word"":""confidentiality"",""pos"":""noun"",""translation"":""保密性；秘密"",""explanation"":""由 confidential 加上名詞字尾 -ity 延伸而來。""}]}}"	ai_fail	The card contains a complete duplicate sense entry (the last sense is an exact copy of the third sense, with some gibberish/placeholder text like 'translation-duplicate' and 'duplicate-explanation'). Additionally, there is a typo in the sentence 'details of thecase' (missing space). In the translation of the second sense, there is a stray 'L' before 'discuss' ('以L discuss').	0
confine	confine v.	"{""headword"":""confine"",""explanation"":""「confine」的核心概念是「限制」或「禁錮」。在學測中，它常出現於描述心理狀態、法律限制、或空間禁閉的語境中。要注意它最常見的被動語態用法 confine sb. to sth.，表示將某人限制在特定空間或狀態中，這是解題的關鍵考點。"",""senses"":[{""sense"":""限制；禁錮（將某人或某物限制在特定的範圍、空間或狀態內）"",""entries"":[{""pattern"":""confine sb. to sth."",""pos"":""verb"",""translation"":""將某人限制在…之中"",""explanation"":""最高頻的用法，指將某人禁錮在某個物理空間（如房間、醫院）或限制在某種特定的狀態（如輪椅、病床）中。"",""sentences"":[{""sentence"":""Due to a sudden and severe illness, the elderly man was <target>confined</target> <pattern>to</pattern> a wheelchair for the rest of his life."",""translation"":""由於突然且嚴重的疾病，這位老人餘生都被限制在輪椅之中。""},{""sentence"":""During the heavy snowstorm, the students were <target>confined</target> <pattern>to</pattern> their dormitories and could not go outside for any reason."",""translation"":""在暴風雪期間，學生們被禁錮在宿舍裡，無論如何都不能出去。""}]},{""pattern"":""confine sth. to sth."",""pos"":""verb"",""translation"":""將…限制在…範圍內"",""explanation"":""指將討論、活動或研究的範圍縮小，避免擴展到不必要的領域。常用於學術論述或正式報告中。"",""sentences"":[{""sentence"":""To keep the meeting efficient, the teacher asked us to <target>confine</target> our discussion <pattern>to</pattern> the most important points of the project."",""translation"":""為了保持會議效率，老師要求我們將討論限制在專案中最重要的幾點上。""},{""sentence"":""The doctor advised the patient to <target>confine</target> his diet <pattern>to</pattern> fresh fruits and vegetables to improve his overall health."",""translation"":""醫生建議患者將飲食限制在新鮮水果和蔬菜中，以改善他的整體健康。""}]}],""synonyms"":[{""word"":""restrict"",""pos"":""verb"",""translation"":""限制；限定"",""explanation"":""最常用的同義詞，強調透過規則或條件來限制範圍""},{""word"":""limit"",""pos"":""verb"",""translation"":""限制；限定"",""explanation"":""泛指對數量、範圍或時間的限制""}],""antonyms"":[{""word"":""release"",""pos"":""verb"",""translation"":""釋放；釋放"",""explanation"":""將被禁錮的人或物從限制中解脫""},{""word"":""expand"",""pos"":""verb"",""translation"":""擴張；延伸"",""explanation"":""指範圍或影響力的增加""}]}],""conjugations"":{""past_tense"":""confined"",""past_participle"":""confined""},""relatives"":{""morphology"":""字根 fin (界限、盡頭) + 字尾 -ine (動詞字尾)"",""related"":[{""word"":""define"",""pos"":""verb"",""translation"":""定義；明確界定"",""explanation"":""de- (完全) + fin (界限)，意為將界限明確地劃定。""},{""word"":""infinite"",""pos"":""adjective"",""translation"":""無限的"",""explanation"":""in- (非) + fin (界限)，意為沒有界限的。""},{""word"":""confining"",""pos"":""adjective"",""translation"":""狹窄的；令人感到受限的"",""explanation"":""由 confine 的現在分詞型態轉化而來的形容詞。""},{""word"":""confinement"",""pos"":""noun"",""translation"":""禁錮；監禁"",""explanation"":""由動詞 confine 加上名詞字尾 -ment 延伸而來。""}]}}"	ai_pass		0
